   FROM CHEASE,SI UNITS,COCOS=2, IP,B0>020251221   3 129 128
 5.542737388E-01 8.996340842E-01 9.000000000E-01 6.229026417E-01 2.533433726E-09
 9.134247983E-01 2.533433726E-09-6.439899184E-02 0.000000000E+00 1.400000000E+00
 5.681739996E+05-6.439899184E-02 0.000000000E+00 9.134247983E-01 0.000000000E+00
 2.533433726E-09 0.000000000E+00 0.000000000E+00 0.000000000E+00 0.000000000E+00
 1.325408827E+00 1.324121307E+00 1.322876130E+00 1.321655099E+00 1.320451911E+00
 1.319263429E+00 1.318087871E+00 1.316924171E+00 1.315771692E+00 1.314630069E+00
 1.313499127E+00 1.312378821E+00 1.311269206E+00 1.310170406E+00 1.309082600E+00
 1.308006012E+00 1.306940897E+00 1.305887538E+00 1.304846204E+00 1.303817119E+00
 1.302800448E+00 1.301796302E+00 1.300804751E+00 1.299825825E+00 1.298859524E+00
 1.297905817E+00 1.296964649E+00 1.296035941E+00 1.295119597E+00 1.294215500E+00
 1.293323521E+00 1.292443514E+00 1.291575322E+00 1.290718779E+00 1.289873704E+00
 1.289039911E+00 1.288217205E+00 1.287405385E+00 1.286604240E+00 1.285813557E+00
 1.285033116E+00 1.284262693E+00 1.283502060E+00 1.282750985E+00 1.282009232E+00
 1.281276564E+00 1.280552739E+00 1.279837515E+00 1.279130648E+00 1.278431891E+00
 1.277740997E+00 1.277057715E+00 1.276381798E+00 1.275712993E+00 1.275051050E+00
 1.274395716E+00 1.273746740E+00 1.273103871E+00 1.272466858E+00 1.271835454E+00
 1.271209408E+00 1.270588462E+00 1.269972334E+00 1.269360705E+00 1.268753217E+00
 1.268149478E+00 1.267549108E+00 1.266951784E+00 1.266357288E+00 1.265765534E+00
 1.265176573E+00 1.264590589E+00 1.264007887E+00 1.263428891E+00 1.262854134E+00
 1.262284254E+00 1.261719989E+00 1.261162175E+00 1.260611735E+00 1.260069684E+00
 1.259537117E+00 1.259015209E+00 1.258505212E+00 1.258008448E+00 1.257526309E+00
 1.257060249E+00 1.256611785E+00 1.256182490E+00 1.255773998E+00 1.255388001E+00
 1.255026249E+00 1.254690550E+00 1.254382741E+00 1.254104661E+00 1.253858057E+00
 1.253644481E+00 1.253465240E+00 1.253321360E+00 1.253213572E+00 1.253142338E+00
 1.253107854E+00 1.253110074E+00 1.253148716E+00 1.253223276E+00 1.253333040E+00
 1.253477098E+00 1.253654367E+00 1.253863596E+00 1.254103371E+00 1.254372121E+00
 1.254668021E+00 1.254988897E+00 1.255332136E+00 1.255694491E+00 1.256072006E+00
 1.256460019E+00 1.256853151E+00 1.257245457E+00 1.257630684E+00 1.258002433E+00
 1.258354625E+00 1.258681845E+00 1.258979461E+00 1.259243842E+00 1.259472357E+00
 1.259663157E+00 1.259815010E+00 1.259927283E+00 1.260000000E+00
 5.398186698E+04 5.393846471E+04 5.384751752E+04 5.373167138E+04 5.359866764E+04
 5.345228950E+04 5.329463507E+04 5.312691422E+04 5.294980974E+04 5.276366666E+04
 5.256860176E+04 5.236457135E+04 5.215141555E+04 5.192888847E+04 5.169667948E+04
 5.145442779E+04 5.120173080E+04 5.093816074E+04 5.066332409E+04 5.037693290E+04
 5.007882322E+04 4.976893907E+04 4.944731522E+04 4.911406437E+04 4.876936686E+04
 4.841346197E+04 4.804664057E+04 4.766923879E+04 4.728163266E+04 4.688423341E+04
 4.647748345E+04 4.606185290E+04 4.563783645E+04 4.520595074E+04 4.476673195E+04
 4.432073374E+04 4.386852537E+04 4.341069007E+04 4.294782359E+04 4.248053282E+04
 4.200943473E+04 4.153515522E+04 4.105832822E+04 4.057959482E+04 4.009960252E+04
 3.961900451E+04 3.913845905E+04 3.865862890E+04 3.818018082E+04 3.770378505E+04
 3.723011492E+04 3.675984640E+04 3.629365785E+04 3.583222961E+04 3.537624370E+04
 3.492638359E+04 3.448333394E+04 3.404778019E+04 3.362040825E+04 3.320190425E+04
 3.279295456E+04 3.239424739E+04 3.200647502E+04 3.163033753E+04 3.126653822E+04
 3.091577084E+04 3.057866674E+04 3.025573804E+04 2.994731809E+04 2.965352613E+04
 2.937426476E+04 2.910922704E+04 2.885790711E+04 2.861961223E+04 2.839347004E+04
 2.817843818E+04 2.797330960E+04 2.777672027E+04 2.758715499E+04 2.740295282E+04
 2.722231411E+04 2.704330419E+04 2.686386016E+04 2.668179555E+04 2.649480485E+04
 2.630046958E+04 2.609626147E+04 2.587954530E+04 2.564757816E+04 2.539750759E+04
 2.512636413E+04 2.483106211E+04 2.450843554E+04 2.415527933E+04 2.376850406E+04
 2.334532836E+04 2.288338743E+04 2.238088293E+04 2.183661449E+04 2.124997489E+04
 2.062093970E+04 1.995003863E+04 1.923833151E+04 1.848739070E+04 1.769928494E+04
 1.687656366E+04 1.602224240E+04 1.513978934E+04 1.423311209E+04 1.330654574E+04
 1.236484063E+04 1.141315114E+04 1.045702959E+04 9.502428655E+03 8.555698221E+03
 7.623589328E+03 6.713257305E+03 5.832191641E+03 4.988092196E+03 4.188758583E+03
 3.441703577E+03 2.753851152E+03 2.131393978E+03 1.579535924E+03 1.102463722E+03
 7.035602418E+02 3.855626514E+02 1.505752965E+02 0.000000000E+00
-3.497666630E+00-3.319221958E+00-3.238334434E+00-3.182318648E+00-3.137524296E+00
-3.098880286E+00-3.063888655E+00-3.031125347E+00-2.999702021E+00-2.969028523E+00
-2.938695683E+00-2.908409491E+00-2.877953263E+00-2.847164934E+00-2.815920768E+00
-2.784122230E+00-2.751690054E+00-2.718595860E+00-2.684923057E+00-2.650825179E+00
-2.616448683E+00-2.581915980E+00-2.547330808E+00-2.512782995E+00-2.478350982E+00
-2.444103434E+00-2.410100068E+00-2.376393109E+00-2.343028745E+00-2.310048330E+00
-2.277487889E+00-2.245379077E+00-2.213749805E+00-2.182625392E+00-2.152028369E+00
-2.121978137E+00-2.092491839E+00-2.063584610E+00-2.035270462E+00-2.007561366E+00
-1.980467561E+00-1.953997971E+00-1.928160413E+00-1.902962160E+00-1.878409042E+00
-1.854505829E+00-1.831256493E+00-1.808664310E+00-1.786732397E+00-1.765462836E+00
-1.744856958E+00-1.724915600E+00-1.705639174E+00-1.687028112E+00-1.669082554E+00
-1.651801492E+00-1.635182964E+00-1.619222489E+00-1.603914709E+00-1.589255141E+00
-1.575254819E+00-1.561948234E+00-1.549412759E+00-1.537752346E+00-1.527059130E+00
-1.517379539E+00-1.508610438E+00-1.500559590E+00-1.492902220E+00-1.485298301E+00
-1.477406841E+00-1.468906692E+00-1.459498391E+00-1.448899213E+00-1.436841960E+00
-1.423071977E+00-1.407346253E+00-1.389433727E+00-1.369114480E+00-1.346179169E+00
-1.320428481E+00-1.291672078E+00-1.259729652E+00-1.224431306E+00-1.185616686E+00
-1.143133596E+00-1.096836950E+00-1.046584048E+00-9.922324029E-01-9.336403406E-01
-8.706579064E-01-8.031663379E-01-7.311337917E-01-6.546206257E-01-5.740242257E-01
-4.898891057E-01-4.028746436E-01-3.137128784E-01-2.230985457E-01-1.316889656E-01
-4.010965792E-02 5.105141681E-02 1.412332850E-01 2.299057425E-01 3.165683321E-01
 4.007664122E-01 4.820854638E-01 5.601215136E-01 6.344823414E-01 7.047205527E-01
 7.700349654E-01 8.294978242E-01 8.817673854E-01 9.250839882E-01 9.576905669E-01
 9.777750187E-01 9.836204632E-01 9.741467514E-01 9.487539871E-01 9.074749554E-01
 8.517586745E-01 7.833347204E-01 7.044532680E-01 6.177422630E-01 5.254804239E-01
 4.293445268E-01 3.308203268E-01 2.314905480E-01 1.329778080E-01
 8.047960161E+03-1.463339184E+05-2.091904080E+05-2.489761125E+05-2.785487023E+05
-3.026643100E+05-3.236565439E+05-3.428500204E+05-3.610679798E+05-3.788547256E+05
-3.965865852E+05-4.145326167E+05-4.328901895E+05-4.518067610E+05-4.713942570E+05
-4.917425891E+05-5.129264224E+05-5.349545197E+05-5.576765210E+05-5.808444005E+05
-6.042243914E+05-6.276205968E+05-6.508664961E+05-6.738180756E+05-6.963499957E+05
-7.183527936E+05-7.397305413E+05-7.603988874E+05-7.802834296E+05-7.993183625E+05
-8.174453456E+05-8.346125491E+05-8.507738436E+05-8.658881070E+05-8.799186334E+05
-8.928326233E+05-9.046007437E+05-9.151967462E+05-9.245971343E+05-9.327808720E+05
-9.397291292E+05-9.454250582E+05-9.498535953E+05-9.530012852E+05-9.548561270E+05
-9.554074359E+05-9.546457206E+05-9.525625729E+05-9.491505688E+05-9.444031823E+05
-9.383147052E+05-9.308801747E+05-9.220953010E+05-9.119564051E+05-9.004603587E+05
-8.876045865E+05-8.733870766E+05-8.578065912E+05-8.408624961E+05-8.225546859E+05
-8.028812659E+05-7.818373207E+05-7.594102067E+05-7.355848360E+05-7.103651510E+05
-6.838011356E+05-6.560890850E+05-6.275119898E+05-5.984845753E+05-5.694351355E+05
-5.407913924E+05-5.129593526E+05-4.863215313E+05-4.612419901E+05-4.380676251E+05
-4.171310928E+05-3.987516164E+05-3.832357767E+05-3.708781014E+05-3.619615493E+05
-3.567580405E+05-3.555287503E+05-3.585246047E+05-3.659860696E+05-3.781436305E+05
-3.952190260E+05-4.174257266E+05-4.449765512E+05-4.780879317E+05-5.169809892E+05
-5.618964011E+05-6.130427783E+05-6.705353382E+05-7.343697117E+05-8.040686142E+05
-8.789356715E+05-9.579743112E+05-1.039989029E+06-1.123798206E+06-1.208227865E+06
-1.292146700E+06-1.374480102E+06-1.454190310E+06-1.530276387E+06-1.601769135E+06
-1.667727450E+06-1.727237282E+06-1.779411623E+06-1.823390286E+06-1.858337239E+06
-1.883437415E+06-1.897897286E+06-1.900922996E+06-1.891719990E+06-1.869501831E+06
-1.833460516E+06-1.782820301E+06-1.717056745E+06-1.635825625E+06-1.539200604E+06
-1.428209830E+06-1.304094061E+06-1.168586100E+06-1.023791926E+06-8.715581039E+05
-7.132629485E+05-5.501431890E+05-3.835274453E+05-2.147934016E+05
 1.934182751E-02 1.857346098E-02 1.782086132E-02 1.708661613E-02 1.637035767E-02
 1.567221621E-02 1.499239673E-02 1.433106854E-02 1.368837943E-02 1.306445418E-02
 1.245939575E-02 1.187328397E-02 1.130617589E-02 1.075810595E-02 1.022908598E-02
 9.719104868E-03 9.228122111E-03 8.756069061E-03 8.302857590E-03 7.868384034E-03
 7.452529677E-03 7.055162647E-03 6.676139889E-03 6.315306299E-03 5.972482012E-03
 5.647468036E-03 5.340065557E-03 5.050085187E-03 4.777345270E-03 4.521679293E-03
 4.282926290E-03 4.060926570E-03 3.855530490E-03 3.666621773E-03 3.494113951E-03
 3.337957118E-03 3.198130279E-03 3.074630483E-03 2.967489535E-03 2.876778964E-03
 2.802620889E-03 2.745179581E-03 2.704655990E-03 2.681277762E-03 2.675310866E-03
 2.687064126E-03 2.716882680E-03 2.765145671E-03 2.832250538E-03 2.918612521E-03
 3.024667879E-03 3.150869171E-03 3.297681394E-03 3.465573792E-03 3.655010575E-03
 3.866447548E-03 4.100329663E-03 4.357085844E-03 4.637124584E-03 4.940829409E-03
 5.268560358E-03 5.620652324E-03 5.997404422E-03 6.399074362E-03 6.825876421E-03
 7.277974155E-03 7.755485011E-03 8.258507771E-03 8.787124097E-03 9.341377158E-03
 9.921261759E-03 1.052672367E-02 1.115766119E-02 1.181392244E-02 1.249530691E-02
 1.320158495E-02 1.393254779E-02 1.468798630E-02 1.546766373E-02 1.627131378E-02
 1.709863799E-02 1.794930726E-02 1.882296902E-02 1.971924410E-02 2.063772478E-02
 2.157797452E-02 2.253954103E-02 2.352200691E-02 2.452498798E-02 2.554809645E-02
 2.659094308E-02 2.765313141E-02 2.873425526E-02 2.983390629E-02 3.095167558E-02
 3.208714936E-02 3.323991000E-02 3.440954192E-02 3.559562820E-02 3.679775093E-02
 3.801549395E-02 3.924844271E-02 4.049618325E-02 4.175830695E-02 4.303443271E-02
 4.432420288E-02 4.562726791E-02 4.694328558E-02 4.827192295E-02 4.961285231E-02
 5.096575166E-02 5.233030994E-02 5.370622550E-02 5.509320142E-02 5.649094680E-02
 5.789918304E-02 5.931764061E-02 6.074605498E-02 6.218416796E-02 6.363173239E-02
 6.508850984E-02 6.655426859E-02 6.802878342E-02 6.951183760E-02 7.100322139E-02
 7.250272375E-02 7.401017407E-02 7.552562595E-02 7.704788390E-02 1.901393647E-02
 1.823328729E-02 1.746839585E-02 1.672186029E-02 1.599332696E-02 1.528293628E-02
 1.459089089E-02 1.391736507E-02 1.326251691E-02 1.262648376E-02 1.200937779E-02
 1.141128735E-02 1.083227601E-02 1.027238288E-02 9.731622622E-03 9.209985607E-03
 8.707436643E-03 8.223909418E-03 7.759310334E-03 7.313525484E-03 6.886424591E-03
 6.477860839E-03 6.087674296E-03 5.715691904E-03 5.361726202E-03 5.025563504E-03
 4.706980420E-03 4.405755687E-03 4.121678881E-03 3.854548339E-03 3.604177037E-03
 3.370382550E-03 3.152988948E-03 2.951844588E-03 2.766830596E-03 2.597862763E-03
 2.444889115E-03 2.307891820E-03 2.186880502E-03 2.081916183E-03 1.993104431E-03
 1.920595117E-03 1.864583341E-03 1.825297395E-03 1.803008111E-03 1.798029513E-03
 1.810718250E-03 1.841469749E-03 1.890706992E-03 1.958876519E-03 2.046447639E-03
 2.153910024E-03 2.281768554E-03 2.430536135E-03 2.600725318E-03 2.792842266E-03
 3.007383921E-03 3.244830848E-03 3.505638490E-03 3.790237911E-03 4.099037771E-03
 4.432419369E-03 4.790727717E-03 5.174269351E-03 5.583302232E-03 6.018031017E-03
 6.478611523E-03 6.965173793E-03 7.477825087E-03 8.016631531E-03 8.581608491E-03
 9.172719833E-03 9.789879493E-03 1.043294871E-02 1.110173759E-02 1.179602802E-02
 1.251561722E-02 1.326029349E-02 1.402981576E-02 1.482391055E-02 1.564227069E-02
 1.648455833E-02 1.735040969E-02 1.823943328E-02 1.915120628E-02 2.008527668E-02
 2.104118675E-02 2.201851965E-02 2.301687651E-02 2.403585262E-02 2.507504133E-02
 2.613402633E-02 2.721238249E-02 2.830968548E-02 2.942550728E-02 3.055941466E-02
 3.171097352E-02 3.287975013E-02 3.406530967E-02 3.526721669E-02 3.648503868E-02
 3.771834349E-02 3.896670099E-02 4.022969804E-02 4.150695114E-02 4.279809052E-02
 4.410275306E-02 4.542058571E-02 4.675124216E-02 4.809438174E-02 4.944967312E-02
 5.081679649E-02 5.219543811E-02 5.358528988E-02 5.498605486E-02 5.639744726E-02
 5.781918734E-02 5.925100162E-02 6.069262717E-02 6.214381112E-02 6.360430801E-02
 6.507387932E-02 6.655229481E-02 6.803933296E-02 6.953478011E-02 7.103842103E-02
 7.255008030E-02 7.406980903E-02 7.559640053E-02 1.869182655E-02 1.789886658E-02
 1.712164897E-02 1.636278326E-02 1.562193169E-02 1.489924804E-02 1.419494406E-02
 1.350919374E-02 1.284216127E-02 1.219399496E-02 1.156481938E-02 1.095473222E-02
 1.036380542E-02 9.792084216E-03 9.239587581E-03 8.706308109E-03 8.192212430E-03
 7.697238820E-03 7.221292713E-03 6.764252727E-03 6.325976567E-03 5.906304403E-03
 5.505058749E-03 5.122048517E-03 4.757068360E-03 4.409894954E-03 4.080281867E-03
 3.767979264E-03 3.472743098E-03 3.194339320E-03 2.932546251E-03 2.687153418E-03
 2.457957644E-03 2.244765472E-03 2.047423021E-03 1.865818150E-03 1.699879936E-03
 1.549558701E-03 1.414832918E-03 1.295781826E-03 1.192500645E-03 1.105107371E-03
 1.033767709E-03 9.786965586E-04 9.401567962E-04 9.184598415E-04 9.139678931E-04
 9.270871777E-04 9.582635682E-04 1.007975743E-03 1.076730922E-03 1.165062884E-03
 1.273525129E-03 1.402684833E-03 1.553114923E-03 1.725386617E-03 1.920066543E-03
 2.137698585E-03 2.378764987E-03 2.643734517E-03 2.933078475E-03 3.247234021E-03
 3.586594276E-03 3.951501441E-03 4.342257922E-03 4.759113357E-03 5.202266339E-03
 5.671885200E-03 6.168105219E-03 6.691017267E-03 7.240659800E-03 7.817016651E-03
 8.420018794E-03 9.049541706E-03 9.705407368E-03 1.038740979E-02 1.109535116E-02
 1.182901678E-02 1.258816114E-02 1.337250337E-02 1.418172709E-02 1.501548549E-02
 1.587340302E-02 1.675507476E-02 1.766006215E-02 1.858789826E-02 1.953812278E-02
 2.051031426E-02 2.150405594E-02 2.251892624E-02 2.355449868E-02 2.461033594E-02
 2.568599475E-02 2.678103228E-02 2.789500038E-02 2.902744604E-02 3.017791760E-02
 3.134596215E-02 3.253112562E-02 3.373295537E-02 3.495100043E-02 3.618481053E-02
 3.743394286E-02 3.869798295E-02 3.997653822E-02 4.126922426E-02 4.257566574E-02
 4.389549639E-02 4.522835579E-02 4.657389132E-02 4.793176304E-02 4.930163921E-02
 5.068319354E-02 5.207610946E-02 5.348008345E-02 5.489481954E-02 5.632002784E-02
 5.775542845E-02 5.920075299E-02 6.065574125E-02 6.212014045E-02 6.359370620E-02
 6.507620318E-02 6.656740537E-02 6.806709485E-02 6.957505109E-02 7.109109396E-02
 7.261527341E-02 7.414637270E-02 1.837626976E-02 1.757096643E-02 1.678138392E-02
 1.601014188E-02 1.525692020E-02 1.452188851E-02 1.380527288E-02 1.310725675E-02
 1.242800487E-02 1.176767243E-02 1.112639565E-02 1.050428489E-02 9.901421605E-03
 9.317859526E-03 8.753623517E-03 8.208710199E-03 7.683087722E-03 7.176696139E-03
 6.689444455E-03 6.221207763E-03 5.771834345E-03 5.341150761E-03 4.928964478E-03
 4.535064648E-03 4.159225471E-03 3.801205756E-03 3.460743419E-03 3.137560982E-03
 2.831380905E-03 2.541934154E-03 2.268958197E-03 2.012200530E-03 1.771429540E-03
 1.546437246E-03 1.337026962E-03 1.143094116E-03 9.645854292E-04 8.014310321E-04
 6.535997846E-04 5.208757416E-04 4.032359955E-04 3.008462458E-04 2.139285657E-04
 1.427473444E-04 8.760990286E-05 4.886998236E-05 2.692460932E-05 2.220870342E-05
 3.519434479E-05 6.638417116E-05 1.163073356E-04 1.855145795E-04 2.745712012E-04
 3.840525876E-04 5.145376751E-04 6.666005892E-04 8.407967944E-04 1.037705576E-03
 1.258064692E-03 1.502531701E-03 1.771607503E-03 2.065791714E-03 2.385534843E-03
 2.731156256E-03 3.103002325E-03 3.501380370E-03 3.926530445E-03 4.378641985E-03
 4.857878956E-03 5.364361513E-03 5.898158572E-03 6.459276905E-03 7.047666353E-03
 7.663219079E-03 8.305770616E-03 8.975127267E-03 9.671094806E-03 1.039345530E-02
 1.114195841E-02 1.191631572E-02 1.271620115E-02 1.354125840E-02 1.439109972E-02
 1.526530520E-02 1.616341985E-02 1.708496348E-02 1.802947458E-02 1.899652032E-02
 1.998566394E-02 2.099646585E-02 2.202847763E-02 2.308123983E-02 2.415429119E-02
 2.524716775E-02 2.635939969E-02 2.749051470E-02 2.864004114E-02 2.980750591E-02
 3.099243502E-02 3.219435737E-02 3.341280216E-02 3.464730133E-02 3.589740604E-02
 3.716269643E-02 3.844276543E-02 3.973721383E-02 4.104565325E-02 4.236770220E-02
 4.370298615E-02 4.505114270E-02 4.641182037E-02 4.778467363E-02 4.916936538E-02
 5.056557239E-02 5.197298103E-02 5.339128395E-02 5.482018327E-02 5.625939362E-02
 5.770863890E-02 5.916765092E-02 6.063617021E-02 6.211394695E-02 6.360074077E-02
 6.509632114E-02 6.660046456E-02 6.811294508E-02 6.963357919E-02 7.116241679E-02
 7.269822994E-02 1.806691538E-02 1.724924093E-02 1.644725643E-02 1.566359315E-02
 1.489794980E-02 1.415051294E-02 1.342152520E-02 1.271118507E-02 1.201966747E-02
 1.134712921E-02 1.069371429E-02 1.005954527E-02 9.444716520E-03 8.849291432E-03
 8.273303333E-03 7.716754445E-03 7.179616496E-03 6.661830512E-03 6.163307015E-03
 5.683922749E-03 5.223519929E-03 4.781913524E-03 4.358895832E-03 3.954238185E-03
 3.567693113E-03 3.198996512E-03 2.847868271E-03 2.514006715E-03 2.197099836E-03
 1.896831037E-03 1.612907048E-03 1.345052997E-03 1.093023369E-03 8.567247063E-04
 6.359624134E-04 4.302652464E-04 2.391412929E-04 6.262969320E-05-9.905763236E-05
-2.468758530E-04-3.810304953E-04-5.010022842E-04-6.062116205E-04-6.961094759E-04
-7.701478035E-04-8.277763860E-04-8.684540468E-04-8.916499655E-04-8.968461902E-04
-8.835388441E-04-8.512370197E-04-7.994707278E-04-7.277947014E-04-6.357897046E-04
-5.230637093E-04-3.892606689E-04-2.341038883E-04-5.714889855E-05 1.429323451E-04
 3.671618065E-04 6.158685123E-04 8.894551400E-04 1.188464597E-03 1.513749465E-03
 1.865785817E-03 2.244919300E-03 2.651415189E-03 3.085407221E-03 3.547089878E-03
 4.036617511E-03 4.554065933E-03 5.099461442E-03 5.672777455E-03 6.273930492E-03
 6.902772051E-03 7.559120803E-03 8.242785676E-03 8.953545422E-03 9.691144072E-03
 1.045528524E-02 1.124563311E-02 1.206182091E-02 1.290344818E-02 1.377007870E-02
 1.466124046E-02 1.557644264E-02 1.651522018E-02 1.747712306E-02 1.846169421E-02
 1.946847320E-02 2.049698808E-02 2.154675738E-02 2.261729982E-02 2.370812871E-02
 2.481875144E-02 2.594867581E-02 2.709740838E-02 2.826445430E-02 2.944931988E-02
 3.065151303E-02 3.187054258E-02 3.310592664E-02 3.435721268E-02 3.562396823E-02
 3.690576932E-02 3.820220288E-02 3.951286473E-02 4.083735749E-02 4.217529448E-02
 4.352630229E-02 4.489001489E-02 4.626607368E-02 4.765413376E-02 4.905386217E-02
 5.046493299E-02 5.188702916E-02 5.331984680E-02 5.476309263E-02 5.621648191E-02
 5.767973893E-02 5.915259825E-02 6.063480448E-02 6.212611238E-02 6.362628550E-02
 6.513509454E-02 6.665230944E-02 6.817774472E-02 6.971144850E-02 7.125218076E-02
 1.776360147E-02 1.693352981E-02 1.611910884E-02 1.532297953E-02 1.454486196E-02
 1.378496107E-02 1.304353693E-02 1.232080558E-02 1.161695770E-02 1.093216113E-02
 1.026656262E-02 9.620293450E-03 8.993460796E-03 8.386141156E-03 7.798377662E-03
 7.230180879E-03 6.681527827E-03 6.152362540E-03 5.642595919E-03 5.152105662E-03
 4.680733098E-03 4.228284676E-03 3.794538717E-03 3.379249646E-03 2.982149267E-03
 2.602950764E-03 2.241346712E-03 1.897004006E-03 1.569577920E-03 1.258742512E-03
 9.642254048E-04 6.859059673E-04 4.233504330E-04 1.757040450E-04-5.723659132E-05
-2.767727888E-04-4.844655714E-04-6.800387764E-04-8.628193650E-04-1.032439457E-03
-1.188392509E-03-1.330028676E-03-1.456695090E-03-1.567759946E-03-1.662599636E-03
-1.740597162E-03-1.801152402E-03-1.843687157E-03-1.867650878E-03-1.872516311E-03
-1.857774825E-03-1.822946124E-03-1.767582107E-03-1.691268916E-03-1.593627413E-03
-1.474313439E-03-1.333028560E-03-1.169474463E-03-9.832153881E-04-7.739094492E-04
-5.414051450E-04-2.856746904E-04-6.182869825E-06 2.994176507E-04 6.317478414E-04
 9.909964581E-04 1.377644699E-03 1.792484205E-03 2.235806489E-03 2.707741581E-03
 3.208271526E-03 3.737429725E-03 4.295212557E-03 4.881534510E-03 5.496260325E-03
 6.139226129E-03 6.810247713E-03 7.509100993E-03 8.235524265E-03 8.989212909E-03
 9.769821149E-03 1.057697049E-02 1.141024684E-02 1.226919678E-02 1.315333099E-02
 1.406215040E-02 1.499518125E-02 1.595195208E-02 1.693198529E-02 1.793479651E-02
 1.895988869E-02 2.000675897E-02 2.107490290E-02 2.216380943E-02 2.327296332E-02
 2.440185004E-02 2.554995319E-02 2.671675525E-02 2.790174139E-02 2.910439714E-02
 3.032421151E-02 3.156069511E-02 3.281338594E-02 3.408183412E-02 3.536559950E-02
 3.666425315E-02 3.797737351E-02 3.930454822E-02 4.064537942E-02 4.199947890E-02
 4.336646555E-02 4.474597094E-02 4.613764084E-02 4.754112938E-02 4.895609912E-02
 5.038222607E-02 5.181919830E-02 5.326671324E-02 5.472447770E-02 5.619220939E-02
 5.766963674E-02 5.915649906E-02 6.065254482E-02 6.215753128E-02 6.367122457E-02
 6.519339218E-02 6.672384525E-02 6.826262725E-02 6.980848193E-02 1.746618363E-02
 1.662369440E-02 1.579680430E-02 1.498816537E-02 1.419752036E-02 1.342509434E-02
 1.267116668E-02 1.193597180E-02 1.121971894E-02 1.052259244E-02 9.844750974E-03
 9.186329881E-03 8.547446054E-03 7.928189387E-03 7.328616318E-03 6.748747347E-03
 6.188567634E-03 5.648026135E-03 5.127036074E-03 4.625474864E-03 4.143183785E-03
 3.679965378E-03 3.235586973E-03 2.809786965E-03 2.402278823E-03 2.012746597E-03
 1.640845211E-03 1.286229653E-03 9.486039379E-04 6.278257989E-04 3.233214729E-04
 3.406351917E-05-2.409284555E-04-5.049629071E-04-7.584311617E-04-1.000901649E-03
-1.232078488E-03-1.451347392E-03-1.658014554E-03-1.851347863E-03-2.030640231E-03
-2.195210296E-03-2.344390054E-03-2.477523424E-03-2.593967657E-03-2.693083799E-03
-2.774240049E-03-2.836828958E-03-2.880272255E-03-2.904016226E-03-2.907524844E-03
-2.890284046E-03-2.851810308E-03-2.791654272E-03-2.709399955E-03-2.604663089E-03
-2.477090225E-03-2.326372725E-03-2.152282718E-03-1.954620482E-03-1.733205511E-03
-1.487935810E-03-1.218656193E-03-9.248960409E-04-6.066070404E-04-2.638739818E-04
 1.042578918E-04 5.004918110E-04 9.251594615E-04 1.378397105E-03 1.860983249E-03
 2.373144227E-03 2.914830167E-03 3.485836043E-03 4.086026332E-03 4.715239840E-03
 5.373275451E-03 6.059907520E-03 6.774876206E-03 7.517869376E-03 8.288531861E-03
 9.086472605E-03 9.911262246E-03 1.076242933E-02 1.163946757E-02 1.254187051E-02
 1.346914911E-02 1.442080799E-02 1.539634743E-02 1.639525677E-02 1.741701282E-02
 1.846109046E-02 1.952695957E-02 2.061408310E-02 2.172192297E-02 2.284993990E-02
 2.399759286E-02 2.516434166E-02 2.634964761E-02 2.755297323E-02 2.877379222E-02
 3.001160786E-02 3.126594181E-02 3.253632521E-02 3.382230167E-02 3.512342371E-02
 3.643925224E-02 3.776936220E-02 3.911334112E-02 4.047078413E-02 4.184129757E-02
 4.322450376E-02 4.462003521E-02 4.602753285E-02 4.744665083E-02 4.887705699E-02
 5.031842947E-02 5.177045630E-02 5.323283697E-02 5.470528241E-02 5.618751529E-02
 5.767926820E-02 5.918028281E-02 6.069031126E-02 6.220911693E-02 6.373646353E-02
 6.527215626E-02 6.681622661E-02 6.836739865E-02 1.717450062E-02 1.631957741E-02
 1.548019008E-02 1.465899953E-02 1.385577399E-02 1.307076033E-02 1.230425866E-02
 1.155652410E-02 1.082778520E-02 1.011824589E-02 9.428082188E-03 8.757442334E-03
 8.106448712E-03 7.475202001E-03 6.863772647E-03 6.272194622E-03 5.700463127E-03
 5.148534974E-03 4.616327865E-03 4.103720738E-03 3.610553733E-03 3.136627747E-03
 2.681703518E-03 2.245506171E-03 1.827722549E-03 1.427997962E-03 1.046019242E-03
 6.816576654E-04 3.344886881E-04 3.204761403E-06-3.140686039E-04-6.215218166E-04
-9.196035335E-04-1.208202556E-03-1.486814291E-03-1.754670631E-03-2.010984481E-03
-2.255045316E-03-2.486158114E-03-2.703621775E-03-2.906727924E-03-3.094759455E-03
-3.267004609E-03-3.422768967E-03-3.561382349E-03-3.682180916E-03-3.784501477E-03
-3.867706083E-03-3.931188248E-03-3.974373538E-03-3.996709659E-03-3.997660470E-03
-3.976720416E-03-3.933418989E-03-3.867318894E-03-3.778015633E-03-3.665136119E-03
-3.528340084E-03-3.367324883E-03-3.181821615E-03-2.971598598E-03-2.736471856E-03
-2.476328751E-03-2.191184180E-03-1.881033774E-03-1.545911963E-03-1.185710866E-03
-8.000757463E-04-3.892783700E-04 4.723460530E-05 5.126459733E-04 1.007567083E-03
 1.532088835E-03 2.086867511E-03 2.671915424E-03 3.286937360E-03 3.931619546E-03
 4.605724186E-03 5.308965506E-03 6.041018331E-03 6.801526242E-03 7.590087366E-03
 8.406256043E-03 9.249542330E-03 1.011942403E-02 1.101538465E-02 1.193691368E-02
 1.288349113E-02 1.385459186E-02 1.484967691E-02 1.586819719E-02 1.690960224E-02
 1.797333437E-02 1.905883003E-02 2.016552598E-02 2.129285675E-02 2.244025538E-02
 2.360715741E-02 2.479299871E-02 2.599721965E-02 2.721928394E-02 2.845868079E-02
 2.971491138E-02 3.098748878E-02 3.227593739E-02 3.357979008E-02 3.489859222E-02
 3.623190451E-02 3.757929661E-02 3.894034827E-02 4.031465579E-02 4.170182819E-02
 4.310148326E-02 4.451325159E-02 4.593677896E-02 4.737172263E-02 4.881775039E-02
 5.027454200E-02 5.174178955E-02 5.321919762E-02 5.470648172E-02 5.620336707E-02
 5.770958961E-02 5.922489836E-02 6.074905264E-02 6.228180966E-02 6.382296143E-02
 6.537252294E-02 6.692920624E-02 1.688837835E-02 1.602101239E-02 1.516910407E-02
 1.433532317E-02 1.351946507E-02 1.272180022E-02 1.194265173E-02 1.118229662E-02
 1.044098556E-02 9.718942777E-03 9.016365025E-03 8.333418751E-03 7.670240349E-03
 7.026937538E-03 6.403592711E-03 5.800254467E-03 5.216931612E-03 4.653591078E-03
 4.110158042E-03 3.586515349E-03 3.082503739E-03 2.597922712E-03 2.132528757E-03
 1.686024005E-03 1.258072444E-03 8.484624259E-04 4.570822640E-04 8.289517277E-05
-2.763072649E-04-6.258467340E-04-9.671277115E-04-1.300295182E-03-1.624759779E-03
-1.939645636E-03-2.244227679E-03-2.537812291E-03-2.819667441E-03-3.089048848E-03
-3.345211811E-03-3.587417882E-03-3.814932367E-03-4.026999934E-03-4.222859803E-03
-4.401776624E-03-4.563045405E-03-4.705981202E-03-4.829899553E-03-4.934132811E-03
-5.018049568E-03-5.081059372E-03-5.122600072E-03-5.142123979E-03-5.139112239E-03
-5.113080573E-03-5.063578286E-03-4.990188364E-03-4.892526190E-03-4.770236562E-03
-4.622991933E-03-4.450494368E-03-4.252481784E-03-4.028741702E-03-3.779109642E-03
-3.503463117E-03-3.201707455E-03-2.873791258E-03-2.519768424E-03-2.139857411E-03
-1.734268750E-03-1.303076613E-03-8.459681028E-04-3.632130583E-04 1.460733003E-04
 6.852176793E-04 1.254630316E-03 1.854479499E-03 2.485125714E-03 3.146303304E-03
 3.837513281E-03 4.558389805E-03 5.308547389E-03 6.087562734E-03 6.894979698E-03
 7.730292498E-03 8.592965122E-03 9.482465895E-03 1.039825775E-02 1.133979541E-02
 1.230652471E-02 1.329787654E-02 1.431327597E-02 1.535214369E-02 1.641389243E-02
 1.749793208E-02 1.860367125E-02 1.973051641E-02 2.087787442E-02 2.204515356E-02
 2.323176361E-02 2.443712746E-02 2.566069686E-02 2.690194060E-02 2.816033868E-02
 2.943538465E-02 3.072658143E-02 3.203344301E-02 3.335550009E-02 3.469229487E-02
 3.604337899E-02 3.740832023E-02 3.878670180E-02 4.017811670E-02 4.158217017E-02
 4.299848390E-02 4.442669251E-02 4.586644191E-02 4.731739053E-02 4.877921004E-02
 5.025158549E-02 5.173421385E-02 5.322680261E-02 5.472907062E-02 5.624075025E-02
 5.776158612E-02 5.929133059E-02 6.082972695E-02 6.237654986E-02 6.393180523E-02
 6.549419926E-02 1.660763419E-02 1.572782273E-02 1.486337600E-02 1.401697017E-02
 1.318842958E-02 1.237805037E-02 1.158617985E-02 1.081311993E-02 1.005914437E-02
 9.324500999E-03 8.609407980E-03 7.914053683E-03 7.238593668E-03 6.583150878E-03
 5.947816453E-03 5.332652180E-03 4.737682126E-03 4.162886924E-03 3.608201865E-03
 3.073516796E-03 2.558676670E-03 2.063479273E-03 1.587662122E-03 1.130934121E-03
 6.931645909E-04 2.742962820E-04-1.276341618E-04-5.179846679E-04-9.006244236E-04
-1.276446217E-03-1.644902369E-03-2.005097321E-03-2.356304956E-03-2.697815687E-03
-3.028907618E-03-3.348848963E-03-3.656881026E-03-3.952209596E-03-4.234027398E-03
-4.501540679E-03-4.753972566E-03-4.990535623E-03-5.210427613E-03-5.412868268E-03
-5.597116352E-03-5.762470517E-03-5.908237460E-03-6.033728793E-03-6.138295814E-03
-6.221335877E-03-6.282282702E-03-6.320588943E-03-6.335730210E-03-6.327214886E-03
-6.294584795E-03-6.237414475E-03-6.155312573E-03-6.047916981E-03-5.914889983E-03
-5.755917418E-03-5.570714138E-03-5.359042633E-03-5.120712999E-03-4.855560896E-03
-4.563451380E-03-4.244282153E-03-3.898000783E-03-3.524630192E-03-3.124252791E-03
-2.697049208E-03-2.243396813E-03-1.763634301E-03-1.257898027E-03-7.260582710E-04
-1.682257355E-04 4.177946744E-04 1.034472192E-03 1.681887316E-03 2.360379757E-03
 3.069720630E-03 3.809298232E-03 4.578612990E-03 5.377166893E-03 6.204425628E-03
 7.059845962E-03 7.942878023E-03 8.852956123E-03 9.789507636E-03 1.075194622E-02
 1.173967156E-02 1.275208060E-02 1.378856274E-02 1.484849976E-02 1.593127293E-02
 1.703626082E-02 1.816284013E-02 1.931038973E-02 2.047828887E-02 2.166592232E-02
 2.287269925E-02 2.409805224E-02 2.534142634E-02 2.660228070E-02 2.788008600E-02
 2.917432328E-02 3.048448986E-02 3.181009785E-02 3.315066916E-02 3.450574057E-02
 3.587486686E-02 3.725761424E-02 3.865356081E-02 4.006230186E-02 4.148344741E-02
 4.291661969E-02 4.436145405E-02 4.581760004E-02 4.728472151E-02 4.876249536E-02
 5.025060986E-02 5.174876543E-02 5.325667684E-02 5.477407170E-02 5.630068709E-02
 5.783626083E-02 5.938051851E-02 6.093322508E-02 6.249438266E-02 6.406269180E-02
 1.633209786E-02 1.543982603E-02 1.456282609E-02 1.370376645E-02 1.286249725E-02
 1.203934127E-02 1.123467305E-02 1.044882019E-02 9.682083158E-03 8.934734189E-03
 8.207016613E-03 7.499141466E-03 6.811287493E-03 6.143597845E-03 5.496180220E-03
 4.869107034E-03 4.262416872E-03 3.676106227E-03 3.110124162E-03 2.564371592E-03
 2.038698037E-03 1.532885337E-03 1.046706420E-03 5.801317090E-04 1.328366021E-04
-2.983577430E-04-7.207043039E-04-1.137037673E-03-1.547381458E-03-1.950862895E-03
-2.346734936E-03-2.734309417E-03-3.112867618E-03-3.481663445E-03-3.839921347E-03
-4.186847967E-03-4.521636698E-03-4.843439522E-03-5.151382665E-03-5.444607390E-03
-5.722284047E-03-5.983601716E-03-6.227730299E-03-6.453847985E-03-6.661183188E-03
-6.849018505E-03-7.016664291E-03-7.163430782E-03-7.288660361E-03-7.391743954E-03
-7.472118060E-03-7.529245520E-03-7.562605259E-03-7.571706052E-03-7.556088501E-03
-7.515322911E-03-7.449015074E-03-7.356802030E-03-7.238340208E-03-7.093302040E-03
-6.921380740E-03-6.722313766E-03-6.495893452E-03-6.241937827E-03-5.960282688E-03
-5.650784697E-03-5.313334101E-03-4.947883627E-03-4.554463492E-03-4.133153525E-03
-3.684089365E-03-3.207454618E-03-2.703569324E-03-2.172981059E-03-1.616132532E-03
-1.033133253E-03-4.241409289E-04 2.117329666E-04 8.780536258E-04 1.575272102E-03
 2.303649737E-03 3.062966062E-03 3.852515090E-03 4.671658089E-03 5.519806697E-03
 6.396375446E-03 7.300776246E-03 8.232408336E-03 9.190651450E-03 1.017487411E-02
 1.118444079E-02 1.221870709E-02 1.327702364E-02 1.435873961E-02 1.546320142E-02
 1.658975540E-02 1.773774912E-02 1.890653210E-02 2.009546848E-02 2.130394976E-02
 2.253138369E-02 2.377719151E-02 2.504080867E-02 2.632168132E-02 2.761927043E-02
 2.893305479E-02 3.026252445E-02 3.160718296E-02 3.296655359E-02 3.434017344E-02
 3.572759154E-02 3.712837435E-02 3.854210504E-02 3.996838020E-02 4.140681011E-02
 4.285702036E-02 4.431865176E-02 4.579135944E-02 4.727481087E-02 4.876868647E-02
 5.027268199E-02 5.178650702E-02 5.330988103E-02 5.484252592E-02 5.638416146E-02
 5.793450329E-02 5.949331195E-02 6.106058510E-02 6.263501811E-02 1.606167093E-02
 1.515686530E-02 1.426727156E-02 1.339553011E-02 1.254149061E-02 1.170549866E-02
 1.088795646E-02 1.008922100E-02 9.309620000E-03 8.549454282E-03 7.808993131E-03
 7.088474389E-03 6.388100847E-03 5.708040201E-03 5.048421483E-03 4.409335145E-03
 3.790832438E-03 3.192925802E-03 2.615581800E-03 2.058713144E-03 1.522158521E-03
 1.005768673E-03 5.096277029E-04 3.298700703E-05-4.286545478E-04-8.832710786E-04
-1.333191262E-03-1.777757602E-03-2.216110741E-03-2.647563183E-03-3.071445355E-03
-3.487053009E-03-3.893621862E-03-4.290330286E-03-4.676328293E-03-5.050746554E-03
-5.412708881E-03-5.761324198E-03-6.095656461E-03-6.414774166E-03-6.717793237E-03
-7.003875987E-03-7.272189124E-03-7.521891495E-03-7.752187228E-03-7.962345625E-03
-8.151689812E-03-8.319549508E-03-8.465267762E-03-8.588236746E-03-8.687900584E-03
-8.763736342E-03-8.815235291E-03-8.841914266E-03-8.843318493E-03-8.819019151E-03
-8.768621943E-03-8.691768024E-03-8.588114133E-03-8.457324289E-03-8.299073394E-03
-8.113076399E-03-7.899111268E-03-7.656978566E-03-7.386484097E-03-7.087444742E-03
-6.759707089E-03-6.403180463E-03-6.017850184E-03-5.603738622E-03-5.160898381E-03
-4.689431737E-03-4.189503228E-03-3.661352388E-03-3.105330746E-03-2.522044145E-03
-1.912215645E-03-1.276270210E-03-6.143500705E-04 7.382266475E-05 7.919167340E-04
 1.540860506E-03 2.320891386E-03 3.131717714E-03 3.972553237E-03 4.842688148E-03
 5.741474586E-03 6.668272014E-03 7.622432063E-03 8.603293328E-03 9.610184729E-03
 1.064242566E-02 1.169933363E-02 1.278022318E-02 1.388440641E-02 1.501119722E-02
 1.615990993E-02 1.732986534E-02 1.852040873E-02 1.973090677E-02 2.096073991E-02
 2.220930469E-02 2.347600979E-02 2.476027730E-02 2.606154882E-02 2.737927990E-02
 2.871293878E-02 3.006201380E-02 3.142601022E-02 3.280444582E-02 3.419685568E-02
 3.560279364E-02 3.702182835E-02 3.845354297E-02 3.989753697E-02 4.135342619E-02
 4.282084205E-02 4.429942945E-02 4.578884715E-02 4.728877025E-02 4.879888883E-02
 5.031890373E-02 5.184851851E-02 5.338743671E-02 5.493536792E-02 5.649202294E-02
 5.805715730E-02 5.963076392E-02 6.121153411E-02 1.579629182E-02 1.487885068E-02
 1.397656937E-02 1.309208202E-02 1.222522659E-02 1.137634224E-02 1.054585210E-02
 9.734142326E-03 8.941571989E-03 8.168471101E-03 7.415139413E-03 6.681842530E-03
 5.968811770E-03 5.276240414E-03 4.604283499E-03 3.953053999E-03 3.322622830E-03
 2.713018313E-03 2.124222884E-03 1.556145743E-03 1.008709053E-03 4.821274691E-04
-2.455101250E-05-5.172658824E-04-1.004162438E-03-1.487311142E-03-1.965785460E-03
-2.438776785E-03-2.905643524E-03-3.365716180E-03-3.818266962E-03-4.262521405E-03
-4.697653395E-03-5.122766009E-03-5.536916039E-03-5.939143896E-03-6.328488788E-03
-6.704005992E-03-7.064724494E-03-7.409659008E-03-7.737871898E-03-8.048495342E-03
-8.340712750E-03-8.613696417E-03-8.866638750E-03-9.098804251E-03-9.309528770E-03
-9.498173209E-03-9.664094904E-03-9.806692213E-03-9.925415958E-03-1.001975688E-02
-1.008922455E-02-1.013334808E-02-1.015168115E-02-1.014380005E-02-1.010931150E-02
-1.004786243E-02-9.959115520E-03-9.842735072E-03-9.698389502E-03-9.525780305E-03
-9.324675184E-03-9.094861602E-03-8.836119851E-03-8.548233644E-03-8.231010654E-03
-7.884311601E-03-7.508070477E-03-7.102261450E-03-6.666886577E-03-6.201979357E-03
-5.707616005E-03-5.183924982E-03-4.631137712E-03-4.049610492E-03-3.439788923E-03
-2.802284880E-03-2.137987268E-03-1.447567132E-03-7.312841836E-04 1.090250219E-05
 7.825301736E-04 1.584796365E-03 2.417933861E-03 3.281548346E-03 4.174776240E-03
 5.096855354E-03 6.047074632E-03 7.024736960E-03 8.029140390E-03 9.059568945E-03
 1.011530315E-02 1.119562013E-02 1.229979658E-02 1.342711030E-02 1.457684140E-02
 1.574828561E-02 1.694076376E-02 1.815361284E-02 1.938618601E-02 2.063785126E-02
 2.190798959E-02 2.319600113E-02 2.450130364E-02 2.582332776E-02 2.716152349E-02
 2.851536100E-02 2.988432431E-02 3.126791446E-02 3.266565311E-02 3.407707851E-02
 3.550174433E-02 3.693922161E-02 3.838909898E-02 3.985098212E-02 4.132449136E-02
 4.280926194E-02 4.430494654E-02 4.581121406E-02 4.732774515E-02 4.885422401E-02
 5.039033549E-02 5.193577268E-02 5.349023988E-02 5.505344246E-02 5.662513082E-02
 5.820529382E-02 5.979262037E-02 1.553589151E-02 1.460571900E-02 1.369063881E-02
 1.279329282E-02 1.191353225E-02 1.105168908E-02 1.020817764E-02 9.383402824E-03
 8.577754264E-03 7.791595182E-03 7.025256835E-03 6.279037196E-03 5.553197450E-03
 4.847961203E-03 4.163510785E-03 3.499986702E-03 2.857484493E-03 2.236053409E-03
 1.635674600E-03 1.056324215E-03 4.983119718E-04-3.919288489E-05-5.630334377E-04
-1.081933961E-03-1.597890098E-03-2.109895888E-03-2.617197166E-03-3.119197076E-03
-3.615225911E-03-4.104538734E-03-4.586325034E-03-5.059720425E-03-5.523809677E-03
-5.977620525E-03-6.420107967E-03-6.850216981E-03-7.266904237E-03-7.669162436E-03
-8.056012148E-03-8.426451597E-03-8.779510226E-03-9.114302252E-03-9.430022625E-03
-9.725885055E-03-1.000109291E-02-1.025490816E-02-1.048667185E-02-1.069577615E-02
-1.088160713E-02-1.104356880E-02-1.118111527E-02-1.129374760E-02-1.138099243E-02
-1.144239084E-02-1.147750571E-02-1.148592002E-02-1.146724171E-02-1.142112266E-02
-1.134723741E-02-1.124526219E-02-1.111487133E-02-1.095575951E-02-1.076768739E-02
-1.055043869E-02-1.030378607E-02-1.002750126E-02-9.721363369E-03-9.385188930E-03
-9.018866422E-03-8.622326456E-03-8.195513101E-03-7.738381981E-03-7.250931335E-03
-6.733209559E-03-6.185356748E-03-5.607622185E-03-5.000325782E-03-4.363872889E-03
-3.698773445E-03-3.005697966E-03-2.285657992E-03-1.539535860E-03-7.677657153E-04
 2.963961367E-05 8.561932799E-04 1.713084557E-03 2.600504634E-03 3.517906459E-03
 4.464340697E-03 5.439004106E-03 6.441136996E-03 7.469990731E-03 8.524810635E-03
 9.604834759E-03 1.070930169E-02 1.183745066E-02 1.298852835E-02 1.416180473E-02
 1.535656951E-02 1.657212840E-02 1.780780475E-02 1.906293554E-02 2.033687562E-02
 2.162900084E-02 2.293870143E-02 2.426538574E-02 2.560848511E-02 2.696744687E-02
 2.834173518E-02 2.973083640E-02 3.113425552E-02 3.255151416E-02 3.398215235E-02
 3.542572909E-02 3.688182195E-02 3.835002453E-02 3.982994651E-02 4.132121616E-02
 4.282347940E-02 4.433639492E-02 4.585962599E-02 4.739283773E-02 4.893570424E-02
 5.048791281E-02 5.204916184E-02 5.361915124E-02 5.519762736E-02 5.678457540E-02
 5.837868174E-02 1.528039606E-02 1.433739983E-02 1.340941558E-02 1.249908780E-02
 1.160629166E-02 1.073137503E-02 9.874751872E-03 9.036819115E-03 8.217982570E-03
 7.418637239E-03 6.639149378E-03 5.879851155E-03 5.141038092E-03 4.422966046E-03
 3.725849529E-03 3.049858842E-03 2.395118980E-03 1.761689107E-03 1.149597070E-03
 5.591712962E-04-1.011180281E-05-5.649389820E-04-1.115353268E-03-1.663625522E-03
-2.208720095E-03-2.749914735E-03-3.286647741E-03-3.818265572E-03-4.344021740E-03
-4.863082388E-03-5.374531182E-03-5.877389602E-03-6.370624797E-03-6.853175752E-03
-7.323929220E-03-7.781739254E-03-8.225494580E-03-8.654146342E-03-9.066712317E-03
-9.462221112E-03-9.839699680E-03-1.019824930E-02-1.053707007E-02-1.085542665E-02
-1.115256048E-02-1.142772847E-02-1.168026640E-02-1.190958351E-02-1.211509928E-02
-1.229622500E-02-1.245241483E-02-1.258317375E-02-1.268803881E-02-1.276656122E-02
-1.281831186E-02-1.284287995E-02-1.283987515E-02-1.280895280E-02-1.274980284E-02
-1.266211680E-02-1.254557706E-02-1.239987644E-02-1.222477416E-02-1.202006545E-02
-1.178553843E-02-1.152096853E-02-1.122611847E-02-1.090078076E-02-1.054482860E-02
-1.015816767E-02-9.740690962E-03-9.292286013E-03-8.812876249E-03-8.302416781E-03
-7.760948591E-03-7.188632679E-03-6.585685425E-03-5.952391757E-03-5.289116162E-03
-4.596325809E-03-3.874610726E-03-3.124748089E-03-2.347899925E-03-1.545151802E-03
-7.170852067E-04 1.364142743E-04 1.018958167E-03 1.931488109E-03 2.874042675E-03
 3.845878097E-03 4.845992993E-03 5.873547041E-03 6.927741542E-03 8.007780623E-03
 9.112863178E-03 1.024218865E-02 1.139497199E-02 1.257045086E-02 1.376787989E-02
 1.498653273E-02 1.622569887E-02 1.748468437E-02 1.876281832E-02 2.005944706E-02
 2.137393412E-02 2.270566765E-02 2.405405490E-02 2.541852019E-02 2.679851101E-02
 2.819349594E-02 2.960296166E-02 3.102641436E-02 3.246338069E-02 3.391340751E-02
 3.537605928E-02 3.685091782E-02 3.833758486E-02 3.983568125E-02 4.134484185E-02
 4.286470720E-02 4.439492114E-02 4.593513767E-02 4.748502453E-02 4.904426258E-02
 5.061254442E-02 5.218956576E-02 5.377506913E-02 5.536903505E-02 5.697014804E-02
 1.502972485E-02 1.407381865E-02 1.313282889E-02 1.220940115E-02 1.130343418E-02
 1.041529639E-02 9.545421694E-03 8.694213592E-03 7.862073714E-03 7.049410741E-03
 6.256623825E-03 5.484081922E-03 4.732117717E-03 4.001023457E-03 3.291048989E-03
 2.602399606E-03 1.935220190E-03 1.289599247E-03 6.658776241E-04 6.400387037E-05
-5.219712895E-04-1.103376005E-03-1.683388335E-03-2.261050797E-03-2.835639720E-03
-3.406620135E-03-3.973353652E-03-4.535101763E-03-5.091028011E-03-5.640183272E-03
-6.181526759E-03-6.713941842E-03-7.236280318E-03-7.747380742E-03-8.246088871E-03
-8.731229071E-03-9.201646773E-03-9.656261453E-03-1.009409301E-02-1.051423013E-02
-1.091574020E-02-1.129771531E-02-1.165934494E-02-1.199991623E-02-1.231872866E-02
-1.261504999E-02-1.288820390E-02-1.313759660E-02-1.336267417E-02-1.356286198E-02
-1.373760894E-02-1.388641456E-02-1.400881853E-02-1.410437965E-02-1.417267390E-02
-1.421329483E-02-1.422585341E-02-1.421000256E-02-1.416544203E-02-1.409187674E-02
-1.398899940E-02-1.385650667E-02-1.369416297E-02-1.350178742E-02-1.327919014E-02
-1.302615530E-02-1.274244704E-02-1.242786347E-02-1.208229279E-02-1.170563362E-02
-1.129775488E-02-1.085851698E-02-1.038779324E-02-9.885459255E-03-9.351472734E-03
-8.785897426E-03-8.188823796E-03-7.560413662E-03-6.900906374E-03-6.210624260E-03
-5.489988495E-03-4.739555112E-03-3.960037485E-03-3.152381988E-03-2.317945428E-03
-1.457981365E-03-5.731050900E-04 3.372008123E-04 1.276491580E-03 2.245360308E-03
 3.243545511E-03 4.270080469E-03 5.323983119E-03 6.404382134E-03 7.510436825E-03
 8.641312616E-03 9.796190741E-03 1.097427027E-02 1.217476955E-02 1.339692612E-02
 1.463999395E-02 1.590324995E-02 1.718599232E-02 1.848753648E-02 1.980722270E-02
 2.114441410E-02 2.249849185E-02 2.386886077E-02 2.525494944E-02 2.665620637E-02
 2.807210072E-02 2.950212380E-02 3.094578889E-02 3.240262858E-02 3.387219431E-02
 3.535405885E-02 3.684781571E-02 3.835307383E-02 3.986944910E-02 4.139656224E-02
 4.293404554E-02 4.448154600E-02 4.603872443E-02 4.760525548E-02 4.918082731E-02
 5.076513138E-02 5.235790567E-02 5.395912574E-02 5.556747603E-02 1.478378948E-02
 1.381489604E-02 1.286080457E-02 1.192416245E-02 1.100489256E-02 1.010338496E-02
 9.220093819E-03 8.355446041E-03 7.509855976E-03 6.683734241E-03 5.877492282E-03
 5.091532945E-03 4.326227515E-03 3.581908791E-03 2.858866426E-03 2.157336674E-03
 1.477481581E-03 8.196506182E-04 1.842851271E-04-4.332081472E-04-1.045119539E-03
-1.656230847E-03-2.265856598E-03-2.873247973E-03-3.477897252E-03-4.079189870E-03
-4.676392912E-03-5.268661011E-03-5.855028948E-03-6.434418396E-03-7.005651938E-03
-7.567488414E-03-8.118669477E-03-8.657964399E-03-9.184191171E-03-9.696194992E-03
-1.019282841E-02-1.067300943E-02-1.113575306E-02-1.158017148E-02-1.200540837E-02
-1.241057671E-02-1.279484792E-02-1.315749997E-02-1.349787620E-02-1.381527710E-02
-1.410900954E-02-1.437846208E-02-1.462309207E-02-1.484234725E-02-1.503566781E-02
-1.520254003E-02-1.534249859E-02-1.545510422E-02-1.553993235E-02-1.559657611E-02
-1.562464466E-02-1.562378244E-02-1.559369156E-02-1.553408857E-02-1.544467933E-02
-1.532516949E-02-1.517532851E-02-1.499499359E-02-1.478399563E-02-1.454213762E-02
-1.426920458E-02-1.396502057E-02-1.362949542E-02-1.326254021E-02-1.286403800E-02
-1.243386150E-02-1.197186159E-02-1.147787866E-02-1.095184044E-02-1.039373766E-02
-9.803554544E-03-9.181331821E-03-8.527156064E-03-7.841186576E-03-7.123689045E-03
-6.375045697E-03-5.595777403E-03-4.786588165E-03-3.948363221E-03-3.082227160E-03
-2.189710486E-03-1.272203984E-03-3.302624013E-04 6.374866426E-04 1.633971706E-03
 2.659535407E-03 3.713426390E-03 4.794564829E-03 5.901993233E-03 7.034829991E-03
 8.192222533E-03 9.373331066E-03 1.057733529E-02 1.180343272E-02 1.305084292E-02
 1.431881070E-02 1.560659953E-02 1.691349703E-02 1.823881749E-02 1.958189507E-02
 2.094208787E-02 2.231878041E-02 2.371137934E-02 2.511931335E-02 2.654203500E-02
 2.797902076E-02 2.942976837E-02 3.089379603E-02 3.237064488E-02 3.385987859E-02
 3.536107780E-02 3.687383163E-02 3.839773573E-02 3.993239882E-02 4.147744546E-02
 4.303251515E-02 4.459726209E-02 4.617135619E-02 4.775448079E-02 4.934632253E-02
 5.094661487E-02 5.255532930E-02 5.417115112E-02 1.454248919E-02 1.356054334E-02
 1.259326494E-02 1.164329907E-02 1.071059778E-02 9.795573070E-03 8.898701316E-03
 8.020431397E-03 7.161202701E-03 6.321444400E-03 5.501576930E-03 4.702016216E-03
 3.923168435E-03 3.165408178E-03 2.429065045E-03 1.714394275E-03 1.021739147E-03
 3.518524917E-04-2.979122667E-04-9.399150814E-04-1.581383961E-03-2.222282617E-03
-2.861801365E-03-3.499447135E-03-4.134641169E-03-4.766668771E-03-5.394680756E-03
-6.017686233E-03-6.634565953E-03-7.244103919E-03-7.845002573E-03-8.435928834E-03
-9.015558975E-03-9.582617901E-03-1.013591300E-02-1.067433943E-02-1.119680716E-02
-1.170223681E-02-1.218963939E-02-1.265813651E-02-1.310692547E-02-1.353516872E-02
-1.394202457E-02-1.432674676E-02-1.468868797E-02-1.502720117E-02-1.534158711E-02
-1.563120292E-02-1.589549219E-02-1.613392290E-02-1.634593143E-02-1.653098532E-02
-1.668860522E-02-1.681834662E-02-1.691978022E-02-1.699249495E-02-1.703609583E-02
-1.705021634E-02-1.703455310E-02-1.698882942E-02-1.691275932E-02-1.680605183E-02
-1.666847444E-02-1.649987985E-02-1.630012523E-02-1.606904111E-02-1.580643628E-02
-1.551215590E-02-1.518613942E-02-1.482833626E-02-1.443867152E-02-1.401704200E-02
-1.356330673E-02-1.307732419E-02-1.255903759E-02-1.200840964E-02-1.142538233E-02
-1.080992045E-02-1.016198560E-02-9.481588083E-03-8.768810593E-03-8.023834029E-03
-7.246996312E-03-6.438807057E-03-5.599922838E-03-4.731168801E-03-3.833583057E-03
-2.908512977E-03-1.957677828E-03-9.825804805E-04 1.639563311E-05 1.042223665E-03
 2.096200981E-03 3.178293057E-03 4.287506598E-03 5.422762693E-03 6.583127357E-03
 7.767725916E-03 8.975699219E-03 1.020620483E-02 1.145842745E-02 1.273157391E-02
 1.402487442E-02 1.533758893E-02 1.666900020E-02 1.801841517E-02 1.938516977E-02
 2.076862464E-02 2.216816406E-02 2.358319814E-02 2.501316289E-02 2.645751784E-02
 2.791574480E-02 2.938735028E-02 3.087186530E-02 3.236883961E-02 3.387783314E-02
 3.539841435E-02 3.693016633E-02 3.847268929E-02 4.002559967E-02 4.158852993E-02
 4.316112913E-02 4.474306182E-02 4.633400606E-02 4.793364397E-02 4.954170553E-02
 5.115815808E-02 5.278168924E-02 1.430571509E-02 1.331066181E-02 1.233012284E-02
 1.136673533E-02 1.042048007E-02 9.491793864E-03 8.581177583E-03 7.689103370E-03
 6.816035125E-03 5.962427612E-03 5.128725215E-03 4.315359716E-03 3.522754646E-03
 2.751320290E-03 2.001412546E-03 1.273366884E-03 5.679892406E-04-1.154347766E-04
-7.872853263E-04-1.458278652E-03-2.129663858E-03-2.800544481E-03-3.470426350E-03
-4.138772689E-03-4.804893634E-03-5.467948975E-03-6.126934825E-03-6.780693464E-03
-7.427952200E-03-8.067357931E-03-8.697537538E-03-9.317115849E-03-9.924744973E-03
-1.051915134E-02-1.109915072E-02-1.166365394E-02-1.221164825E-02-1.274211118E-02
-1.325404173E-02-1.374653678E-02-1.421880975E-02-1.467010503E-02-1.509959576E-02
-1.550649129E-02-1.589011570E-02-1.624986058E-02-1.658505188E-02-1.689501036E-02
-1.717914530E-02-1.743693045E-02-1.766781087E-02-1.787123147E-02-1.804669010E-02
-1.819373070E-02-1.831191681E-02-1.840082847E-02-1.846006203E-02-1.848923710E-02
-1.848803596E-02-1.845618365E-02-1.839340042E-02-1.829939785E-02-1.817393833E-02
-1.801688237E-02-1.782810193E-02-1.760744394E-02-1.735473788E-02-1.706985651E-02
-1.675278179E-02-1.640350557E-02-1.602199048E-02-1.560817151E-02-1.516195215E-02
-1.468324197E-02-1.417202276E-02-1.362828268E-02-1.305198327E-02-1.244306408E-02
-1.180143417E-02-1.112702081E-02-1.041976458E-02-9.679672371E-03-8.906878398E-03
-8.101659319E-03-7.264437725E-03-6.395803490E-03-5.496522058E-03-4.567564547E-03
-3.610168851E-03-2.625994395E-03-1.616969015E-03-5.843085134E-04 4.722526322E-04
 1.555868407E-03 2.667066351E-03 3.805146361E-03 4.968982225E-03 6.157573300E-03
 7.370013001E-03 8.605426784E-03 9.862960180E-03 1.114178059E-02 1.244108725E-02
 1.376010633E-02 1.509808889E-02 1.645431710E-02 1.782810091E-02 1.921877584E-02
 2.062570528E-02 2.204828079E-02 2.348591990E-02 2.493806447E-02 2.640418306E-02
 2.788377089E-02 2.937634389E-02 3.088143023E-02 3.239856870E-02 3.392731454E-02
 3.546724148E-02 3.701794092E-02 3.857902181E-02 4.015011100E-02 4.173085161E-02
 4.332090246E-02 4.491993692E-02 4.652763350E-02 4.814371900E-02 4.976815661E-02
 5.139963714E-02 1.407335695E-02 1.306514995E-02 1.207128360E-02 1.109438711E-02
 1.013446626E-02 9.191981611E-03 8.267458866E-03 7.361397914E-03 6.474287626E-03
 5.606609799E-03 4.758835047E-03 3.931423856E-03 3.124822452E-03 2.339454726E-03
 1.575712945E-03 8.342499132E-04 1.154779333E-04-5.867847685E-04-1.286560393E-03
-1.987555065E-03-2.688948420E-03-3.390199650E-03-4.090842068E-03-4.790229579E-03
-5.487533138E-03-6.181741157E-03-6.871671740E-03-7.556006827E-03-8.233331256E-03
-8.902206242E-03-9.561211639E-03-1.020897669E-02-1.084418925E-02-1.146559196E-02
-1.207201001E-02-1.266237269E-02-1.323570152E-02-1.379105022E-02-1.432744611E-02
-1.484396298E-02-1.533978425E-02-1.581418560E-02-1.626640602E-02-1.669562977E-02
-1.710112694E-02-1.748227940E-02-1.783846197E-02-1.816897608E-02-1.847318355E-02
-1.875053898E-02-1.900050364E-02-1.922250421E-02-1.941601017E-02-1.958054803E-02
-1.971567269E-02-1.982095284E-02-1.989597414E-02-1.994034238E-02-1.995371999E-02
-1.993582799E-02-1.988638735E-02-1.980510402E-02-1.969172389E-02-1.954610718E-02
-1.936814167E-02-1.915769155E-02-1.891460188E-02-1.863875611E-02-1.833015770E-02
-1.798883911E-02-1.761481380E-02-1.720806747E-02-1.676854459E-02-1.629621022E-02
-1.579112291E-02-1.525334212E-02-1.468287607E-02-1.407969181E-02-1.344371958E-02
-1.277486558E-02-1.207301276E-02-1.133808215E-02-1.057006349E-02-9.769029783E-03
-8.935142303E-03-8.068710908E-03-7.170219724E-03-6.240366307E-03-5.280062708E-03
-4.290471684E-03-3.273100137E-03-2.229964656E-03-1.163134414E-03-7.350373427E-05
 1.041067786E-03 2.182224556E-03 3.349903685E-03 4.543008287E-03 5.760459744E-03
 7.001316996E-03 8.264689246E-03 9.549710987E-03 1.085554524E-02 1.218138173E-02
 1.352644310E-02 1.488998328E-02 1.627128419E-02 1.766965770E-02 1.908444639E-02
 2.051502153E-02 2.196078111E-02 2.342115194E-02 2.489558994E-02 2.638357399E-02
 2.788459752E-02 2.939816700E-02 3.092380731E-02 3.246106334E-02 3.400949929E-02
 3.556869860E-02 3.713826397E-02 3.871781573E-02 4.030699081E-02 4.190544322E-02
 4.351284235E-02 4.512886364E-02 4.675323062E-02 4.838590221E-02 5.002557365E-02
 1.384529062E-02 1.282390212E-02 1.181665467E-02 1.082616730E-02 9.852477495E-03
 8.896067328E-03 7.957484632E-03 7.037256162E-03 6.135900339E-03 5.253927113E-03
 4.391836068E-03 3.550116638E-03 2.729243351E-03 1.929650344E-03 1.151871448E-03
 3.969034519E-04-3.377730597E-04-1.066038138E-03-1.795681229E-03-2.526691761E-03
-3.258391550E-03-3.990369587E-03-4.722062938E-03-5.452697202E-03-6.181271012E-03
-6.906574665E-03-7.627244962E-03-8.341815503E-03-9.048788343E-03-9.746680108E-03
-1.043406573E-02-1.110960966E-02-1.177204467E-02-1.242015815E-02-1.305279848E-02
-1.366889113E-02-1.426746428E-02-1.484763047E-02-1.540848641E-02-1.594909102E-02
-1.646857838E-02-1.696620411E-02-1.744127368E-02-1.789299483E-02-1.832057454E-02
-1.872334159E-02-1.910070141E-02-1.945197608E-02-1.977647727E-02-2.007361816E-02
-2.034287089E-02-2.058366095E-02-2.079542774E-02-2.097767288E-02-2.112993980E-02
-2.125178515E-02-2.134278207E-02-2.140252123E-02-2.143063975E-02-2.142684727E-02
-2.139086326E-02-2.132238817E-02-2.122115082E-02-2.108700462E-02-2.091984621E-02
-2.071954193E-02-2.048593261E-02-2.021890723E-02-1.991849715E-02-1.958477210E-02
-1.921777232E-02-1.881750374E-02-1.838395677E-02-1.791717500E-02-1.741729858E-02
-1.688445189E-02-1.631872269E-02-1.572016138E-02-1.508875709E-02-1.442445143E-02
-1.372715688E-02-1.299679204E-02-1.223330123E-02-1.143664826E-02-1.060680532E-02
-9.743832807E-03-8.847900951E-03-7.919381497E-03-6.958858463E-03-5.967174596E-03
-4.945437763E-03-3.895077139E-03-2.817990210E-03-1.716536158E-03-5.924813542E-04
 5.541735984E-04 1.726262782E-03 2.924249142E-03 4.147246673E-03 5.394126359E-03
 6.663905023E-03 7.955686174E-03 9.268596437E-03 1.060179240E-02 1.195446561E-02
 1.332583882E-02 1.471516706E-02 1.612173882E-02 1.754487436E-02 1.898392328E-02
 2.043826645E-02 2.190731654E-02 2.339051176E-02 2.488730749E-02 2.639717488E-02
 2.791960568E-02 2.945411334E-02 3.100023242E-02 3.255751862E-02 3.412554839E-02
 3.570391734E-02 3.729223912E-02 3.889014569E-02 4.049728681E-02 4.211332849E-02
 4.373794287E-02 4.537085054E-02 4.701200630E-02 4.866011172E-02 1.362137905E-02
 1.258679971E-02 1.156613718E-02 1.056199283E-02 9.574437722E-03 8.603980053E-03
 7.651192365E-03 6.716623837E-03 5.800821351E-03 4.904325480E-03 4.027668603E-03
 3.171370680E-03 2.335924309E-03 1.521814739E-03 7.299598324E-04-3.975256900E-05
-7.966271523E-04-1.553918737E-03-2.313593817E-03-3.074794690E-03-3.837115610E-03
-4.600083781E-03-5.362999670E-03-6.124922496E-03-6.884667278E-03-7.640835056E-03
-8.391891289E-03-9.136270115E-03-9.872431977E-03-1.059889787E-02-1.131427745E-02
-1.201726118E-02-1.270663176E-02-1.338123316E-02-1.403994075E-02-1.468169279E-02
-1.530550711E-02-1.591049110E-02-1.649580791E-02-1.706056438E-02-1.760385231E-02
-1.812486415E-02-1.862290200E-02-1.909724585E-02-1.954707477E-02-1.997164280E-02
-2.037033638E-02-2.074253290E-02-2.108751674E-02-2.140464328E-02-2.169337048E-02
-2.195314100E-02-2.218336742E-02-2.238351955E-02-2.255312488E-02-2.269172935E-02
-2.279889261E-02-2.287419043E-02-2.291723486E-02-2.292771894E-02-2.290535993E-02
-2.284985226E-02-2.276090325E-02-2.263834515E-02-2.248207332E-02-2.229195653E-02
-2.206783394E-02-2.180959571E-02-2.151728410E-02-2.119097754E-02-2.083073262E-02
-2.043658434E-02-2.000855791E-02-1.954673850E-02-1.905132751E-02-1.852253820E-02
-1.796054872E-02-1.736547758E-02-1.673740254E-02-1.607636712E-02-1.538236407E-02
-1.465538636E-02-1.389542990E-02-1.310243784E-02-1.227631219E-02-1.141696946E-02
-1.052435066E-02-9.598522048E-03-8.639697017E-03-7.648342715E-03-6.625199509E-03
-5.571306741E-03-4.488037625E-03-3.377188646E-03-2.241137592E-03-1.082428097E-03
 9.779512260E-05 1.301829183E-03 2.530729173E-03 3.784142137E-03 5.060935539E-03
 6.360071077E-03 7.680637295E-03 9.021762893E-03 1.038260548E-02 1.176235678E-02
 1.316024540E-02 1.457553521E-02 1.600752236E-02 1.745553705E-02 1.891894426E-02
 2.039713742E-02 2.188953019E-02 2.339555509E-02 2.491466757E-02 2.644634677E-02
 2.799009491E-02 2.954543747E-02 3.111192232E-02 3.268911816E-02 3.427661350E-02
 3.587401677E-02 3.748095544E-02 3.909707551E-02 4.072203951E-02 4.235551668E-02
 4.399722533E-02 4.564711647E-02 4.730389956E-02 1.340147905E-02 1.235371735E-02
 1.131962187E-02 1.030177367E-02 9.300274465E-03 8.315657549E-03 7.348522783E-03
 6.399447672E-03 5.469004288E-03 4.557762019E-03 3.666286375E-03 2.795127646E-03
 1.944801191E-03 1.115994603E-03 3.096810546E-04-4.780451976E-04-1.262407490E-03
-2.049624710E-03-2.839330442E-03-3.630974484E-03-4.424157331E-03-5.218268835E-03
-6.012440031E-03-6.805535211E-03-7.596177178E-03-8.382816687E-03-9.163815153E-03
-9.937543055E-03-1.070245163E-02-1.145710142E-02-1.220013709E-02-1.293029271E-02
-1.364638068E-02-1.434728620E-02-1.503194406E-02-1.569930499E-02-1.634836717E-02
-1.697821275E-02-1.758801463E-02-1.817695717E-02-1.874413032E-02-1.928864953E-02
-1.980976121E-02-2.030679698E-02-2.077898394E-02-2.122550373E-02-2.164567360E-02
-2.203890483E-02-2.240450729E-02-2.274177769E-02-2.305013113E-02-2.332903047E-02
-2.357787767E-02-2.379610729E-02-2.398322420E-02-2.413876508E-02-2.426227637E-02
-2.435331912E-02-2.441148196E-02-2.443643343E-02-2.442788406E-02-2.438552129E-02
-2.430903201E-02-2.419822478E-02-2.405299524E-02-2.387321337E-02-2.365870521E-02
-2.340934091E-02-2.312516244E-02-2.280626420E-02-2.245271944E-02-2.206456762E-02
-2.164183114E-02-2.118463741E-02-2.069325517E-02-2.016795190E-02-1.960895114E-02
-1.901645690E-02-1.839064868E-02-1.773165161E-02-1.703957732E-02-1.631457671E-02
-1.555674948E-02-1.476610650E-02-1.394259210E-02-1.308608560E-02-1.219643652E-02
-1.127351915E-02-1.031726675E-02-9.327770288E-03-8.305343837E-03-7.250598562E-03
-6.164504643E-03-5.048384615E-03-3.903963619E-03-2.733534402E-03-1.539926282E-03
-3.250887599E-04 9.114476555E-04 2.171846298E-03 3.456163539E-03 4.763272909E-03
 6.092115101E-03 7.441768812E-03 8.811363582E-03 1.020006263E-02 1.160706675E-02
 1.303161288E-02 1.447297521E-02 1.593046602E-02 1.740342936E-02 1.889123305E-02
 2.039326719E-02 2.190894750E-02 2.343771551E-02 2.497903814E-02 2.653240786E-02
 2.809734138E-02 2.967337809E-02 3.126007926E-02 3.285702776E-02 3.446382736E-02
 3.608010134E-02 3.770549207E-02 3.933965898E-02 4.098226944E-02 4.263303983E-02
 4.429191775E-02 4.595762191E-02 1.318543441E-02 1.212452417E-02 1.107699811E-02
 1.004541506E-02 9.029909886E-03 8.031040324E-03 7.049429602E-03 6.085684865E-03
 5.140408858E-03 4.214201586E-03 3.307657090E-03 2.421345431E-03 1.555845947E-03
 7.122709510E-04-1.097799479E-04-9.213429441E-04-1.734933187E-03-2.552066964E-03
-3.371972212E-03-4.194272053E-03-5.018457302E-03-5.843744074E-03-6.669058055E-03
-7.493054807E-03-8.314191738E-03-9.130814326E-03-9.941252593E-03-1.074387144E-02
-1.153713457E-02-1.231962414E-02-1.309003232E-02-1.384713009E-02-1.458975914E-02
-1.531683639E-02-1.602733110E-02-1.672022789E-02-1.739452351E-02-1.804926819E-02
-1.868359141E-02-1.929669607E-02-1.988774928E-02-2.045583610E-02-2.100011378E-02
-2.151988062E-02-2.201445075E-02-2.248299678E-02-2.292474591E-02-2.333908116E-02
-2.372537717E-02-2.408289761E-02-2.441099245E-02-2.470912099E-02-2.497670081E-02
-2.521313347E-02-2.541789301E-02-2.559050569E-02-2.573050701E-02-2.583744462E-02
-2.591088715E-02-2.595047513E-02-2.595591266E-02-2.592688381E-02-2.586305667E-02
-2.576420837E-02-2.563022593E-02-2.546097160E-02-2.525625711E-02-2.501593736E-02
-2.474005582E-02-2.442871020E-02-2.408196168E-02-2.369983770E-02-2.328236910E-02
-2.282972389E-02-2.234219721E-02-2.182008023E-02-2.126365277E-02-2.067317794E-02
-2.004887838E-02-1.939097124E-02-1.869970973E-02-1.797537769E-02-1.721821919E-02
-1.642840096E-02-1.560597269E-02-1.475089176E-02-1.386303915E-02-1.294222953E-02
-1.198826702E-02-1.100098970E-02-9.980361244E-03-8.926544633E-03-7.840032093E-03
-6.721675711E-03-5.572719849E-03-4.394831535E-03-3.190214214E-03-1.961755397E-03
-7.121920318E-04 5.576766371E-04 1.850185291E-03 3.165780427E-03 4.503522265E-03
 5.862339539E-03 7.241298215E-03 8.639538304E-03 1.005623292E-02 1.149059356E-02
 1.294187408E-02 1.440936394E-02 1.589238051E-02 1.739026725E-02 1.890239619E-02
 2.042816768E-02 2.196700994E-02 2.351837936E-02 2.508175860E-02 2.665665511E-02
 2.824260054E-02 2.983915003E-02 3.144588156E-02 3.306239431E-02 3.468830773E-02
 3.632326118E-02 3.796691198E-02 3.961892610E-02 4.127901858E-02 4.294713382E-02
 4.462200142E-02 1.297308936E-02 1.189907879E-02 1.083814957E-02 9.792823939E-03
 8.763268528E-03 7.750067699E-03 6.753869542E-03 5.775307155E-03 4.815013090E-03
 3.873621480E-03 2.951755104E-03 2.050010517E-03 1.169168680E-03 3.102666668E-04
-5.308350904E-04-1.370026141E-03-2.213286202E-03-3.060287441E-03-3.910545788E-03
-4.763632962E-03-5.618855354E-03-6.475214930E-03-7.331417520E-03-8.185930493E-03
-9.037079403E-03-9.883165267E-03-1.072252840E-02-1.155358659E-02-1.237483534E-02
-1.318486828E-02-1.398239820E-02-1.476623102E-02-1.553524569E-02-1.628837174E-02
-1.702458800E-02-1.774291653E-02-1.844237815E-02-1.912199024E-02-1.978082840E-02
-2.041806481E-02-2.103292647E-02-2.162454644E-02-2.219201078E-02-2.273453229E-02
-2.325145172E-02-2.374202024E-02-2.420539263E-02-2.464086539E-02-2.504785146E-02
-2.542564616E-02-2.577353200E-02-2.609092832E-02-2.637728322E-02-2.663197947E-02
-2.685445475E-02-2.704422002E-02-2.720080431E-02-2.732374460E-02-2.741259306E-02
-2.746696024E-02-2.748654031E-02-2.747101439E-02-2.742003238E-02-2.733333771E-02
-2.721081035E-02-2.705230998E-02-2.685763321E-02-2.662660823E-02-2.635926256E-02
-2.605568894E-02-2.571594420E-02-2.534004490E-02-2.492800815E-02-2.448001022E-02
-2.399637048E-02-2.347741243E-02-2.292343721E-02-2.233471762E-02-2.171152599E-02
-2.105415409E-02-2.036294547E-02-1.963831877E-02-1.888066419E-02-1.809027768E-02
-1.726737928E-02-1.641209442E-02-1.552441725E-02-1.460424644E-02-1.365139013E-02
-1.266559791E-02-1.164664222E-02-1.059437351E-02-9.508836396E-03-8.390352970E-03
-7.239627713E-03-6.057816650E-03-4.846530517E-03-3.607915352E-03-2.344818589E-03
-1.060517317E-03 2.432495180E-04 1.568303455E-03 2.915456104E-03 4.284056121E-03
 5.673026430E-03 7.081425395E-03 8.508406036E-03 9.953159856E-03 1.141491524E-02
 1.289293371E-02 1.438650740E-02 1.589496021E-02 1.741764726E-02 1.895395434E-02
 2.050329822E-02 2.206512434E-02 2.363890529E-02 2.522414042E-02 2.682035480E-02
 2.842709828E-02 3.004394397E-02 3.167048696E-02 3.330634384E-02 3.495115174E-02
 3.660456665E-02 3.826625359E-02 3.993592698E-02 4.161352810E-02 4.329779945E-02
 1.276439638E-02 1.167727529E-02 1.060295851E-02 9.543902952E-03 8.500278812E-03
 7.472687996E-03 6.461805545E-03 5.468292337E-03 4.492810538E-03 3.536024020E-03
 2.598577328E-03 1.681131342E-03 7.848675708E-04-9.046712052E-05-9.555641962E-04
-1.823620874E-03-2.696447682E-03-3.573358722E-03-4.454025596E-03-5.337900780E-03
-6.224070659E-03-7.111281507E-03-7.998010215E-03-8.882570899E-03-9.763221116E-03
-1.063825764E-02-1.150606292E-02-1.236511710E-02-1.321397570E-02-1.405126307E-02
-1.487568335E-02-1.568605938E-02-1.648129041E-02-1.726031829E-02-1.802213009E-02
-1.876575434E-02-1.949023354E-02-2.019459539E-02-2.087788205E-02-2.153920193E-02
-2.217776076E-02-2.279278402E-02-2.338337155E-02-2.394863095E-02-2.448783262E-02
-2.500031614E-02-2.548525730E-02-2.594184895E-02-2.636946436E-02-2.676747573E-02
-2.713512847E-02-2.747177267E-02-2.777686965E-02-2.804981347E-02-2.829000614E-02
-2.849693477E-02-2.867012540E-02-2.880910805E-02-2.891342253E-02-2.898265170E-02
-2.901647662E-02-2.901458064E-02-2.897660203E-02-2.890224878E-02-2.879138874E-02
-2.864387551E-02-2.845948495E-02-2.823801845E-02-2.797949296E-02-2.768399746E-02
-2.735156974E-02-2.698219064E-02-2.657585746E-02-2.613276866E-02-2.565325659E-02
-2.513763521E-02-2.458620407E-02-2.399925826E-02-2.337709173E-02-2.272002094E-02
-2.202849444E-02-2.130303527E-02-2.054411213E-02-1.975215915E-02-1.892755485E-02
-1.807057729E-02-1.718142412E-02-1.626016363E-02-1.530672860E-02-1.432094495E-02
-1.330255700E-02-1.225128690E-02-1.116688912E-02-1.004926300E-02-8.898556682E-03
-7.715325621E-03-6.500613043E-03-5.255965037E-03-3.983481810E-03-2.685986873E-03
-1.367034540E-03-2.909582457E-05 1.328747719E-03 2.707634846E-03 4.107219827E-03
 5.526427187E-03 6.964314797E-03 8.420054772E-03 9.892850061E-03 1.138193541E-02
 1.288658154E-02 1.440609373E-02 1.593981118E-02 1.748710708E-02 1.904738611E-02
 2.062008276E-02 2.220466107E-02 2.380061341E-02 2.540745900E-02 2.702474259E-02
 2.865203305E-02 3.028892266E-02 3.193502586E-02 3.358997842E-02 3.525343554E-02
 3.692506204E-02 3.860457231E-02 4.029190497E-02 4.198581747E-02 1.255942184E-02
 1.145914120E-02 1.037138923E-02 9.298577317E-03 8.240870848E-03 7.198855758E-03
 6.173214736E-03 5.164633734E-03 4.173806788E-03 3.201425684E-03 2.248162360E-03
 1.314822291E-03 4.026226291E-04-4.916433381E-04-1.383934407E-03-2.281234716E-03
-3.183511243E-03-4.090343088E-03-5.001367461E-03-5.915873908E-03-6.832733895E-03
-7.750445217E-03-8.667265139E-03-9.581379028E-03-1.049102554E-02-1.139452995E-02
-1.229033117E-02-1.317696362E-02-1.405304857E-02-1.491726040E-02-1.576832760E-02
-1.660504421E-02-1.742629702E-02-1.823104436E-02-1.901828013E-02-1.978702122E-02
-2.053631990E-02-2.126523996E-02-2.197281516E-02-2.265810337E-02-2.332025115E-02
-2.395849362E-02-2.457202249E-02-2.515990566E-02-2.572129987E-02-2.625553338E-02
-2.676188885E-02-2.723949816E-02-2.768763081E-02-2.810570185E-02-2.849299612E-02
-2.884878938E-02-2.917251281E-02-2.946360013E-02-2.972142893E-02-2.994545442E-02
-3.013519905E-02-3.029019150E-02-3.040996460E-02-3.049407912E-02-3.054219695E-02
-3.055400618E-02-3.052913831E-02-3.046726543E-02-3.036824165E-02-3.023192059E-02
-3.005806223E-02-2.984643813E-02-2.959704569E-02-2.930995992E-02-2.898519682E-02
-2.862270686E-02-2.822246649E-02-2.778467548E-02-2.730965323E-02-2.679770839E-02
-2.624913577E-02-2.566421014E-02-2.504321485E-02-2.438651746E-02-2.369464561E-02
-2.296816036E-02-2.220761553E-02-2.141354501E-02-2.058642496E-02-1.972669793E-02
-1.883473053E-02-1.791078415E-02-1.695501988E-02-1.596744183E-02-1.494794056E-02
-1.389627326E-02-1.281209982E-02-1.169508409E-02-1.054497808E-02-9.361778304E-03
-8.145881163E-03-6.898192483E-03-5.620193333E-03-4.313950529E-03-2.982274728E-03
-1.628830948E-03-2.566738134E-04 1.133989044E-03 2.544700303E-03 3.975310948E-03
 5.424750084E-03 6.892083677E-03 8.376494242E-03 9.877197004E-03 1.139344159E-02
 1.292451579E-02 1.446974479E-02 1.602848848E-02 1.760013973E-02 1.918412390E-02
 2.077989763E-02 2.238694686E-02 2.400478544E-02 2.563295392E-02 2.727101825E-02
 2.891856877E-02 3.057521854E-02 3.224060284E-02 3.391437672E-02 3.559620574E-02
 3.728580501E-02 3.898311125E-02 4.068689849E-02 1.235824049E-02 1.124476343E-02
 1.014352351E-02 9.056887586E-03 7.985032784E-03 6.928542435E-03 5.888085061E-03
 4.864343431E-03 3.858031985E-03 2.869864606E-03 1.900568298E-03 9.512519221E-04
 2.218660039E-05-8.950254809E-04-1.815485610E-03-2.741879750E-03-3.673562710E-03
-4.610264625E-03-5.551495104E-03-6.496340918E-03-7.443463316E-03-8.391171313E-03
-9.337573480E-03-1.028075387E-02-1.121892441E-02-1.215045422E-02-1.307383336E-02
-1.398765367E-02-1.489058511E-02-1.578136226E-02-1.665875847E-02-1.752156226E-02
-1.836861500E-02-1.919885666E-02-2.001128284E-02-2.080491671E-02-2.157880740E-02
-2.233202676E-02-2.306364557E-02-2.377270613E-02-2.445827987E-02-2.511954079E-02
-2.575574104E-02-2.636602598E-02-2.694945450E-02-2.750524388E-02-2.803274625E-02
-2.853115730E-02-2.899963529E-02-2.943754267E-02-2.984425637E-02-3.021901322E-02
-3.056117595E-02-3.087021259E-02-3.114550627E-02-3.138647832E-02-3.159264046E-02
-3.176352618E-02-3.189866750E-02-3.199761069E-02-3.205999408E-02-3.208551395E-02
-3.207380368E-02-3.202450350E-02-3.193744713E-02-3.181248867E-02-3.164937335E-02
-3.144784252E-02-3.120787707E-02-3.092954169E-02-3.061282543E-02-3.025763539E-02
-2.986391913E-02-2.943188084E-02-2.896182775E-02-2.845404156E-02-2.790877857E-02
-2.732628732E-02-2.670684518E-02-2.605084674E-02-2.535885595E-02-2.463147925E-02
-2.386931724E-02-2.307294827E-02-2.224295245E-02-2.137987815E-02-2.048422212E-02
-1.955643723E-02-1.859687558E-02-1.760580879E-02-1.658336695E-02-1.552948481E-02
-1.444392575E-02-1.332630796E-02-1.217620440E-02-1.099324313E-02-9.777275145E-03
-8.528530965E-03-7.247778400E-03-5.936423554E-03-4.596512804E-03-3.230850515E-03
-1.843172797E-03-4.370748342E-04 9.864500273E-04 2.428999802E-03 3.890566827E-03
 5.370120157E-03 6.866738594E-03 8.379619927E-03 9.907998547E-03 1.145114610E-02
 1.300837301E-02 1.457902657E-02 1.616248977E-02 1.775818012E-02 1.936554729E-02
 2.098407153E-02 2.261326262E-02 2.425265813E-02 2.590182220E-02 2.756034402E-02
 2.922783631E-02 3.090393463E-02 3.258829491E-02 3.428058457E-02 3.598052022E-02
 3.768803696E-02 3.940192699E-02 1.216093039E-02 1.103423225E-02 9.919464177E-03
 8.818947076E-03 7.732867769E-03 6.661811127E-03 5.606446457E-03 4.567453900E-03
 3.545539949E-03 2.541418727E-03 1.555904157E-03 5.904034045E-04-3.568114207E-04
-1.300313940E-03-2.249394243E-03-3.204659858E-03-4.165663966E-03-5.132099010E-03
-6.103283679E-03-7.078074023E-03-8.054920353E-03-9.031998449E-03-1.000736358E-02
-1.097908965E-02-1.194535000E-02-1.290450357E-02-1.385507583E-02-1.479570801E-02
-1.572511743E-02-1.664208673E-02-1.754542875E-02-1.843396672E-02-1.930653305E-02
-2.016200108E-02-2.099934300E-02-2.181759221E-02-2.261579801E-02-2.339303168E-02
-2.414838147E-02-2.488091035E-02-2.558965745E-02-2.627371912E-02-2.693229948E-02
-2.756463746E-02-2.816981855E-02-2.874693230E-02-2.929527029E-02-2.981415320E-02
-3.030270601E-02-3.076017220E-02-3.118597584E-02-3.157940375E-02-3.193974109E-02
-3.226644414E-02-3.255894120E-02-3.281662778E-02-3.303899426E-02-3.322558221E-02
-3.337592945E-02-3.348957510E-02-3.356613025E-02-3.360529754E-02-3.360672002E-02
-3.357001420E-02-3.349499019E-02-3.338150768E-02-3.322930185E-02-3.303808186E-02
-3.280780728E-02-3.253853184E-02-3.223021916E-02-3.188273551E-02-3.149600304E-02
-3.107021926E-02-3.060566331E-02-3.010258236E-02-2.956119374E-02-2.898170007E-02
-2.836434606E-02-2.770956002E-02-2.701792932E-02-2.629005734E-02-2.552655847E-02
-2.472806326E-02-2.389519858E-02-2.302858403E-02-2.212883852E-02-2.119653275E-02
-2.023221293E-02-1.923638253E-02-1.820941370E-02-1.715152505E-02-1.606269985E-02
-1.494272022E-02-1.379117951E-02-1.260756914E-02-1.139141005E-02-1.014240950E-02
-8.860635037E-03-7.546724826E-03-6.202005858E-03-4.828508581E-03-3.429058652E-03
-2.007459292E-03-5.677268614E-04 8.885284687E-04 2.362782082E-03 3.855116332E-03
 5.364550517E-03 6.890185251E-03 8.431241409E-03 9.986978102E-03 1.155669191E-02
 1.313971935E-02 1.473543492E-02 1.634324871E-02 1.796260449E-02 1.959297846E-02
 2.123387757E-02 2.288483762E-02 2.454542197E-02 2.621521968E-02 2.789384423E-02
 2.958093265E-02 3.127614298E-02 3.297914517E-02 3.468965792E-02 3.640761489E-02
 3.813182863E-02 1.196755734E-02 1.082763628E-02 9.699319437E-03 8.584877382E-03
 7.484510431E-03 6.398805524E-03 5.328430418E-03 4.274066868E-03 3.236417056E-03
 2.216202226E-03 1.214422161E-03 2.320483284E-04-7.363770848E-04-1.707103943E-03
-2.684650927E-03-3.668653100E-03-4.658843423E-03-5.654780821E-03-6.655559693E-03
-7.659805537E-03-8.665779786E-03-9.671562605E-03-1.067521432E-02-1.167486280E-02
-1.266872453E-02-1.365511956E-02-1.463253576E-02-1.559962431E-02-1.655514851E-02
-1.749792592E-02-1.842680278E-02-1.934064559E-02-2.023831938E-02-2.111868121E-02
-2.198063206E-02-2.282317411E-02-2.364536993E-02-2.444629102E-02-2.522501492E-02
-2.598063231E-02-2.671220211E-02-2.741875769E-02-2.809941212E-02-2.875340112E-02
-2.937993195E-02-2.997804369E-02-3.054688312E-02-3.108580032E-02-3.159403404E-02
-3.207072087E-02-3.251522022E-02-3.292692935E-02-3.330509642E-02-3.364911705E-02
-3.395847481E-02-3.423256512E-02-3.447085065E-02-3.467287720E-02-3.483819537E-02
-3.496634616E-02-3.505691575E-02-3.510960776E-02-3.512408133E-02-3.509993564E-02
-3.503694849E-02-3.493498602E-02-3.479378172E-02-3.461302167E-02-3.439264836E-02
-3.413270230E-02-3.383311346E-02-3.349370377E-02-3.311438157E-02-3.269534114E-02
-3.223682729E-02-3.173903711E-02-3.120213254E-02-3.062626372E-02-3.001165497E-02
-2.935875252E-02-2.866812097E-02-2.794035265E-02-2.717606212E-02-2.637587894E-02
-2.554045920E-02-2.467048338E-02-2.376662304E-02-2.282956648E-02-2.186002270E-02
-2.085866188E-02-1.982608631E-02-1.876275111E-02-1.766894667E-02-1.654472635E-02
-1.538989636E-02-1.420403566E-02-1.298657045E-02-1.173691758E-02-1.045464599E-02
-9.139676230E-03-7.792520635E-03-6.414429269E-03-5.007425355E-03-3.574373781E-03
-2.119177258E-03-6.461887960E-04 8.425044283E-04 2.348187243E-03 3.870981504E-03
 5.409955352E-03 6.964239690E-03 8.533082913E-03 1.011577344E-02 1.171163809E-02
 1.332004344E-02 1.494039362E-02 1.657212832E-02 1.821472112E-02 1.986767738E-02
 2.153053244E-02 2.320285002E-02 2.488422044E-02 2.657425936E-02 2.827260635E-02
 2.997892235E-02 3.169288042E-02 3.341420222E-02 3.514282116E-02 3.687757249E-02
 1.177819210E-02 1.062505793E-02 9.483189384E-03 8.354802221E-03 7.240104255E-03
 6.139682900E-03 5.054208315E-03 3.984362675E-03 2.930834704E-03 1.894374542E-03
 8.763065675E-04-1.236087613E-04-1.116329457E-03-2.114632846E-03-3.120333635E-03
-4.132904911E-03-5.152072449E-03-6.177198374E-03-7.207126032E-03-8.240258256E-03
-9.274720558E-03-1.030854292E-02-1.133981481E-02-1.236672819E-02-1.338757723E-02
-1.440072919E-02-1.540462770E-02-1.639784688E-02-1.737913357E-02-1.834733062E-02
-1.930132091E-02-2.024000945E-02-2.116230560E-02-2.206710703E-02-2.295329153E-02
-2.381977896E-02-2.466559665E-02-2.548981980E-02-2.629153070E-02-2.706981631E-02
-2.782375602E-02-2.855239031E-02-2.925476040E-02-2.993000594E-02-3.057737481E-02
-3.119601473E-02-3.178496534E-02-3.234346428E-02-3.287087518E-02-3.336635087E-02
-3.382912211E-02-3.425863742E-02-3.465420801E-02-3.501515237E-02-3.534096681E-02
-3.563108900E-02-3.588495588E-02-3.610210519E-02-3.628210369E-02-3.642450160E-02
-3.652886689E-02-3.659489375E-02-3.662226411E-02-3.661057297E-02-3.655956483E-02
-3.646911300E-02-3.633895066E-02-3.616873797E-02-3.595839788E-02-3.570796512E-02
-3.541734792E-02-3.508632894E-02-3.471480044E-02-3.430294121E-02-3.385096414E-02
-3.335902313E-02-3.282721588E-02-3.225562645E-02-3.164446719E-02-3.099418891E-02
-3.030531867E-02-2.957840750E-02-2.881403628E-02-2.801282749E-02-2.717543791E-02
-2.630255279E-02-2.539489884E-02-2.445325171E-02-2.347843024E-02-2.247125898E-02
-2.143249449E-02-2.036281310E-02-1.926276102E-02-1.813269685E-02-1.697274657E-02
-1.578274559E-02-1.456226623E-02-1.331067758E-02-1.202729729E-02-1.071156184E-02
-9.363259975E-03-7.982785137E-03-6.571315401E-03-5.130878523E-03-3.664408569E-03
-2.175953626E-03-6.701630625E-04 8.505337737E-04 2.387242213E-03 3.940077091E-03
 5.508144510E-03 7.090614256E-03 8.686768532E-03 1.029592877E-02 1.191745529E-02
 1.355074809E-02 1.519524441E-02 1.685041667E-02 1.851577011E-02 2.019084105E-02
 2.187519525E-02 2.356842578E-02 2.527015153E-02 2.698001538E-02 2.869768206E-02
 3.042282921E-02 3.215518304E-02 3.389467709E-02 3.564017092E-02 1.159289889E-02
 1.042658525E-02 9.271179705E-03 8.128841208E-03 6.999788951E-03 5.884608096E-03
 4.783964223E-03 3.698537542E-03 2.629014352E-03 1.576216308E-03 5.415148524E-04
-4.774713130E-04-1.496022983E-03-2.521915057E-03-3.555500207E-03-4.596418205E-03
-5.644271408E-03-6.698180762E-03-7.756740500E-03-8.818152972E-03-9.880445242E-03
-1.094164720E-02-1.199989126E-02-1.305343039E-02-1.410061990E-02-1.513990167E-02
-1.616976323E-02-1.718873849E-02-1.819545312E-02-1.918869970E-02-2.016738550E-02
-2.113045832E-02-2.207687312E-02-2.300557686E-02-2.391549131E-02-2.480550806E-02
-2.567454923E-02-2.652165480E-02-2.734591472E-02-2.814640802E-02-2.892221906E-02
-2.967242180E-02-3.039603366E-02-3.109209773E-02-3.175979498E-02-3.239838166E-02
-3.300694285E-02-3.358456243E-02-3.413057686E-02-3.464429934E-02-3.512487725E-02
-3.557168514E-02-3.598416243E-02-3.636159257E-02-3.670342250E-02-3.700915678E-02
-3.727822335E-02-3.751013892E-02-3.770448457E-02-3.786082700E-02-3.797872679E-02
-3.805785771E-02-3.809792630E-02-3.809853270E-02-3.805938367E-02-3.798035819E-02
-3.786119737E-02-3.770154510E-02-3.750131077E-02-3.726051980E-02-3.697904939E-02
-3.665664333E-02-3.629319955E-02-3.588889316E-02-3.544389410E-02-3.495829325E-02
-3.443212631E-02-3.386543493E-02-3.325843198E-02-3.261153502E-02-3.192522008E-02
-3.119998911E-02-3.043637436E-02-2.963495276E-02-2.879635421E-02-2.792126000E-02
-2.701041100E-02-2.606464527E-02-2.508487104E-02-2.407199519E-02-2.302691766E-02
-2.195048645E-02-2.084345424E-02-1.970645252E-02-1.853990869E-02-1.734401531E-02
-1.611863822E-02-1.486334775E-02-1.357745730E-02-1.226018775E-02-1.091085222E-02
-9.529111000E-03-8.115243302E-03-6.670373157E-03-5.196568319E-03-3.696883348E-03
-2.175559576E-03-6.375098021E-04 9.146365026E-04 2.481848440E-03 4.064193237E-03
 5.660808301E-03 7.270908760E-03 8.893814571E-03 1.052888453E-02 1.217551615E-02
 1.383314587E-02 1.550124664E-02 1.717932543E-02 1.886692146E-02 2.056360395E-02
 2.226896983E-02 2.398264215E-02 2.570426861E-02 2.743351954E-02 2.917007841E-02
 3.091367641E-02 3.266424747E-02 3.442067728E-02 1.141174124E-02 1.023229845E-02
 9.063393333E-03 7.907122474E-03 6.763711686E-03 5.633744370E-03 4.517884278E-03
 3.416801506E-03 2.331188904E-03 1.262034876E-03 2.101771205E-04-8.301751497E-04
-1.874850975E-03-2.927967331E-03-3.989156509E-03-5.058133298E-03-6.134305193E-03
-7.216520195E-03-8.303133076E-03-9.392192615E-03-1.048166820E-02-1.156960842E-02
-1.265419174E-02-1.373372859E-02-1.480662819E-02-1.587138273E-02-1.692654273E-02
-1.797068834E-02-1.900240702E-02-2.002035125E-02-2.102334934E-02-2.201036501E-02
-2.298040282E-02-2.393246075E-02-2.486551675E-02-2.577850163E-02-2.667030431E-02
-2.753984956E-02-2.838617662E-02-2.920837861E-02-3.000553751E-02-3.077672337E-02
-3.152099080E-02-3.223735336E-02-3.292487925E-02-3.358278988E-02-3.421032310E-02
-3.480653187E-02-3.537060524E-02-3.590195650E-02-3.639981675E-02-3.686342638E-02
-3.729227174E-02-3.768570648E-02-3.804309896E-02-3.836398879E-02-3.864783341E-02
-3.889412419E-02-3.910244642E-02-3.927238798E-02-3.940351287E-02-3.949546737E-02
-3.954798098E-02-3.956067053E-02-3.953320833E-02-3.946547807E-02-3.935723180E-02
-3.920809633E-02-3.901796392E-02-3.878685527E-02-3.851462717E-02-3.820099473E-02
-3.784586024E-02-3.744938219E-02-3.701169478E-02-3.653284233E-02-3.601279448E-02
-3.545154474E-02-3.484932349E-02-3.420651923E-02-3.352354029E-02-3.280081290E-02
-3.203881608E-02-3.123807244E-02-3.039915334E-02-2.952270226E-02-2.860947129E-02
-2.766032723E-02-2.667620157E-02-2.565807602E-02-2.460694188E-02-2.352377787E-02
-2.240952207E-02-2.126500656E-02-2.009094003E-02-1.888781892E-02-1.765589145E-02
-1.639505361E-02-1.510486859E-02-1.378459354E-02-1.243334505E-02-1.105030443E-02
-9.635007028E-03-8.187654266E-03-6.709368751E-03-5.202298179E-03-3.669655449E-03
-2.115924083E-03-5.462575331E-04 1.036677233E-03 2.633765040E-03 4.244985041E-03
 5.869506814E-03 7.506598075E-03 9.155620552E-03 1.081597327E-02 1.248709374E-02
 1.416845760E-02 1.585957560E-02 1.755999130E-02 1.926927860E-02 2.098703974E-02
 2.271290399E-02 2.444652561E-02 2.618758132E-02 2.793576105E-02 2.969080176E-02
 3.145263897E-02 3.322018716E-02 1.123478085E-02 1.004228309E-02 8.859935347E-03
 7.689769876E-03 6.532021082E-03 5.387267341E-03 4.256164784E-03 3.139369168E-03
 2.037594779E-03 9.521027985E-04-1.173160614E-04-1.181129908E-03-2.252002857E-03
-3.331882259E-03-4.420305665E-03-5.516942489E-03-6.620968286E-03-7.730948485E-03
-8.845006787E-03-9.961073941E-03-1.107709780E-02-1.219115694E-02-1.330147191E-02
-1.440639103E-02-1.550437536E-02-1.659395797E-02-1.767373186E-02-1.874232719E-02
-1.979838403E-02-2.084054040E-02-2.186748188E-02-2.287805168E-02-2.387125256E-02
-2.484613790E-02-2.580173841E-02-2.673704560E-02-2.765099678E-02-2.854246623E-02
-2.941036729E-02-3.025374346E-02-3.107167691E-02-3.186324226E-02-3.262751555E-02
-3.336354013E-02-3.407032337E-02-3.474697846E-02-3.539278625E-02-3.600695824E-02
-3.658857190E-02-3.713694509E-02-3.765148723E-02-3.813139088E-02-3.857605158E-02
-3.898495809E-02-3.935744095E-02-3.969300413E-02-3.999117157E-02-4.025141711E-02
-4.047331532E-02-4.065647749E-02-4.080048226E-02-4.090494898E-02-4.096962194E-02
-4.099414309E-02-4.097815229E-02-4.092153026E-02-4.082404543E-02-4.068531661E-02
-4.050522634E-02-4.028379151E-02-4.002084084E-02-3.971605842E-02-3.936936565E-02
-3.898091662E-02-3.855080558E-02-3.807901161E-02-3.756544584E-02-3.701009953E-02
-3.641321373E-02-3.577511698E-02-3.509615929E-02-3.437670955E-02-3.361716578E-02
-3.281797627E-02-3.197965570E-02-3.110279963E-02-3.018813643E-02-2.923651768E-02
-2.824887995E-02-2.722622232E-02-2.616959982E-02-2.508009219E-02-2.395875987E-02
-2.280662641E-02-2.162460589E-02-2.041347725E-02-1.917380264E-02-1.790587361E-02
-1.660961063E-02-1.528455028E-02-1.392986700E-02-1.254455948E-02-1.112769990E-02
-9.678742038E-03-8.197849734E-03-6.686180482E-03-5.146001149E-03-3.580729845E-03
-1.995147744E-03-3.946181264E-04 1.218352210E-03 2.844592928E-03 4.483957271E-03
 6.135660421E-03 7.799028342E-03 9.473466496E-03 1.115841744E-02 1.285336135E-02
 1.455781430E-02 1.627132573E-02 1.799347645E-02 1.972387629E-02 2.146216199E-02
 2.320799517E-02 2.496105988E-02 2.672105400E-02 2.848772225E-02 3.026100295E-02
 3.203984084E-02 1.106207541E-02 9.856618973E-03 8.660911306E-03 7.476915509E-03
 6.304871575E-03 5.145352524E-03 3.999006855E-03 2.866477132E-03 1.748524728E-03
 6.465022055E-04-4.414756444E-04-1.529719901E-03-2.626598197E-03-3.732795824E-03
-4.848003836E-03-5.971775986E-03-7.103052205E-03-8.240155665E-03-9.381015518E-03
-1.052346153E-02-1.166542602E-02-1.280500696E-02-1.394046203E-02-1.507017358E-02
-1.619263017E-02-1.730640081E-02-1.841011498E-02-1.950243864E-02-2.058206248E-02
-2.164769166E-02-2.269801906E-02-2.373175064E-02-2.474772366E-02-2.574496059E-02
-2.672254427E-02-2.767953292E-02-2.861492486E-02-2.952764699E-02-3.041656145E-02
-3.128055592E-02-3.211866530E-02-3.292998498E-02-3.371359341E-02-3.446856184E-02
-3.519393419E-02-3.588875496E-02-3.655221716E-02-3.718364614E-02-3.778220545E-02
-3.834705201E-02-3.887762543E-02-3.937326307E-02-3.983322828E-02-4.025704481E-02
-4.064411561E-02-4.099386674E-02-4.130587540E-02-4.157962898E-02-4.181468002E-02
-4.201065618E-02-4.216715929E-02-4.228379110E-02-4.236029575E-02-4.239634902E-02
-4.239157025E-02-4.234583180E-02-4.225892174E-02-4.213045109E-02-4.196028753E-02
-4.174844461E-02-4.149473252E-02-4.119881961E-02-4.086064758E-02-4.048035068E-02
-4.005798125E-02-3.959346807E-02-3.908667589E-02-3.853760362E-02-3.794648956E-02
-3.731362239E-02-3.663928419E-02-3.592377052E-02-3.516742011E-02-3.437060959E-02
-3.353376995E-02-3.265745790E-02-3.174236321E-02-3.078927574E-02-2.979909681E-02
-2.877282430E-02-2.771153099E-02-2.661634808E-02-2.548844174E-02-2.432895739E-02
-2.313900022E-02-2.191956559E-02-2.067149663E-02-1.939541317E-02-1.809162789E-02
-1.676004526E-02-1.540014550E-02-1.401103098E-02-1.259161376E-02-1.114087685E-02
-9.658210886E-03-8.143777065E-03-6.598813213E-03-5.025751560E-03-3.428270823E-03
-1.811516030E-03-1.810028198E-04 1.461181429E-03 3.115763563E-03 4.782460387E-03
 6.460547432E-03 8.149414592E-03 9.848513817E-03 1.155733247E-02 1.327539409E-02
 1.500225676E-02 1.673751011E-02 1.848077265E-02 2.023168972E-02 2.198993192E-02
 2.375519285E-02 2.552718021E-02 2.730564718E-02 2.909053353E-02 3.088081336E-02
 1.089368274E-02 9.675388301E-03 8.466426846E-03 7.268689428E-03 6.082421434E-03
 4.908187524E-03 3.746622199E-03 2.598366689E-03 1.464278130E-03 3.453655404E-04
-7.626767366E-04-1.875373146E-03-2.997781199E-03-4.129849284E-03-5.271345086E-03
-6.421648257E-03-7.579460320E-03-8.742913605E-03-9.909827747E-03-1.107798415E-02
-1.224528976E-02-1.340982848E-02-1.456986003E-02-1.572379072E-02-1.687013041E-02
-1.800746974E-02-1.913446260E-02-2.024981317E-02-2.135225479E-02-2.244054765E-02
-2.351345244E-02-2.456970422E-02-2.560802154E-02-2.662721270E-02-2.762629509E-02
-2.860437195E-02-2.956051369E-02-3.049372569E-02-3.140291440E-02-3.228691017E-02
-3.314459932E-02-3.397502527E-02-3.477728658E-02-3.555048124E-02-3.629371609E-02
-3.700605915E-02-3.768659661E-02-3.833459954E-02-3.894941714E-02-3.953019161E-02
-4.007620664E-02-4.058695345E-02-4.106169955E-02-4.149986024E-02-4.190097339E-02
-4.226442378E-02-4.258977222E-02-4.287656210E-02-4.312432490E-02-4.333269009E-02
-4.350128756E-02-4.362971748E-02-4.371770705E-02-4.376496933E-02-4.377111460E-02
-4.373599420E-02-4.365941887E-02-4.354100096E-02-4.338060040E-02-4.317822999E-02
-4.293367459E-02-4.264658451E-02-4.231693030E-02-4.194483808E-02-4.153031683E-02
-4.107322962E-02-4.057340626E-02-4.003089253E-02-3.944590983E-02-3.881868548E-02
-3.814944472E-02-3.743843154E-02-3.668590853E-02-3.589217866E-02-3.505762831E-02
-3.418275789E-02-3.326818361E-02-3.231463977E-02-3.132296054E-02-3.029409699E-02
-2.922911201E-02-2.812915366E-02-2.699543137E-02-2.582919517E-02-2.463167705E-02
-2.340406097E-02-2.214741870E-02-2.086263800E-02-1.955035028E-02-1.821085668E-02
-1.684405420E-02-1.544939137E-02-1.402590033E-02-1.257240089E-02-1.108779388E-02
-9.571430281E-03-8.023510637E-03-6.445407975E-03-4.839776261E-03-3.210621612E-03
-1.563511338E-03 9.601291010E-05 1.766531755E-03 3.448549666E-03 5.141689693E-03
 6.845304824E-03 8.558843686E-03 1.028180606E-02 1.201372612E-02 1.375417205E-02
 1.550274367E-02 1.725906993E-02 1.902280732E-02 2.079363761E-02 2.257126501E-02
 2.435540648E-02 2.614582077E-02 2.794244095E-02 2.974426506E-02 1.072965533E-02
 9.498671048E-03 8.276590123E-03 7.065227722E-03 5.864833654E-03 4.675962924E-03
 3.499232125E-03 2.335287967E-03 1.185146089E-03 4.910595311E-05-1.080348883E-03
-2.217348230E-03-3.364751330E-03-4.522199249E-03-5.689421513E-03-6.865592896E-03
-8.049182661E-03-9.238156121E-03-1.043028130E-02-1.162335782E-02-1.281531420E-02
-1.400422027E-02-1.518828902E-02-1.636590074E-02-1.753556159E-02-1.869587642E-02
-1.984552212E-02-2.098322730E-02-2.210776975E-02-2.321795587E-02-2.431259731E-02
-2.539049807E-02-2.645042178E-02-2.749108589E-02-2.851126362E-02-2.950993519E-02
-3.048620940E-02-3.143916770E-02-3.236779977E-02-3.327100930E-02-3.414762323E-02
-3.499651902E-02-3.581676033E-02-3.660749515E-02-3.736786673E-02-3.809700285E-02
-3.879399286E-02-3.945799562E-02-4.008836643E-02-4.068442914E-02-4.124535053E-02
-4.177056117E-02-4.225951168E-02-4.271150299E-02-4.312609285E-02-4.350273737E-02
-4.384092576E-02-4.414026489E-02-4.440028371E-02-4.462059834E-02-4.480086595E-02
-4.494069990E-02-4.503979933E-02-4.509791380E-02-4.511466087E-02-4.508986485E-02
-4.502336121E-02-4.491476514E-02-4.476392393E-02-4.457084728E-02-4.433530247E-02
-4.405693969E-02-4.373575910E-02-4.337186208E-02-4.296520692E-02-4.251561064E-02
-4.202289849E-02-4.148714921E-02-4.090855218E-02-4.028729278E-02-3.962354099E-02
-3.891747200E-02-3.816929392E-02-3.737925403E-02-3.654768382E-02-3.567503701E-02
-3.476186213E-02-3.380880323E-02-3.281663423E-02-3.178624137E-02-3.071862847E-02
-2.961492474E-02-2.847635339E-02-2.730420321E-02-2.609980726E-02-2.486448204E-02
-2.359946997E-02-2.230586802E-02-2.098457617E-02-1.963625865E-02-1.826124140E-02
-1.685941119E-02-1.543016232E-02-1.397243625E-02-1.248495354E-02-1.096654321E-02
-9.416548654E-03-7.835262657E-03-6.224256338E-03-4.586471386E-03-2.926322998E-03
-1.249802220E-03 4.377584895E-04 2.135577358E-03 3.844043191E-03 5.562688125E-03
 7.290929689E-03 9.028276276E-03 1.077427601E-02 1.252850934E-02 1.429058899E-02
 1.606015712E-02 1.783688263E-02 1.962045823E-02 2.141059624E-02 2.320701639E-02
 2.500947316E-02 2.681789011E-02 2.863129935E-02 1.057004628E-02 9.326546068E-03
 8.091507624E-03 6.866667344E-03 5.652277144E-03 4.448879664E-03 3.257069043E-03
 2.077502407E-03 9.114145090E-04-2.418789222E-04-1.393774701E-03-2.554881329E-03
-3.726721526E-03-4.909002912E-03-6.101336855E-03-7.302662934E-03-8.511233590E-03
-9.724889801E-03-1.094137598E-02-1.215852339E-02-1.337430792E-02-1.458683552E-02
-1.579431526E-02-1.699506527E-02-1.818752526E-02-1.937026965E-02-2.054198320E-02
-2.170142140E-02-2.284739590E-02-2.397874866E-02-2.509434008E-02-2.619302243E-02
-2.727362401E-02-2.833492652E-02-2.937564048E-02-3.039449032E-02-3.139040145E-02
-3.236245707E-02-3.330975042E-02-3.423129798E-02-3.512600577E-02-3.599269990E-02
-3.683029400E-02-3.763790477E-02-3.841471560E-02-3.915991145E-02-3.987265921E-02
-4.055207436E-02-4.119738864E-02-4.180802952E-02-4.238328461E-02-4.292240800E-02
-4.342493305E-02-4.389023066E-02-4.431773726E-02-4.470703724E-02-4.505757453E-02
-4.536896254E-02-4.564076821E-02-4.587258651E-02-4.606409096E-02-4.621492124E-02
-4.632474757E-02-4.639334675E-02-4.642035573E-02-4.640556385E-02-4.634882992E-02
-4.624977973E-02-4.610825445E-02-4.592426394E-02-4.569755292E-02-4.542777224E-02
-4.511495178E-02-4.475917706E-02-4.436035627E-02-4.391825319E-02-4.343271457E-02
-4.290385478E-02-4.233183093E-02-4.171676730E-02-4.105878524E-02-4.035801542E-02
-3.961460103E-02-3.882874103E-02-3.800073965E-02-3.713098347E-02-3.621995097E-02
-3.526822754E-02-3.427649881E-02-3.324557990E-02-3.217641286E-02-3.107005820E-02
-2.992771146E-02-2.875067172E-02-2.754030659E-02-2.629800916E-02-2.502512099E-02
-2.372290798E-02-2.239252805E-02-2.103494759E-02-1.965087188E-02-1.824063171E-02
-1.680407346E-02-1.534050802E-02-1.384876345E-02-1.232745673E-02-1.077536260E-02
-9.191858399E-03-7.577393687E-03-5.933811192E-03-4.264417525E-03-2.574119538E-03
-8.693024042E-04 8.451965382E-04 2.569288226E-03 4.303178954E-03 6.046350950E-03
 7.798289501E-03 9.558558280E-03 1.132675454E-02 1.310250570E-02 1.488546715E-02
 1.667531840E-02 1.847175719E-02 2.027449524E-02 2.208325290E-02 2.389778765E-02
 2.571802071E-02 2.754302395E-02 1.041490269E-02 9.159092356E-03 7.911289851E-03
 6.673149190E-03 5.444923829E-03 4.227142170E-03 3.020379949E-03 1.825330065E-03
 6.432073556E-04-5.281138679E-04-1.702466146E-03-2.887177723E-03-4.082903535E-03
-5.289433131E-03-6.506208403E-03-7.731928786E-03-8.964661523E-03-1.020215822E-02
-1.144215833E-02-1.268253484E-02-1.392130293E-02-1.515660108E-02-1.638667720E-02
-1.760985538E-02-1.882452999E-02-2.002918757E-02-2.122245059E-02-2.240306517E-02
-2.356986519E-02-2.472172517E-02-2.585753894E-02-2.697620270E-02-2.807659486E-02
-2.915755921E-02-3.021787659E-02-3.125625037E-02-3.227135037E-02-3.326201110E-02
-3.422731613E-02-3.516639590E-02-3.607829355E-02-3.696195350E-02-3.781624461E-02
-3.864010720E-02-3.943270394E-02-4.019327628E-02-4.092104574E-02-4.161520173E-02
-4.227490836E-02-4.289949238E-02-4.348840989E-02-4.404091585E-02-4.455640733E-02
-4.503443620E-02-4.547435877E-02-4.587576253E-02-4.623815785E-02-4.656109852E-02
-4.684421363E-02-4.708708483E-02-4.728938533E-02-4.745078650E-02-4.757094154E-02
-4.764963751E-02-4.768654405E-02-4.768141691E-02-4.763413683E-02-4.754434211E-02
-4.741186365E-02-4.723670710E-02-4.701860058E-02-4.675721612E-02-4.645261025E-02
-4.610483654E-02-4.571374426E-02-4.527907124E-02-4.480072211E-02-4.427880983E-02
-4.371345062E-02-4.310473194E-02-4.245272600E-02-4.175750382E-02-4.101917111E-02
-4.023789812E-02-3.941393290E-02-3.854761453E-02-3.763936338E-02-3.668969037E-02
-3.569922417E-02-3.466869934E-02-3.359897586E-02-3.249105338E-02-3.134605407E-02
-3.016523871E-02-2.894995476E-02-2.770157792E-02-2.642152102E-02-2.511120174E-02
-2.377198276E-02-2.240510258E-02-2.101158121E-02-1.959214138E-02-1.814709173E-02
-1.667620346E-02-1.517867069E-02-1.365318549E-02-1.209826032E-02-1.051264249E-02
-8.895800980E-03-7.248420869E-03-5.572699629E-03-3.872396748E-03-2.153011828E-03
-4.212080243E-04 1.319134010E-03 3.068461932E-03 4.826736190E-03 6.593439429E-03
 8.368134347E-03 1.015043651E-02 1.193998758E-02 1.373645137E-02 1.553951039E-02
 1.734886540E-02 1.916423353E-02 2.098534220E-02 2.281195626E-02 2.464399754E-02
 2.648058007E-02 1.026427014E-02 8.996385017E-03 7.736044017E-03 6.484816024E-03
 5.242953481E-03 4.010965996E-03 2.789417759E-03 1.579064976E-03 3.808158823E-04
-8.093172402E-04-2.005786506E-03-3.213489780E-03-4.432520596E-03-5.662662534E-03
-6.903161241E-03-8.152485227E-03-9.408542812E-03-1.066903287E-02-1.193170970E-02
-1.319447954E-02-1.445539006E-02-1.571261016E-02-1.696441310E-02-1.820914633E-02
-1.944522544E-02-2.067113000E-02-2.188540787E-02-2.308670906E-02-2.427381620E-02
-2.544560478E-02-2.660099724E-02-2.773892281E-02-2.885830102E-02-2.995802227E-02
-3.103692837E-02-3.209380117E-02-3.312731644E-02-3.413610698E-02-3.511895608E-02
-3.607493799E-02-3.700323080E-02-3.790295799E-02-3.877310978E-02-3.961258402E-02
-4.042036924E-02-4.119567125E-02-4.193777688E-02-4.264596166E-02-4.331944083E-02
-4.395742251E-02-4.455932949E-02-4.512462179E-02-4.565257724E-02-4.614272573E-02
-4.659455273E-02-4.700752212E-02-4.738126030E-02-4.771527191E-02-4.800921443E-02
-4.826268484E-02-4.847534200E-02-4.864688513E-02-4.877697053E-02-4.886537431E-02
-4.891180636E-02-4.891599009E-02-4.887782204E-02-4.879695912E-02-4.867322778E-02
-4.850663230E-02-4.829688140E-02-4.804367130E-02-4.774707854E-02-4.740712933E-02
-4.702362014E-02-4.659627327E-02-4.612505587E-02-4.561007821E-02-4.505141754E-02
-4.444911140E-02-4.380318984E-02-4.311368879E-02-4.238067305E-02-4.160428029E-02
-4.078472432E-02-3.992228485E-02-3.901732955E-02-3.807032199E-02-3.708181745E-02
-3.605248944E-02-3.498312562E-02-3.387463757E-02-3.272808248E-02-3.154461211E-02
-3.032546614E-02-2.907199187E-02-2.778564031E-02-2.646793784E-02-2.512041004E-02
-2.374450995E-02-2.234153958E-02-2.091255295E-02-1.945826290E-02-1.797892325E-02
-1.647418900E-02-1.494309885E-02-1.338419095E-02-1.179588100E-02-1.017692960E-02
-8.526974474E-03-6.847032400E-03-5.139743320E-03-3.409419044E-03-1.662257480E-03
 9.507616180E-05 1.860274232E-03 3.633768855E-03 5.415359754E-03 7.204598193E-03
 9.001103803E-03 1.080452736E-02 1.261453919E-02 1.443082908E-02 1.625310605E-02
 1.808109685E-02 1.991453924E-02 2.175320674E-02 2.359702162E-02 2.544514128E-02
 1.011820381E-02 8.838504469E-03 7.565881198E-03 6.301812816E-03 5.046547449E-03
 3.800572265E-03 2.564443191E-03 1.339012554E-03 1.246736569E-04-1.084833515E-03
-2.303036203E-03-3.533089815E-03-4.774798189E-03-6.027869278E-03-7.291332361E-03
-8.563441060E-03-9.841978692E-03-1.112461894E-02-1.240913688E-02-1.369346672E-02
-1.497568654E-02-1.625398648E-02-1.752665470E-02-1.879206120E-02-2.004864138E-02
-2.129490634E-02-2.252942322E-02-2.375080942E-02-2.495773704E-02-2.614897684E-02
-2.732341228E-02-2.847998452E-02-2.961764633E-02-3.073532050E-02-3.183190190E-02
-3.290622666E-02-3.395706024E-02-3.498309997E-02-3.598298254E-02-3.695544151E-02
-3.789955866E-02-3.881458005E-02-3.969969556E-02-4.055396050E-02-4.137630774E-02
-4.216575803E-02-4.292158145E-02-4.364311525E-02-4.432966479E-02-4.498047849E-02
-4.559484282E-02-4.617225739E-02-4.671214000E-02-4.721385987E-02-4.767703189E-02
-4.810109025E-02-4.848564674E-02-4.883026323E-02-4.913455504E-02-4.939816913E-02
-4.962074647E-02-4.980200010E-02-4.994160748E-02-5.003931973E-02-5.009489087E-02
-5.010802123E-02-5.007861738E-02-5.000635664E-02-4.989105803E-02-4.973271968E-02
-4.953103611E-02-4.928574571E-02-4.899694057E-02-4.866460085E-02-4.828846958E-02
-4.786829789E-02-4.740411306E-02-4.689599894E-02-4.634398997E-02-4.574809388E-02
-4.510830020E-02-4.442460348E-02-4.369705245E-02-4.292575286E-02-4.211086952E-02
-4.125264938E-02-4.035141348E-02-3.940756833E-02-3.842162583E-02-3.739419158E-02
-3.632598878E-02-3.521785940E-02-3.407072875E-02-3.288560538E-02-3.166361160E-02
-3.040604858E-02-2.911437844E-02-2.779017220E-02-2.643506982E-02-2.505069434E-02
-2.363857664E-02-2.220006237E-02-2.073621522E-02-1.924770346E-02-1.773468444E-02
-1.619665136E-02-1.463244807E-02-1.304044970E-02-1.141899816E-02-9.766928513E-03
-8.084143487E-03-6.372097712E-03-4.633972474E-03-2.874766457E-03-1.101326367E-03
 6.802778960E-04 2.469175926E-03 4.265708767E-03 6.069550106E-03 7.880296654E-03
 9.697606962E-03 1.152116272E-02 1.335066512E-02 1.518583465E-02 1.702640900E-02
 1.887213642E-02 2.072279933E-02 2.257832085E-02 2.443790383E-02 9.976807005E-03
 8.685563051E-03 7.400930002E-03 6.124294882E-03 4.855896510E-03 3.596191404E-03
 2.345723976E-03 1.105498774E-03-1.247344373E-04-1.354017230E-03-2.593526062E-03
-3.845255450E-03-5.108967717E-03-6.384238724E-03-7.669870759E-03-8.963927008E-03
-1.026409590E-02-1.156804242E-02-1.287356797E-02-1.417863143E-02-1.548132912E-02
-1.677986918E-02-1.807255411E-02-1.935776599E-02-2.063395985E-02-2.189967471E-02
-2.315350565E-02-2.439409797E-02-2.562012546E-02-2.683028234E-02-2.802330778E-02
-2.919804401E-02-3.035341542E-02-3.148836761E-02-3.260183441E-02-3.369269785E-02
-3.475980291E-02-3.580195693E-02-3.681789569E-02-3.780628132E-02-3.876584836E-02
-3.969565214E-02-4.059499865E-02-4.146316513E-02-4.229925801E-02-4.310226393E-02
-4.387124699E-02-4.460551757E-02-4.530447511E-02-4.596746857E-02-4.659376302E-02
-4.718272936E-02-4.773393062E-02-4.824675617E-02-4.872070533E-02-4.915536444E-02
-4.955023341E-02-4.990497535E-02-5.021915386E-02-5.049245843E-02-5.072452550E-02
-5.091506628E-02-5.106378869E-02-5.117041605E-02-5.123473967E-02-5.125644762E-02
-5.123544531E-02-5.117143496E-02-5.106423343E-02-5.091383485E-02-5.071991941E-02
-5.048226911E-02-5.020098220E-02-4.987599251E-02-4.950700521E-02-4.909382754E-02
-4.863651615E-02-4.813513374E-02-4.758968074E-02-4.700012288E-02-4.636642017E-02
-4.568854985E-02-4.496652996E-02-4.420043748E-02-4.339041279E-02-4.253665930E-02
-4.163946474E-02-4.069919941E-02-3.971631721E-02-3.869138276E-02-3.762505385E-02
-3.651805593E-02-3.537115745E-02-3.418522585E-02-3.296131564E-02-3.170065540E-02
-3.040466485E-02-2.907492584E-02-2.771312686E-02-2.632101608E-02-2.490030234E-02
-2.345257703E-02-2.197920270E-02-2.048122158E-02-1.895921639E-02-1.741319481E-02
-1.584244301E-02-1.424557415E-02-1.262080397E-02-1.096644488E-02-9.281492786E-03
-7.566233956E-03-5.822676387E-03-4.054655945E-03-2.267985195E-03-4.699756273E-04
 1.334657901E-03 3.146162804E-03 4.964598094E-03 6.789569659E-03 8.620734946E-03
 1.045779006E-02 1.230044928E-02 1.414844496E-02 1.600152613E-02 1.785945266E-02
 1.972201754E-02 2.158914632E-02 2.346008868E-02 9.840214891E-03 8.537715014E-03
 7.241362432E-03 5.952452276E-03 4.671212884E-03 3.398070456E-03 2.133564591E-03
 8.787708487E-04-3.674074202E-04-1.616337179E-03-2.876553295E-03-4.149263238E-03
-5.434265443E-03-6.730966988E-03-8.037942305E-03-9.353090995E-03-1.067403730E-02
-1.199844929E-02-1.332415132E-02-1.464912169E-02-1.597146981E-02-1.728941799E-02
-1.860127700E-02-1.990543891E-02-2.120038286E-02-2.248466325E-02-2.375689906E-02
-2.501576058E-02-2.625994519E-02-2.748816470E-02-2.869913014E-02-2.989155632E-02
-3.106419658E-02-3.221591514E-02-3.334563708E-02-3.445228847E-02-3.553478661E-02
-3.659203418E-02-3.762288646E-02-3.862615051E-02-3.960054288E-02-4.054479449E-02
-4.145793555E-02-4.233930786E-02-4.318828098E-02-4.400404103E-02-4.478560659E-02
-4.553209343E-02-4.624287234E-02-4.691737995E-02-4.755500133E-02-4.815504774E-02
-4.871697859E-02-4.924036519E-02-4.972461062E-02-5.016933648E-02-5.057407263E-02
-5.093845112E-02-5.126207928E-02-5.154462597E-02-5.178575613E-02-5.198516755E-02
-5.214259383E-02-5.225774314E-02-5.233042744E-02-5.236034111E-02-5.234737794E-02
-5.229126640E-02-5.219181974E-02-5.204902369E-02-5.186254989E-02-5.163223650E-02
-5.135817978E-02-5.104025316E-02-5.067813864E-02-5.027173105E-02-4.982109981E-02
-4.932626998E-02-4.878720966E-02-4.820386221E-02-4.757616032E-02-4.690405838E-02
-4.618756119E-02-4.542672123E-02-4.462165011E-02-4.377253519E-02-4.287962989E-02
-4.194326925E-02-4.096388059E-02-3.994196895E-02-3.887809234E-02-3.777280930E-02
-3.662676101E-02-3.544074894E-02-3.421573862E-02-3.295289479E-02-3.165356019E-02
-3.031927671E-02-2.895174704E-02-2.755277490E-02-2.612420694E-02-2.466782020E-02
-2.318524288E-02-2.167782225E-02-2.014653898E-02-1.859184377E-02-1.701353249E-02
-1.541063743E-02-1.378151629E-02-1.212424907E-02-1.043719276E-02-8.719620130E-03
-6.972338945E-03-5.198028496E-03-3.401311686E-03-1.588946552E-03 2.317873840E-04
 2.058434718E-03 3.891389171E-03 5.730516285E-03 7.575461434E-03 9.425927673E-03
 1.128164408E-02 1.314235681E-02 1.500782821E-02 1.687783130E-02 1.875217013E-02
 2.063077264E-02 2.251293607E-02 9.708563010E-03 8.395122091E-03 7.087367192E-03
 5.786500994E-03 4.492739593E-03 3.206483287E-03 1.928282645E-03 6.591199484E-04
-6.031840344E-04-1.871235147E-03-3.151425803E-03-4.444395816E-03-5.749933391E-03
-7.067255627E-03-8.394721625E-03-9.730096434E-03-1.107096397E-02-1.241499931E-02
-1.376004562E-02-1.510409789E-02-1.644527398E-02-1.778180206E-02-1.911200122E-02
-2.043427463E-02-2.174711965E-02-2.304910468E-02-2.433887038E-02-2.561509857E-02
-2.687650357E-02-2.812181841E-02-2.934977108E-02-3.055907616E-02-3.174841338E-02
-3.291646970E-02-3.406200308E-02-3.518389566E-02-3.628111204E-02-3.735263615E-02
-3.839743419E-02-3.941445030E-02-4.040255730E-02-4.136054411E-02-4.228715883E-02
-4.318138159E-02-4.404260061E-02-4.487026129E-02-4.566363155E-02-4.642179182E-02
-4.714388707E-02-4.782934367E-02-4.847765839E-02-4.908823568E-02-4.966042907E-02
-5.019379333E-02-5.068788163E-02-5.114216982E-02-5.155631597E-02-5.192986271E-02
-5.226250312E-02-5.255385498E-02-5.280362775E-02-5.301150435E-02-5.317722956E-02
-5.330051819E-02-5.338117798E-02-5.341892554E-02-5.341363244E-02-5.336505584E-02
-5.327300938E-02-5.313747153E-02-5.295810825E-02-5.273481252E-02-5.246766476E-02
-5.215648167E-02-5.180095837E-02-5.140106857E-02-5.095687386E-02-5.046837087E-02
-4.993550102E-02-4.935817909E-02-4.873632320E-02-4.806987694E-02-4.735882406E-02
-4.660320753E-02-4.580312912E-02-4.495875108E-02-4.407031472E-02-4.313813442E-02
-4.216259668E-02-4.114411573E-02-4.008307090E-02-3.897991067E-02-3.783521429E-02
-3.664971461E-02-3.542431573E-02-3.416008982E-02-3.285831549E-02-3.152045529E-02
-3.014817823E-02-2.874330561E-02-2.730774981E-02-2.584344038E-02-2.435220047E-02
-2.283566373E-02-2.129512584E-02-1.973145141E-02-1.814490935E-02-1.653501825E-02
-1.490050483E-02-1.323947197E-02-1.154991000E-02-9.830318934E-03-8.080402526E-03
-6.301651200E-03-4.497559679E-03-2.673734803E-03-8.377518378E-04 1.004188698E-03
 2.851617487E-03 4.704770556E-03 6.563366822E-03 8.427107459E-03 1.029573632E-02
 1.216901497E-02 1.404671960E-02 1.592863645E-02 1.781458126E-02 1.970448559E-02
 2.159769601E-02 9.581988162E-03 8.257944721E-03 6.939131086E-03 5.626657574E-03
 4.320726220E-03 3.021713947E-03 1.730194184E-03 4.469181188E-04-8.315474696E-04
-2.118102307E-03-3.417488230E-03-4.729949857E-03-6.055218123E-03-7.392312925E-03
-8.739395402E-03-1.009412005E-02-1.145404658E-02-1.281686132E-02-1.418042071E-02
-1.554272967E-02-1.690191168E-02-1.825619750E-02-1.960391394E-02-2.094347316E-02
-2.227338700E-02-2.359223969E-02-2.489868354E-02-2.619140971E-02-2.746914496E-02
-2.873062746E-02-2.997459640E-02-3.119977901E-02-3.240486298E-02-3.358851612E-02
-3.474937875E-02-3.588613532E-02-3.699763605E-02-3.808286805E-02-3.914088784E-02
-4.017075207E-02-4.117148619E-02-4.214205796E-02-4.308132415E-02-4.398807671E-02
-4.486125773E-02-4.570025582E-02-4.650461311E-02-4.727367623E-02-4.800657742E-02
-4.870251898E-02-4.936096867E-02-4.998146213E-02-5.056343899E-02-5.110631416E-02
-5.160970291E-02-5.207312718E-02-5.249618264E-02-5.287848620E-02-5.321968870E-02
-5.351943623E-02-5.377743898E-02-5.399338298E-02-5.416700977E-02-5.429805624E-02
-5.438630877E-02-5.443151896E-02-5.443353072E-02-5.439212942E-02-5.430712754E-02
-5.417849280E-02-5.400589302E-02-5.378928061E-02-5.352870644E-02-5.322392803E-02
-5.287469388E-02-5.248103975E-02-5.204301050E-02-5.156056939E-02-5.103363647E-02
-5.046211265E-02-4.984589928E-02-4.918493072E-02-4.847919219E-02-4.772871904E-02
-4.693360808E-02-4.609402301E-02-4.521019202E-02-4.428241325E-02-4.331098072E-02
-4.229612838E-02-4.123813736E-02-4.013739660E-02-3.899444109E-02-3.780994625E-02
-3.658474429E-02-3.531984334E-02-3.401642902E-02-3.267589867E-02-3.129983914E-02
-2.989004754E-02-2.844845837E-02-2.697708246E-02-2.547790966E-02-2.395278307E-02
-2.240329791E-02-2.083065985E-02-1.923555535E-02-1.761800161E-02-1.597716824E-02
-1.431142196E-02-1.261864360E-02-1.089683046E-02-9.144798721E-03-7.362892278E-03
-5.553458064E-03-3.720956074E-03-1.872145890E-03-1.493941622E-05 1.846997746E-03
 3.713994002E-03 5.586055696E-03 7.462885319E-03 9.344234298E-03 1.122988054E-02
 1.311961564E-02 1.501324074E-02 1.691058466E-02 1.881158302E-02 2.071563197E-02
 9.460626504E-03 8.126344732E-03 6.796842937E-03 5.473139342E-03 4.155421044E-03
 2.844044460E-03 1.539612303E-03 2.425427250E-04-1.051948953E-03-2.356347145E-03
-3.674123362E-03-5.005263363E-03-6.349407715E-03-7.705381491E-03-9.071173627E-03
-1.044435347E-02-1.182246787E-02-1.320321238E-02-1.458444985E-02-1.596418943E-02
-1.734055790E-02-1.871178555E-02-2.007620355E-02-2.143223568E-02-2.277840529E-02
-2.411330814E-02-2.543560233E-02-2.674398858E-02-2.803719698E-02-2.931396635E-02
-3.057303967E-02-3.181313765E-02-3.303295680E-02-3.423118205E-02-3.540646656E-02
-3.655747101E-02-3.768288962E-02-3.878150722E-02-3.985231524E-02-4.089441864E-02
-4.190697012E-02-4.288909360E-02-4.383984969E-02-4.475819980E-02-4.564297634E-02
-4.649310871E-02-4.730796399E-02-4.808714642E-02-4.883011343E-02-4.953605017E-02
-5.020419325E-02-5.083407262E-02-5.142525993E-02-5.197720575E-02-5.248940126E-02
-5.296150443E-02-5.339303255E-02-5.378366705E-02-5.413299963E-02-5.444074565E-02
-5.470656865E-02-5.493019015E-02-5.511133550E-02-5.524976326E-02-5.534523411E-02
-5.539753752E-02-5.540648697E-02-5.537189639E-02-5.529357893E-02-5.517149134E-02
-5.500530913E-02-5.479503611E-02-5.454067878E-02-5.424195271E-02-5.389869687E-02
-5.351097441E-02-5.307880390E-02-5.260212770E-02-5.208084771E-02-5.151484634E-02
-5.090402322E-02-5.024831619E-02-4.954771246E-02-4.880226040E-02-4.801206430E-02
-4.717729349E-02-4.629817810E-02-4.537491897E-02-4.440763595E-02-4.339646602E-02
-4.234164345E-02-4.124353260E-02-4.010261376E-02-3.891951466E-02-3.769500638E-02
-3.643002595E-02-3.512568845E-02-3.378329813E-02-3.240437285E-02-3.099062904E-02
-2.954398854E-02-2.806649110E-02-2.656022968E-02-2.502722488E-02-2.346930700E-02
-2.188797654E-02-2.028428687E-02-1.865866036E-02-1.701076042E-02-1.533937013E-02
-1.364251614E-02-1.191796174E-02-1.016387847E-02-8.379604285E-03-6.566327216E-03
-4.727397347E-03-2.868425184E-03-9.972352641E-04 8.791836834E-04 2.759874579E-03
 4.645151665E-03 6.534827201E-03 8.428652745E-03 1.032642105E-02 1.222794040E-02
 1.413302716E-02 1.604152293E-02 1.795336774E-02 1.986800776E-02 9.344614995E-03
 8.000481247E-03 6.660687341E-03 5.326160744E-03 3.997071470E-03 2.673755478E-03
 1.356860466E-03 4.640917594E-05-1.263867479E-03-2.585409286E-03-3.920742273E-03
-5.269713006E-03-6.631845064E-03-8.005772610E-03-9.389336549E-03-1.078004599E-02
-1.217544728E-02-1.357324802E-02-1.497131487E-02-1.636765380E-02-1.776038796E-02
-1.914774475E-02-2.052805820E-02-2.189976351E-02-2.326138996E-02-2.461154286E-02
-2.594888474E-02-2.727211993E-02-2.857997610E-02-2.987119105E-02-3.114450172E-02
-3.239861675E-02-3.363223326E-02-3.484403889E-02-3.603271315E-02-3.719696110E-02
-3.833549395E-02-3.944703991E-02-4.053037808E-02-4.158443011E-02-4.260833747E-02
-4.360132309E-02-4.456262563E-02-4.549142060E-02-4.638676632E-02-4.724758342E-02
-4.807278610E-02-4.886169698E-02-4.961398458E-02-5.032919141E-02-5.100657852E-02
-5.164542448E-02-5.224529220E-02-5.280579114E-02-5.332640131E-02-5.380668272E-02
-5.424628651E-02-5.464478986E-02-5.500187132E-02-5.531719996E-02-5.559045381E-02
-5.582136903E-02-5.600965750E-02-5.615508989E-02-5.625741268E-02-5.631644430E-02
-5.633197046E-02-5.630383116E-02-5.623183872E-02-5.611593793E-02-5.595582321E-02
-5.575154006E-02-5.550303748E-02-5.521001321E-02-5.487240803E-02-5.449029251E-02
-5.406365597E-02-5.359241943E-02-5.307647016E-02-5.251568375E-02-5.190996330E-02
-5.125926332E-02-5.056359326E-02-4.982301759E-02-4.903766960E-02-4.820773021E-02
-4.733333523E-02-4.641451214E-02-4.545128092E-02-4.444375449E-02-4.339215133E-02
-4.229679456E-02-4.115813511E-02-3.997674286E-02-3.875334137E-02-3.748879858E-02
-3.618415915E-02-3.484064606E-02-3.345968779E-02-3.204292366E-02-3.059220489E-02
-2.910957102E-02-2.759715427E-02-2.605709695E-02-2.449139790E-02-2.290180262E-02
-2.128964832E-02-1.965576438E-02-1.800028559E-02-1.632247457E-02-1.462071013E-02
-1.289274540E-02-1.113634755E-02-9.350056417E-03-7.533969956E-03-5.690311789E-03
-3.823588232E-03-1.940762389E-03-5.015329162E-05 1.844088743E-03 3.742280682E-03
 5.644503273E-03 7.550512013E-03 9.460108724E-03 1.137311890E-02 1.328937510E-02
 1.520873295E-02 1.713113779E-02 1.905608566E-02 9.234091919E-03 7.880517099E-03
 6.530852519E-03 5.185936597E-03 3.845920896E-03 2.511119523E-03 1.182265094E-03
-1.410313453E-04-1.466792822E-03-2.804751765E-03-4.156780116E-03-5.522705295E-03
-6.901910608E-03-8.292845528E-03-9.693227698E-03-1.110052564E-02-1.251229082E-02
-1.392624252E-02-1.534025383E-02-1.675232964E-02-1.816058978E-02-1.956325760E-02
-2.095866383E-02-2.234524970E-02-2.372154724E-02-2.508616805E-02-2.643777507E-02
-2.777507170E-02-2.909678155E-02-3.040163608E-02-3.168835814E-02-3.295564357E-02
-3.420218379E-02-3.542666579E-02-3.662778577E-02-3.780427840E-02-3.895489765E-02
-4.007842273E-02-4.117363427E-02-4.223934025E-02-4.327442774E-02-4.427798636E-02
-4.524930498E-02-4.618771691E-02-4.709252887E-02-4.796292317E-02-4.879790849E-02
-4.959643239E-02-5.035773487E-02-5.108152657E-02-5.176745405E-02-5.241483295E-02
-5.302298920E-02-5.359153106E-02-5.412008033E-02-5.460814563E-02-5.505536016E-02
-5.546134687E-02-5.582577077E-02-5.614827524E-02-5.642858855E-02-5.666640862E-02
-5.686146673E-02-5.701352629E-02-5.712234032E-02-5.718773471E-02-5.720947759E-02
-5.718743234E-02-5.712140899E-02-5.701133870E-02-5.685694533E-02-5.665829761E-02
-5.641528004E-02-5.612761785E-02-5.579533401E-02-5.541848644E-02-5.499703889E-02
-5.453089683E-02-5.401993061E-02-5.346402071E-02-5.286309482E-02-5.221713504E-02
-5.152618377E-02-5.079035184E-02-5.000979285E-02-4.918460277E-02-4.831473464E-02
-4.740012023E-02-4.644077556E-02-4.543680251E-02-4.438840164E-02-4.329587355E-02
-4.215962713E-02-4.098019926E-02-3.975824969E-02-3.849459690E-02-3.719020617E-02
-3.584623186E-02-3.446400792E-02-3.304509334E-02-3.159124865E-02-3.010445193E-02
-2.858682411E-02-2.704053517E-02-2.546771592E-02-2.387031163E-02-2.224996404E-02
-2.060785325E-02-1.894453424E-02-1.725977548E-02-1.555238107E-02-1.382030572E-02
-1.206114017E-02-1.027284435E-02-8.454577969E-03-6.607455931E-03-4.734913511E-03
-2.842813460E-03-9.393495001E-04 9.682374010E-04 2.879071886E-03 4.793480896E-03
 6.711322504E-03 8.632403983E-03 1.055656568E-02 1.248365697E-02 1.441354736E-02
 1.634618718E-02 1.828112163E-02 9.129193725E-03 7.766609391E-03 6.407520049E-03
 5.052676799E-03 3.702213043E-03 2.356425347E-03 1.016083584E-03-3.196832435E-04
-1.660306722E-03-3.013849997E-03-4.381697357E-03-5.763673624E-03-7.159012734E-03
-8.565992814E-03-9.982230441E-03-1.140516783E-02-1.283236337E-02-1.426154665E-02
-1.569059725E-02-1.711751974E-02-1.854043132E-02-1.995755703E-02-2.136722874E-02
-2.276789243E-02-2.415807807E-02-2.553639408E-02-2.690149898E-02-2.825209191E-02
-2.958688809E-02-3.090460688E-02-3.220395346E-02-3.348360943E-02-3.474225619E-02
-3.597858004E-02-3.719128970E-02-3.837913734E-02-3.954090246E-02-4.067540401E-02
-4.178147637E-02-4.285797906E-02-4.390377352E-02-4.491776189E-02-4.589896617E-02
-4.684666036E-02-4.776027168E-02-4.863922209E-02-4.948284367E-02-5.029026456E-02
-5.106046632E-02-5.179263167E-02-5.248646609E-02-5.314170232E-02-5.375774107E-02
-5.433393658E-02-5.486992761E-02-5.536535854E-02-5.581976904E-02-5.623283785E-02
-5.660417714E-02-5.693349404E-02-5.722047008E-02-5.746481056E-02-5.766626726E-02
-5.782458070E-02-5.793952570E-02-5.801091597E-02-5.803851772E-02-5.802221050E-02
-5.796180173E-02-5.785720934E-02-5.770819656E-02-5.751483124E-02-5.727693254E-02
-5.699430203E-02-5.666700987E-02-5.629508839E-02-5.587847723E-02-5.541706323E-02
-5.491071395E-02-5.435933343E-02-5.376288639E-02-5.312140439E-02-5.243498896E-02
-5.170378739E-02-5.092787228E-02-5.010714324E-02-4.924147010E-02-4.833079218E-02
-4.737512663E-02-4.637457739E-02-4.532932676E-02-4.423965674E-02-4.310594649E-02
-4.192868844E-02-4.070850107E-02-3.944613464E-02-3.814250045E-02-3.679866688E-02
-3.541589420E-02-3.399562247E-02-3.253951094E-02-3.104940003E-02-2.952735356E-02
-2.797556303E-02-2.639626757E-02-2.479160160E-02-2.316346376E-02-2.151333848E-02
-1.984217568E-02-1.815017608E-02-1.643661513E-02-1.469980250E-02-1.293734278E-02
-1.114683151E-02-9.326682510E-03-7.476980246E-03-5.600088609E-03-3.700819727E-03
-1.786606729E-03 1.339446770E-04 2.057127283E-03 3.983307027E-03 5.912579626E-03
 7.844754751E-03 9.779682668E-03 1.171722987E-02 1.365728019E-02 1.559978982E-02
 1.754435233E-02 9.030061152E-03 7.658920900E-03 6.290875119E-03 4.926590067E-03
 3.566183527E-03 2.209941857E-03 8.586004822E-04-4.892683837E-04-1.843973130E-03
-3.212211028E-03-4.594982439E-03-5.992083419E-03-7.402596028E-03-8.824643792E-03
-1.025576264E-02-1.169338087E-02-1.313506540E-02-1.457855356E-02-1.602172894E-02
-1.746259543E-02-1.889926830E-02-2.032997725E-02-2.175305822E-02-2.316696231E-02
-2.457022152E-02-2.596144185E-02-2.733927544E-02-2.870240907E-02-3.004954145E-02
-3.137937517E-02-3.269059402E-02-3.398186205E-02-3.525185012E-02-3.649924296E-02
-3.772275811E-02-3.892115714E-02-4.009323759E-02-4.123783996E-02-4.235383239E-02
-4.344012774E-02-4.449565136E-02-4.551934873E-02-4.651016901E-02-4.746712151E-02
-4.838939745E-02-4.927644877E-02-5.012782215E-02-5.094298723E-02-5.172122485E-02
-5.246158875E-02-5.316320090E-02-5.382573822E-02-5.444899792E-02-5.503245601E-02
-5.557551361E-02-5.607782838E-02-5.653904929E-02-5.695875668E-02-5.733664630E-02
-5.767236661E-02-5.796560497E-02-5.821609824E-02-5.842357327E-02-5.858777113E-02
-5.870848242E-02-5.878549948E-02-5.881860507E-02-5.880768129E-02-5.875253389E-02
-5.865306973E-02-5.850909839E-02-5.832066388E-02-5.808753411E-02-5.780961330E-02
-5.748698358E-02-5.711964518E-02-5.670751265E-02-5.625045226E-02-5.574834980E-02
-5.520115590E-02-5.460889519E-02-5.397167415E-02-5.328965060E-02-5.256288811E-02
-5.179125368E-02-5.097457303E-02-5.011273250E-02-4.920569366E-02-4.825348644E-02
-4.725620959E-02-4.621404416E-02-4.512724665E-02-4.399617459E-02-4.282127943E-02
-4.160313558E-02-4.034244050E-02-3.904003272E-02-3.769689700E-02-3.631417326E-02
-3.489316407E-02-3.343538703E-02-3.194260013E-02-3.041680326E-02-2.886020320E-02
-2.727510329E-02-2.566379352E-02-2.402836840E-02-2.237060357E-02-2.069176704E-02
-1.899245683E-02-1.727242278E-02-1.553037281E-02-1.376410658E-02-1.197105221E-02
-1.014906994E-02-8.297353860E-03-6.417225842E-03-4.512492269E-03-2.589572735E-03
-6.571469148E-04 1.277975044E-03 3.215504452E-03 5.155752803E-03 7.098578803E-03
 9.043841696E-03 1.099142355E-02 1.294122251E-02 1.489320022E-02 1.684699694E-02
 8.936829737E-03 7.557605815E-03 6.181094429E-03 4.807879723E-03 3.438064928E-03
 2.071930529E-03 7.101235438E-04-6.493836842E-04-2.017357438E-03-3.399382175E-03
-4.796157997E-03-6.207431560E-03-7.632137567E-03-9.068263731E-03-1.051328260E-02
-1.196461572E-02-1.341983821E-02-1.487669287E-02-1.633306725E-02-1.778696597E-02
-1.923650292E-02-2.067991182E-02-2.211553369E-02-2.354182381E-02-2.495731852E-02
-2.636062179E-02-2.775038127E-02-2.912527352E-02-3.048398213E-02-3.182518836E-02
-3.314754724E-02-3.444970093E-02-3.573030911E-02-3.698805184E-02-3.822165079E-02
-3.942987091E-02-4.061152182E-02-4.176545532E-02-4.289056336E-02-4.398578654E-02
-4.505009414E-02-4.608249990E-02-4.708202360E-02-4.804769849E-02-4.897856751E-02
-4.987376096E-02-5.073266859E-02-5.155489717E-02-5.234007120E-02-5.308763074E-02
-5.379673884E-02-5.446650337E-02-5.509650165E-02-5.568659062E-02-5.623632706E-02
-5.674514242E-02-5.721270991E-02-5.763868524E-02-5.802269319E-02-5.836441003E-02
-5.866354782E-02-5.891980411E-02-5.913290893E-02-5.930262408E-02-5.942873010E-02
-5.951100567E-02-5.954926002E-02-5.954336529E-02-5.949312794E-02-5.939844591E-02
-5.925917629E-02-5.907531801E-02-5.884662517E-02-5.857309819E-02-5.825480461E-02
-5.789170672E-02-5.748368620E-02-5.703060826E-02-5.653240111E-02-5.598908536E-02
-5.540078164E-02-5.476766790E-02-5.408981528E-02-5.336707515E-02-5.259924443E-02
-5.178618092E-02-5.092781189E-02-5.002412042E-02-4.907515180E-02-4.808101100E-02
-4.704186906E-02-4.595797373E-02-4.482964987E-02-4.365732460E-02-4.244151187E-02
-4.118284409E-02-3.988204711E-02-3.853997450E-02-3.715763271E-02-3.573624152E-02
-3.427722847E-02-3.278228821E-02-3.125335139E-02-2.969260531E-02-2.810238510E-02
-2.648507630E-02-2.484295206E-02-2.317801909E-02-2.149182909E-02-1.978534873E-02
-1.805872788E-02-1.631111059E-02-1.454061715E-02-1.274466447E-02-1.092074290E-02
-9.067323844E-03-7.184761029E-03-5.275875419E-03-3.346100404E-03-1.403589315E-03
 5.430890592E-04 2.491561842E-03 4.442272152E-03 6.395259406E-03 8.350383668E-03
 1.030753758E-02 1.226663361E-02 1.422763927E-02 1.619023990E-02 8.849642683E-03
 7.462825491E-03 6.078357861E-03 4.696745620E-03 3.318079307E-03 1.942637447E-03
 5.709425312E-04-7.996495066E-04-2.180050040E-03-3.574935331E-03-4.984774638E-03
-6.409251043E-03-7.847158332E-03-9.296364882E-03-1.075429343E-02-1.221836459E-02
-1.368616296E-02-1.515543664E-02-1.662407588E-02-1.809008539E-02-1.955157819E-02
-2.100679254E-02-2.245407732E-02-2.389189122E-02-2.531877360E-02-2.673332495E-02
-2.813418879E-02-2.952003298E-02-3.088952740E-02-3.224133373E-02-3.357408291E-02
-3.488639891E-02-3.617692710E-02-3.744433652E-02-3.868734603E-02-3.990471850E-02
-4.109526770E-02-4.225784950E-02-4.339137156E-02-4.449478929E-02-4.556710106E-02
-4.660735518E-02-4.761462792E-02-4.858803628E-02-4.952669316E-02-5.042971789E-02
-5.129625117E-02-5.212556522E-02-5.291725469E-02-5.367104169E-02-5.438655167E-02
-5.506309005E-02-5.569978298E-02-5.629609475E-02-5.685189809E-02-5.736682591E-02
-5.784034899E-02-5.827214559E-02-5.866187535E-02-5.900921272E-02-5.931383369E-02
-5.957545498E-02-5.979381838E-02-5.996867742E-02-6.009980006E-02-6.018697183E-02
-6.023001750E-02-6.022879480E-02-6.018311584E-02-6.009287200E-02-5.995796284E-02
-5.977832437E-02-5.955375246E-02-5.928430674E-02-5.897002172E-02-5.861081475E-02
-5.820653775E-02-5.775708701E-02-5.726246698E-02-5.672280670E-02-5.613831293E-02
-5.550907719E-02-5.483494446E-02-5.411570085E-02-5.335119693E-02-5.254134561E-02
-5.168611116E-02-5.078550839E-02-4.983959681E-02-4.884849162E-02-4.781236053E-02
-4.673143806E-02-4.560601943E-02-4.443646739E-02-4.322320794E-02-4.196672958E-02
-4.066765145E-02-3.932673804E-02-3.794494268E-02-3.652341065E-02-3.506351800E-02
-3.356687279E-02-3.203535068E-02-3.047107784E-02-2.887640044E-02-2.725375797E-02
-2.560556418E-02-2.393400667E-02-2.224091036E-02-2.052753736E-02-1.879440048E-02
-1.704108253E-02-1.526605793E-02-1.346687907E-02-1.164083617E-02-9.785843486E-03
-7.901402199E-03-5.989376958E-03-4.054282014E-03-2.103450134E-03-1.459918925E-04
 1.812890961E-03 3.773516365E-03 5.736131248E-03 7.700599663E-03 9.666823333E-03
 1.163472865E-02 1.360428876E-02 1.557523161E-02 8.768634274E-03 7.374730327E-03
 5.982835324E-03 4.593380687E-03 3.206444958E-03 1.822306549E-03 4.413391537E-04
-9.397139539E-04-2.331674204E-03-3.738480503E-03-5.160424936E-03-6.597117302E-03
-8.047219771E-03-9.508498844E-03-1.097834032E-02-1.245416758E-02-1.393357373E-02
-1.541431071E-02-1.689426927E-02-1.837145530E-02-1.984398453E-02-2.131010059E-02
-2.276816033E-02-2.421662430E-02-2.565403372E-02-2.707898682E-02-2.849012379E-02
-2.988610276E-02-3.126557884E-02-3.262719442E-02-3.396956085E-02-3.529128886E-02
-3.659101431E-02-3.786740010E-02-3.911916066E-02-4.034505017E-02-4.154387656E-02
-4.271449240E-02-4.385581118E-02-4.496679318E-02-4.604645412E-02-4.709386023E-02
-4.810812228E-02-4.908839991E-02-5.003387805E-02-5.094377370E-02-5.181728607E-02
-5.265361480E-02-5.345199987E-02-5.421188787E-02-5.493304932E-02-5.561524752E-02
-5.625798418E-02-5.686044753E-02-5.742197816E-02-5.794243743E-02-5.842151726E-02
-5.885873448E-02-5.925377385E-02-5.960629900E-02-5.991601754E-02-6.018263006E-02
-6.040586558E-02-6.058547948E-02-6.072124323E-02-6.081295006E-02-6.086042513E-02
-6.086351608E-02-6.082204455E-02-6.073589604E-02-6.060500355E-02-6.042923582E-02
-6.020847567E-02-5.994279744E-02-5.963218635E-02-5.927650578E-02-5.887561224E-02
-5.842947725E-02-5.793822969E-02-5.740210026E-02-5.682119783E-02-5.619536786E-02
-5.552439994E-02-5.480815190E-02-5.404654624E-02-5.323955331E-02-5.238718089E-02
-5.148947425E-02-5.054651793E-02-4.955843251E-02-4.852537660E-02-4.744753539E-02
-4.632512054E-02-4.515835935E-02-4.394757221E-02-4.269318208E-02-4.139575858E-02
-4.005602054E-02-3.867487155E-02-3.725339784E-02-3.579291385E-02-3.429495502E-02
-3.276133295E-02-3.119410581E-02-2.959559944E-02-2.796828424E-02-2.631466339E-02
-2.463708885E-02-2.293760403E-02-2.121772715E-02-1.947831520E-02-1.771932700E-02
-1.593960834E-02-1.413696219E-02-1.230860805E-02-1.045205405E-02-8.566087083E-03
-6.651682652E-03-4.712479301E-03-2.754913470E-03-7.879612319E-04 1.180799239E-03
 3.150807136E-03 5.122472051E-03 7.095728931E-03 9.070485473E-03 1.104667863E-02
 1.302428704E-02 1.500307882E-02 8.693949436E-03 7.293478508E-03 5.894698694E-03
 4.497971920E-03 3.103366232E-03 1.711161795E-03 3.215705807E-04-1.069256823E-03
-2.471884214E-03-3.889656529E-03-5.322731858E-03-6.770642344E-03-8.231928610E-03
-9.704270263E-03-1.118502522E-02-1.267162063E-02-1.416165713E-02-1.565289134E-02
-1.714321522E-02-1.863063658E-02-2.011327543E-02-2.158937959E-02-2.305731288E-02
-2.451553845E-02-2.596260093E-02-2.739709726E-02-2.881766344E-02-3.022294680E-02
-3.161158805E-02-3.298221196E-02-3.433341319E-02-3.566379132E-02-3.697197436E-02
-3.825662223E-02-3.951644671E-02-4.075019823E-02-4.195668147E-02-4.313474337E-02
-4.428329243E-02-4.540128237E-02-4.648773381E-02-4.754171779E-02-4.856236321E-02
-4.954884958E-02-5.050040173E-02-5.141628928E-02-5.229580161E-02-5.313824540E-02
-5.394289428E-02-5.470902105E-02-5.543596804E-02-5.612338133E-02-5.677112874E-02
-5.737889754E-02-5.794600260E-02-5.847170514E-02-5.895580104E-02-5.939803370E-02
-5.979796710E-02-6.015529449E-02-6.046969926E-02-6.074089432E-02-6.096861219E-02
-6.115260300E-02-6.129263825E-02-6.138851283E-02-6.144004962E-02-6.144709319E-02
-6.140947661E-02-6.132707980E-02-6.119985717E-02-6.102762691E-02-6.081036953E-02
-6.054813792E-02-6.024084718E-02-5.988832347E-02-5.949048938E-02-5.904745893E-02
-5.855947957E-02-5.802667315E-02-5.744887896E-02-5.682588698E-02-5.615757516E-02
-5.544389624E-02-5.468484668E-02-5.388045636E-02-5.303078436E-02-5.213590904E-02
-5.119592057E-02-5.021091116E-02-4.918095348E-02-4.810610698E-02-4.698647677E-02
-4.582224744E-02-4.461369620E-02-4.336122638E-02-4.206536224E-02-4.072679031E-02
-3.934635310E-02-3.792509476E-02-3.646425554E-02-3.496532026E-02-3.343001896E-02
-3.186035931E-02-3.025861166E-02-2.862725850E-02-2.696885780E-02-2.528589902E-02
-2.358059139E-02-2.185470096E-02-2.010936980E-02-1.834487764E-02-1.656045802E-02
-1.475420697E-02-1.292338064E-02-1.106522236E-02-9.177944657E-03-7.261719599E-03
-5.319347820E-03-3.356439063E-03-1.381503083E-03 5.965546097E-04 2.575393473E-03
 4.555492853E-03 6.536946392E-03 8.519665730E-03 1.050359461E-02 1.248871695E-02
 1.447483811E-02 8.625721669E-03 7.219216135E-03 5.814109405E-03 4.410698840E-03
 3.009042584E-03 1.609422962E-03 2.118853413E-04-1.187979261E-03-2.600365847E-03
-4.028142762E-03-5.471366850E-03-6.929490728E-03-8.400943892E-03-9.883333247E-03
-1.137399743E-02-1.287036921E-02-1.437005630E-02-1.587081955E-02-1.737055140E-02
-1.886726089E-02-2.035907256E-02-2.184423934E-02-2.332113341E-02-2.478822175E-02
-2.624405189E-02-2.768721909E-02-2.911635398E-02-3.053009445E-02-3.192706920E-02
-3.330588709E-02-3.466512849E-02-3.600338359E-02-3.731927429E-02-3.861145887E-02
-3.987864583E-02-4.111958360E-02-4.233307432E-02-4.351796405E-02-4.467316025E-02
-4.579761385E-02-4.689034172E-02-4.795040662E-02-4.897693773E-02-4.996911746E-02
-5.092618851E-02-5.184744051E-02-5.273220761E-02-5.357986240E-02-5.438978799E-02
-5.516136333E-02-5.589391975E-02-5.658679286E-02-5.723943905E-02-5.785169130E-02
-5.842339680E-02-5.895404282E-02-5.944290186E-02-5.988965201E-02-6.029407000E-02
-6.065577657E-02-6.097447177E-02-6.124985999E-02-6.148166673E-02-6.166964681E-02
-6.181357569E-02-6.191324510E-02-6.196847442E-02-6.197910953E-02-6.194499595E-02
-6.186600596E-02-6.174209772E-02-6.157308883E-02-6.135902526E-02-6.109990307E-02
-6.079555555E-02-6.044584553E-02-6.005085371E-02-5.961083712E-02-5.912592489E-02
-5.859594144E-02-5.802067339E-02-5.740001846E-02-5.673396392E-02-5.602255272E-02
-5.526586418E-02-5.446399077E-02-5.361701920E-02-5.272501523E-02-5.178798709E-02
-5.080589812E-02-4.977872554E-02-4.870649413E-02-4.758928914E-02-4.642728174E-02
-4.522073022E-02-4.397000818E-02-4.267560625E-02-4.133816690E-02-3.995848735E-02
-3.853756023E-02-3.707656861E-02-3.557693993E-02-3.404033306E-02-3.246870240E-02
-3.086425574E-02-2.922946582E-02-2.756692328E-02-2.587921119E-02-2.416868662E-02
-2.243733145E-02-2.068651402E-02-1.891681753E-02-1.712783102E-02-1.531794262E-02
-1.348454278E-02-1.162472484E-02-9.736253252E-03-7.818606470E-03-5.873799761E-03
-3.906685415E-03-1.925136028E-03 6.141118528E-05 2.048431203E-03 4.036326132E-03
 6.025358821E-03 8.015444372E-03 1.000653150E-02 1.199860872E-02 1.399151537E-02
 8.564099263E-03 7.152098946E-03 5.741230907E-03 4.331733751E-03 2.923657221E-03
 1.517285760E-03 1.125001944E-04-1.295620626E-03-2.716842729E-03-4.153654217E-03
-5.606036321E-03-7.073364057E-03-8.553967703E-03-1.004539395E-02-1.154496772E-02
-1.305012718E-02-1.455848557E-02-1.606780677E-02-1.757598372E-02-1.908102796E-02
-2.058107059E-02-2.207437034E-02-2.355930712E-02-2.503435124E-02-2.649805155E-02
-2.794900198E-02-2.938582971E-02-3.080716503E-02-3.221162601E-02-3.359780699E-02
-3.496427622E-02-3.630961782E-02-3.763244994E-02-3.893143015E-02-4.020526359E-02
-4.145269720E-02-4.267253043E-02-4.386360980E-02-4.502484193E-02-4.615517811E-02
-4.725363445E-02-4.831927310E-02-4.935122187E-02-5.034865428E-02-5.131080794E-02
-5.223696963E-02-5.312648763E-02-5.397875454E-02-5.479320147E-02-5.556928998E-02
-5.630647819E-02-5.700419151E-02-5.766179888E-02-5.827869533E-02-5.885448798E-02
-5.938911073E-02-5.988225024E-02-6.033326624E-02-6.074171499E-02-6.110739029E-02
-6.142995737E-02-6.170912798E-02-6.194463409E-02-6.213622382E-02-6.228366456E-02
-6.238675263E-02-6.244530736E-02-6.245917226E-02-6.242820669E-02-6.235227910E-02
-6.223133115E-02-6.206523791E-02-6.185404812E-02-6.159766320E-02-6.129589281E-02
-6.094876352E-02-6.055653146E-02-6.011932758E-02-5.963695529E-02-5.910919519E-02
-5.853596552E-02-5.791729367E-02-5.725327711E-02-5.654404821E-02-5.578973701E-02
-5.499044002E-02-5.414616503E-02-5.325684430E-02-5.232240037E-02-5.134277246E-02
-5.031793719E-02-4.924791767E-02-4.813279997E-02-4.697273449E-02-4.576796404E-02
-4.451882575E-02-4.322578542E-02-4.188943636E-02-4.051054222E-02-3.909003631E-02
-3.762906215E-02-3.612897965E-02-3.459139824E-02-3.301820273E-02-3.141155225E-02
-2.977388530E-02-2.810781062E-02-2.641597124E-02-2.470085565E-02-2.296460884E-02
-2.120880637E-02-1.943430558E-02-1.764098882E-02-1.582754095E-02-1.399154860E-02
-1.213003827E-02-1.024043605E-02-8.321639147E-03-6.374954322E-03-4.404537374E-03
-2.417556447E-03-4.234969399E-04 1.570989646E-03 3.566024040E-03 5.561993616E-03
 7.558823550E-03 9.556467252E-03 1.155491644E-02 1.355404076E-02 8.509205990E-03
 7.092262780E-03 5.676211884E-03 4.261238960E-03 2.847386110E-03 1.434943249E-03
 2.363766917E-05-1.391937263E-03-2.821068614E-03-4.265945982E-03-5.726497694E-03
-7.202023924E-03-8.690766959E-03-1.019022404E-02-1.169771056E-02-1.321066995E-02
-1.472672078E-02-1.624363045E-02-1.775929314E-02-1.927172272E-02-2.077905672E-02
-2.227955899E-02-2.377161555E-02-2.525369999E-02-2.672436327E-02-2.818219996E-02
-2.962583472E-02-3.105389081E-02-3.246497624E-02-3.385767239E-02-3.523053900E-02
-3.658215751E-02-3.791114405E-02-3.921615636E-02-4.049589698E-02-4.174911282E-02
-4.297460164E-02-4.417121106E-02-4.533784644E-02-4.647346050E-02-4.757706827E-02
-4.864773362E-02-4.968458480E-02-5.068679371E-02-5.165359736E-02-5.258427566E-02
-5.347816720E-02-5.433465288E-02-5.515316839E-02-5.593319375E-02-5.667423713E-02
-5.737582542E-02-5.803746834E-02-5.865862017E-02-5.923868290E-02-5.977712400E-02
-6.027372885E-02-6.072836977E-02-6.114056598E-02-6.150978228E-02-6.183581964E-02
-6.211837528E-02-6.235717691E-02-6.255197799E-02-6.270254025E-02-6.280866726E-02
-6.287017828E-02-6.288691326E-02-6.285873972E-02-6.278553167E-02-6.266720249E-02
-6.250371348E-02-6.229504616E-02-6.204100981E-02-6.174155820E-02-6.139692829E-02
-6.100724676E-02-6.057229259E-02-6.009184235E-02-5.956584360E-02-5.899437672E-02
-5.837759241E-02-5.771565731E-02-5.700871518E-02-5.625681021E-02-5.545989790E-02
-5.461790685E-02-5.373076114E-02-5.279839749E-02-5.182077296E-02-5.079787507E-02
-4.972972490E-02-4.861639899E-02-4.745803140E-02-4.625484242E-02-4.500714180E-02
-4.371536364E-02-4.238006386E-02-4.100196719E-02-3.958195844E-02-3.812113952E-02
-3.662081169E-02-3.508254062E-02-3.350814142E-02-3.189973253E-02-3.025970289E-02
-2.859066724E-02-2.689530851E-02-2.517621979E-02-2.343567266E-02-2.167543600E-02
-1.989659072E-02-1.809926553E-02-1.628243962E-02-1.444391307E-02-1.258071024E-02
-1.069001725E-02-8.770256554E-03-6.822107021E-03-4.849090568E-03-2.857728108E-03
-8.573164810E-04 1.144010655E-03 3.145547667E-03 5.147782202E-03 7.150707365E-03
 9.154276844E-03 1.115848247E-02 1.316322145E-02 8.461122815E-03 7.039807042E-03
 5.619168807E-03 4.199346056E-03 2.780373219E-03 1.362561908E-03-5.448697299E-05
-1.476719712E-03-2.912838150E-03-4.364811509E-03-5.832545724E-03-7.315269965E-03
-8.811149619E-03-1.031764225E-02-1.183205719E-02-1.335184238E-02-1.487462031E-02
-1.639816077E-02-1.792035876E-02-1.943923010E-02-2.095291817E-02-2.245969210E-02
-2.395794425E-02-2.544615281E-02-2.692287116E-02-2.838669455E-02-2.983624490E-02
-3.127013869E-02-3.268697486E-02-3.408532502E-02-3.546374407E-02-3.682081280E-02
-3.815514646E-02-3.946540369E-02-4.075028573E-02-4.200854113E-02-4.323896746E-02
-4.444041469E-02-4.561178788E-02-4.675204273E-02-4.786019346E-02-4.893530562E-02
-4.997650781E-02-5.098297341E-02-5.195393862E-02-5.288868206E-02-5.378653952E-02
-5.464688494E-02-5.546914262E-02-5.625277176E-02-5.699726952E-02-5.770217435E-02
-5.836705342E-02-5.899148371E-02-5.957501089E-02-6.011711680E-02-6.061725422E-02
-6.107498124E-02-6.149020447E-02-6.186262946E-02-6.219171623E-02-6.247725574E-02
-6.271895863E-02-6.291657380E-02-6.306987619E-02-6.317866287E-02-6.324275359E-02
-6.326199510E-02-6.323625325E-02-6.316541744E-02-6.304938762E-02-6.288816995E-02
-6.268163043E-02-6.242965179E-02-6.213242612E-02-6.179006824E-02-6.140233201E-02
-6.096900078E-02-6.049007439E-02-5.996569222E-02-5.939603866E-02-5.878128717E-02
-5.812150387E-02-5.741666679E-02-5.666673766E-02-5.587167399E-02-5.503143619E-02
-5.414598315E-02-5.321527685E-02-5.223928664E-02-5.121799967E-02-5.015143473E-02
-4.903965296E-02-4.788277609E-02-4.668099740E-02-4.543460658E-02-4.414400093E-02
-4.280971013E-02-4.143241418E-02-4.001296416E-02-3.855241247E-02-3.705201918E-02
-3.551330014E-02-3.393801676E-02-3.232824305E-02-3.068631916E-02-2.901485260E-02
-2.731655236E-02-2.559408494E-02-2.384983210E-02-2.208572920E-02-2.030303050E-02
-1.850208714E-02-1.668214492E-02-1.484120746E-02-1.297634805E-02-1.108459391E-02
-9.163991424E-03-7.214678864E-03-5.239607099E-03-3.244739586E-03-1.239069244E-03
 7.683823634E-04 2.775735369E-03 4.783531657E-03 6.791867904E-03 8.800697062E-03
 1.081000970E-02 1.281972805E-02 8.419867720E-03 6.994770619E-03 5.570163320E-03
 4.146141810E-03 2.722733508E-03 1.300270175E-03-1.217589980E-04-1.549777813E-03
-2.991936010E-03-4.450034732E-03-5.923967885E-03-7.412900150E-03-8.914930541E-03
-1.042748370E-02-1.194786359E-02-1.347352094E-02-1.500208047E-02-1.653131317E-02
-1.805911446E-02-1.958350190E-02-2.110262470E-02-2.261475738E-02-2.411829792E-02
-2.561172839E-02-2.709360359E-02-2.856251911E-02-3.001709441E-02-3.145594024E-02
-3.287764890E-02-3.428078564E-02-3.566390306E-02-3.702558253E-02-3.836443931E-02
-3.967913360E-02-4.096836698E-02-4.223089083E-02-4.346550400E-02-4.467105997E-02
-4.584646485E-02-4.699067877E-02-4.810271730E-02-4.918164896E-02-5.022660292E-02
-5.123675637E-02-5.221134489E-02-5.314964682E-02-5.405099760E-02-5.491476767E-02
-5.574037551E-02-5.652726936E-02-5.727493293E-02-5.798287864E-02-5.865064914E-02
-5.927782020E-02-5.986400571E-02-6.040882943E-02-6.091186862E-02-6.137264080E-02
-6.179066171E-02-6.216560520E-02-6.249735344E-02-6.278545604E-02-6.302966827E-02
-6.322970912E-02-6.338536273E-02-6.349642925E-02-6.356272934E-02-6.358411256E-02
-6.356044296E-02-6.349162676E-02-6.337758099E-02-6.321826127E-02-6.301352095E-02
-6.276347809E-02-6.246822163E-02-6.212748808E-02-6.174109941E-02-6.130912306E-02
-6.083174161E-02-6.030914744E-02-5.974141031E-02-5.912851088E-02-5.847042488E-02
-5.776713548E-02-5.701864142E-02-5.622494535E-02-5.538604548E-02-5.450192428E-02
-5.357255616E-02-5.259791579E-02-5.157798699E-02-5.051278244E-02-4.940234883E-02
-4.824679319E-02-4.704628534E-02-4.580109415E-02-4.451158469E-02-4.317826186E-02
-4.180176538E-02-4.038291787E-02-3.892272366E-02-3.742241098E-02-3.588344421E-02
-3.430754702E-02-3.269674380E-02-3.105333612E-02-2.937991199E-02-2.767919601E-02
-2.595390413E-02-2.420651407E-02-2.243909277E-02-2.065303748E-02-1.884889728E-02
-1.702614427E-02-1.518296837E-02-1.331652896E-02-1.142375301E-02-9.502394896E-03
-7.552146379E-03-5.575457648E-03-3.577811293E-03-1.567851313E-03 4.448974862E-04
 2.457319892E-03 4.469947410E-03 6.482981322E-03 8.496375601E-03 1.051011923E-02
 1.252415643E-02 8.385462048E-03 6.957188851E-03 5.529246248E-03 4.101694749E-03
 2.674556290E-03 1.248172778E-03-1.780685678E-04-1.610946599E-03-3.058169785E-03
-4.521406704E-03-6.000538699E-03-7.494675458E-03-9.001861564E-03-1.051949582E-02
-1.204487847E-02-1.357546234E-02-1.510887354E-02-1.664288350E-02-1.817538739E-02
-1.970440310E-02-2.122808313E-02-2.274470469E-02-2.425266798E-02-2.575045689E-02
-2.723662666E-02-2.870977274E-02-3.016851238E-02-3.161145198E-02-3.303717898E-02
-3.444425427E-02-3.583122953E-02-3.719668746E-02-3.853924421E-02-3.985756217E-02
-4.115034464E-02-4.241634679E-02-4.365437005E-02-4.486327250E-02-4.604196329E-02
-4.718940821E-02-4.830462661E-02-4.938669203E-02-5.043473548E-02-5.144793894E-02
-5.242554105E-02-5.336682270E-02-5.427111863E-02-5.513779922E-02-5.596628002E-02
-5.675600337E-02-5.750644512E-02-5.821710218E-02-5.888749995E-02-5.951718778E-02
-6.010574628E-02-6.065278503E-02-6.115794977E-02-6.162090563E-02-6.204126837E-02
-6.241860978E-02-6.275250160E-02-6.304272219E-02-6.328902909E-02-6.349111036E-02
-6.364872880E-02-6.376169639E-02-6.382983503E-02-6.385299396E-02-6.383104332E-02
-6.376390018E-02-6.365149504E-02-6.349371997E-02-6.329060755E-02-6.304220111E-02
-6.274825188E-02-6.240864817E-02-6.202351826E-02-6.159306641E-02-6.111735653E-02
-6.059635878E-02-6.003004726E-02-5.941841379E-02-5.876147594E-02-5.805926716E-02
-5.731182352E-02-5.651917360E-02-5.568133234E-02-5.479829681E-02-5.387004623E-02
-5.289655549E-02-5.187780415E-02-5.081379451E-02-4.970456090E-02-4.855019163E-02
-4.735083839E-02-4.610674598E-02-4.481825548E-02-4.348584463E-02-4.211012288E-02
-4.069188358E-02-3.923209169E-02-3.773194555E-02-3.619286467E-02-3.461654294E-02
-3.300495774E-02-3.136038300E-02-2.968538242E-02-2.798269247E-02-2.625506596E-02
-2.450506134E-02-2.273484475E-02-2.094593813E-02-1.913905595E-02-1.731385004E-02
-1.546867797E-02-1.360079902E-02-1.170707994E-02-9.785052893E-03-7.834051695E-03
-5.856108394E-03-3.856296619E-03-1.842916373E-03 1.742503542E-04 2.190948936E-03
 4.207649023E-03 6.224640261E-03 8.241879127E-03 1.025935332E-02 1.227702579E-02
 8.357916005E-03 6.927086512E-03 5.496458493E-03 4.066063722E-03 2.635919947E-03
 1.206372425E-03-2.232792009E-04-1.660067094E-03-3.111362367E-03-4.578731947E-03
-6.062045028E-03-7.560366657E-03-9.071698745E-03-1.059342062E-02-1.212283019E-02
-1.365738196E-02-1.519470294E-02-1.673256471E-02-1.826886206E-02-1.980161297E-02
-2.132897241E-02-2.284921975E-02-2.436075668E-02-2.586206818E-02-2.735170905E-02
-2.882827372E-02-3.029037641E-02-3.173661831E-02-3.316558083E-02-3.457581900E-02
-3.596588125E-02-3.733434951E-02-3.867984029E-02-4.000101796E-02-4.129658786E-02
-4.256530901E-02-4.380598622E-02-4.501748267E-02-4.619871209E-02-4.734864701E-02
-4.846631157E-02-4.955078601E-02-5.060120534E-02-5.161675705E-02-5.259668429E-02
-5.354027496E-02-5.444686797E-02-5.531583703E-02-5.614659898E-02-5.693859606E-02
-5.769130018E-02-5.840420241E-02-5.907682023E-02-5.970868793E-02-6.029936378E-02
-6.084842699E-02-6.135548709E-02-6.182018574E-02-6.224219358E-02-6.262120238E-02
-6.295688585E-02-6.324889242E-02-6.349680940E-02-6.370054079E-02-6.385974190E-02
-6.397422238E-02-6.404382621E-02-6.406840217E-02-6.404782655E-02-6.398201093E-02
-6.387089206E-02-6.371441915E-02-6.351259683E-02-6.326521593E-02-6.297224156E-02
-6.263385716E-02-6.225011886E-02-6.182098166E-02-6.134641167E-02-6.082639909E-02
-6.026096810E-02-5.965016465E-02-5.899404239E-02-5.829265593E-02-5.754605375E-02
-5.675427398E-02-5.591733623E-02-5.503524187E-02-5.410796951E-02-5.313549026E-02
-5.211777752E-02-5.105482179E-02-4.994664581E-02-4.879331855E-02-4.759497587E-02
-4.635183885E-02-4.506423054E-02-4.373260238E-02-4.235754306E-02-4.093981965E-02
-3.948037303E-02-3.798037671E-02-3.644121936E-02-3.486457165E-02-3.325237448E-02
-3.160688175E-02-2.993063366E-02-2.822637380E-02-2.649688139E-02-2.474477723E-02
-2.297230053E-02-2.118107718E-02-1.937195096E-02-1.754470970E-02-1.569785625E-02
-1.382874407E-02-1.193420686E-02-1.001161388E-02-8.060022048E-03-6.081129791E-03
-4.079680201E-03-2.063662867E-03-4.296296947E-05 1.977176111E-03 3.997162971E-03
 6.017349739E-03 8.037691738E-03 1.005817615E-02 1.207878131E-02 8.337245678E-03
 6.904489018E-03 5.471835935E-03 4.039296454E-03 2.606885307E-03 1.174947827E-03
-2.572851340E-04-1.697019856E-03-3.151381724E-03-4.621864121E-03-6.108326107E-03
-7.609798809E-03-9.124252587E-03-1.064905278E-02-1.218149586E-02-1.371903770E-02
-1.525930607E-02-1.680007275E-02-1.833923246E-02-1.987480354E-02-2.140494307E-02
-2.292793237E-02-2.444217440E-02-2.594615510E-02-2.743842888E-02-2.891758923E-02
-3.038224774E-02-3.183100130E-02-3.326242633E-02-3.467507317E-02-3.606748759E-02
-3.743825046E-02-3.878597761E-02-4.010933344E-02-4.140702312E-02-4.267780646E-02
-4.392048866E-02-4.513393401E-02-4.631705646E-02-4.746883057E-02-4.858828323E-02
-4.967450020E-02-5.072662131E-02-5.174384067E-02-5.272540649E-02-5.367061395E-02
-5.457880917E-02-5.544937480E-02-5.628173342E-02-5.707533061E-02-5.782964070E-02
-5.854415735E-02-5.921839854E-02-5.985189690E-02-6.044420704E-02-6.099489936E-02
-6.150356282E-02-6.196980369E-02-6.239325419E-02-6.277358102E-02-6.311048135E-02
-6.340366469E-02-6.365286758E-02-6.385781712E-02-6.401818990E-02-6.413380808E-02
-6.420451077E-02-6.423014147E-02-6.421058819E-02-6.414577063E-02-6.403562458E-02
-6.388010585E-02-6.367905579E-02-6.343255649E-02-6.314063697E-02-6.280324660E-02
-6.242034735E-02-6.199192389E-02-6.151799696E-02-6.099860985E-02-6.043381558E-02
-5.982367177E-02-5.916823612E-02-5.846756414E-02-5.772170416E-02-5.693069317E-02
-5.609454689E-02-5.521326306E-02-5.428681658E-02-5.331517218E-02-5.229829627E-02
-5.123616962E-02-5.012880719E-02-4.897626751E-02-4.777867853E-02-4.653624689E-02
-4.524928541E-02-4.391822744E-02-4.254364942E-02-4.112629802E-02-3.966709928E-02
-3.816720577E-02-3.662798622E-02-3.505109186E-02-3.343843751E-02-3.179226123E-02
-3.011508363E-02-2.840965140E-02-2.667876143E-02-2.492507857E-02-2.315089457E-02
-2.135791457E-02-1.954707603E-02-1.771826628E-02-1.587010293E-02-1.400001692E-02
-1.210482653E-02-1.018178835E-02-8.229757421E-03-6.250182267E-03-4.247558002E-03
-2.229619633E-03-2.062723774E-04 1.816450707E-03 3.838917715E-03 5.861518529E-03
 7.884203680E-03 9.906960552E-03 1.192977927E-02 8.323457177E-03 6.889411824E-03
 5.455404291E-03 4.021430002E-03 2.587501716E-03 1.153963676E-03-2.800005467E-04
-1.721705927E-03-3.178117439E-03-4.650680727E-03-6.139247640E-03-7.642826534E-03
-9.159367004E-03-1.068622538E-02-1.222069733E-02-1.376023968E-02-1.530248070E-02
-1.684519233E-02-1.838626932E-02-1.992373027E-02-2.145573371E-02-2.298056231E-02
-2.449661988E-02-2.600239305E-02-2.749643602E-02-2.897734173E-02-3.044372010E-02
-3.189416522E-02-3.332725041E-02-3.474152320E-02-3.613552801E-02-3.750784525E-02
-3.885709033E-02-4.018192757E-02-4.148106187E-02-4.275325324E-02-4.399730679E-02
-4.521208731E-02-4.639650864E-02-4.754954605E-02-4.867022686E-02-4.975763842E-02
-5.081092161E-02-5.182927261E-02-5.281194063E-02-5.375822251E-02-5.466746472E-02
-5.553905092E-02-5.637240562E-02-5.716697867E-02-5.792224946E-02-5.863771700E-02
-5.931290509E-02-5.994735372E-02-6.054062548E-02-6.109229907E-02-6.160197008E-02
-6.206924355E-02-6.249374104E-02-6.287509967E-02-6.321297768E-02-6.350706337E-02
-6.375707736E-02-6.396275581E-02-6.412389901E-02-6.424029259E-02-6.431172904E-02
-6.433805952E-02-6.431918522E-02-6.425502580E-02-6.414548310E-02-6.399056235E-02
-6.379019901E-02-6.354434085E-02-6.325296169E-02-6.291604080E-02-6.253358623E-02
-6.210562783E-02-6.163220264E-02-6.111334952E-02-6.054911050E-02-5.993953311E-02
-5.928466694E-02-5.858456125E-02-5.783926008E-02-5.704879866E-02-5.621319499E-02
-5.533244946E-02-5.440653956E-02-5.343542975E-02-5.241908513E-02-5.135748319E-02
-5.025063519E-02-4.909859402E-02-4.790148249E-02-4.665949848E-02-4.537294822E-02
-4.404225338E-02-4.266798256E-02-4.125086838E-02-3.979182741E-02-3.829199691E-02
-3.675273354E-02-3.517567387E-02-3.356271621E-02-3.191608697E-02-3.023829318E-02
-2.853208238E-02-2.680026232E-02-2.504552553E-02-2.327019841E-02-2.147603907E-02
-1.966404532E-02-1.783417071E-02-1.598511138E-02-1.411435269E-02-1.221870731E-02
-1.029536151E-02-8.343038757E-03-6.363020939E-03-4.359637317E-03-2.340450245E-03
-3.153587562E-04 1.709105336E-03 3.733238419E-03 5.757456275E-03 7.781711154E-03
 9.805990310E-03 1.183029166E-02 8.316559508E-03 6.881868632E-03 5.447182553E-03
 4.012489363E-03 2.577800850E-03 1.143460374E-03-2.913725554E-04-1.734065065E-03
-3.191502971E-03-4.665108422E-03-6.154729514E-03-7.659363168E-03-9.176948664E-03
-1.070483791E-02-1.224032622E-02-1.378087089E-02-1.532410045E-02-1.686778690E-02
-1.840982501E-02-1.994823356E-02-2.148117180E-02-2.300692307E-02-2.452389163E-02
-2.603056447E-02-2.752549573E-02-2.900727806E-02-3.047452061E-02-3.192581612E-02
-3.335973639E-02-3.477482769E-02-3.616963383E-02-3.754273507E-02-3.889274675E-02
-4.021833326E-02-4.151819952E-02-4.279110581E-02-4.403585740E-02-4.525131953E-02
-4.643640633E-02-4.759009367E-02-4.871140905E-02-4.979944044E-02-5.085332890E-02
-5.187227123E-02-5.285551674E-02-5.380236280E-02-5.471215561E-02-5.558427875E-02
-5.641815658E-02-5.721323939E-02-5.796900670E-02-5.868495735E-02-5.936061492E-02
-5.999551949E-02-6.058923336E-02-6.114133418E-02-6.165141932E-02-6.211910041E-02
-6.254400761E-02-6.292578690E-02-6.326410300E-02-6.355864005E-02-6.380910431E-02
-6.401523834E-02-6.417681055E-02-6.429358706E-02-6.436536953E-02-6.439204772E-02
-6.437350766E-02-6.430966864E-02-6.420044170E-02-6.404579875E-02-6.384571749E-02
-6.360014417E-02-6.330904919E-02-6.297242969E-02-6.259029282E-02-6.216265670E-02
-6.168954769E-02-6.117100106E-02-6.060705857E-02-5.999776812E-02-5.934317973E-02
-5.864334312E-02-5.789830305E-02-5.710809589E-02-5.627274216E-02-5.539224432E-02
-5.446658204E-02-5.349572033E-02-5.247962414E-02-5.141826974E-02-5.031166646E-02
-4.915986425E-02-4.796298287E-02-4.672121571E-02-4.543486535E-02-4.410434753E-02
-4.273022673E-02-4.131322839E-02-3.985426434E-02-3.835446390E-02-3.681517801E-02
-3.523803544E-02-3.362492657E-02-3.197807160E-02-3.029997069E-02-2.859337143E-02
-2.686108677E-02-2.510582252E-02-2.332992240E-02-2.153517100E-02-1.972259553E-02
-1.789218286E-02-1.604266885E-02-1.417156679E-02-1.227568800E-02-1.035218505E-02
-8.399716625E-03-6.419481243E-03-4.415724904E-03-2.395924026E-03-3.699699415E-04
 1.655372474E-03 3.680343032E-03 5.705371424E-03 7.730413278E-03 9.755455622E-03
 1.178050022E-02 8.316554614E-03 6.881864525E-03 5.447179253E-03 4.012486896E-03
 2.577799243E-03 1.143459654E-03-2.913723626E-04-1.734063973E-03-3.191501024E-03
-4.665105667E-03-6.154726001E-03-7.659358947E-03-9.176943786E-03-1.070483242E-02
-1.224032016E-02-1.378086430E-02-1.532409336E-02-1.686777936E-02-1.840981707E-02
-1.994822524E-02-2.148116313E-02-2.300691409E-02-2.452388235E-02-2.603055492E-02
-2.752548595E-02-2.900726807E-02-3.047451044E-02-3.192580578E-02-3.335972594E-02
-3.477481715E-02-3.616962322E-02-3.754272442E-02-3.889273608E-02-4.021832259E-02
-4.151818888E-02-4.279109521E-02-4.403584687E-02-4.525130910E-02-4.643639601E-02
-4.759008347E-02-4.871139902E-02-4.979943060E-02-5.085331927E-02-5.187226184E-02
-5.285550763E-02-5.380235398E-02-5.471214712E-02-5.558427065E-02-5.641814896E-02
-5.721323234E-02-5.796900034E-02-5.868495177E-02-5.936061022E-02-5.999551576E-02
-6.058923068E-02-6.114133254E-02-6.165141839E-02-6.211909970E-02-6.254400664E-02
-6.292578528E-02-6.326410054E-02-6.355863693E-02-6.380910146E-02-6.401523783E-02
-6.417681134E-02-6.429358710E-02-6.436536964E-02-6.439204779E-02-6.437350781E-02
-6.430966894E-02-6.420044102E-02-6.404579810E-02-6.384571714E-02-6.360014370E-02
-6.330904844E-02-6.297242866E-02-6.259029158E-02-6.216265538E-02-6.168954634E-02
-6.117099970E-02-6.060705718E-02-5.999776671E-02-5.934317829E-02-5.864334164E-02
-5.789830153E-02-5.710809432E-02-5.627274054E-02-5.539224265E-02-5.446658034E-02
-5.349571858E-02-5.247962235E-02-5.141826791E-02-5.031166459E-02-4.915986234E-02
-4.796298093E-02-4.672121374E-02-4.543486335E-02-4.410434551E-02-4.273022468E-02
-4.131322632E-02-3.985426226E-02-3.835446181E-02-3.681517592E-02-3.523803335E-02
-3.362492448E-02-3.197806952E-02-3.029996862E-02-2.859336938E-02-2.686108475E-02
-2.510582053E-02-2.332992046E-02-2.153516912E-02-1.972259371E-02-1.789218112E-02
-1.604266720E-02-1.417156523E-02-1.227568655E-02-1.035218372E-02-8.399715422E-03
-6.419480176E-03-4.415723986E-03-2.395923271E-03-3.699693640E-04 1.655372871E-03
 3.680343254E-03 5.705371479E-03 7.730413171E-03 9.755455358E-03 1.178049980E-02
 8.323442911E-03 6.889399859E-03 5.455394685E-03 4.021422823E-03 2.587497035E-03
 1.153961570E-03-2.800000093E-04-1.721702791E-03-3.178111842E-03-4.650672815E-03
-6.139237560E-03-7.642814443E-03-9.159353060E-03-1.068620972E-02-1.222068008E-02
-1.376022096E-02-1.530246064E-02-1.684517106E-02-1.838624696E-02-1.992370693E-02
-2.145570949E-02-2.298053729E-02-2.449659415E-02-2.600236669E-02-2.749640913E-02
-2.897731439E-02-3.044369240E-02-3.189413725E-02-3.332722228E-02-3.474149501E-02
-3.613549984E-02-3.750781718E-02-3.885706246E-02-4.018189998E-02-4.148103465E-02
-4.275322649E-02-4.399728059E-02-4.521206175E-02-4.639648382E-02-4.754952210E-02
-4.867020394E-02-4.975761669E-02-5.081090124E-02-5.182925378E-02-5.281192350E-02
-5.375820728E-02-5.466745155E-02-5.553903986E-02-5.637239655E-02-5.716697142E-02
-5.792224388E-02-5.863771296E-02-5.931290247E-02-5.994735246E-02-6.054062557E-02
-6.109230014E-02-6.160197064E-02-6.206924192E-02-6.249373602E-02-6.287509120E-02
-6.321296738E-02-6.350705402E-02-6.375706951E-02-6.396275115E-02-6.412390163E-02
-6.424029520E-02-6.431172908E-02-6.433805949E-02-6.431918577E-02-6.425502747E-02
-6.414548305E-02-6.399056169E-02-6.379019745E-02-6.354433950E-02-6.325296031E-02
-6.291603866E-02-6.253358326E-02-6.210562424E-02-6.163219864E-02-6.111334520E-02
-6.054910589E-02-5.993952825E-02-5.928466187E-02-5.858455604E-02-5.783925477E-02
-5.704879329E-02-5.621318956E-02-5.533244396E-02-5.440653399E-02-5.343542410E-02
-5.241907941E-02-5.135747739E-02-5.025062932E-02-4.909858809E-02-4.790147652E-02
-4.665949247E-02-4.537294218E-02-4.404224733E-02-4.266797651E-02-4.125086235E-02
-3.979182140E-02-3.829199094E-02-3.675272762E-02-3.517566803E-02-3.356271045E-02
-3.191608131E-02-3.023828764E-02-2.853207696E-02-2.680025705E-02-2.504552043E-02
-2.327019350E-02-2.147603438E-02-1.966404089E-02-1.783416656E-02-1.598510755E-02
-1.411434920E-02-1.221870420E-02-1.029535880E-02-8.343036475E-03-6.363019113E-03
-4.359635981E-03-2.340449433E-03-3.153585020E-04 1.709105027E-03 3.733237565E-03
 5.757454898E-03 7.781709272E-03 9.805987942E-03 1.183028883E-02 8.337223288E-03
 6.904470267E-03 5.471820901E-03 4.039285229E-03 2.606877982E-03 1.174944505E-03
-2.572843667E-04-1.697015091E-03-3.151373200E-03-4.621852090E-03-6.108310826E-03
-7.609780552E-03-9.124231628E-03-1.064902936E-02-1.218147019E-02-1.371901001E-02
-1.525927659E-02-1.680004170E-02-1.833920007E-02-1.987477000E-02-2.140490856E-02
-2.292789705E-02-2.444213843E-02-2.594611866E-02-2.743839215E-02-2.891755237E-02
-3.038221094E-02-3.183096474E-02-3.326239022E-02-3.467503770E-02-3.606745296E-02
-3.743821689E-02-3.878594534E-02-4.010930271E-02-4.140699418E-02-4.267777958E-02
-4.392046409E-02-4.513391204E-02-4.631703732E-02-4.746881435E-02-4.858826993E-02
-4.967448979E-02-5.072661377E-02-5.174383600E-02-5.272540469E-02-5.367061506E-02
-5.457881322E-02-5.544938119E-02-5.628174062E-02-5.707533700E-02-5.782964479E-02
-5.854415778E-02-5.921839419E-02-5.985188690E-02-6.044419096E-02-6.099487728E-02
-6.150353550E-02-6.196977363E-02-6.239322595E-02-6.277355960E-02-6.311046965E-02
-6.340366337E-02-6.365287371E-02-6.385781013E-02-6.401818741E-02-6.413380900E-02
-6.420451058E-02-6.423014110E-02-6.421058747E-02-6.414577137E-02-6.403562882E-02
-6.388010972E-02-6.367905384E-02-6.343255305E-02-6.314063409E-02-6.280324507E-02
-6.242034620E-02-6.199192189E-02-6.151799365E-02-6.099860509E-02-6.043380942E-02
-5.982366437E-02-5.916822769E-02-5.846755495E-02-5.772169449E-02-5.693068320E-02
-5.609453667E-02-5.521325262E-02-5.428680597E-02-5.331516145E-02-5.229828548E-02
-5.123615882E-02-5.012879640E-02-4.897625674E-02-4.777866778E-02-4.653623618E-02
-4.524927475E-02-4.391821683E-02-4.254363887E-02-4.112628755E-02-3.966708891E-02
-3.816719553E-02-3.662797613E-02-3.505108194E-02-3.343842779E-02-3.179225173E-02
-3.011507438E-02-2.840964241E-02-2.667875274E-02-2.492507020E-02-2.315088657E-02
-2.135790697E-02-1.954706889E-02-1.771825963E-02-1.587009683E-02-1.400001141E-02
-1.210482165E-02-1.018178414E-02-8.229753923E-03-6.250179527E-03-4.247556070E-03
-2.229618567E-03-2.062722274E-04 1.816449935E-03 3.838916053E-03 5.861516009E-03
 7.884200332E-03 9.906956404E-03 1.192977435E-02 8.357887574E-03 6.927062765E-03
 5.496439503E-03 4.066049570E-03 2.635910710E-03 1.206368191E-03-2.232783690E-04
-1.660061357E-03-3.111352079E-03-4.578717484E-03-6.062026770E-03-7.560345009E-03
-9.071674111E-03-1.059339336E-02-1.212280063E-02-1.365735045E-02-1.519466983E-02
-1.673253036E-02-1.826882679E-02-1.980157712E-02-2.132893627E-02-2.284918359E-02
-2.436072080E-02-2.586203291E-02-2.735167474E-02-2.882824070E-02-3.029034503E-02
-3.173658894E-02-3.316555388E-02-3.457579486E-02-3.596586024E-02-3.733433182E-02
-3.867982605E-02-4.000100729E-02-4.129658088E-02-4.256530584E-02-4.380598699E-02
-4.501748752E-02-4.619872103E-02-4.734865922E-02-4.846632570E-02-4.955080066E-02
-5.060121912E-02-5.161676862E-02-5.259669235E-02-5.354027833E-02-5.444686559E-02
-5.531582791E-02-5.614658219E-02-5.693857092E-02-5.769126642E-02-5.840416026E-02
-5.907677058E-02-5.970863245E-02-6.029930553E-02-6.084837104E-02-6.135544037E-02
-6.182015525E-02-6.224218427E-02-6.262120925E-02-6.295689631E-02-6.324889738E-02
-6.349681371E-02-6.370053404E-02-6.385973924E-02-6.397422284E-02-6.404382567E-02
-6.406840130E-02-6.404782794E-02-6.398201180E-02-6.387089164E-02-6.371442661E-02
-6.351260867E-02-6.326521859E-02-6.297223459E-02-6.263384997E-02-6.225011411E-02
-6.182097962E-02-6.134641089E-02-6.082639793E-02-6.026096574E-02-5.965016068E-02
-5.899403663E-02-5.829264834E-02-5.754604440E-02-5.675426297E-02-5.591732371E-02
-5.503522803E-02-5.410795460E-02-5.313547453E-02-5.211776127E-02-5.105480530E-02
-4.994662921E-02-4.879330190E-02-4.759495922E-02-4.635182226E-02-4.506421407E-02
-4.373258609E-02-4.235752702E-02-4.093980387E-02-3.948035754E-02-3.798036152E-02
-3.644120449E-02-3.486455714E-02-3.325236034E-02-3.160686801E-02-2.993062034E-02
-2.822636093E-02-2.649686901E-02-2.474476538E-02-2.297228924E-02-2.118106652E-02
-1.937194097E-02-1.754470044E-02-1.569784777E-02-1.382873642E-02-1.193420011E-02
-1.001160807E-02-8.060017235E-03-6.081126034E-03-4.079677570E-03-2.063661438E-03
-4.296280802E-05 1.977175005E-03 3.997160639E-03 6.017346224E-03 8.037687080E-03
 1.005817039E-02 1.207877447E-02 8.385430485E-03 6.957162616E-03 5.529225370E-03
 4.101679254E-03 2.674546193E-03 1.248168098E-03-1.780678493E-04-1.610940744E-03
-3.058159286E-03-4.521392080E-03-6.000520478E-03-7.494654199E-03-9.001837825E-03
-1.051947011E-02-1.204485128E-02-1.357543418E-02-1.510884493E-02-1.664285500E-02
-1.817535951E-02-1.970437638E-02-2.122805806E-02-2.274468176E-02-2.425264761E-02
-2.575043946E-02-2.723661248E-02-2.870976214E-02-3.016850566E-02-3.161144943E-02
-3.303718092E-02-3.444426101E-02-3.583124104E-02-3.719670300E-02-3.853926274E-02
-3.985758258E-02-4.115036579E-02-4.241636748E-02-4.365438906E-02-4.486328862E-02
-4.604197533E-02-4.718941486E-02-4.830462654E-02-4.938668402E-02-5.043471847E-02
-5.144791206E-02-5.242550367E-02-5.336677451E-02-5.427105969E-02-5.513773006E-02
-5.596620175E-02-5.675591776E-02-5.750635469E-02-5.821701055E-02-5.888741230E-02
-5.951711109E-02-6.010568848E-02-6.065275444E-02-6.115795108E-02-6.162092781E-02
-6.204128999E-02-6.241861895E-02-6.275249785E-02-6.304273863E-02-6.328902655E-02
-6.349110452E-02-6.364872941E-02-6.376169674E-02-6.382983377E-02-6.385299177E-02
-6.383104225E-02-6.376389828E-02-6.365149673E-02-6.349371747E-02-6.329061883E-02
-6.304222365E-02-6.274826550E-02-6.240864480E-02-6.202350486E-02-6.159305444E-02
-6.111734878E-02-6.059635527E-02-6.003004628E-02-5.941841341E-02-5.876147504E-02
-5.805926503E-02-5.731181971E-02-5.651916782E-02-5.568132444E-02-5.479828673E-02
-5.387003401E-02-5.289654123E-02-5.187778804E-02-5.081377676E-02-4.970454174E-02
-4.855017129E-02-4.735081713E-02-4.610672408E-02-4.481823324E-02-4.348582234E-02
-4.211010078E-02-4.069186179E-02-3.923207028E-02-3.773192459E-02-3.619284422E-02
-3.461652307E-02-3.300493852E-02-3.136036449E-02-2.968536464E-02-2.798267543E-02
-2.625504970E-02-2.450504589E-02-2.273483014E-02-2.094592441E-02-1.913904317E-02
-1.731383824E-02-1.546866722E-02-1.360078938E-02-1.170707146E-02-9.785045620E-03
-7.834045707E-03-5.856103766E-03-3.856293435E-03-1.842914726E-03 1.742503920E-04
 2.190947375E-03 4.207645916E-03 6.224635659E-03 8.241873077E-03 1.025934587E-02
 1.227701698E-02 8.419836760E-03 6.994745129E-03 5.570143240E-03 4.146127052E-03
 2.722723963E-03 1.300265722E-03-1.217585314E-04-1.549772847E-03-2.991927211E-03
-4.450022810E-03-5.923953568E-03-7.412884205E-03-8.914913745E-03-1.042746677E-02
-1.194784718E-02-1.347350567E-02-1.500206695E-02-1.653130202E-02-1.805910626E-02
-1.958349720E-02-2.110262401E-02-2.261476114E-02-2.411830623E-02-2.561174091E-02
-2.709361979E-02-2.856253834E-02-3.001711590E-02-3.145596315E-02-3.287767229E-02
-3.428080850E-02-3.566392426E-02-3.702560076E-02-3.836445321E-02-3.967914181E-02
-4.096836817E-02-4.223088372E-02-4.346548743E-02-4.467103287E-02-4.584642635E-02
-4.699062823E-02-4.810265435E-02-4.918157354E-02-5.022651530E-02-5.123665724E-02
-5.221123540E-02-5.314952866E-02-5.405087310E-02-5.491463987E-02-5.574024834E-02
-5.652714806E-02-5.727482430E-02-5.798279045E-02-5.865059005E-02-5.927779903E-02
-5.986402359E-02-6.040887259E-02-6.091190892E-02-6.137265524E-02-6.179064728E-02
-6.216561186E-02-6.249737288E-02-6.278545767E-02-6.302965989E-02-6.322970329E-02
-6.338536239E-02-6.349642989E-02-6.356272955E-02-6.358410869E-02-6.356043736E-02
-6.349162224E-02-6.337758436E-02-6.321826180E-02-6.301351461E-02-6.276349312E-02
-6.246825648E-02-6.212751722E-02-6.174110793E-02-6.130911184E-02-6.083172099E-02
-6.030912970E-02-5.974139845E-02-5.912850481E-02-5.847042274E-02-5.776713513E-02
-5.701864152E-02-5.622494499E-02-5.538604399E-02-5.450192118E-02-5.357255108E-02
-5.259790850E-02-5.157797735E-02-5.051277042E-02-4.940233448E-02-4.824677662E-02
-4.704626673E-02-4.580107372E-02-4.451156269E-02-4.317823857E-02-4.180174110E-02
-4.038289289E-02-3.892269824E-02-3.742238543E-02-3.588341879E-02-3.430752201E-02
-3.269671947E-02-3.105331267E-02-2.937988949E-02-2.767917454E-02-2.595388373E-02
-2.420649480E-02-2.243907469E-02-2.065302063E-02-1.884888170E-02-1.702613000E-02
-1.518295545E-02-1.331651744E-02-1.142374293E-02-9.502386315E-03-7.552139375E-03
-5.575452308E-03-3.577807714E-03-1.567849594E-03 4.448972736E-04 2.457317773E-03
 4.469943444E-03 6.482975568E-03 8.496368113E-03 1.051011006E-02 1.252414563E-02
 8.461097148E-03 7.039786405E-03 5.619152990E-03 4.199334778E-03 2.780366155E-03
 1.362558689E-03-5.448678421E-05-1.476716752E-03-2.912833262E-03-4.364805558E-03
-5.832539572E-03-7.315264491E-03-8.811145686E-03-1.031764060E-02-1.183205828E-02
-1.335184647E-02-1.487462749E-02-1.639817102E-02-1.792037190E-02-1.943924579E-02
-2.095293593E-02-2.245971132E-02-2.395796416E-02-2.544617243E-02-2.692288940E-02
-2.838671025E-02-2.983625683E-02-3.127014558E-02-3.268697541E-02-3.408531792E-02
-3.546372805E-02-3.682078670E-02-3.815510925E-02-3.946535444E-02-4.075022369E-02
-4.200846573E-02-4.323887839E-02-4.444031192E-02-4.561167171E-02-4.675191383E-02
-4.786005293E-02-4.893515503E-02-4.997634927E-02-5.098280963E-02-5.195377298E-02
-5.288851871E-02-5.378638369E-02-5.464674323E-02-5.546902267E-02-5.625268189E-02
-5.699721915E-02-5.770216964E-02-5.836709197E-02-5.899155078E-02-5.957507472E-02
-6.011714359E-02-6.061723704E-02-6.107497075E-02-6.149022671E-02-6.186263799E-02
-6.219171785E-02-6.247724856E-02-6.271895373E-02-6.291656796E-02-6.306987585E-02
-6.317866361E-02-6.324275502E-02-6.326198940E-02-6.323624611E-02-6.316541585E-02
-6.304938617E-02-6.288817871E-02-6.268162659E-02-6.242964092E-02-6.213244463E-02
-6.179011540E-02-6.140237930E-02-6.096902741E-02-6.049007500E-02-5.996567227E-02
-5.939601011E-02-5.878126288E-02-5.812148702E-02-5.741665721E-02-5.666673340E-02
-5.587167280E-02-5.503143657E-02-5.414598402E-02-5.321527737E-02-5.223928617E-02
-5.121799770E-02-5.015143088E-02-4.903964697E-02-4.788276781E-02-4.668098675E-02
-4.543459358E-02-4.414398568E-02-4.280969274E-02-4.143239485E-02-4.001294313E-02
-3.855239000E-02-3.705199555E-02-3.551327565E-02-3.393799172E-02-3.232821779E-02
-3.068629398E-02-2.901482778E-02-2.731652814E-02-2.559406157E-02-2.384980980E-02
-2.208570815E-02-2.030301086E-02-1.850206901E-02-1.668212836E-02-1.484119251E-02
-1.297633477E-02-1.108458235E-02-9.163981667E-03-7.214670997E-03-5.239601213E-03
-3.244735779E-03-1.239067612E-03 7.683817637E-04 2.775732580E-03 4.783526747E-03
 6.791860936E-03 8.800688095E-03 1.080999880E-02 1.281971526E-02 8.509191288E-03
 7.092251823E-03 5.676204257E-03 4.261234147E-03 2.847383552E-03 1.434942328E-03
 2.363773240E-05-1.391936905E-03-2.821068673E-03-4.265947053E-03-5.726500241E-03
-7.202028284E-03-8.690773312E-03-1.019023236E-02-1.169772061E-02-1.321068131E-02
-1.472673290E-02-1.624364264E-02-1.775930458E-02-1.927173248E-02-2.077906374E-02
-2.227956217E-02-2.377161373E-02-2.525369195E-02-2.672434780E-02-2.818217585E-02
-2.962580080E-02-3.105384594E-02-3.246491935E-02-3.385760254E-02-3.523045542E-02
-3.658205966E-02-3.791103159E-02-3.921602922E-02-4.049575538E-02-4.174895733E-02
-4.297443319E-02-4.417103104E-02-4.533765672E-02-4.647326345E-02-4.757686685E-02
-4.864753143E-02-4.968438610E-02-5.068660371E-02-5.165342243E-02-5.258412328E-02
-5.347804552E-02-5.433457103E-02-5.515313447E-02-5.593321032E-02-5.667429924E-02
-5.737591736E-02-5.803755793E-02-5.865866713E-02-5.923866919E-02-5.977708166E-02
-6.027374360E-02-6.072841255E-02-6.114056350E-02-6.150977929E-02-6.183581287E-02
-6.211837612E-02-6.235718039E-02-6.255197485E-02-6.270254029E-02-6.280866860E-02
-6.287017577E-02-6.288690496E-02-6.285873483E-02-6.278553628E-02-6.266719495E-02
-6.250371949E-02-6.229505707E-02-6.204099890E-02-6.174154277E-02-6.139695007E-02
-6.100730564E-02-6.057235854E-02-6.009189088E-02-5.956586355E-02-5.899436800E-02
-5.837756308E-02-5.771562036E-02-5.700868376E-02-5.625678768E-02-5.545988405E-02
-5.461789968E-02-5.373075832E-02-5.279839741E-02-5.182077441E-02-5.079787711E-02
-4.972972676E-02-4.861640005E-02-4.745803117E-02-4.625484052E-02-4.500713798E-02
-4.371535775E-02-4.238005582E-02-4.100195701E-02-3.958194618E-02-3.812112531E-02
-3.662079571E-02-3.508252307E-02-3.350812253E-02-3.189971257E-02-3.025968217E-02
-2.859064603E-02-2.689528713E-02-2.517619849E-02-2.343565171E-02-2.167541566E-02
-1.989657121E-02-1.809924706E-02-1.628242238E-02-1.444389723E-02-1.258069599E-02
-1.069000477E-02-8.770246014E-03-6.822098592E-03-4.849084384E-03-2.857724283E-03
-8.573151189E-04 1.144009510E-03 3.145544069E-03 5.147776225E-03 7.150699082E-03
 9.154266323E-03 1.115846978E-02 1.316320663E-02 8.564098529E-03 7.152099492E-03
 5.741232256E-03 4.331735396E-03 2.923658724E-03 1.517286742E-03 1.125003421E-04
-1.295621545E-03-2.716844838E-03-4.153657480E-03-5.606040545E-03-7.073368892E-03
-8.553972627E-03-1.004539827E-02-1.154497062E-02-1.305012772E-02-1.455848270E-02
-1.606779938E-02-1.757597065E-02-1.908100800E-02-2.058104255E-02-2.207433307E-02
-2.355925948E-02-2.503429213E-02-2.649797992E-02-2.794891692E-02-2.938573041E-02
-3.080705085E-02-3.221149646E-02-3.359766183E-02-3.496411551E-02-3.630944199E-02
-3.763225976E-02-3.893122678E-02-4.020504860E-02-4.145247261E-02-4.267229879E-02
-4.386337423E-02-4.502460615E-02-4.615494647E-02-4.725341209E-02-4.831906618E-02
-4.935103767E-02-5.034850071E-02-5.131069383E-02-5.223690397E-02-5.312647561E-02
-5.397879584E-02-5.479328899E-02-5.556940709E-02-5.630659452E-02-5.700426445E-02
-5.766179663E-02-5.827862803E-02-5.885446137E-02-5.938916248E-02-5.988230567E-02
-6.033325696E-02-6.074170940E-02-6.110738319E-02-6.142995559E-02-6.170912755E-02
-6.194463621E-02-6.213622550E-02-6.228366416E-02-6.238674986E-02-6.244529950E-02
-6.245916239E-02-6.242820604E-02-6.235228442E-02-6.223132056E-02-6.206523384E-02
-6.185406532E-02-6.159767117E-02-6.129587327E-02-6.094874383E-02-6.055655636E-02
-6.011939750E-02-5.963703946E-02-5.910926683E-02-5.853600958E-02-5.791730462E-02
-5.725325811E-02-5.654400913E-02-5.578969141E-02-5.499040113E-02-5.414613637E-02
-5.325682563E-02-5.232238970E-02-5.134276741E-02-5.031793606E-02-4.924791919E-02
-4.813280310E-02-4.697273838E-02-4.576796798E-02-4.451882915E-02-4.322578784E-02
-4.188943744E-02-4.051054173E-02-3.909003409E-02-3.762905815E-02-3.612897385E-02
-3.459139069E-02-3.301819355E-02-3.141154159E-02-2.977387337E-02-2.810779762E-02
-2.641595740E-02-2.470084118E-02-2.296459396E-02-2.120879129E-02-1.943429054E-02
-1.764097403E-02-1.582752665E-02-1.399153503E-02-1.213002570E-02-1.024042475E-02
-8.321629409E-03-6.374946432E-03-4.404531595E-03-2.417553016E-03-4.234960568E-04
 1.570987874E-03 3.566019611E-03 5.561986572E-03 7.558813956E-03 9.556455173E-03
 1.155490194E-02 1.355402389E-02 8.625728194E-03 7.219221842E-03 5.814114104E-03
 4.410702382E-03 3.009044925E-03 1.609424153E-03 2.118855410E-04-1.187979752E-03
-2.600366528E-03-4.028142971E-03-5.471365785E-03-6.929487451E-03-8.400937344E-03
-9.883322284E-03-1.137398086E-02-1.287034578E-02-1.437002470E-02-1.587077845E-02
-1.737049954E-02-1.886719706E-02-2.035899568E-02-2.184414847E-02-2.332102776E-02
-2.478810061E-02-2.624391472E-02-2.768706555E-02-2.911618400E-02-3.052990820E-02
-3.192686709E-02-3.330566991E-02-3.466489747E-02-3.600314047E-02-3.731902127E-02
-3.861119861E-02-3.987838152E-02-4.111931901E-02-4.233281381E-02-4.351771271E-02
-4.467292405E-02-4.579739982E-02-4.689015756E-02-4.795026080E-02-4.897683958E-02
-4.996907386E-02-5.092620205E-02-5.184750873E-02-5.273232150E-02-5.358000481E-02
-5.438993075E-02-5.516146446E-02-5.589393836E-02-5.658672169E-02-5.723936207E-02
-5.785170758E-02-5.842348420E-02-5.895409295E-02-5.944288495E-02-5.988964740E-02
-6.029406273E-02-6.065577145E-02-6.097446331E-02-6.124985087E-02-6.148165991E-02
-6.166964444E-02-6.181357392E-02-6.191324080E-02-6.196846540E-02-6.197909935E-02
-6.194500035E-02-6.186600835E-02-6.174209107E-02-6.157307513E-02-6.135903481E-02
-6.109992601E-02-6.079555632E-02-6.044581694E-02-6.005083016E-02-5.961086503E-02
-5.912600519E-02-5.859604307E-02-5.802076810E-02-5.740008858E-02-5.673400011E-02
-5.602255316E-02-5.526583442E-02-5.446394186E-02-5.361696495E-02-5.272496877E-02
-5.178795212E-02-5.080587438E-02-4.977871105E-02-4.870648651E-02-4.758928666E-02
-4.642728307E-02-4.522073424E-02-4.397001398E-02-4.267561304E-02-4.133817402E-02
-3.995849428E-02-3.853756653E-02-3.707657397E-02-3.557694411E-02-3.404033590E-02
-3.246870382E-02-3.086425574E-02-2.922946446E-02-2.756692062E-02-2.587920731E-02
-2.416868162E-02-2.243732544E-02-2.068650714E-02-1.891680991E-02-1.712782286E-02
-1.531793411E-02-1.348453416E-02-1.162471640E-02-9.736245317E-03-7.818599386E-03
-5.873793882E-03-3.906681082E-03-1.925133565E-03 6.141148172E-05 2.048429105E-03
 4.036321482E-03 6.025351513E-03 8.015434341E-03 1.000651872E-02 1.199859319E-02
 1.399149711E-02 8.693954265E-03 7.293481772E-03 5.894700549E-03 4.497972632E-03
 3.103366167E-03 1.711161425E-03 3.215704935E-04-1.069255860E-03-2.471881163E-03
-3.889650196E-03-5.322720944E-03-6.770625450E-03-8.231904273E-03-9.704237046E-03
-1.118498176E-02-1.267156555E-02-1.416158907E-02-1.565280903E-02-1.714311752E-02
-1.863052254E-02-2.011314433E-02-2.158923101E-02-2.305714663E-02-2.451535453E-02
-2.596239959E-02-2.739687908E-02-2.881742934E-02-3.022269808E-02-3.161132633E-02
-3.298193935E-02-3.433313235E-02-3.566350554E-02-3.697168748E-02-3.825633863E-02
-3.951617137E-02-4.074993695E-02-4.195644102E-02-4.313453127E-02-4.428311684E-02
-4.540115253E-02-4.648765771E-02-4.754170011E-02-4.856240465E-02-4.954894573E-02
-5.050054220E-02-5.141645669E-02-5.229596965E-02-5.313837443E-02-5.394293982E-02
-5.470896293E-02-5.543585118E-02-5.612333453E-02-5.677120513E-02-5.737900999E-02
-5.794602464E-02-5.847167763E-02-5.895580034E-02-5.939802605E-02-5.979795962E-02
-6.015528865E-02-6.046969977E-02-6.074089725E-02-6.096861437E-02-6.115260519E-02
-6.129264109E-02-6.138851471E-02-6.144004358E-02-6.144708287E-02-6.140948497E-02
-6.132707855E-02-6.119986133E-02-6.102760858E-02-6.081036462E-02-6.054816257E-02
-6.024086964E-02-5.988831438E-02-5.949045182E-02-5.904743194E-02-5.855951043E-02
-5.802676324E-02-5.744899720E-02-5.682600418E-02-5.615767180E-02-5.544396030E-02
-5.468487277E-02-5.388044550E-02-5.303074380E-02-5.213585056E-02-5.119585797E-02
-5.021085739E-02-4.918091238E-02-4.810607828E-02-4.698645854E-02-4.582223732E-02
-4.461369241E-02-4.336122756E-02-4.206536723E-02-4.072679812E-02-3.934636287E-02
-3.792510577E-02-3.646426717E-02-3.496533200E-02-3.343003038E-02-3.186037011E-02
-3.025862162E-02-2.862726746E-02-2.696886563E-02-2.528590560E-02-2.358059664E-02
-2.185470483E-02-2.010937228E-02-1.834487878E-02-1.656045788E-02-1.475420566E-02
-1.292337837E-02-1.106521939E-02-9.177941320E-03-7.261716236E-03-5.319344788E-03
-3.356436711E-03-1.381501756E-03 5.965545601E-04 2.575391692E-03 4.555489024E-03
 6.536940252E-03 8.519657062E-03 1.050358324E-02 1.248870276E-02 1.447482100E-02
 8.768630056E-03 7.374725004E-03 5.982829374E-03 4.593374756E-03 3.206439788E-03
 1.822302991E-03 4.413381808E-04-9.397111782E-04-2.331666204E-03-3.738465665E-03
-5.160401591E-03-6.597083733E-03-8.047174274E-03-9.508439862E-03-1.097826651E-02
-1.245407768E-02-1.393346655E-02-1.541418526E-02-1.689412482E-02-1.837129140E-02
-1.984380109E-02-2.130989795E-02-2.276793921E-02-2.421638567E-02-2.565377890E-02
-2.707871754E-02-2.848984225E-02-2.988581160E-02-3.126528118E-02-3.262689387E-02
-3.396926169E-02-3.529099608E-02-3.659073361E-02-3.786713803E-02-3.911892456E-02
-4.034484797E-02-4.154371722E-02-4.271438460E-02-4.385576108E-02-4.496680382E-02
-4.604652448E-02-4.709398440E-02-4.810828893E-02-4.908859171E-02-5.003407018E-02
-5.094393011E-02-5.181736166E-02-5.265357753E-02-5.345186359E-02-5.421177594E-02
-5.493306422E-02-5.561538388E-02-5.625810542E-02-5.686043554E-02-5.742194010E-02
-5.794244255E-02-5.842150939E-02-5.885872408E-02-5.925377016E-02-5.960630216E-02
-5.991601279E-02-6.018262192E-02-6.040586050E-02-6.058547826E-02-6.072124802E-02
-6.081295942E-02-6.086042402E-02-6.086350545E-02-6.082205537E-02-6.073589014E-02
-6.060501580E-02-6.042921846E-02-6.020845628E-02-5.994281094E-02-5.963222024E-02
-5.927652239E-02-5.887559197E-02-5.842943107E-02-5.793819970E-02-5.740213403E-02
-5.682129713E-02-5.619550182E-02-5.552453878E-02-5.480827477E-02-5.404663916E-02
-5.323960827E-02-5.238719563E-02-5.148945191E-02-5.054646694E-02-4.955836506E-02
-4.852530635E-02-4.744747500E-02-4.632507392E-02-4.515832626E-02-4.394755075E-02
-4.269316993E-02-4.139575392E-02-4.005602196E-02-3.867487785E-02-3.725340796E-02
-3.579292687E-02-3.429497009E-02-3.276134937E-02-3.119412301E-02-2.959561694E-02
-2.796830161E-02-2.631468022E-02-2.463710480E-02-2.293761878E-02-2.121774045E-02
-1.947832684E-02-1.771933687E-02-1.593961634E-02-1.413696833E-02-1.230861245E-02
-1.045205692E-02-8.566088678E-03-6.651683265E-03-4.712479233E-03-2.754913020E-03
-7.879607173E-04 1.180799422E-03 3.150806513E-03 5.122470176E-03 7.095725412E-03
 9.070479962E-03 1.104667083E-02 1.302427668E-02 1.500306570E-02 8.849623608E-03
 7.462806708E-03 6.078340143E-03 4.696729951E-03 3.318066758E-03 1.942629199E-03
 5.709398744E-04-7.996450988E-04-2.180036770E-03-3.574911302E-03-4.984737961E-03
-6.409199852E-03-7.847090862E-03-9.296279645E-03-1.075418930E-02-1.221824065E-02
-1.368601844E-02-1.515527107E-02-1.662388913E-02-1.808987780E-02-1.955135055E-02
-2.100654621E-02-2.245381413E-02-2.389161337E-02-2.531848371E-02-2.673302614E-02
-2.813388471E-02-2.951972782E-02-3.088922584E-02-3.224104111E-02-3.357380551E-02
-3.488614400E-02-3.617670255E-02-3.744415102E-02-3.868720868E-02-3.990463658E-02
-4.109524593E-02-4.225788945E-02-4.339147080E-02-4.449494084E-02-4.556729309E-02
-4.660757056E-02-4.761484319E-02-4.858821898E-02-4.952679979E-02-5.042970817E-02
-5.129611893E-02-5.212540222E-02-5.291718913E-02-5.367113401E-02-5.438673434E-02
-5.506320066E-02-5.569974188E-02-5.629605141E-02-5.685191082E-02-5.736681784E-02
-5.784033563E-02-5.827214302E-02-5.866186799E-02-5.900920375E-02-5.931383176E-02
-5.957545890E-02-5.979382100E-02-5.996867400E-02-6.009979830E-02-6.018698282E-02
-6.023002158E-02-6.022878387E-02-6.018312836E-02-6.009286062E-02-5.995797561E-02
-5.977831395E-02-5.955372318E-02-5.928430296E-02-5.897005353E-02-5.861085079E-02
-5.820654485E-02-5.775705502E-02-5.726241266E-02-5.672277420E-02-5.613834961E-02
-5.550918518E-02-5.483509324E-02-5.411586033E-02-5.335134534E-02-5.254146746E-02
-5.168619645E-02-5.078555237E-02-4.983959966E-02-4.884845811E-02-4.781229991E-02
-4.673136270E-02-4.560594271E-02-4.443640154E-02-4.322315694E-02-4.196669314E-02
-4.066762772E-02-3.932672471E-02-3.794493791E-02-3.652341298E-02-3.506352615E-02
-3.356688560E-02-3.203536716E-02-3.047109709E-02-2.887642167E-02-2.725378044E-02
-2.560558718E-02-2.393402957E-02-2.224093259E-02-2.052755840E-02-1.879441991E-02
-1.704110002E-02-1.526607320E-02-1.346689198E-02-1.164084671E-02-9.785851759E-03
-7.901408351E-03-5.989381171E-03-4.054284475E-03-2.103451037E-03-1.459915017E-04
 1.812892186E-03 3.773517852E-03 5.736132455E-03 7.700600097E-03 9.666822544E-03
 1.163472623E-02 1.360428433E-02 1.557522487E-02 8.936791351E-03 7.557569846E-03
 6.181061904E-03 4.807851910E-03 3.438043165E-03 2.071916252E-03 7.101182811E-04
-6.493782522E-04-2.017339331E-03-3.399349362E-03-4.796108538E-03-6.207363625E-03
-7.632049525E-03-9.068154360E-03-1.051315119E-02-1.196446192E-02-1.341966190E-02
-1.487649430E-02-1.633284719E-02-1.778672575E-02-1.923624445E-02-2.067963768E-02
-2.211524704E-02-2.354152826E-02-2.495701815E-02-2.636032123E-02-2.775008575E-02
-2.912498904E-02-3.048371560E-02-3.182494731E-02-3.314734013E-02-3.444953730E-02
-3.573019730E-02-3.698799790E-02-3.822165824E-02-3.942994002E-02-4.061164910E-02
-4.176563312E-02-4.289077963E-02-4.398602451E-02-4.505033156E-02-4.608270721E-02
-4.708216011E-02-4.804772082E-02-4.897845682E-02-4.987356751E-02-5.073252689E-02
-5.155490852E-02-5.234024135E-02-5.308783728E-02-5.379681707E-02-5.446643648E-02
-5.509645951E-02-5.568661219E-02-5.623631856E-02-5.674512489E-02-5.721270949E-02
-5.763867444E-02-5.802269211E-02-5.836441364E-02-5.866353986E-02-5.891979870E-02
-5.913291211E-02-5.930262469E-02-5.942872287E-02-5.951101112E-02-5.954926803E-02
-5.954335405E-02-5.949314180E-02-5.939842957E-02-5.925918509E-02-5.907532162E-02
-5.884659294E-02-5.857307621E-02-5.825482274E-02-5.789175066E-02-5.748371834E-02
-5.703060363E-02-5.653235734E-02-5.598902354E-02-5.540074712E-02-5.476770754E-02
-5.408993149E-02-5.336723789E-02-5.259942349E-02-5.178635386E-02-5.092796210E-02
-5.002423634E-02-4.907522677E-02-4.808104292E-02-4.704186006E-02-4.595792983E-02
-4.482958087E-02-4.365724288E-02-4.244143037E-02-4.118277447E-02-3.988199332E-02
-3.853993619E-02-3.715760805E-02-3.573622820E-02-3.427722458E-02-3.278229223E-02
-3.125336196E-02-2.969262123E-02-2.810240521E-02-2.648509953E-02-2.484297738E-02
-2.317804555E-02-2.149185580E-02-1.978537490E-02-1.805875284E-02-1.631113374E-02
-1.454063799E-02-1.274468271E-02-1.092075837E-02-9.067336476E-03-7.184770812E-03
-5.275882367E-03-3.346104537E-03-1.403590689E-03 5.430902341E-04 2.491565027E-03
 4.442276715E-03 6.395264751E-03 8.350389234E-03 1.030754284E-02 1.226663807E-02
 1.422764247E-02 1.619024146E-02 9.030000322E-03 7.658865149E-03 6.290825671E-03
 4.926548407E-03 3.566151184E-03 2.209920437E-03 8.585916551E-04-4.892628396E-04
-1.843951206E-03-3.212170723E-03-4.594921939E-03-5.992001124E-03-7.402490645E-03
-8.824514564E-03-1.025560948E-02-1.169320419E-02-1.313486594E-02-1.457833256E-02
-1.602148825E-02-1.746233758E-02-1.889899651E-02-2.032969550E-02-2.175277112E-02
-2.316667494E-02-2.456993965E-02-2.596117219E-02-2.733902542E-02-2.870218688E-02
-3.004935664E-02-3.137923683E-02-3.269050952E-02-3.398183670E-02-3.525188646E-02
-3.649934024E-02-3.772291204E-02-3.892135971E-02-4.009347675E-02-4.123809937E-02
-4.235409088E-02-4.344035800E-02-4.449581651E-02-4.551940508E-02-4.651008710E-02
-4.746691886E-02-4.838919592E-02-4.927636927E-02-5.012792378E-02-5.094322232E-02
-5.172143254E-02-5.246161610E-02-5.316311023E-02-5.382570236E-02-5.444902878E-02
-5.503244684E-02-5.557549037E-02-5.607782862E-02-5.653904045E-02-5.695876095E-02
-5.733663495E-02-5.767236073E-02-5.796561055E-02-5.821609826E-02-5.842357178E-02
-5.858777615E-02-5.870847764E-02-5.878549649E-02-5.881861555E-02-5.880766953E-02
-5.875254895E-02-5.865305029E-02-5.850910088E-02-5.832068442E-02-5.808750606E-02
-5.780957613E-02-5.748698219E-02-5.711968404E-02-5.670756121E-02-5.625047601E-02
-5.574833220E-02-5.520110061E-02-5.460882659E-02-5.397163818E-02-5.328969334E-02
-5.256301218E-02-5.179142953E-02-5.097477050E-02-5.011292871E-02-4.920587114E-02
-4.825363244E-02-4.725631595E-02-4.621410701E-02-4.512726610E-02-4.399615433E-02
-4.282122644E-02-4.160305999E-02-4.034235447E-02-3.903994863E-02-3.769682578E-02
-3.631411871E-02-3.489312573E-02-3.343536302E-02-3.194258814E-02-3.041680135E-02
-2.886020973E-02-2.727511675E-02-2.566381247E-02-2.402839146E-02-2.237062945E-02
-2.069179453E-02-1.899248484E-02-1.727245033E-02-1.553039903E-02-1.376413076E-02
-1.197107384E-02-1.014908865E-02-8.297369383E-03-6.417237952E-03-4.512500761E-03
-2.589577418E-03-6.571476874E-04 1.277977972E-03 3.215510495E-03 5.155761320E-03
 7.098589182E-03 9.043853343E-03 1.099143589E-02 1.294123500E-02 1.489321233E-02
 1.684700823E-02 9.129108603E-03 7.766532366E-03 6.407452482E-03 5.052620310E-03
 3.702169266E-03 2.356395959E-03 1.016070294E-03-3.196786737E-04-1.660282419E-03
-3.013804157E-03-4.381628475E-03-5.763580529E-03-7.158894679E-03-8.565849708E-03
-9.982063009E-03-1.140497745E-02-1.283215186E-02-1.426131641E-02-1.569035140E-02
-1.711726215E-02-1.854016661E-02-1.995729071E-02-2.136696733E-02-2.276764324E-02
-2.415784912E-02-2.553619489E-02-2.690133943E-02-2.825198047E-02-2.958683150E-02
-3.090460964E-02-3.220401735E-02-3.348373310E-02-3.474243497E-02-3.597880569E-02
-3.719155026E-02-3.837941694E-02-3.954118094E-02-4.067565598E-02-4.178166877E-02
-4.285806989E-02-4.390372560E-02-4.491757138E-02-4.589872482E-02-4.684649731E-02
-4.776027963E-02-4.863941278E-02-4.948312392E-02-5.029045402E-02-5.106043962E-02
-5.179252135E-02-5.248644003E-02-5.314174266E-02-5.375773109E-02-5.433390663E-02
-5.486992677E-02-5.536535022E-02-5.581976525E-02-5.623283022E-02-5.660418219E-02
-5.693348585E-02-5.722046576E-02-5.746481557E-02-5.766626570E-02-5.782458590E-02
-5.793952723E-02-5.801090712E-02-5.803853033E-02-5.802219768E-02-5.796181802E-02
-5.785718982E-02-5.770819016E-02-5.751486129E-02-5.727691454E-02-5.699425548E-02
-5.666698763E-02-5.629511174E-02-5.587853056E-02-5.541710986E-02-5.491072630E-02
-5.435930221E-02-5.376282006E-02-5.312132983E-02-5.243495225E-02-5.170383349E-02
-5.092800386E-02-5.010733133E-02-4.924168467E-02-4.833101009E-02-4.737532980E-02
-4.637475218E-02-4.532946384E-02-4.423975086E-02-4.310599616E-02-4.192869559E-02
-4.070847066E-02-3.944607436E-02-3.814242054E-02-3.679857912E-02-3.541581017E-02
-3.399555221E-02-3.253945796E-02-3.104936370E-02-2.952733193E-02-2.797555372E-02
-2.639626845E-02-2.479161082E-02-2.316347957E-02-2.151335923E-02-1.984219983E-02
-1.815020222E-02-1.643664195E-02-1.469982885E-02-1.293736772E-02-1.114685428E-02
-9.326702515E-03-7.476996956E-03-5.600101541E-03-3.700828414E-03-1.786610738E-03
 1.339455924E-04 2.057132847E-03 3.983316681E-03 5.912592778E-03 7.844770810E-03
 9.779701044E-03 1.171724997E-02 1.365730146E-02 1.559981167E-02 1.754437429E-02
 9.233981900E-03 7.880418393E-03 6.530766550E-03 5.185865035E-03 3.845865384E-03
 2.511081704E-03 1.182246603E-03-1.410288882E-04-1.466767819E-03-2.804702787E-03
-4.156706153E-03-5.522605805E-03-6.901785597E-03-8.292695780E-03-9.693054930E-03
-1.110033235E-02-1.251208007E-02-1.392601793E-02-1.534001990E-02-1.675209196E-02
-1.816035513E-02-1.956303376E-02-2.095846016E-02-2.234507674E-02-2.372141460E-02
-2.508608392E-02-2.643774578E-02-2.777510117E-02-2.909687093E-02-3.040178371E-02
-3.168855931E-02-3.295589020E-02-3.420246411E-02-3.542696432E-02-3.662808322E-02
-3.780455104E-02-3.895511561E-02-4.007854683E-02-4.117362411E-02-4.223917900E-02
-4.327416816E-02-4.427775605E-02-4.524921623E-02-4.618782279E-02-4.709279689E-02
-4.796322501E-02-4.879806190E-02-4.959635881E-02-5.035761270E-02-5.108151296E-02
-5.176750373E-02-5.241482210E-02-5.302295207E-02-5.359152827E-02-5.412007502E-02
-5.460813059E-02-5.505535956E-02-5.546134085E-02-5.582576219E-02-5.614828149E-02
-5.642858519E-02-5.666640960E-02-5.686146705E-02-5.701352578E-02-5.712234762E-02
-5.718772472E-02-5.720949261E-02-5.718741777E-02-5.712142660E-02-5.701132262E-02
-5.685692848E-02-5.665832893E-02-5.641527857E-02-5.612756931E-02-5.579529279E-02
-5.541848863E-02-5.499708489E-02-5.453095690E-02-5.401997014E-02-5.346401960E-02
-5.286304972E-02-5.221705831E-02-5.152610424E-02-5.079031522E-02-5.000984265E-02
-4.918474157E-02-4.831493401E-02-4.740035042E-02-4.644101330E-02-4.543702934E-02
-4.438860325E-02-4.329603974E-02-4.215975157E-02-4.098027924E-02-3.975828574E-02
-3.849459247E-02-3.719016724E-02-3.584616658E-02-3.446392644E-02-3.304500680E-02
-3.159116767E-02-3.010438540E-02-2.858677509E-02-2.704050274E-02-2.546769792E-02
-2.387030551E-02-2.224996747E-02-2.060786419E-02-1.894455079E-02-1.725979589E-02
-1.555240370E-02-1.382032914E-02-1.206116319E-02-1.027286595E-02-8.454597251E-03
-6.607472083E-03-4.734925746E-03-2.842821012E-03-9.393516952E-04 9.682408704E-04
 2.879080733E-03 4.793494651E-03 6.711340668E-03 8.632426027E-03 1.055659105E-02
 1.248368510E-02 1.441357769E-02 1.634621912E-02 1.828115469E-02 9.344480682E-03
 8.000361513E-03 6.660583601E-03 5.326074623E-03 3.997004520E-03 2.673709202E-03
 1.356836300E-03 4.640846826E-05-1.263843518E-03-2.585359784E-03-3.920666908E-03
-5.269612051E-03-6.631719472E-03-8.005624215E-03-9.389168172E-03-1.077986133E-02
-1.217525081E-02-1.357304531E-02-1.497111258E-02-1.636746025E-02-1.776021364E-02
-1.914760028E-02-2.052795322E-02-2.189970619E-02-2.326138642E-02-2.461159673E-02
-2.594899699E-02-2.727228878E-02-2.858019681E-02-2.987145577E-02-3.114479933E-02
-3.239893250E-02-3.363254862E-02-3.484433131E-02-3.603295512E-02-3.719711699E-02
-3.833552316E-02-3.944691609E-02-4.053012110E-02-4.158415325E-02-4.260816122E-02
-4.360132871E-02-4.456282631E-02-4.549174839E-02-4.638706575E-02-4.724768326E-02
-4.807267218E-02-4.886157134E-02-4.961398517E-02-5.032924998E-02-5.100656683E-02
-5.164538007E-02-5.224528629E-02-5.280579215E-02-5.332638270E-02-5.380668947E-02
-5.424627168E-02-5.464479270E-02-5.500186330E-02-5.531719753E-02-5.559045957E-02
-5.582136801E-02-5.600966044E-02-5.615508415E-02-5.625742378E-02-5.631643629E-02
-5.633198802E-02-5.630381420E-02-5.623185780E-02-5.611592889E-02-5.595579588E-02
-5.575156738E-02-5.550305838E-02-5.520997059E-02-5.487235189E-02-5.449027165E-02
-5.406368525E-02-5.359248177E-02-5.307652986E-02-5.251571224E-02-5.190994731E-02
-5.125920440E-02-5.056350704E-02-4.982293423E-02-4.903763400E-02-4.820778411E-02
-4.733348091E-02-4.641472173E-02-4.545152502E-02-4.444400986E-02-4.339239927E-02
-4.229702035E-02-4.115832791E-02-3.997689556E-02-3.875345030E-02-3.748886320E-02
-3.618418174E-02-3.484063136E-02-3.345964251E-02-3.204285614E-02-3.059212486E-02
-2.910948878E-02-2.759707922E-02-2.605703659E-02-2.449135462E-02-2.290177509E-02
-2.128963416E-02-1.965576092E-02-1.800029040E-02-1.632248550E-02-1.462072524E-02
-1.289276298E-02-1.113636611E-02-9.350074642E-03-7.533986644E-03-5.690325794E-03
-3.823598427E-03-1.940767691E-03-5.015281334E-05 1.844095276E-03 3.742293085E-03
 5.644521237E-03 7.550535164E-03 9.460136627E-03 1.137315107E-02 1.328941103E-02
 1.520877211E-02 1.713117961E-02 1.905612964E-02 9.460469676E-03 8.126205673E-03
 6.796722975E-03 5.473039962E-03 4.155343605E-03 2.843990213E-03 1.539582370E-03
 2.425380594E-04-1.051927661E-03-2.356299737E-03-3.674050367E-03-5.005166015E-03
-6.349288014E-03-7.705242482E-03-9.071019738E-03-1.044419030E-02-1.182230230E-02
-1.320305358E-02-1.458430810E-02-1.596407497E-02-1.734048048E-02-1.871175358E-02
-2.007622325E-02-2.143231075E-02-2.277853688E-02-2.411349467E-02-2.543583934E-02
-2.674426852E-02-2.803750914E-02-2.931429669E-02-3.057337081E-02-3.181344847E-02
-3.303322160E-02-3.423136848E-02-3.540653542E-02-3.655738894E-02-3.768265481E-02
-3.878120557E-02-3.985206748E-02-4.089432471E-02-4.190707595E-02-4.288937817E-02
-4.384021677E-02-4.475847578E-02-4.564301011E-02-4.649295993E-02-4.730784159E-02
-4.808716197E-02-4.883018021E-02-4.953603772E-02-5.020414170E-02-5.083406224E-02
-5.142526791E-02-5.197718498E-02-5.248940511E-02-5.296149677E-02-5.339303538E-02
-5.378365546E-02-5.413300630E-02-5.444073940E-02-5.470657283E-02-5.493018949E-02
-5.511134122E-02-5.524975885E-02-5.534524621E-02-5.539753275E-02-5.540650697E-02
-5.537187653E-02-5.529359956E-02-5.517149240E-02-5.500527267E-02-5.479505492E-02
-5.454071987E-02-5.424192280E-02-5.389863168E-02-5.351093146E-02-5.307881087E-02
-5.260218133E-02-5.208091814E-02-5.151489962E-02-5.090403770E-02-5.024828439E-02
-4.954764013E-02-4.880216582E-02-4.801197844E-02-4.717725999E-02-4.629823652E-02
-4.537507114E-02-4.440785453E-02-4.339672206E-02-4.234191385E-02-4.124379862E-02
-4.010286043E-02-3.891973074E-02-3.769518419E-02-3.643016114E-02-3.512577972E-02
-3.378334689E-02-3.240438280E-02-3.099060579E-02-2.954393925E-02-2.806642405E-02
-2.656015396E-02-2.502714961E-02-2.346924009E-02-2.188792392E-02-2.028425012E-02
-1.865863778E-02-1.701074950E-02-1.533936817E-02-1.364252075E-02-1.191797089E-02
-1.016389037E-02-8.379617291E-03-6.566339783E-03-4.727407964E-03-2.868432365E-03
-9.972376189E-04 8.791871559E-04 2.759884187E-03 4.645167419E-03 6.534848992E-03
 8.428680358E-03 1.032645418E-02 1.222797867E-02 1.413307014E-02 1.604157015E-02
 1.795341867E-02 1.986806193E-02 9.581811737E-03 8.257789071E-03 6.938997374E-03
 5.626547047E-03 4.320639946E-03 3.021652814E-03 1.730158874E-03 4.469090709E-04
-8.315301896E-04-2.118059342E-03-3.417421070E-03-4.729860977E-03-6.055111135E-03
-7.392192921E-03-8.739269919E-03-1.009399841E-02-1.145393863E-02-1.281677706E-02
-1.418036972E-02-1.554272039E-02-1.690195072E-02-1.825628926E-02-1.960406018E-02
-2.094367273E-02-2.227363585E-02-2.359253088E-02-2.489900698E-02-2.619175205E-02
-2.746948957E-02-2.873095438E-02-2.997488187E-02-3.119999394E-02-3.240497050E-02
-3.358847918E-02-3.474918222E-02-3.588583039E-02-3.699733716E-02-3.808268501E-02
-3.914089063E-02-4.017095383E-02-4.117183905E-02-4.214244249E-02-4.308156012E-02
-4.398804414E-02-4.486108102E-02-4.570014163E-02-4.650464386E-02-4.727375048E-02
-4.800656435E-02-4.870246059E-02-4.936095224E-02-4.998147619E-02-5.056341867E-02
-5.110630341E-02-5.160970481E-02-5.207311106E-02-5.249618347E-02-5.287847844E-02
-5.321968871E-02-5.351944045E-02-5.377743982E-02-5.399338420E-02-5.416701445E-02
-5.429805701E-02-5.438631730E-02-5.443151775E-02-5.443355292E-02-5.439210625E-02
-5.430714952E-02-5.417850561E-02-5.400584956E-02-5.378928667E-02-5.352875855E-02
-5.322391682E-02-5.287462695E-02-5.248097768E-02-5.204299271E-02-5.156060564E-02
-5.103370748E-02-5.046218329E-02-4.984594129E-02-4.918492899E-02-4.847914417E-02
-4.772863408E-02-4.693350654E-02-4.609393614E-02-4.521016174E-02-4.428247662E-02
-4.331113886E-02-4.229635451E-02-4.123840306E-02-4.013767904E-02-3.899472160E-02
-3.781020981E-02-3.658497945E-02-3.532004214E-02-3.401658667E-02-3.267601327E-02
-3.129991137E-02-2.989008036E-02-2.844845663E-02-2.697705248E-02-2.547785877E-02
-2.395271911E-02-2.240322896E-02-2.083059355E-02-1.923549797E-02-1.761795746E-02
-1.597713810E-02-1.431140391E-02-1.261863516E-02-1.089682916E-02-9.144802314E-03
-7.362898765E-03-5.553465524E-03-3.720962613E-03-1.872149652E-03-1.493875094E-05
 1.847003867E-03 3.714006080E-03 5.586074004E-03 7.462909973E-03 9.344265271E-03
 1.122991769E-02 1.311965871E-02 1.501328942E-02 1.691063854E-02 1.881164166E-02
 2.071569493E-02 9.708371024E-03 8.394953616E-03 7.087223145E-03 5.786382281E-03
 4.492646879E-03 3.206416981E-03 1.928242867E-03 6.591065427E-04-6.031716750E-04
-1.871198681E-03-3.151368223E-03-4.444321933E-03-5.749850180E-03-7.067171669E-03
-8.394646627E-03-9.730040419E-03-1.107093641E-02-1.241500861E-02-1.376009884E-02
-1.510420016E-02-1.644542806E-02-1.778200795E-02-1.911225582E-02-2.043457161E-02
-2.174744956E-02-2.304945499E-02-2.433922540E-02-2.561543931E-02-2.687680762E-02
-2.812205899E-02-2.934991452E-02-3.055908520E-02-3.174826397E-02-3.291618163E-02
-3.406167562E-02-3.518364015E-02-3.628101523E-02-3.735273761E-02-3.839772142E-02
-3.941485320E-02-4.040293720E-02-4.136072615E-02-4.228706826E-02-4.318118628E-02
-4.404249837E-02-4.487030699E-02-4.566371250E-02-4.642177826E-02-4.714382230E-02
-4.782931976E-02-4.847767595E-02-4.908822097E-02-4.966040517E-02-5.019380571E-02
-5.068786199E-02-5.114217759E-02-5.155630014E-02-5.192987049E-02-5.226249537E-02
-5.255386241E-02-5.280362625E-02-5.301150852E-02-5.317722770E-02-5.330052436E-02
-5.338117847E-02-5.341892794E-02-5.341365645E-02-5.336502906E-02-5.327303230E-02
-5.313749637E-02-5.295806014E-02-5.273480310E-02-5.246772000E-02-5.215649561E-02
-5.180089775E-02-5.140099179E-02-5.095683137E-02-5.046838411E-02-4.993556291E-02
-4.935825845E-02-4.873638713E-02-4.806990391E-02-4.735880457E-02-4.660314339E-02
-4.580303268E-02-4.495864422E-02-4.407022847E-02-4.313810854E-02-4.216266533E-02
-4.114427916E-02-4.008330290E-02-3.898018341E-02-3.783550531E-02-3.665000547E-02
-3.542459155E-02-3.416033918E-02-3.285853024E-02-3.152063031E-02-3.014831126E-02
-2.874339694E-02-2.730780197E-02-2.584345773E-02-2.435218870E-02-2.283562941E-02
-2.129507597E-02-1.973139300E-02-1.814484914E-02-1.653496231E-02-1.490045780E-02
-1.323943675E-02-1.154988675E-02-9.830305669E-03-8.080396833E-03-6.301650600E-03
-4.497561785E-03-2.673737316E-03-8.377525630E-04 1.004191585E-03 2.851625153E-03
 4.704783799E-03 6.563386208E-03 8.427133349E-03 1.029576890E-02 1.216905427E-02
 1.404676554E-02 1.592868882E-02 1.781463979E-02 1.970454991E-02 2.159776575E-02
 9.840012483E-03 8.537538483E-03 7.241212352E-03 5.952329068E-03 4.671116695E-03
 3.398001211E-03 2.133521930E-03 8.787538934E-04-3.674004317E-04-1.616310034E-03
-2.876512090E-03-4.149215834E-03-5.434220973E-03-6.730935247E-03-8.037932997E-03
-9.353112975E-03-1.067409802E-02-1.199855458E-02-1.332430496E-02-1.464932496E-02
-1.597172108E-02-1.728971240E-02-1.860160627E-02-1.990579131E-02-2.120074339E-02
-2.248501392E-02-2.375721870E-02-2.501602418E-02-2.626012204E-02-2.748821865E-02
-2.869903095E-02-2.989130253E-02-3.106386296E-02-3.221560770E-02-3.334545223E-02
-3.445228627E-02-3.553498123E-02-3.659239261E-02-3.762331992E-02-3.862650533E-02
-3.960065852E-02-4.054465470E-02-4.145773122E-02-4.233922011E-02-4.318834088E-02
-4.400412790E-02-4.478559269E-02-4.553202284E-02-4.624284007E-02-4.691739812E-02
-4.755499583E-02-4.815501507E-02-4.871699327E-02-4.924035491E-02-4.972460403E-02
-5.016933453E-02-5.057406471E-02-5.093845384E-02-5.126207924E-02-5.154463092E-02
-5.178575466E-02-5.198517457E-02-5.214258587E-02-5.225775444E-02-5.233041838E-02
-5.236034757E-02-5.234740307E-02-5.229123578E-02-5.219184303E-02-5.204905982E-02
-5.186249959E-02-5.163221057E-02-5.135823224E-02-5.104029524E-02-5.067809210E-02
-5.027164526E-02-4.982103460E-02-4.932625719E-02-4.878725420E-02-4.820394155E-02
-4.757623924E-02-4.690410995E-02-4.618757019E-02-4.542668312E-02-4.462157044E-02
-4.377242879E-02-4.287951960E-02-4.194318536E-02-4.096386026E-02-3.994204312E-02
-3.887826018E-02-3.777304515E-02-3.662703776E-02-3.544104464E-02-3.421603523E-02
-3.295317766E-02-3.165381795E-02-3.031950121E-02-2.895193317E-02-2.755292036E-02
-2.612431197E-02-2.466788711E-02-2.318527567E-02-2.167782615E-02-2.014651993E-02
-1.859180806E-02-1.701348639E-02-1.541058687E-02-1.378146668E-02-1.212420501E-02
-1.043715749E-02-8.719595293E-03-6.972323977E-03-5.198021084E-03-3.401309099E-03
-1.588946041E-03 2.317883449E-04 2.058438104E-03 3.891396452E-03 5.730528606E-03
 7.575479667E-03 9.425952444E-03 1.128167581E-02 1.314239573E-02 1.500787440E-02
 1.687788472E-02 1.875223061E-02 2.063083993E-02 2.251300988E-02 9.976600217E-03
 8.685383897E-03 7.400778718E-03 6.124171673E-03 4.855801227E-03 3.596123561E-03
 2.345682600E-03 1.105481317E-03-1.247325165E-04-1.354002719E-03-2.593507554E-03
-3.845242420E-03-5.108969858E-03-6.384265413E-03-7.669930410E-03-8.964026374E-03
-1.026423963E-02-1.156823292E-02-1.287380516E-02-1.417891218E-02-1.548164695E-02
-1.678021408E-02-1.807291241E-02-1.935812053E-02-2.063429025E-02-2.189995733E-02
-2.315371235E-02-2.439419448E-02-2.562007812E-02-2.683007662E-02-2.802298836E-02
-2.919770716E-02-3.035316018E-02-3.148826808E-02-3.260192595E-02-3.369297511E-02
-3.476021604E-02-3.580240140E-02-3.681820878E-02-3.780632392E-02-3.876566739E-02
-3.969544664E-02-4.059492677E-02-4.146323814E-02-4.229934998E-02-4.310224983E-02
-4.387117117E-02-4.460547661E-02-4.530449147E-02-4.596747394E-02-4.659372506E-02
-4.718273066E-02-4.773393598E-02-4.824672991E-02-4.872071587E-02-4.915534362E-02
-4.955024320E-02-4.990496732E-02-5.021916274E-02-5.049245894E-02-5.072452712E-02
-5.091507418E-02-5.106378089E-02-5.117043236E-02-5.123472261E-02-5.125645898E-02
-5.123547067E-02-5.117140035E-02-5.106425650E-02-5.091388102E-02-5.071986949E-02
-5.048222719E-02-5.020102602E-02-4.987605658E-02-4.950697911E-02-4.909373978E-02
-4.863643168E-02-4.813509419E-02-4.758970207E-02-4.700019366E-02-4.636650682E-02
-4.568862061E-02-4.496656468E-02-4.420042644E-02-4.339035585E-02-4.253656524E-02
-4.163935026E-02-4.069908777E-02-3.971623748E-02-3.869136905E-02-3.762513356E-02
-3.651822697E-02-3.537139479E-02-3.418550323E-02-3.296161167E-02-3.170095244E-02
-3.040494858E-02-2.907518525E-02-2.771335416E-02-2.632120652E-02-2.490045388E-02
-2.345268998E-02-2.197927931E-02-2.048126560E-02-1.895923259E-02-1.741318867E-02
-1.584242028E-02-1.424554052E-02-1.262076479E-02-1.096640499E-02-9.281456386E-03
-7.566204322E-03-5.822655341E-03-4.054643580E-03-2.267979780E-03-4.699742941E-04
 1.334658011E-03 3.146163991E-03 4.964602186E-03 6.789578140E-03 8.620748994E-03
 1.045781058E-02 1.230047694E-02 1.414848021E-02 1.600156924E-02 1.785950375E-02
 1.972207659E-02 2.158921320E-02 2.346016319E-02 1.011799942E-02 8.838329807E-03
 7.565736535E-03 6.301698818E-03 5.046463822E-03 3.800516967E-03 2.564412413E-03
 1.339000643E-03 1.246731683E-04-1.084831535E-03-2.303041483E-03-3.533112038E-03
-4.774846432E-03-6.027951495E-03-7.291454761E-03-8.563607464E-03-9.842190181E-03
-1.112487386E-02-1.240943071E-02-1.369379151E-02-1.497603067E-02-1.625433460E-02
-1.752698781E-02-1.879235670E-02-2.004887270E-02-2.129504130E-02-2.252942720E-02
-2.375065947E-02-2.495744992E-02-2.614863335E-02-2.732310781E-02-2.847980142E-02
-2.961763602E-02-3.073549909E-02-3.183224826E-02-3.290667688E-02-3.395749666E-02
-3.498335906E-02-3.598295479E-02-3.695522833E-02-3.789935805E-02-3.881452462E-02
-3.969978035E-02-4.055405675E-02-4.137629360E-02-4.216567765E-02-4.292153185E-02
-4.364312775E-02-4.432968095E-02-4.498044155E-02-4.559482373E-02-4.617227763E-02
-4.671211283E-02-4.721386644E-02-4.767702480E-02-4.810108220E-02-4.848565260E-02
-4.883025763E-02-4.913456474E-02-4.939816573E-02-4.962075270E-02-4.980200419E-02
-4.994160485E-02-5.003933976E-02-5.009486905E-02-5.010803849E-02-5.007864194E-02
-5.000631788E-02-4.989108031E-02-4.973277472E-02-4.953098930E-02-4.928568930E-02
-4.899697070E-02-4.866467756E-02-4.828847014E-02-4.786821613E-02-4.740401396E-02
-4.689593374E-02-4.634398448E-02-4.574814806E-02-4.510838746E-02-4.442468768E-02
-4.369710870E-02-4.292576727E-02-4.211083724E-02-4.125257412E-02-4.035130666E-02
-3.940744796E-02-3.842151506E-02-3.739411775E-02-3.632598259E-02-3.521794444E-02
-3.407090155E-02-3.288584151E-02-3.166388562E-02-3.040633974E-02-2.911466974E-02
-2.779045003E-02-2.643532390E-02-2.505091758E-02-2.363876482E-02-2.220021384E-02
-2.073633048E-02-1.924778473E-02-1.773473527E-02-1.619667629E-02-1.463245217E-02
-1.304043819E-02-1.141897622E-02-9.766901057E-03-8.084115020E-03-6.372072089E-03
-4.633952651E-03-2.874754142E-03-1.101321632E-03 6.802766754E-04 2.469171489E-03
 4.265703889E-03 6.069547161E-03 7.880297464E-03 9.697612953E-03 1.152117506E-02
 1.335068472E-02 1.518586219E-02 1.702644496E-02 1.887218110E-02 2.072285286E-02
 2.257838322E-02 2.443797495E-02 1.026408080E-02 8.996231025E-03 7.735925248E-03
 6.484731026E-03 5.242899030E-03 4.010937067E-03 2.789407661E-03 1.579065566E-03
 3.808177692E-04-8.093241965E-04-2.005812060E-03-3.213542733E-03-4.432608404E-03
-5.662790815E-03-6.903333199E-03-8.152701050E-03-9.408799399E-03-1.066932395E-02
-1.193202588E-02-1.319480777E-02-1.445571346E-02-1.571290806E-02-1.696466070E-02
-1.820931349E-02-1.944527768E-02-2.067103822E-02-2.188516831E-02-2.308638057E-02
-2.427348536E-02-2.544535665E-02-2.660089470E-02-2.773899873E-02-2.885855628E-02
-2.995842273E-02-3.103739797E-02-3.209421162E-02-3.312751225E-02-3.413601815E-02
-3.511872091E-02-3.607474681E-02-3.700319168E-02-3.790305308E-02-3.877320944E-02
-3.961257003E-02-4.042028502E-02-4.119561338E-02-4.193778381E-02-4.264598680E-02
-4.331941140E-02-4.395738638E-02-4.455935621E-02-4.512460811E-02-4.565255760E-02
-4.614273739E-02-4.659452635E-02-4.700753477E-02-4.738125285E-02-4.771527950E-02
-4.800922014E-02-4.826268171E-02-4.847535200E-02-4.864688069E-02-4.877697500E-02
-4.886539497E-02-4.891178269E-02-4.891601400E-02-4.887784485E-02-4.879691616E-02
-4.867324881E-02-4.850669522E-02-4.829684052E-02-4.804360244E-02-4.774709152E-02
-4.740721112E-02-4.702365293E-02-4.659620573E-02-4.612494773E-02-4.560998996E-02
-4.505138379E-02-4.444914276E-02-4.380326998E-02-4.311378089E-02-4.238074636E-02
-4.160431707E-02-4.078471602E-02-3.992223100E-02-3.901723714E-02-3.807020455E-02
-3.708169370E-02-3.605238185E-02-3.498305934E-02-3.387463957E-02-3.272817227E-02
-3.154478462E-02-3.032569751E-02-2.907225771E-02-2.778592083E-02-2.646821709E-02
-2.512067545E-02-2.374475224E-02-2.234175249E-02-2.091273294E-02-1.945840875E-02
-1.797903566E-02-1.647427031E-02-1.494315256E-02-1.338422122E-02-1.179589241E-02
-1.017692693E-02-8.526962531E-03-6.847015818E-03-5.139726358E-03-3.409405315E-03
-1.662249659E-03 9.507665185E-05 1.860267510E-03 3.633756517E-03 5.415344581E-03
 7.204583384E-03 9.001091904E-03 1.080452038E-02 1.261453854E-02 1.443083584E-02
 1.625312109E-02 1.808112085E-02 1.991457268E-02 2.175324992E-02 2.359707469E-02
 2.544520425E-02 1.041475668E-02 9.158986184E-03 7.911220818E-03 6.673112686E-03
 5.444913724E-03 4.227150978E-03 3.020399009E-03 1.825349758E-03 6.432173215E-04
-5.281241148E-04-1.702505573E-03-2.887253316E-03-4.083020231E-03-5.289593425E-03
-6.506411808E-03-7.732171288E-03-8.964935362E-03-1.020245212E-02-1.144245771E-02
-1.268282145E-02-1.392155435E-02-1.515678998E-02-1.638677064E-02-1.760982047E-02
-1.882434945E-02-2.002889367E-02-2.122211709E-02-2.240277430E-02-2.356968632E-02
-2.472170366E-02-2.585769332E-02-2.697652169E-02-2.807703367E-02-2.915803136E-02
-3.021824593E-02-3.125637592E-02-3.227121081E-02-3.326176399E-02-3.422713751E-02
-3.516637230E-02-3.607839731E-02-3.696205571E-02-3.781623097E-02-3.864001993E-02
-3.943263830E-02-4.019327620E-02-4.092107691E-02-4.161518405E-02-4.227485997E-02
-4.289950911E-02-4.348841826E-02-4.404087812E-02-4.455642488E-02-4.503442155E-02
-4.547435113E-02-4.587577200E-02-4.623814651E-02-4.656111202E-02-4.684421235E-02
-4.708708622E-02-4.728939677E-02-4.745077436E-02-4.757095366E-02-4.764965403E-02
-4.768652051E-02-4.768144793E-02-4.763415707E-02-4.754429494E-02-4.741188303E-02
-4.723677705E-02-4.701856841E-02-4.675713728E-02-4.645260430E-02-4.610491677E-02
-4.571380828E-02-4.527902515E-02-4.480061165E-02-4.427870231E-02-4.371338904E-02
-4.310473625E-02-4.245279096E-02-4.175759833E-02-4.101925735E-02-4.023795373E-02
-3.941394645E-02-3.854758219E-02-3.763928853E-02-3.668958274E-02-3.569909870E-02
-3.466857488E-02-3.359887367E-02-3.249099605E-02-3.134606442E-02-3.016533189E-02
-2.895012404E-02-2.770180034E-02-2.642177357E-02-2.511146606E-02-2.377224420E-02
-2.240534986E-02-2.101180617E-02-1.959233868E-02-1.814725850E-02-1.667633900E-02
-1.517877608E-02-1.365326304E-02-1.209831316E-02-1.051267439E-02-8.895816177E-03
-7.248423842E-03-5.572694976E-03-3.872388968E-03-2.153005036E-03-4.212056276E-04
 1.319129686E-03 3.068449827E-03 4.826716467E-03 6.593413520E-03 8.368104898E-03
 1.015040711E-02 1.193996186E-02 1.373643171E-02 1.553949848E-02 1.734886231E-02
 1.916424001E-02 2.098535888E-02 2.281198358E-02 2.464403581E-02 2.648062943E-02
 1.056997174E-02 9.326510866E-03 8.091506547E-03 6.866693259E-03 5.652321907E-03
 4.448934198E-03 3.257123554E-03 2.077546657E-03 9.114380768E-04-2.418860229E-04
-1.393820109E-03-2.554969425E-03-3.726853951E-03-4.909178365E-03-6.101550585E-03
-7.302906269E-03-8.511493777E-03-9.725150334E-03-1.094161685E-02-1.215872033E-02
-1.337443084E-02-1.458685111E-02-1.579419808E-02-1.699482228E-02-1.818721253E-02
-1.936996079E-02-2.054174900E-02-2.170131557E-02-2.284745039E-02-2.397897063E-02
-2.509470847E-02-2.619348359E-02-2.727408291E-02-2.833524366E-02-2.937569462E-02
-3.039430978E-02-3.139015079E-02-3.236229297E-02-3.330974110E-02-3.423140864E-02
-3.512610962E-02-3.599268685E-02-3.683020452E-02-3.763783202E-02-3.841470743E-02
-3.915994517E-02-3.987265514E-02-4.055202011E-02-4.119738278E-02-4.180805787E-02
-4.238324909E-02-4.292240477E-02-4.342494240E-02-4.389019868E-02-4.431775350E-02
-4.470703101E-02-4.505757746E-02-4.536897447E-02-4.564076219E-02-4.587259419E-02
-4.606410040E-02-4.621490741E-02-4.632476728E-02-4.639335409E-02-4.642033374E-02
-4.640560212E-02-4.634884692E-02-4.624972843E-02-4.610827184E-02-4.592434018E-02
-4.569753219E-02-4.542768620E-02-4.511492660E-02-4.475924921E-02-4.436044315E-02
-4.391823470E-02-4.343260953E-02-4.290373283E-02-4.233174339E-02-4.171674253E-02
-4.105882834E-02-4.035810498E-02-3.961469651E-02-3.882881243E-02-3.800077243E-02
-3.713097139E-02-3.621989447E-02-3.526813319E-02-3.427637838E-02-3.324544922E-02
-3.217629042E-02-3.106996354E-02-2.992766395E-02-2.875068967E-02-2.754040084E-02
-2.629817170E-02-2.502533013E-02-2.372314255E-02-2.239277130E-02-2.103518644E-02
-1.965109641E-02-1.824083490E-02-1.680425096E-02-1.534065781E-02-1.384888522E-02
-1.232755148E-02-1.077543238E-02-9.191906089E-03-7.577422808E-03-5.933825797E-03
-4.264422060E-03-2.574118602E-03-8.693004370E-04 8.451956388E-04 2.569281474E-03
 4.303164335E-03 6.046327455E-03 7.798257196E-03 9.558518397E-03 1.132670954E-02
 1.310245912E-02 1.488542328E-02 1.667528130E-02 1.847172910E-02 2.027447759E-02
 2.208324646E-02 2.389779288E-02 2.571803802E-02 2.754305356E-02 1.072967195E-02
 9.498722009E-03 8.276668397E-03 7.065324401E-03 5.864939295E-03 4.676067596E-03
 3.499325662E-03 2.335360304E-03 1.185187593E-03 4.910797338E-05-1.080392202E-03
-2.217438076E-03-3.364885400E-03-4.522371878E-03-5.689623223E-03-6.865810027E-03
-8.049397243E-03-9.238345951E-03-1.043041937E-02-1.162341274E-02-1.281525646E-02
-1.400403857E-02-1.518801785E-02-1.636559971E-02-1.753529702E-02-1.869570582E-02
-1.984548684E-02-2.098334895E-02-2.210804642E-02-2.321835866E-02-2.431306524E-02
-2.539092930E-02-2.645067933E-02-2.749107396E-02-2.851105217E-02-2.950968752E-02
-3.048606085E-02-3.143917120E-02-3.236791556E-02-3.327111385E-02-3.414761102E-02
-3.499642823E-02-3.581668126E-02-3.660747824E-02-3.736789989E-02-3.809701231E-02
-3.879394063E-02-3.945796558E-02-4.008840468E-02-4.068441243E-02-4.124531547E-02
-4.177058580E-02-4.225948784E-02-4.271149645E-02-4.312610639E-02-4.350272118E-02
-4.384094095E-02-4.414026950E-02-4.440027885E-02-4.462061141E-02-4.480086886E-02
-4.494069024E-02-4.503982565E-02-4.509790910E-02-4.511464180E-02-4.508991016E-02
-4.502337442E-02-4.491470988E-02-4.476393905E-02-4.457092909E-02-4.433529547E-02
-4.405684937E-02-4.373571530E-02-4.337192086E-02-4.296530769E-02-4.251562573E-02
-4.202280712E-02-4.148701847E-02-4.090844182E-02-4.028723880E-02-3.962355750E-02
-3.891754834E-02-3.816939452E-02-3.737933895E-02-3.654773352E-02-3.567504338E-02
-3.476182334E-02-3.380872334E-02-3.281652254E-02-3.178611124E-02-3.071849604E-02
-2.961480734E-02-2.847626801E-02-2.730416551E-02-2.609983109E-02-2.486457444E-02
-2.359962218E-02-2.230606000E-02-2.098478879E-02-1.963647699E-02-1.826145396E-02
-1.685960951E-02-1.543034071E-02-1.397259125E-02-1.248508340E-02-1.096664765E-02
-9.416628562E-03-7.835319923E-03-6.224293739E-03-4.586492511E-03-2.926332068E-03
-1.249803815E-03 4.377597723E-04 2.135577333E-03 3.844038331E-03 5.562675655E-03
 7.290907683E-03 9.028243732E-03 1.077423292E-02 1.252845672E-02 1.429052901E-02
 1.606009310E-02 1.783681891E-02 1.962039968E-02 2.141054732E-02 2.320697926E-02
 2.500944903E-02 2.681787950E-02 2.863130243E-02 1.089380191E-02 9.675533392E-03
 8.466589570E-03 7.268859758E-03 6.082589285E-03 4.908342796E-03 3.746755067E-03
 2.598467994E-03 1.464339778E-03 3.453809759E-04-7.627109689E-04-1.875454704E-03
-2.997903354E-03-4.130001548E-03-5.271512908E-03-6.421812615E-03-7.579597078E-03
-8.742993394E-03-9.909819702E-03-1.107786664E-02-1.224507482E-02-1.340955895E-02
-1.456959238E-02-1.572358060E-02-1.687002359E-02-1.800749812E-02-1.913463981E-02
-2.025013034E-02-2.135267687E-02-2.244100766E-02-2.351384352E-02-2.456989776E-02
-2.560795328E-02-2.662698065E-02-2.762605528E-02-2.860423915E-02-2.956052833E-02
-3.049384492E-02-3.140301880E-02-3.228689907E-02-3.314450818E-02-3.397494077E-02
-3.477726073E-02-3.555051129E-02-3.629373752E-02-3.700601566E-02-3.768654755E-02
-3.833463149E-02-3.894942783E-02-3.953014249E-02-4.007622189E-02-4.058695659E-02
-4.106166283E-02-4.149988055E-02-4.190096896E-02-4.226441961E-02-4.258978986E-02
-4.287655764E-02-4.312432573E-02-4.333270560E-02-4.350128062E-02-4.362971531E-02
-4.371773795E-02-4.376495246E-02-4.377109992E-02-4.373604599E-02-4.365942786E-02
-4.354094199E-02-4.338061309E-02-4.317831655E-02-4.293368265E-02-4.264649275E-02
-4.231686919E-02-4.194487992E-02-4.153042402E-02-4.107328116E-02-4.057333635E-02
-4.003075951E-02-3.944578086E-02-3.881860373E-02-3.814943217E-02-3.743848753E-02
-3.668600679E-02-3.589227516E-02-3.505769351E-02-3.418278091E-02-3.326816127E-02
-3.231457434E-02-3.132285943E-02-3.029397166E-02-2.922897658E-02-2.812902353E-02
-2.699532178E-02-2.582912001E-02-2.463164825E-02-2.340408833E-02-2.214750619E-02
-2.086277661E-02-1.955052189E-02-1.821104431E-02-1.684424486E-02-1.544957537E-02
-1.402607058E-02-1.257255246E-02-1.108792364E-02-9.571536642E-03-8.023593302E-03
-6.445467843E-03-4.839815397E-03-3.210643128E-03-1.563519167E-03 9.601429339E-05
 1.766537725E-03 3.448555846E-03 5.141692155E-03 6.845300224E-03 8.558829369E-03
 1.028178016E-02 1.201368762E-02 1.375412086E-02 1.550268065E-02 1.725899695E-02
 1.902272731E-02 2.079355468E-02 2.257118412E-02 2.435533307E-02 2.614575963E-02
 2.794239424E-02 2.974423377E-02 1.106230086E-02 9.856859254E-03 8.661157383E-03
 7.477156851E-03 6.305098080E-03 5.145554559E-03 3.999175589E-03 2.866604974E-03
 1.748605788E-03 6.465327389E-04-4.414959867E-04-1.529785102E-03-2.626696763E-03
-3.732912061E-03-4.848117525E-03-5.971861486E-03-7.103079496E-03-8.240097255E-03
-9.380864206E-03-1.052324202E-02-1.166518091E-02-1.280478509E-02-1.394030872E-02
-1.507012583E-02-1.619271239E-02-1.730662036E-02-1.841045779E-02-1.950286515E-02
-2.058250120E-02-2.164803292E-02-2.269814682E-02-2.373163708E-02-2.474748077E-02
-2.574473220E-02-2.672242680E-02-2.767955686E-02-2.861504580E-02-2.952775045E-02
-3.041655173E-02-3.128046539E-02-3.211857638E-02-3.292995029E-02-3.371361827E-02
-3.446859276E-02-3.519390373E-02-3.588869343E-02-3.655222761E-02-3.718368104E-02
-3.778216331E-02-3.834703313E-02-3.887765284E-02-3.937322950E-02-3.983322343E-02
-4.025706278E-02-4.064409622E-02-4.099388064E-02-4.130588753E-02-4.157962038E-02
-4.181468833E-02-4.201067040E-02-4.216714386E-02-4.228379821E-02-4.236032820E-02
-4.239632192E-02-4.239156143E-02-4.234588926E-02-4.225892618E-02-4.213038874E-02
-4.196029772E-02-4.174853499E-02-4.149475597E-02-4.119872912E-02-4.086057105E-02
-4.048037368E-02-4.005808771E-02-3.959355132E-02-3.908663385E-02-3.853747570E-02
-3.794634709E-02-3.731351555E-02-3.663924207E-02-3.592380105E-02-3.516750745E-02
-3.437071431E-02-3.353385001E-02-3.265749646E-02-3.174235621E-02-3.078922445E-02
-2.979900731E-02-2.877270654E-02-2.771139748E-02-2.661621253E-02-2.548831783E-02
-2.432885770E-02-2.313893541E-02-2.191954412E-02-2.067152493E-02-1.939549287E-02
-1.809175018E-02-1.676019415E-02-1.540030639E-02-1.401119278E-02-1.259176803E-02
-1.114101727E-02-9.658332960E-03-8.143877892E-03-6.598891343E-03-5.025806996E-03
-3.428304964E-03-1.811531498E-03-1.810032363E-04 1.461191736E-03 3.115780029E-03
 4.782478550E-03 6.460563111E-03 8.149424025E-03 9.848513785E-03 1.155732040E-02
 1.327536813E-02 1.500221588E-02 1.673745411E-02 1.848070223E-02 2.023160652E-02
 2.198983853E-02 2.375509289E-02 2.552707842E-02 2.730554912E-02 2.909044513E-02
 3.088073960E-02 1.123510895E-02 1.004261287E-02 8.860257532E-03 7.690074007E-03
 6.532297610E-03 5.387507687E-03 4.256361697E-03 3.139517215E-03 2.037690852E-03
 9.521466195E-04-1.173209910E-04-1.181173834E-03-2.252069221E-03-3.331949355E-03
-4.420346898E-03-5.516929187E-03-6.620880128E-03-7.730790781E-03-8.844805392E-03
-9.960867010E-03-1.107692595E-02-1.219105751E-02-1.330147509E-02-1.440651538E-02
-1.550462333E-02-1.659431170E-02-1.767414874E-02-1.874273275E-02-1.979866921E-02
-2.084060530E-02-2.186733351E-02-2.287780626E-02-2.387103807E-02-2.484603496E-02
-2.580176977E-02-2.673716654E-02-2.765109846E-02-2.854245811E-02-2.941027830E-02
-3.025365119E-02-3.107163378E-02-3.186326032E-02-3.262755293E-02-3.336352468E-02
-3.407025744E-02-3.474696166E-02-3.539283378E-02-3.600693979E-02-3.658852234E-02
-3.713697493E-02-3.765148113E-02-3.813135096E-02-3.857607602E-02-3.898495602E-02
-3.935742888E-02-3.969302587E-02-3.999117295E-02-4.025141105E-02-4.047333030E-02
-4.065648671E-02-4.080046369E-02-4.090496607E-02-4.096965230E-02-4.099410893E-02
-4.097815069E-02-4.092159237E-02-4.082404511E-02-4.068525126E-02-4.050523404E-02
-4.028388470E-02-4.002087922E-02-3.971597172E-02-3.936927604E-02-3.898092020E-02
-3.855090470E-02-3.807911729E-02-3.756543725E-02-3.700998465E-02-3.641306355E-02
-3.577498877E-02-3.509608865E-02-3.437671189E-02-3.361723469E-02-3.281808112E-02
-3.197974974E-02-3.110285382E-02-3.018814436E-02-2.923648052E-02-2.824880295E-02
-2.722611430E-02-2.616947196E-02-2.507995682E-02-2.395862929E-02-2.280651199E-02
-2.162451736E-02-2.041342220E-02-1.917378657E-02-1.790590028E-02-1.660968013E-02
-1.528465459E-02-1.392999232E-02-1.254469310E-02-1.112783196E-02-9.678864904E-03
-8.197957573E-03-6.686269137E-03-5.146068148E-03-3.580774391E-03-1.995170599E-03
-3.946214459E-04 1.218365067E-03 2.844617848E-03 4.483989857E-03 6.135696232E-03
 7.799063057E-03 9.473496060E-03 1.115843820E-02 1.285337017E-02 1.455780863E-02
 1.627130374E-02 1.799343703E-02 1.972381914E-02 2.146208766E-02 2.320790507E-02
 2.496095632E-02 2.672094020E-02 2.848760243E-02 3.026088261E-02 3.203972539E-02
 1.141216123E-02 1.023270547E-02 9.063778299E-03 7.907475536E-03 6.764024373E-03
 5.634009675E-03 4.518097059E-03 3.416959002E-03 2.331291307E-03 1.262085878E-03
 2.101846371E-04-8.301970873E-04-1.874880267E-03-2.927976829E-03-3.989120192E-03
-5.058039853E-03-6.134162475E-03-7.216351487E-03-8.302970110E-03-9.392069236E-03
-1.048161591E-02-1.156965211E-02-1.265434546E-02-1.373399114E-02-1.480697907E-02
-1.587177735E-02-1.692690521E-02-1.797091434E-02-1.900241621E-02-2.002017842E-02
-2.102310805E-02-2.201016598E-02-2.298031338E-02-2.393249771E-02-2.486563605E-02
-2.577860072E-02-2.667029798E-02-2.753976305E-02-2.838608215E-02-2.920832767E-02
-3.000554755E-02-3.077676392E-02-3.152099043E-02-3.223729095E-02-3.292483777E-02
-3.358283431E-02-3.421033562E-02-3.480647373E-02-3.537060781E-02-3.590198141E-02
-3.639977406E-02-3.686342372E-02-3.729229418E-02-3.768568539E-02-3.804310820E-02
-3.836400821E-02-3.864782533E-02-3.889412473E-02-3.910246499E-02-3.927238887E-02
-3.940349694E-02-3.949549389E-02-3.954800522E-02-3.956063239E-02-3.953321494E-02
-3.946554373E-02-3.935722663E-02-3.920802846E-02-3.901796921E-02-3.878695019E-02
-3.851467934E-02-3.820091415E-02-3.784576019E-02-3.744936663E-02-3.701178147E-02
-3.653296187E-02-3.601282362E-02-3.545145061E-02-3.484917188E-02-3.420637430E-02
-3.352344367E-02-3.280078651E-02-3.203886129E-02-3.123816831E-02-3.039925772E-02
-2.952277270E-02-2.860949470E-02-2.766030468E-02-2.667613810E-02-2.565797964E-02
-2.460682276E-02-2.352364719E-02-2.240939098E-02-2.126488532E-02-2.009083746E-02
-1.888774199E-02-1.765584509E-02-1.639504100E-02-1.510489177E-02-1.378465183E-02
-1.243343109E-02-1.105040594E-02-9.635112595E-03-8.187754859E-03-6.709457274E-03
-5.202369380E-03-3.669705965E-03-2.115952380E-03-5.462638007E-04 1.036691179E-03
 2.633796126E-03 4.245029504E-03 5.869560502E-03 7.506656637E-03 9.155679612E-03
 1.081602858E-02 1.248714132E-02 1.416849386E-02 1.585959743E-02 1.755999617E-02
 1.926926463E-02 2.098700575E-02 2.271284957E-02 2.444645114E-02 2.618748800E-02
 2.793565090E-02 2.969067770E-02 3.145250499E-02 3.322004739E-02 1.159339316E-02
 1.042705082E-02 9.271608101E-03 8.129223670E-03 7.000118551E-03 5.884879867E-03
 4.784175603E-03 3.698688909E-03 2.629109554E-03 1.576263243E-03 5.415263057E-04
-4.774758855E-04-1.496017599E-03-2.521877007E-03-3.555420885E-03-4.596304460E-03
-5.644142133E-03-6.698061661E-03-7.756660128E-03-8.818138468E-03-9.880517681E-03
-1.094181721E-02-1.200015511E-02-1.305376604E-02-1.410098174E-02-1.514021378E-02
-1.616992974E-02-1.718870185E-02-1.819526587E-02-1.918846781E-02-2.016720288E-02
-2.113038122E-02-2.207691388E-02-2.300569298E-02-2.391558701E-02-2.480550361E-02
-2.567446607E-02-2.652155932E-02-2.734585681E-02-2.814640924E-02-2.892225953E-02
-2.967243513E-02-3.039598097E-02-3.109203828E-02-3.175982063E-02-3.239842070E-02
-3.300689718E-02-3.358452643E-02-3.413061512E-02-3.464428233E-02-3.512483590E-02
-3.557171335E-02-3.598416317E-02-3.636157308E-02-3.670344564E-02-3.700916621E-02
-3.727821279E-02-3.751014748E-02-3.770450269E-02-3.786081797E-02-3.797871743E-02
-3.805789168E-02-3.809794061E-02-3.809849303E-02-3.805939899E-02-3.798042626E-02
-3.786118740E-02-3.770147526E-02-3.750131380E-02-3.726061538E-02-3.697911374E-02
-3.665657096E-02-3.629309186E-02-3.588885950E-02-3.544396508E-02-3.495841900E-02
-3.443219193E-02-3.386536795E-02-3.325828590E-02-3.261137905E-02-3.192510142E-02
-3.119993529E-02-3.043639324E-02-2.963503182E-02-2.879645992E-02-2.792134621E-02
-2.701045127E-02-2.606463830E-02-2.508482232E-02-2.407191231E-02-2.302681003E-02
-2.195036431E-02-2.084332775E-02-1.970633100E-02-1.853980016E-02-1.734392607E-02
-1.611857275E-02-1.486330899E-02-1.357744708E-02-1.226020699E-02-1.091089934E-02
-9.529178701E-03-8.115320233E-03-6.670448791E-03-5.196634368E-03-3.696933627E-03
-2.175589927E-03-6.375180512E-04 9.146505507E-04 2.481883272E-03 4.064246242E-03
 5.660876129E-03 7.270987532E-03 8.893900072E-03 1.052897239E-02 1.217560200E-02
 1.383322550E-02 1.550131609E-02 1.717938112E-02 1.886696029E-02 2.056362336E-02
 2.226896789E-02 2.398261759E-02 2.570422088E-02 2.743344883E-02 2.916998572E-02
 3.091356354E-02 3.266411716E-02 3.442053253E-02 1.177873641E-02 1.062555708E-02
 9.483635890E-03 8.355188844E-03 7.240426040E-03 6.139937356E-03 5.054395815E-03
 3.984486901E-03 2.930903140E-03 1.894399895E-03 8.763081154E-04-1.236073141E-04
-1.116307257E-03-2.114580509E-03-3.120255493E-03-4.132815594E-03-5.151993113E-03
-6.177153272E-03-7.207138678E-03-8.240347025E-03-9.274894064E-03-1.030879592E-02
-1.134012457E-02-1.236704912E-02-1.338783505E-02-1.440083890E-02-1.540455611E-02
-1.639765439E-02-1.737891519E-02-1.834716497E-02-1.930125499E-02-2.024005234E-02
-2.116241709E-02-2.206719853E-02-2.295328893E-02-2.381969991E-02-2.466550141E-02
-2.548975597E-02-2.629152274E-02-2.706985396E-02-2.782378081E-02-2.855235109E-02
-2.925469082E-02-2.993000465E-02-3.057742827E-02-3.119599642E-02-3.178490462E-02
-3.234348705E-02-3.287089320E-02-3.336630072E-02-3.382912188E-02-3.425866400E-02
-3.465418657E-02-3.501515414E-02-3.534099205E-02-3.563108605E-02-3.588494935E-02
-3.610212083E-02-3.628211775E-02-3.642448458E-02-3.652886647E-02-3.659493236E-02
-3.662226625E-02-3.661053390E-02-3.655958890E-02-3.646918233E-02-3.633893602E-02
-3.616866670E-02-3.595839885E-02-3.570806032E-02-3.541742251E-02-3.508626662E-02
-3.471468811E-02-3.430289121E-02-3.385101778E-02-3.335914782E-02-3.282731030E-02
-3.225559154E-02-3.164433418E-02-3.099402838E-02-3.030518312E-02-2.957832917E-02
-2.881402848E-02-2.801288458E-02-2.717553551E-02-2.630265002E-02-2.539495684E-02
-2.445326166E-02-2.347839754E-02-2.247119134E-02-2.143240077E-02-2.036270279E-02
-1.926264349E-02-1.813258065E-02-1.697263890E-02-1.578265197E-02-1.456219076E-02
-1.331062317E-02-1.202726577E-02-1.071155405E-02-9.363275589E-03-7.982821156E-03
-6.571363935E-03-5.130928852E-03-3.664451277E-03-2.175981662E-03-6.701716017E-04
 8.505473071E-04 2.387278305E-03 3.940134743E-03 5.508221633E-03 7.090707901E-03
 8.686875101E-03 1.029604421E-02 1.191757529E-02 1.355086821E-02 1.519536025E-02
 1.685052400E-02 1.851586497E-02 2.019091986E-02 2.187525486E-02 2.356846358E-02
 2.527016550E-02 2.698000416E-02 2.869764494E-02 3.042276623E-02 3.215509497E-02
 3.389456558E-02 3.564003798E-02 1.196812103E-02 1.082813789E-02 9.699752834E-03
 8.585237263E-03 7.484794179E-03 6.399013279E-03 5.328565267E-03 4.274135870E-03
 3.236433751E-03 2.216187532E-03 1.214402064E-03 2.320432608E-04-7.363578237E-04
-1.707062220E-03-2.684598012E-03-3.668606755E-03-4.658824559E-03-5.654809945E-03
-6.655652981E-03-7.659970546E-03-8.666011156E-03-9.671837907E-03-1.067548872E-02
-1.167506580E-02-1.266878393E-02-1.365502358E-02-1.463234580E-02-1.559942248E-02
-1.655500009E-02-1.749787013E-02-1.842684632E-02-1.934075112E-02-2.023840588E-02
-2.111868031E-02-2.198055777E-02-2.282308035E-02-2.364530142E-02-2.444627399E-02
-2.522504749E-02-2.598066582E-02-2.671217817E-02-2.741868611E-02-2.809938331E-02
-2.875345404E-02-2.937994592E-02-2.997798085E-02-3.054686843E-02-3.108584086E-02
-3.159400617E-02-3.207067974E-02-3.251525141E-02-3.292693324E-02-3.330507112E-02
-3.364913837E-02-3.395849245E-02-3.423255405E-02-3.447085142E-02-3.467289699E-02
-3.483820262E-02-3.496632575E-02-3.505692544E-02-3.510964782E-02-3.512407106E-02
-3.509989914E-02-3.503698094E-02-3.493505543E-02-3.479376260E-02-3.461294962E-02
-3.439264754E-02-3.413279609E-02-3.383319626E-02-3.349365309E-02-3.311426768E-02
-3.269527713E-02-3.223686313E-02-3.173915439E-02-3.120224607E-02-3.062626458E-02
-3.001154252E-02-2.935859441E-02-2.866797455E-02-2.794025403E-02-2.717602915E-02
-2.637591176E-02-2.554054116E-02-2.467058196E-02-2.376669739E-02-2.282959455E-02
-2.186000714E-02-2.085861089E-02-1.982600850E-02-1.876265546E-02-1.766884189E-02
-1.654462012E-02-1.538979494E-02-1.420394399E-02-1.298649234E-02-1.173685593E-02
-1.045460277E-02-9.139652374E-03-7.792515763E-03-6.414441251E-03-5.007449249E-03
-3.574401069E-03-2.119198253E-03-6.461956813E-04 8.425168932E-04 2.348221898E-03
 3.871039352E-03 5.410035968E-03 6.964341462E-03 8.533203266E-03 1.011590906E-02
 1.171178509E-02 1.332019759E-02 1.494055046E-02 1.657228333E-02 1.821486983E-02
 1.986781552E-02 2.153065600E-02 2.320295536E-02 2.488430436E-02 2.657431919E-02
 2.827263997E-02 2.997892826E-02 3.169285778E-02 3.341415088E-02 3.514274174E-02
 3.687746611E-02 1.216147658E-02 1.103469925E-02 9.919847525E-03 8.819243608E-03
 7.733076960E-03 6.661935290E-03 5.606493330E-03 4.567439648E-03 3.545491412E-03
 2.541364865E-03 1.555865344E-03 5.903887225E-04-3.568029326E-04-1.300291298E-03
-2.249372591E-03-3.204657596E-03-4.165699349E-03-5.132186524E-03-6.103430216E-03
-7.078274869E-03-8.055154614E-03-9.032223352E-03-1.000751431E-02-1.097910786E-02
-1.194523967E-02-1.290432246E-02-1.385489265E-02-1.479557679E-02-1.572507089E-02
-1.664212973E-02-1.754552719E-02-1.843404739E-02-1.930653354E-02-2.016193201E-02
-2.099925192E-02-2.181752044E-02-2.261577248E-02-2.339305745E-02-2.414842066E-02
-2.488090178E-02-2.558959108E-02-2.627366823E-02-2.693233711E-02-2.756467837E-02
-2.816977290E-02-2.874688169E-02-2.929530731E-02-2.981416149E-02-3.030265073E-02
-3.076017431E-02-3.118600586E-02-3.157938335E-02-3.193973438E-02-3.226647271E-02
-3.255894603E-02-3.281661626E-02-3.303900298E-02-3.322560229E-02-3.337592810E-02
-3.348955636E-02-3.356614997E-02-3.360533580E-02-3.360669870E-02-3.356998205E-02
-3.349503026E-02-3.338157603E-02-3.322927869E-02-3.303800983E-02-3.280780499E-02
-3.253862321E-02-3.223030816E-02-3.188269785E-02-3.149589082E-02-3.107014404E-02
-3.060568177E-02-3.010268757E-02-2.956131776E-02-2.898173719E-02-2.836426052E-02
-2.770941135E-02-2.701777844E-02-2.628994358E-02-2.552650337E-02-2.472807178E-02
-2.389526030E-02-2.302867472E-02-2.212892281E-02-2.119657863E-02-2.023221526E-02
-1.923634911E-02-1.820935338E-02-1.715144636E-02-1.606261065E-02-1.494262722E-02
-1.379108824E-02-1.260748412E-02-1.139133493E-02-1.014234717E-02-8.860587594E-03
-7.546693391E-03-6.201990109E-03-4.828506355E-03-3.429065711E-03-2.007468957E-03
-5.677304768E-04 8.885389103E-04 2.362812082E-03 3.855169203E-03 5.364627834E-03
 6.890287089E-03 8.431366575E-03 9.987124369E-03 1.155685622E-02 1.313989801E-02
 1.473562378E-02 1.634344331E-02 1.796280022E-02 1.959317068E-02 2.123406173E-02
 2.288500935E-02 2.454557720E-02 2.621535470E-02 2.789395577E-02 2.958101793E-02
 3.127619978E-02 3.297917186E-02 3.468965349E-02 3.640757905E-02 3.813176163E-02
 1.235872640E-02 1.124515297E-02 1.014381369E-02 9.057076642E-03 7.985123132E-03
 6.928544702E-03 5.888022764E-03 4.864250838E-03 3.857939095E-03 2.869790963E-03
 1.900522351E-03 9.512328974E-04 2.218662094E-05-8.950195864E-04-1.815490360E-03
-2.741911879E-03-3.673635700E-03-4.610385158E-03-5.551659393E-03-6.496530211E-03
-7.443638305E-03-8.391274816E-03-9.337561173E-03-1.028063849E-02-1.121875705E-02
-1.215029105E-02-1.307371898E-02-1.398761550E-02-1.489062667E-02-1.578145279E-02
-1.665883254E-02-1.752156365E-02-1.836855140E-02-1.919876937E-02-2.001120936E-02
-2.080488369E-02-2.157882522E-02-2.233206845E-02-2.306365115E-02-2.377265013E-02
-2.445821454E-02-2.511955368E-02-2.575579712E-02-2.636600954E-02-2.694938725E-02
-2.750525108E-02-2.803278358E-02-2.853111988E-02-2.899959566E-02-2.943757579E-02
-2.984426367E-02-3.021898447E-02-3.056119223E-02-3.087023721E-02-3.114549941E-02
-3.138647203E-02-3.159265579E-02-3.176354317E-02-3.189865749E-02-3.199759721E-02
-3.206002244E-02-3.208554753E-02-3.207377377E-02-3.202447708E-02-3.193749367E-02
-3.181255493E-02-3.164934680E-02-3.144777139E-02-3.120787356E-02-3.092962965E-02
-3.061291881E-02-3.025761183E-02-2.986381165E-02-2.943179735E-02-2.896182989E-02
-2.845413179E-02-2.790890532E-02-2.732635544E-02-2.670679073E-02-2.605071413E-02
-2.535870702E-02-2.463135603E-02-2.386924417E-02-2.307293423E-02-2.224299217E-02
-2.137995416E-02-2.048430657E-02-1.955649779E-02-1.859689568E-02-1.760579332E-02
-1.658332497E-02-1.552942424E-02-1.444385353E-02-1.332622999E-02-1.217612570E-02
-1.099316791E-02-9.777206946E-03-8.528472739E-03-7.247732424E-03-5.936391070E-03
-4.596493564E-03-3.230842436E-03-1.843171807E-03-4.370749064E-04 9.864565703E-04
 2.429020877E-03 3.890608506E-03 5.370186226E-03 6.866831069E-03 8.379739309E-03
 9.908144016E-03 1.145131573E-02 1.300856400E-02 1.457923539E-02 1.616271236E-02
 1.775841203E-02 1.936578384E-02 2.098430793E-02 2.261349409E-02 2.425288001E-02
 2.590203003E-02 2.756053363E-02 2.922800390E-02 3.090407683E-02 3.258840884E-02
 3.428066788E-02 3.598057113E-02 3.768805432E-02 3.940191027E-02 1.255979871E-02
 1.145940313E-02 1.037153459E-02 9.298610930E-03 8.240810418E-03 7.198736675E-03
 6.173074699E-03 5.164502107E-03 4.173701471E-03 3.201354101E-03 2.248123522E-03
 1.314808634E-03 4.026219108E-04-4.916460699E-04-1.383954793E-03-2.281285886E-03
-3.183600278E-03-4.090467525E-03-5.001511025E-03-5.916001642E-03-6.832797401E-03
-7.750413324E-03-8.667152970E-03-9.581229131E-03-1.049088309E-02-1.139443173E-02
-1.229030033E-02-1.317700287E-02-1.405313063E-02-1.491732736E-02-1.576832931E-02
-1.660498608E-02-1.742621449E-02-1.823097081E-02-1.901824102E-02-1.978703060E-02
-2.053636097E-02-2.126525750E-02-2.197277254E-02-2.265803157E-02-2.332023688E-02
-2.395855109E-02-2.457203753E-02-2.515984268E-02-2.572126832E-02-2.625557761E-02
-2.676188629E-02-2.723944017E-02-2.768763489E-02-2.810573439E-02-2.849297806E-02
-2.884877467E-02-2.917254143E-02-2.946361341E-02-2.972141632E-02-2.994545549E-02
-3.013521827E-02-3.029020309E-02-3.040994808E-02-3.049407294E-02-3.054223163E-02
-3.055403274E-02-3.052910282E-02-3.046724562E-02-3.036829330E-02-3.023198395E-02
-3.005803302E-02-2.984636854E-02-2.959704099E-02-2.931004361E-02-2.898529287E-02
-2.862269763E-02-2.822236625E-02-2.778458653E-02-2.730964057E-02-2.679778218E-02
-2.624925842E-02-2.566430012E-02-2.504319363E-02-2.438640675E-02-2.369450466E-02
-2.296803348E-02-2.220752932E-02-2.141351146E-02-2.058644304E-02-1.972675554E-02
-1.883480675E-02-1.791085187E-02-1.695505591E-02-1.596744391E-02-1.494791653E-02
-1.389623055E-02-1.281204459E-02-1.169502164E-02-1.054491299E-02-9.361714562E-03
-8.145822338E-03-6.898141711E-03-5.620153044E-03-4.313922020E-03-2.982257787E-03
-1.628823592E-03-2.566721849E-04 1.133990487E-03 2.544708500E-03 3.975333938E-03
 5.424795298E-03 6.892155790E-03 8.376595561E-03 9.877328327E-03 1.139360242E-02
 1.292470448E-02 1.446995873E-02 1.602872430E-02 1.760039345E-02 1.918439109E-02
 2.078017357E-02 2.238722661E-02 2.400506404E-02 2.563322644E-02 2.727127988E-02
 2.891881493E-02 3.057544497E-02 3.224080563E-02 3.391455239E-02 3.559635128E-02
 3.728591794E-02 3.898318962E-02 4.068694106E-02 1.276460645E-02 1.167735326E-02
 1.060291561E-02 9.543771156E-03 8.500101116E-03 7.472502474E-03 6.461639375E-03
 5.468161297E-03 4.492720890E-03 3.535974247E-03 2.598559737E-03 1.681133816E-03
 7.848755572E-04-9.046845004E-05-9.555877373E-04-1.823674615E-03-2.696531022E-03
-3.573458335E-03-4.454111576E-03-5.337933553E-03-6.224029159E-03-7.111179348E-03
-7.997880562E-03-8.882449326E-03-9.763138079E-03-1.063823294E-02-1.150609894E-02
-1.236519013E-02-1.321403512E-02-1.405126459E-02-1.487563054E-02-1.568598235E-02
-1.648121842E-02-1.726027488E-02-1.802213126E-02-1.876579208E-02-1.949026021E-02
-2.019456736E-02-2.087781122E-02-2.153916368E-02-2.217780641E-02-2.279282475E-02
-2.338332900E-02-2.394857083E-02-2.448785800E-02-2.500034639E-02-2.548521235E-02
-2.594181170E-02-2.636949834E-02-2.676748645E-02-2.713509859E-02-2.747178142E-02
-2.777689876E-02-2.804981391E-02-2.828999472E-02-2.849694298E-02-2.867014546E-02
-2.880911292E-02-2.891340298E-02-2.898265376E-02-2.901651502E-02-2.901459834E-02
-2.897656363E-02-2.890223594E-02-2.879144422E-02-2.864393548E-02-2.845945373E-02
-2.823795076E-02-2.797948701E-02-2.768407625E-02-2.735166690E-02-2.698219517E-02
-2.657576635E-02-2.613267688E-02-2.565323101E-02-2.513769215E-02-2.458631737E-02
-2.399936112E-02-2.337710370E-02-2.271993650E-02-2.202836676E-02-2.130291027E-02
-2.054401794E-02-1.975211009E-02-1.892755325E-02-1.807061540E-02-1.718148662E-02
-1.626022984E-02-1.530677627E-02-1.432096281E-02-1.330254933E-02-1.225126060E-02
-1.116684977E-02-1.004921535E-02-8.898505007E-03-7.715273896E-03-6.500565023E-03
-5.255924041E-03-3.983450340E-03-2.685966240E-03-1.367024545E-03-2.909452286E-05
 1.328743992E-03 2.707631162E-03 4.107222505E-03 5.526443865E-03 6.964354007E-03
 8.420123585E-03 9.892951885E-03 1.138207120E-02 1.288675097E-02 1.440629538E-02
 1.594004264E-02 1.748736509E-02 1.904766676E-02 2.062038164E-02 2.220497340E-02
 2.380093416E-02 2.540778302E-02 2.702506470E-02 2.865234816E-02 3.028922582E-02
 3.193531237E-02 3.359024388E-02 3.525367592E-02 3.692527375E-02 3.860475220E-02
 4.029205037E-02 4.198592646E-02 1.297307729E-02 1.189894978E-02 1.083794575E-02
 9.792591269E-03 8.763043091E-03 7.749873645E-03 6.753720553E-03 5.775208186E-03
 4.814961790E-03 3.873609650E-03 2.951770328E-03 2.050038007E-03 1.169193333E-03
 3.102753261E-04-5.308512335E-04-1.370068689E-03-2.213345365E-03-3.060338860E-03
-3.910557881E-03-4.763590564E-03-5.618768257E-03-6.475107325E-03-7.331316760E-03
-8.185861552E-03-9.037059492E-03-9.883197067E-03-1.072259192E-02-1.155363818E-02
-1.237483625E-02-1.318482059E-02-1.398232722E-02-1.476616204E-02-1.553519991E-02
-1.628836563E-02-1.702462047E-02-1.774294915E-02-1.844236429E-02-1.912192638E-02
-1.978077332E-02-2.041808902E-02-2.103298189E-02-2.162453279E-02-2.219194223E-02
-2.273452218E-02-2.325149705E-02-2.374200722E-02-2.420533405E-02-2.464087104E-02
-2.504788554E-02-2.542563135E-02-2.577351089E-02-2.609095374E-02-2.637730406E-02
-2.663197042E-02-2.685444874E-02-2.704423391E-02-2.720082257E-02-2.732374209E-02
-2.741257410E-02-2.746697070E-02-2.748657993E-02-2.747102226E-02-2.741999306E-02
-2.733333177E-02-2.721086854E-02-2.705236628E-02-2.685760054E-02-2.662654265E-02
-2.635925531E-02-2.605576240E-02-2.571604109E-02-2.534006205E-02-2.492792749E-02
-2.447991803E-02-2.399633402E-02-2.347745287E-02-2.292353771E-02-2.233482566E-02
-2.171156721E-02-2.105409820E-02-2.036283549E-02-1.963820073E-02-1.888056721E-02
-1.809021758E-02-1.726736090E-02-1.641211369E-02-1.552446355E-02-1.460430469E-02
-1.365144223E-02-1.266562816E-02-1.164664858E-02-1.059436136E-02-9.508810914E-03
-8.390318536E-03-7.239588530E-03-6.057776884E-03-4.846494125E-03-3.607885757E-03
-2.344798322E-03-1.060507659E-03 2.432488822E-04 1.568294563E-03 2.915442390E-03
 4.284042235E-03 5.673018195E-03 7.081429814E-03 8.508431388E-03 9.953215104E-03
 1.141500715E-02 1.289306456E-02 1.438667690E-02 1.589516702E-02 1.741788910E-02
 1.895422807E-02 2.050359998E-02 2.206544974E-02 2.363924948E-02 2.522449828E-02
 2.682072100E-02 2.842746744E-02 3.004431071E-02 3.167084600E-02 3.330669009E-02
 3.495148036E-02 3.660487311E-02 3.826653373E-02 3.993617707E-02 4.161374477E-02
 4.329798017E-02 1.318521567E-02 1.212425526E-02 1.107671767E-02 1.004515739E-02
 9.029696235E-03 8.030882273E-03 7.049330628E-03 6.085641512E-03 5.140412083E-03
 4.214238294E-03 3.307711852E-03 2.421402396E-03 1.555890947E-03 7.122937650E-04
-1.097831379E-04-9.213662364E-04-1.734957855E-03-2.552067884E-03-3.371936080E-03
-4.194203535E-03-5.018372632E-03-5.843663764E-03-6.669002316E-03-7.493038559E-03
-8.314218328E-03-9.130867820E-03-9.941296191E-03-1.074387156E-02-1.153709190E-02
-1.231955964E-02-1.308996759E-02-1.384708380E-02-1.458974713E-02-1.531686245E-02
-1.602736650E-02-1.672022657E-02-1.739447041E-02-1.804920410E-02-1.868359103E-02
-1.929675394E-02-1.988776456E-02-2.045577693E-02-2.100006955E-02-2.151991784E-02
-2.201447157E-02-2.248294660E-02-2.292471162E-02-2.333911509E-02-2.372539097E-02
-2.408286846E-02-2.441099285E-02-2.470915152E-02-2.497670950E-02-2.521312077E-02
-2.541789361E-02-2.559052315E-02-2.573052157E-02-2.583743505E-02-2.591087144E-02
-2.595049338E-02-2.595595134E-02-2.592688191E-02-2.586301793E-02-2.576420896E-02
-2.563028585E-02-2.546102408E-02-2.525622347E-02-2.501587395E-02-2.474004720E-02
-2.442877808E-02-2.408205711E-02-2.369986598E-02-2.328229974E-02-2.282963336E-02
-2.234215192E-02-2.182010509E-02-2.126373854E-02-2.067328466E-02-2.004894143E-02
-1.939094428E-02-1.869962098E-02-1.797527099E-02-1.721812401E-02-1.642833398E-02
-1.560594079E-02-1.475089408E-02-1.386306903E-02-1.294227620E-02-1.198831672E-02
-1.100102753E-02-9.980378646E-03-8.926543878E-03-7.840017935E-03-6.721652520E-03
-5.572691991E-03-4.394803385E-03-3.190189875E-03-1.961738361E-03-7.121847718E-04
 5.576730895E-04 1.850171572E-03 3.165758507E-03 4.503495275E-03 5.862311754E-03
 7.241275040E-03 8.639526239E-03 1.005623957E-02 1.149062777E-02 1.294194519E-02
 1.440947848E-02 1.589253973E-02 1.739046974E-02 1.890263966E-02 2.042844907E-02
 2.196732544E-02 2.351872454E-02 2.508212858E-02 2.665704466E-02 2.824300418E-02
 2.983956217E-02 3.144629658E-02 3.306280660E-02 3.468871186E-02 3.632365188E-02
 3.796728427E-02 3.961927531E-02 4.127934042E-02 4.294742429E-02 4.462225743E-02
 1.340114935E-02 1.235339975E-02 1.131934112E-02 1.030154965E-02 9.300116804E-03
 8.315568017E-03 7.348496568E-03 6.399474598E-03 5.469070254E-03 4.557850600E-03
 3.666380602E-03 2.795211964E-03 1.944863519E-03 1.116028498E-03 3.096885614E-04
-4.780506255E-04-1.262405077E-03-2.049600093E-03-2.839282694E-03-3.630912964E-03
-4.424096839E-03-5.218225533E-03-6.012426822E-03-6.805556112E-03-7.596220358E-03
-8.382852235E-03-9.163814483E-03-9.937505473E-03-1.070239403E-02-1.145704198E-02
-1.220009199E-02-1.293027642E-02-1.364639998E-02-1.434732146E-02-1.503195281E-02
-1.569926440E-02-1.634830133E-02-1.697818964E-02-1.758806369E-02-1.817699526E-02
-1.874409287E-02-1.928858601E-02-1.980977048E-02-2.030683859E-02-2.077896171E-02
-2.122544631E-02-2.164568045E-02-2.203893951E-02-2.240449616E-02-2.274175230E-02
-2.305015090E-02-2.332905668E-02-2.357787521E-02-2.379609642E-02-2.398323092E-02
-2.413878393E-02-2.426228597E-02-2.435330395E-02-2.441147121E-02-2.443645834E-02
-2.442792002E-02-2.438551042E-02-2.430899496E-02-2.419823134E-02-2.405305608E-02
-2.387326203E-02-2.365867093E-02-2.340927962E-02-2.312515235E-02-2.280632637E-02
-2.245281243E-02-2.206460537E-02-2.164177348E-02-2.118455027E-02-2.069320309E-02
-2.016796252E-02-1.960902137E-02-1.901655710E-02-1.839072525E-02-1.773165245E-02
-1.703951201E-02-1.631448433E-02-1.555665951E-02-1.476603621E-02-1.394255010E-02
-1.308607366E-02-1.219645113E-02-1.127355291E-02-1.031730946E-02-9.327809642E-03
-8.305368555E-03-7.250606235E-03-6.164499162E-03-5.048370659E-03-3.903945800E-03
-2.733517286E-03-1.539914099E-03-3.250849304E-04 9.114410414E-04 2.171828654E-03
 3.456135522E-03 4.763236279E-03 6.092072719E-03 7.441724632E-03 8.811322635E-03
 1.020003100E-02 1.160705153E-02 1.303162222E-02 1.447301843E-02 1.593055284E-02
 1.740356609E-02 1.889142004E-02 2.039350199E-02 2.190922694E-02 2.343803582E-02
 2.497939487E-02 2.653279607E-02 2.809775572E-02 2.967381295E-02 3.126052885E-02
 3.285748621E-02 3.446428879E-02 3.608055996E-02 3.770594226E-02 3.934009532E-02
 4.098268677E-02 4.263343335E-02 4.429228290E-02 4.595795502E-02 1.362103104E-02
 1.258650669E-02 1.156591265E-02 1.056184512E-02 9.574366864E-03 8.603979628E-03
 7.651250815E-03 6.716725778E-03 5.800949061E-03 4.904460562E-03 4.027793803E-03
 3.171471719E-03 2.335991737E-03 1.521846906E-03 7.299666611E-04-3.975214955E-05
-7.966169026E-04-1.553892511E-03-2.313555056E-03-3.074753233E-03-3.837084080E-03
-4.600073353E-03-5.363015030E-03-6.124955656E-03-6.884694978E-03-7.640833709E-03
-8.391858982E-03-9.136219819E-03-9.872378639E-03-1.059885533E-02-1.131425854E-02
-1.201727404E-02-1.270666447E-02-1.338124904E-02-1.403991277E-02-1.468163126E-02
-1.530546709E-02-1.591052272E-02-1.649585897E-02-1.706055347E-02-1.760378748E-02
-1.812483976E-02-1.862294437E-02-1.909725631E-02-1.954702159E-02-1.997161186E-02
-2.037036960E-02-2.074254916E-02-2.108748965E-02-2.140463601E-02-2.169339953E-02
-2.195315721E-02-2.218335767E-02-2.238351349E-02-2.255313652E-02-2.269174769E-02
-2.279889635E-02-2.287417191E-02-2.291723010E-02-2.292774908E-02-2.290539163E-02
-2.284983364E-02-2.276086870E-02-2.263835706E-02-2.248213446E-02-2.229200142E-02
-2.206779926E-02-2.180953639E-02-2.151727247E-02-2.119103402E-02-2.083082239E-02
-2.043662981E-02-2.000851199E-02-1.954665617E-02-1.905127050E-02-1.852253601E-02
-1.796060326E-02-1.736556772E-02-1.673748564E-02-1.607639259E-02-1.538232257E-02
-1.465530994E-02-1.389534754E-02-1.310236731E-02-1.227626341E-02-1.141694625E-02
-1.052435200E-02-9.598543171E-03-8.639730321E-03-7.648378368E-03-6.625226866E-03
-5.571319589E-03-4.488038160E-03-3.377181781E-03-2.241128277E-03-1.082421091E-03
 9.779565126E-05 1.301820307E-03 2.530709233E-03 3.784110612E-03 5.060892960E-03
 6.360019029E-03 7.680578416E-03 9.021700860E-03 1.038254500E-02 1.176230354E-02
 1.316020610E-02 1.457551747E-02 1.600753481E-02 1.745558945E-02 1.891904664E-02
 2.039729592E-02 2.188974436E-02 2.339582152E-02 2.491498232E-02 2.644670537E-02
 2.799049234E-02 2.954586828E-02 3.111238075E-02 3.268959823E-02 3.427710911E-02
 3.587452177E-02 3.748146374E-02 3.909758111E-02 4.072253659E-02 4.235599966E-02
 4.399768891E-02 4.564755553E-02 4.730430995E-02 1.384499369E-02 1.282368748E-02
 1.181652637E-02 1.082612386E-02 9.852510789E-03 8.896164189E-03 7.957628156E-03
 7.037427080E-03 6.136078568E-03 5.254093441E-03 4.391973711E-03 3.550212821E-03
 2.729293016E-03 1.929661760E-03 1.151865205E-03 3.968986041E-04-3.377672527E-04
-1.066020801E-03-1.795657754E-03-2.526671437E-03-3.258383930E-03-3.990379973E-03
-4.722086884E-03-5.452717631E-03-6.181269145E-03-6.906547719E-03-7.627202298E-03
-8.341768925E-03-9.048749437E-03-9.746660024E-03-1.043407289E-02-1.110963809E-02
-1.177206470E-02-1.242014157E-02-1.305274533E-02-1.366884172E-02-1.426747530E-02
-1.484768398E-02-1.540850023E-02-1.594903881E-02-1.646852804E-02-1.696622809E-02
-1.744130811E-02-1.789296506E-02-1.832051969E-02-1.872334943E-02-1.910073587E-02
-1.945196861E-02-1.977644972E-02-2.007363097E-02-2.034289972E-02-2.058366596E-02
-2.079541563E-02-2.097767245E-02-2.112995488E-02-2.125180138E-02-2.134277936E-02
-2.140250195E-02-2.143064157E-02-2.142688104E-02-2.139088936E-02-2.132236324E-02
-2.122111935E-02-2.108702127E-02-2.091990716E-02-2.071958313E-02-2.048589765E-02
-2.021884966E-02-1.991848390E-02-1.958482295E-02-1.921785822E-02-1.881755525E-02
-1.838392239E-02-1.791709845E-02-1.741723806E-02-1.688443821E-02-1.631876196E-02
-1.572023957E-02-1.508884133E-02-1.442449615E-02-1.372713793E-02-1.299673218E-02
-1.223322817E-02-1.143658008E-02-1.060675286E-02-9.743801452E-03-8.847891591E-03
-7.919391301E-03-6.958881567E-03-5.967202969E-03-4.945462466E-03-3.895091255E-03
-2.817993730E-03-1.716533829E-03-5.924784988E-04 5.541722386E-04 1.726253516E-03
 2.924229381E-03 4.147214857E-03 5.394081923E-03 6.663848414E-03 7.955618841E-03
 9.268520829E-03 1.060171195E-02 1.195438473E-02 1.332576288E-02 1.471510236E-02
 1.612169259E-02 1.754485471E-02 1.898393924E-02 2.043832818E-02 2.190743435E-02
 2.339069166E-02 2.488754828E-02 2.639747232E-02 2.791995508E-02 2.945450961E-02
 3.100067000E-02 3.255799159E-02 3.412605060E-02 3.570444245E-02 3.729278073E-02
 3.889069741E-02 4.049784231E-02 4.211388156E-02 4.373848753E-02 4.537138102E-02
 4.701251699E-02 4.866059799E-02 1.407316113E-02 1.306505018E-02 1.207127572E-02
 1.109446120E-02 1.013460742E-02 9.192171206E-03 8.267675869E-03 7.361620349E-03
 6.474494097E-03 5.606780732E-03 4.758954158E-03 3.931483393E-03 3.124831289E-03
 2.339437038E-03 1.575691388E-03 8.342368662E-04 1.154765290E-04-5.867773862E-04
-1.286550528E-03-1.987550461E-03-2.688954719E-03-3.390215530E-03-4.090856063E-03
-4.790227401E-03-5.487511449E-03-6.181706162E-03-6.871632316E-03-7.555972347E-03
-8.233311195E-03-8.902208683E-03-9.561234819E-03-1.020899820E-02-1.084418210E-02
-1.146554921E-02-1.207195800E-02-1.266236458E-02-1.323574833E-02-1.379108253E-02
-1.432741470E-02-1.484390242E-02-1.533977902E-02-1.581422753E-02-1.626640630E-02
-1.669557555E-02-1.710109965E-02-1.748231151E-02-1.783847994E-02-1.816895177E-02
-1.847317008E-02-1.875056444E-02-1.900052553E-02-1.922250000E-02-1.941599986E-02
-1.958055289E-02-1.971568969E-02-1.982096561E-02-1.989596511E-02-1.994032460E-02
-1.995372850E-02-1.993586375E-02-1.988640668E-02-1.980507431E-02-1.969169595E-02
-1.954612797E-02-1.936820205E-02-1.915772920E-02-1.891456674E-02-1.863870007E-02
-1.833014271E-02-1.798888444E-02-1.761489550E-02-1.720812366E-02-1.676852125E-02
-1.629613985E-02-1.579105986E-02-1.525331825E-02-1.468290107E-02-1.407975732E-02
-1.344380067E-02-1.277492299E-02-1.207301414E-02-1.133803886E-02-1.057000079E-02
-9.768966035E-03-8.935089070E-03-8.068674729E-03-7.170202770E-03-6.240366901E-03
-5.280076052E-03-4.290490946E-03-3.273117935E-03-2.229975257E-03-1.163136961E-03
-7.350262582E-05 1.041067230E-03 2.182217896E-03 3.349887507E-03 4.542980126E-03
 5.760418077E-03 7.001261255E-03 8.264619822E-03 9.549629222E-03 1.085545342E-02
 1.218128309E-02 1.352634178E-02 1.488988436E-02 1.627119363E-02 1.766958235E-02
 1.908439395E-02 2.051500053E-02 2.196080096E-02 2.342122313E-02 2.489572303E-02
 2.638377491E-02 2.788486442E-02 2.939849485E-02 3.092419073E-02 3.246149667E-02
 3.400997647E-02 3.556921327E-02 3.713880960E-02 3.871838566E-02 4.030757836E-02
 4.190604174E-02 4.351344528E-02 4.512946460E-02 4.675382341E-02 4.838648074E-02
 5.002613285E-02 1.430565242E-02 1.331069663E-02 1.233024392E-02 1.136692565E-02
 1.042071911E-02 9.492058675E-03 8.581444126E-03 7.689347858E-03 6.816234938E-03
 5.962563024E-03 5.128786969E-03 4.315359796E-03 3.522721805E-03 2.751280453E-03
 2.001380696E-03 1.273348502E-03 5.679831848E-04-1.154336940E-04-7.872836402E-04
-1.458281875E-03-2.129673079E-03-2.800553106E-03-3.470424158E-03-4.138756049E-03
-4.804866075E-03-5.467916768E-03-6.126905271E-03-6.780674400E-03-7.427950983E-03
-8.067375587E-03-8.697558370E-03-9.317115819E-03-9.924713019E-03-1.051910221E-02
-1.109912800E-02-1.166368726E-02-1.221169055E-02-1.274210229E-02-1.325398527E-02
-1.374650441E-02-1.421884215E-02-1.467013003E-02-1.509956030E-02-1.550644014E-02
-1.589012452E-02-1.624989421E-02-1.658504761E-02-1.689498230E-02-1.717915106E-02
-1.743695953E-02-1.766782274E-02-1.787122152E-02-1.804668385E-02-1.819374006E-02
-1.831193428E-02-1.840083668E-02-1.846004763E-02-1.848922252E-02-1.848805084E-02
-1.845621981E-02-1.839341212E-02-1.829936476E-02-1.817391415E-02-1.801690674E-02
-1.782816151E-02-1.760747823E-02-1.735470250E-02-1.706980153E-02-1.675276487E-02
-1.640354568E-02-1.602206800E-02-1.560823119E-02-1.516193895E-02-1.468317763E-02
-1.417195794E-02-1.362825007E-02-1.305199531E-02-1.244311683E-02-1.180150886E-02
-1.112708471E-02-1.041978328E-02-9.679644909E-03-8.906826640E-03-8.101601937E-03
-7.264386821E-03-6.395766217E-03-5.496501144E-03-4.567558811E-03-3.610174039E-03
-2.626004383E-03-1.616977440E-03-5.843110245E-04 4.722558622E-04 1.555872626E-03
 2.667066425E-03 3.805138141E-03 4.968962470E-03 6.157539655E-03 7.369964009E-03
 8.605361892E-03 9.862879742E-03 1.114168587E-02 1.244098039E-02 1.375999038E-02
 1.509796778E-02 1.645419562E-02 1.782798473E-02 1.921867147E-02 2.062562004E-02
 2.204822281E-02 2.348589808E-02 2.493808856E-02 2.640426384E-02 2.788391916E-02
 2.937656549E-02 3.088172274E-02 3.239892637E-02 3.392773137E-02 3.546771126E-02
 3.701845714E-02 3.857957770E-02 4.015069967E-02 4.173146609E-02 4.332153580E-02
 4.492058223E-02 4.652828401E-02 4.814436813E-02 4.976879779E-02 5.140026489E-02
 1.454257424E-02 1.356071614E-02 1.259350823E-02 1.164358987E-02 1.071091102E-02
 9.795882539E-03 8.898980641E-03 8.020654679E-03 7.161347204E-03 6.321501109E-03
 5.501563180E-03 4.701965489E-03 3.923109362E-03 3.165357732E-03 2.429030576E-03
 1.714376220E-03 1.021733309E-03 3.518523936E-04-2.979127891E-04-9.399189716E-04
-1.581388437E-03-2.222280876E-03-2.861789636E-03-3.499426710E-03-4.134616050E-03
-4.766644393E-03-5.394663435E-03-6.017682409E-03-6.634578317E-03-7.244122485E-03
-7.845007316E-03-8.435906894E-03-9.015516529E-03-9.582586952E-03-1.013593016E-02
-1.067438306E-02-1.119681761E-02-1.170219431E-02-1.218959078E-02-1.265814659E-02
-1.310696229E-02-1.353515967E-02-1.394197116E-02-1.432672351E-02-1.468871881E-02
-1.502722000E-02-1.534156564E-02-1.563118497E-02-1.589551306E-02-1.613394839E-02
-1.634593336E-02-1.653097366E-02-1.668860393E-02-1.681835949E-02-1.691979674E-02
-1.699249760E-02-1.703607767E-02-1.705020625E-02-1.703457374E-02-1.698886454E-02
-1.691276300E-02-1.680601647E-02-1.666845412E-02-1.649990744E-02-1.630018393E-02
-1.606907208E-02-1.580640028E-02-1.551210143E-02-1.518612054E-02-1.482837164E-02
-1.443874493E-02-1.401710391E-02-1.356330240E-02-1.307726573E-02-1.255897199E-02
-1.200836996E-02-1.142538297E-02-1.080996080E-02-1.016205167E-02-9.481653165E-03
-8.768842104E-03-8.023820811E-03-7.246955936E-03-6.438758145E-03-5.599877652E-03
-4.731134500E-03-3.833562332E-03-2.908504625E-03-1.957677672E-03-9.825826391E-04
 1.639692106E-05 1.042231632E-03 2.096214102E-03 3.178305152E-03 4.287511751E-03
 5.422756937E-03 6.583107678E-03 7.767690083E-03 8.975645850E-03 1.020613340E-02
 1.145833830E-02 1.273146821E-02 1.402475423E-02 1.533745713E-02 1.666886053E-02
 1.801827219E-02 1.938502885E-02 2.076849199E-02 2.216804665E-02 2.358310373E-02
 2.501310001E-02 2.645749572E-02 2.791577346E-02 2.938744077E-02 3.087202863E-02
 3.236908155E-02 3.387815079E-02 3.539880129E-02 3.693061598E-02 3.847319495E-02
 4.002615438E-02 4.158912655E-02 4.316176043E-02 4.474372056E-02 4.633468501E-02
 4.793433603E-02 4.954240370E-02 5.115885538E-02 5.278237977E-02 1.478402004E-02
 1.381519439E-02 1.286114834E-02 1.192452375E-02 1.100524277E-02 1.010369496E-02
 9.220334274E-03 8.355592024E-03 7.509901025E-03 6.683702595E-03 5.877421743E-03
 5.091454133E-03 4.326158904E-03 3.581859209E-03 2.858837528E-03 2.157324990E-03
 1.477480681E-03 8.196534002E-04 1.842863169E-04-4.332092203E-04-1.045118715E-03
-1.656224054E-03-2.265843147E-03-2.873229860E-03-3.477878233E-03-4.079174886E-03
-4.676387455E-03-5.268668632E-03-5.855044203E-03-6.434425729E-03-7.005638468E-03
-7.567454541E-03-8.118636289E-03-8.657966813E-03-9.184229101E-03-9.696218672E-03
-1.019280415E-02-1.067295838E-02-1.113573859E-02-1.158020540E-02-1.200542280E-02
-1.241053783E-02-1.279480177E-02-1.315750984E-02-1.349790833E-02-1.381527516E-02
-1.410898198E-02-1.437846174E-02-1.462311994E-02-1.484236452E-02-1.503566173E-02
-1.520253011E-02-1.534250239E-02-1.545511946E-02-1.553994637E-02-1.559657247E-02
-1.562462497E-02-1.562377790E-02-1.559371706E-02-1.553412117E-02-1.544467494E-02
-1.532513290E-02-1.517531234E-02-1.499502423E-02-1.478405325E-02-1.454216505E-02
-1.426916762E-02-1.396496650E-02-1.362947498E-02-1.326257144E-02-1.286410721E-02
-1.243392430E-02-1.197186483E-02-1.147782611E-02-1.095177525E-02-1.039369276E-02
-9.803545615E-03-9.181360598E-03-8.527211983E-03-7.841248033E-03-7.123727538E-03
-6.375044393E-03-5.595748682E-03-4.786549772E-03-3.948327163E-03-3.082200111E-03
-2.189694624E-03-1.272197607E-03-3.302609068E-04 6.374892258E-04 1.633980655E-03
 2.659553313E-03 3.713451228E-03 4.794589065E-03 5.902008136E-03 7.034830973E-03
 8.192206855E-03 9.373296656E-03 1.057728085E-02 1.180335775E-02 1.305074776E-02
 1.431869648E-02 1.560646820E-02 1.691335135E-02 1.823866101E-02 1.958173215E-02
 2.094192364E-02 2.231862077E-02 2.371123097E-02 2.511918365E-02 2.654193213E-02
 2.797895358E-02 2.942974641E-02 3.089382957E-02 3.237074519E-02 3.386005686E-02
 3.536133980E-02 3.687417396E-02 3.839815141E-02 3.993288071E-02 4.147798641E-02
 4.303310781E-02 4.459789895E-02 4.617202971E-02 4.775518344E-02 4.934704687E-02
 5.094735354E-02 5.255607489E-02 5.417189737E-02 1.503008250E-02 1.407421475E-02
 1.313323683E-02 1.220978901E-02 1.130376981E-02 1.041554705E-02 9.545561433E-03
 8.694241213E-03 7.862021042E-03 7.049319104E-03 6.256525122E-03 5.483995742E-03
 4.732054038E-03 4.000984853E-03 3.291032467E-03 2.602398598E-03 1.935226618E-03
 1.289605723E-03 6.658802969E-04 6.400425172E-05-5.219691403E-04-1.103369467E-03
-1.683377360E-03-2.261037490E-03-2.835627720E-03-3.406613999E-03-3.973357259E-03
-4.535113107E-03-5.091036032E-03-5.640176321E-03-6.181501763E-03-6.713910930E-03
-7.236271789E-03-7.747408401E-03-8.246118672E-03-8.731222258E-03-9.201603598E-03
-9.656229099E-03-1.009411207E-02-1.051425815E-02-1.091572358E-02-1.129766503E-02
-1.165932619E-02-1.199994533E-02-1.231874723E-02-1.261503106E-02-1.288818317E-02
-1.313761283E-02-1.336270150E-02-1.356286922E-02-1.373759801E-02-1.388640880E-02
-1.400882709E-02-1.410439575E-02-1.417268379E-02-1.421328508E-02-1.422583474E-02
-1.421000432E-02-1.416547107E-02-1.409190510E-02-1.398898729E-02-1.385647011E-02
-1.369415140E-02-1.350182084E-02-1.327924610E-02-1.302617879E-02-1.274240914E-02
-1.242781019E-02-1.208227145E-02-1.170566121E-02-1.129781960E-02-1.085857921E-02
-1.038780259E-02-9.885412693E-03-9.351409404E-03-8.785849625E-03-8.188807627E-03
-7.560432088E-03-6.900951096E-03-6.210677792E-03-5.490027528E-03-4.739562354E-03
-3.960019959E-03-3.152355696E-03-2.317921718E-03-1.457965990E-03-5.730991377E-04
 3.372001242E-04 1.276489695E-03 2.245363355E-03 3.243558545E-03 4.270105904E-03
 5.324019079E-03 6.404420735E-03 7.510466029E-03 8.641324887E-03 9.796183214E-03
 1.097424115E-02 1.217471762E-02 1.339685094E-02 1.463989585E-02 1.590313002E-02
 1.718585244E-02 1.848737929E-02 1.980705161E-02 2.114423326E-02 2.249830618E-02
 2.386867592E-02 2.525477179E-02 2.665604301E-02 2.807195947E-02 2.950201315E-02
 3.094571800E-02 3.240260725E-02 3.387223303E-02 3.535416909E-02 3.684800884E-02
 3.835335558E-02 3.986981570E-02 4.139700614E-02 4.293455912E-02 4.448212169E-02
 4.603935448E-02 4.760593208E-02 4.918154262E-02 5.076587761E-02 5.235867512E-02
 5.395991061E-02 5.556826969E-02 1.528084678E-02 1.433785105E-02 1.340983709E-02
 1.249944323E-02 1.160654514E-02 1.073150130E-02 9.874757386E-03 9.036743144E-03
 8.217869054E-03 7.418518770E-03 6.639046349E-03 5.879774419E-03 5.140990879E-03
 4.422945629E-03 3.725849058E-03 3.049869205E-03 2.395130730E-03 1.761695525E-03
 1.149597608E-03 5.591699762E-04-1.011138213E-05-5.649351621E-04-1.115346251E-03
-1.663617411E-03-2.208714408E-03-2.749915271E-03-3.286654966E-03-3.818272692E-03
-4.344019219E-03-4.863065461E-03-5.374505451E-03-5.877375058E-03-6.370640716E-03
-6.853205150E-03-7.323935756E-03-7.781709574E-03-8.225455671E-03-8.654145625E-03
-9.066741650E-03-9.462225272E-03-9.839660392E-03-1.019820971E-02-1.053708065E-02
-1.085545616E-02-1.115255991E-02-1.142770230E-02-1.168026142E-02-1.190960936E-02
-1.211512022E-02-1.229622281E-02-1.245240311E-02-1.258317354E-02-1.268805107E-02
-1.276657626E-02-1.281831628E-02-1.284286551E-02-1.283985984E-02-1.280896091E-02
-1.274983357E-02-1.266213925E-02-1.254555825E-02-1.239984145E-02-1.222476755E-02
-1.202010105E-02-1.178559182E-02-1.152098766E-02-1.122607994E-02-1.090072896E-02
-1.054480715E-02-1.015819207E-02-9.740750702E-03-9.292345930E-03-8.812889959E-03
-8.302376452E-03-7.760889208E-03-7.188584984E-03-6.585664858E-03-5.952401418E-03
-5.289149162E-03-4.596367972E-03-3.874644157E-03-3.124759000E-03-2.347891853E-03
-1.545138441E-03-7.170765728E-04 1.364140289E-04 1.018949872E-03 1.931476018E-03
 2.874032898E-03 3.845877042E-03 4.846005894E-03 5.873576521E-03 6.927786161E-03
 8.007833128E-03 9.112910013E-03 1.024221688E-02 1.139497700E-02 1.257043109E-02
 1.376783430E-02 1.498646092E-02 1.622560117E-02 1.748456186E-02 1.876267281E-02
 2.005928109E-02 2.137375097E-02 2.270547131E-02 2.405385008E-02 2.541831230E-02
 2.679830618E-02 2.819330098E-02 2.960278406E-02 3.102626226E-02 3.246326289E-02
 3.391333345E-02 3.537603900E-02 3.685096200E-02 3.833770514E-02 3.983588913E-02
 4.134514308E-02 4.286509767E-02 4.439539278E-02 4.593568242E-02 4.748563440E-02
 4.904492951E-02 5.061326026E-02 5.219032241E-02 5.377585855E-02 5.536984905E-02
 5.697097966E-02 1.553638636E-02 1.460616812E-02 1.369100738E-02 1.279354149E-02
 1.191363855E-02 1.105166898E-02 1.020807688E-02 9.383267048E-03 8.577616369E-03
 7.791476118E-03 7.025168089E-03 6.278982429E-03 5.553174019E-03 4.847961858E-03
 4.163525342E-03 3.500003722E-03 2.857494570E-03 2.236054126E-03 1.635670154E-03
 1.056319379E-03 4.983094312E-04-3.919228171E-05-5.630302448E-04-1.081930194E-03
-1.597888920E-03-2.109899301E-03-2.617202188E-03-3.119196935E-03-3.615215538E-03
-4.104519465E-03-4.586309188E-03-5.059726304E-03-5.523834063E-03-5.977634869E-03
-6.420092516E-03-6.850181471E-03-7.266887444E-03-7.669182881E-03-8.056029364E-03
-8.426430412E-03-8.779465944E-03-9.114288242E-03-9.430048773E-03-9.725901983E-03
-1.000107648E-02-1.025488654E-02-1.048668366E-02-1.069580376E-02-1.088161841E-02
-1.104355961E-02-1.118110655E-02-1.129375310E-02-1.138100664E-02-1.144240279E-02
-1.147750407E-02-1.148590333E-02-1.146723150E-02-1.142113632E-02-1.134726761E-02
-1.124527743E-02-1.111484750E-02-1.095572766E-02-1.076768589E-02-1.055047557E-02
-1.030383574E-02-1.002751566E-02-9.721324826E-03-9.385139766E-03-9.018845970E-03
-8.622348084E-03-8.195567009E-03-7.738437414E-03-7.250947458E-03-6.733176046E-03
-6.185303930E-03-5.607578024E-03-5.000303980E-03-4.363875809E-03-3.698794903E-03
-3.005726382E-03-2.285680455E-03-1.539544193E-03-7.677637346E-04 2.964057513E-05
 8.561857828E-04 1.713066988E-03 2.600479688E-03 3.517879649E-03 4.464318969E-03
 5.438994503E-03 6.441145299E-03 7.470020107E-03 8.524860315E-03 9.604898590E-03
 1.070936651E-02 1.183749907E-02 1.298855053E-02 1.416179855E-02 1.535653426E-02
 1.657206375E-02 1.780771105E-02 1.906281385E-02 2.033672769E-02 2.162882914E-02
 2.293850911E-02 2.426517664E-02 2.560826377E-02 2.696721848E-02 2.834150564E-02
 2.973061225E-02 3.113404395E-02 3.255132300E-02 3.398199007E-02 3.542560477E-02
 3.688174525E-02 3.835000570E-02 3.982999640E-02 4.132134657E-02 4.282370195E-02
 4.433671538E-02 4.586003992E-02 4.739333663E-02 4.893627963E-02 5.048855634E-02
 5.204986510E-02 5.361990583E-02 5.519842489E-02 5.678540734E-02 5.837954077E-02
 1.579676703E-02 1.487922370E-02 1.397680533E-02 1.309216273E-02 1.222517827E-02
 1.137621579E-02 1.054569401E-02 9.733985511E-03 8.941437773E-03 8.168371390E-03
 7.415078102E-03 6.681816908E-03 5.968814088E-03 5.276259391E-03 4.604305775E-03
 3.953067659E-03 3.322623752E-03 2.713010850E-03 2.124212916E-03 1.556137090E-03
 1.008703544E-03 4.821254052E-04-2.455054646E-05-5.172648327E-04-1.004163118E-03
-1.487313530E-03-1.965785927E-03-2.438771100E-03-2.905630643E-03-3.365702336E-03
-3.818266080E-03-4.262538524E-03-4.697670209E-03-5.122762149E-03-5.536889614E-03
-5.939119202E-03-6.328495075E-03-6.704026481E-03-7.064720480E-03-7.409623137E-03
-7.737840376E-03-8.048505529E-03-8.340737882E-03-8.613696413E-03-8.866615290E-03
-9.098796388E-03-9.309551736E-03-9.498195982E-03-9.664096061E-03-9.806679953E-03
-9.925412891E-03-1.001976712E-02-1.008923844E-02-1.013335518E-02-1.015167401E-02
-1.014378408E-02-1.010930737E-02-1.004788010E-02-9.959142883E-03-9.842742430E-03
-9.698362913E-03-9.525753174E-03-9.324678655E-03-9.094898470E-03-8.836164372E-03
-8.548243077E-03-8.230973296E-03-7.884266753E-03-7.508052260E-03-7.102280431E-03
-6.666933404E-03-6.202027968E-03-5.707632532E-03-5.183898869E-03-4.631094127E-03
-4.049573389E-03-3.439769299E-03-2.802283573E-03-2.137998109E-03-1.447580453E-03
-7.312913728E-04 1.090338299E-05 7.825313575E-04 1.584788122E-03 2.417911924E-03
 3.281513666E-03 4.174733387E-03 5.096811282E-03 6.047037450E-03 7.024714673E-03
 8.029139636E-03 9.059593731E-03 1.011535363E-02 1.119569135E-02 1.229987692E-02
 1.342718106E-02 1.457688534E-02 1.574829749E-02 1.694074301E-02 1.815355932E-02
 1.938610008E-02 2.063773399E-02 2.190784269E-02 2.319582699E-02 2.450110530E-02
 2.582310893E-02 2.716128854E-02 2.851511496E-02 2.988407283E-02 3.126766384E-02
 3.266541028E-02 3.407685101E-02 3.550154031E-02 3.693904981E-02 3.838896872E-02
 3.985090329E-02 4.132447437E-02 4.280931781E-02 4.430508716E-02 4.581145120E-02
 4.732808459E-02 4.885466105E-02 5.039086122E-02 5.193637822E-02 5.349091655E-02
 5.505418155E-02 5.662592364E-02 5.820613149E-02 5.979349524E-02 1.606204509E-02
 1.515707942E-02 1.426732190E-02 1.339545177E-02 1.254133804E-02 1.170531842E-02
 1.088778136E-02 1.008907257E-02 9.309510353E-03 8.549387389E-03 7.808966084E-03
 7.088478861E-03 6.388124441E-03 5.708067713E-03 5.048438653E-03 4.409336295E-03
 3.790822072E-03 3.192910820E-03 2.615567068E-03 2.058701439E-03 1.522151017E-03
 1.005765244E-03 5.096271706E-04 3.298739173E-05-4.286547851E-04-8.832711247E-04
-1.333188512E-03-1.777750174E-03-2.216100714E-03-2.647559112E-03-3.071455051E-03
-3.487068102E-03-3.893625386E-03-4.290314436E-03-4.676304212E-03-5.050740413E-03
-5.412724576E-03-5.761331225E-03-6.095634749E-03-6.414738660E-03-6.717783546E-03
-7.003897223E-03-7.272202938E-03-7.521878079E-03-7.752167160E-03-7.962353432E-03
-8.151715813E-03-8.319563318E-03-8.465260815E-03-8.588226121E-03-8.687904082E-03
-8.763749260E-03-8.815246477E-03-8.841915647E-03-8.843307809E-03-8.819006676E-03
-8.768623842E-03-8.691787494E-03-8.588136529E-03-8.457324211E-03-8.299046800E-03
-8.113055317E-03-7.899119053E-03-7.657013650E-03-7.386521978E-03-7.087449458E-03
-6.759672594E-03-6.403141695E-03-6.017835131E-03-5.603754706E-03-5.160936767E-03
-4.689471334E-03-4.189518115E-03-3.661333958E-03-3.105298830E-03-2.522017585E-03
-1.912201798E-03-1.276267611E-03-6.143519268E-04 7.382458938E-05 7.919273002E-04
 1.540876017E-03 2.320898487E-03 3.131705389E-03 3.972519943E-03 4.842637587E-03
 5.741413426E-03 6.668208921E-03 7.622376573E-03 8.603254674E-03 9.610170666E-03
 1.064244130E-02 1.169938027E-02 1.278029720E-02 1.388449801E-02 1.501128885E-02
 1.615997935E-02 1.732989995E-02 1.852040677E-02 1.973086847E-02 2.096066571E-02
 2.220919563E-02 2.347586755E-02 2.476010421E-02 2.606134784E-02 2.737905461E-02
 2.871269341E-02 3.006175320E-02 3.142573985E-02 3.280417174E-02 3.419658458E-02
 3.560253278E-02 3.702158560E-02 3.845332675E-02 3.989735627E-02 4.135329055E-02
 4.282076155E-02 4.429941467E-02 4.578890922E-02 4.728892117E-02 4.879914048E-02
 5.031926191E-02 5.184897831E-02 5.338798883E-02 5.493600313E-02 5.649273225E-02
 5.805793171E-02 5.963159419E-02 6.121241231E-02 1.633228513E-02 1.543984236E-02
 1.456271653E-02 1.370358765E-02 1.286229526E-02 1.203914863E-02 1.123451135E-02
 1.044870162E-02 9.682011599E-03 8.934706429E-03 8.207023684E-03 7.499169850E-03
 6.811320213E-03 6.143618454E-03 5.496181621E-03 4.869093875E-03 4.262396995E-03
 3.676085473E-03 3.110106193E-03 2.564358409E-03 2.038690273E-03 1.532882518E-03
 1.046706888E-03 5.801328676E-04 1.328371051E-04-2.983568661E-04-7.207012277E-04
-1.137032112E-03-1.547377282E-03-1.950866775E-03-2.346745745E-03-2.734315982E-03
-3.112860730E-03-3.481645148E-03-3.839908592E-03-4.186854829E-03-4.521647330E-03
-4.843430954E-03-5.151353637E-03-5.444584467E-03-5.722292152E-03-5.983620657E-03
-6.227730496E-03-6.453829149E-03-6.661174569E-03-6.849037191E-03-7.016686446E-03
-7.163434732E-03-7.288649190E-03-7.391738574E-03-7.472126917E-03-7.529258312E-03
-7.562611859E-03-7.571702179E-03-7.556077137E-03-7.515315573E-03-7.449021701E-03
-7.356820727E-03-7.238356271E-03-7.093296217E-03-6.921356818E-03-6.722299291E-03
-6.495904184E-03-6.241969173E-03-5.960312891E-03-5.650785524E-03-5.313304205E-03
-4.947852288E-03-4.554452040E-03-4.133166211E-03-3.684118048E-03-3.207483294E-03
-2.703580561E-03-2.172970224E-03-1.616114401E-03-1.033120547E-03-4.241364276E-04
 2.117336590E-04 8.780581907E-04 1.575287502E-03 2.303678021E-03 3.062999524E-03
 3.852534708E-03 4.671647696E-03 5.519766016E-03 6.396311109E-03 7.300697265E-03
 8.232325284E-03 9.190575507E-03 1.017481596E-02 1.118440953E-02 1.221870915E-02
 1.327706169E-02 1.435881150E-02 1.546329914E-02 1.658986366E-02 1.773784490E-02
 1.890659386E-02 2.009548983E-02 2.130393090E-02 2.253132527E-02 2.377709458E-02
 2.504067489E-02 2.632151296E-02 2.761907037E-02 2.893282651E-02 3.026227204E-02
 3.160691111E-02 3.296626757E-02 3.433987913E-02 3.572729537E-02 3.712808335E-02
 3.854182680E-02 3.996812285E-02 4.140658233E-02 4.285683137E-02 4.431851129E-02
 4.579127773E-02 4.727479864E-02 4.876875496E-02 5.027284330E-02 5.178677309E-02
 5.331025774E-02 5.484300814E-02 5.638473956E-02 5.793516771E-02 5.949405339E-02
 6.106139401E-02 6.263588625E-02 1.660761101E-02 1.572768342E-02 1.486317114E-02
 1.401674688E-02 1.318822023E-02 1.237787638E-02 1.158605333E-02 1.081304458E-02
 1.005911656E-02 9.324511074E-03 8.609441304E-03 7.914091578E-03 7.238617647E-03
 6.583152554E-03 5.947800609E-03 5.332627527E-03 4.737655412E-03 4.162862645E-03
 3.608182805E-03 3.073504307E-03 2.558670954E-03 2.063479181E-03 1.587664481E-03
 1.130935526E-03 6.931643160E-04 2.742958391E-04-1.276331307E-04-5.179825809E-04
-9.006249323E-04-1.276451808E-03-1.644908291E-03-2.005096183E-03-2.356294097E-03
-2.697802704E-03-3.028906376E-03-3.348857336E-03-3.656880762E-03-3.952191052E-03
-4.234001968E-03-4.501534176E-03-4.753987280E-03-4.990545435E-03-5.210418084E-03
-5.412852387E-03-5.597120670E-03-5.762492267E-03-5.908251796E-03-6.033724949E-03
-6.138285078E-03-6.221336950E-03-6.282294238E-03-6.320599010E-03-6.335731617E-03
-6.327207623E-03-6.294575409E-03-6.237412309E-03-6.155321720E-03-6.047932702E-03
-5.914899566E-03-5.755908339E-03-5.570694786E-03-5.359034273E-03-5.120724829E-03
-4.855586801E-03-4.563473536E-03-4.244280303E-03-3.897976948E-03-3.524607065E-03
-3.124244922E-03-2.697057850E-03-2.243414713E-03-1.763650510E-03-1.257903742E-03
-7.260544959E-04-1.682228606E-04 4.177909513E-04 1.034464367E-03 1.681882825E-03
 2.360387301E-03 3.069746569E-03 3.809342852E-03 4.578665994E-03 5.377204517E-03
 6.204423741E-03 7.059802767E-03 7.942802888E-03 8.852860666E-03 9.789404510E-03
 1.075184842E-02 1.173959141E-02 1.275202874E-02 1.378854709E-02 1.484852454E-02
 1.593133763E-02 1.703635927E-02 1.816295939E-02 1.931050861E-02 2.047838087E-02
 2.166597165E-02 2.287270414E-02 2.409801375E-02 2.534134558E-02 2.660215930E-02
 2.787992619E-02 2.917412786E-02 3.048426222E-02 3.180984196E-02 3.315038956E-02
 3.450544237E-02 3.587455574E-02 3.725729643E-02 3.865324310E-02 4.006199158E-02
 4.148315242E-02 4.291634839E-02 4.436121534E-02 4.581740334E-02 4.728457673E-02
 4.876241287E-02 5.025060051E-02 5.174884056E-02 5.325684861E-02 5.477435214E-02
 5.630108211E-02 5.783676516E-02 5.938112221E-02 6.093391825E-02 6.249515543E-02
 6.406353566E-02 1.688820349E-02 1.602078389E-02 1.516886025E-02 1.433509790E-02
 1.351927977E-02 1.272166672E-02 1.194257340E-02 1.118226937E-02 1.044099900E-02
 9.718981170E-03 9.016408058E-03 8.333446035E-03 7.670242321E-03 7.026919110E-03
 6.403563398E-03 5.800221862E-03 5.216900993E-03 4.653565971E-03 4.110140484E-03
 3.586506181E-03 3.082502416E-03 2.597925963E-03 2.132531489E-03 1.686023484E-03
 1.258069363E-03 8.484591687E-04 4.570809099E-04 8.289551457E-05-2.763080509E-04
-6.258493415E-04-9.671286158E-04-1.300290641E-03-1.624750867E-03-1.939640475E-03
-2.244231164E-03-2.537814898E-03-2.819658202E-03-3.089028605E-03-3.345196850E-03
-3.587422726E-03-3.814944371E-03-4.027000283E-03-4.222847092E-03-4.401769364E-03
-4.563058461E-03-4.705999804E-03-4.829905512E-03-4.934124921E-03-5.018042927E-03
-5.081065547E-03-5.122611251E-03-5.142129830E-03-5.139109296E-03-5.113072427E-03
-5.063572360E-03-4.990190089E-03-4.892535532E-03-4.770248037E-03-4.622996026E-03
-4.450484591E-03-4.252467837E-03-4.028738134E-03-3.779120607E-03-3.503482347E-03
-3.201721800E-03-2.873788113E-03-2.519751744E-03-2.139842777E-03-1.734264124E-03
-1.303080540E-03-8.459744088E-04-3.632156900E-04 1.460748329E-04 6.852158256E-04
 1.254618121E-03 1.854458390E-03 2.485103490E-03 3.146290577E-03 3.837520275E-03
 4.558423048E-03 5.308606267E-03 6.087635426E-03 6.895039132E-03 7.730305969E-03
 8.592925142E-03 9.482383768E-03 1.039814799E-02 1.133967290E-02 1.230640441E-02
 1.329777258E-02 1.431320067E-02 1.535210663E-02 1.641389952E-02 1.749798459E-02
 1.860376492E-02 1.973064056E-02 2.087801067E-02 2.204527523E-02 2.323184509E-02
 2.443716066E-02 2.566068252E-02 2.690188012E-02 2.816023367E-02 2.943523730E-02
 3.072639448E-02 3.203321978E-02 3.335524442E-02 3.469201117E-02 3.604307222E-02
 3.740799588E-02 3.878636592E-02 4.017777585E-02 4.158183146E-02 4.299815493E-02
 4.442638141E-02 4.586615729E-02 4.731714150E-02 4.877900620E-02 5.025143689E-02
 5.173413100E-02 5.322679646E-02 5.472915258E-02 5.624093255E-02 5.776188086E-02
 5.929174372E-02 6.083025308E-02 6.237717875E-02 6.393252639E-02 6.549500387E-02
 1.717424394E-02 1.631931533E-02 1.547994992E-02 1.465880384E-02 1.385563442E-02
 1.307067980E-02 1.230423255E-02 1.155654126E-02 1.082782877E-02 1.011829402E-02
 9.428112712E-03 8.757444624E-03 8.106427800E-03 7.475168144E-03 6.863734225E-03
 6.272157648E-03 5.700431832E-03 5.148512046E-03 4.616314746E-03 4.103717520E-03
 3.610557424E-03 3.136632028E-03 2.681703551E-03 2.245501390E-03 1.827715451E-03
 1.427992281E-03 1.046018034E-03 6.816602059E-04 3.344909041E-04 3.205270228E-06
-3.140676319E-04-6.215182572E-04-9.195991575E-04-1.208201985E-03-1.486815946E-03
-1.754667046E-03-2.010971933E-03-2.255030053E-03-2.486153805E-03-2.703629653E-03
-2.906733591E-03-3.094754060E-03-3.266994576E-03-3.422770860E-03-3.561397639E-03
-3.682193286E-03-3.784501096E-03-3.867698016E-03-3.931186773E-03-3.974381879E-03
-3.996718151E-03-3.997662021E-03-3.976714938E-03-3.933412090E-03-3.867316469E-03
-3.778019344E-03-3.665143844E-03-3.528347092E-03-3.367325182E-03-3.181813214E-03
-2.971589898E-03-2.736471271E-03-2.476337040E-03-2.191196033E-03-1.881041062E-03
-1.545909008E-03-1.185702152E-03-8.000695725E-04-3.892765476E-04 4.723585378E-05
 5.126515962E-04 1.007578643E-03 1.532099402E-03 2.086862629E-03 2.671889644E-03
 3.286898730E-03 3.931581318E-03 4.605700480E-03 5.308968591E-03 6.041055550E-03
 6.801596800E-03 7.590178715E-03 8.406339278E-03 9.249577529E-03 1.011939365E-02
 1.101530015E-02 1.193679258E-02 1.288335072E-02 1.385444918E-02 1.484954801E-02
 1.586809622E-02 1.690954057E-02 1.797331971E-02 1.905886555E-02 2.016560944E-02
 2.129297969E-02 2.244040220E-02 2.360730388E-02 2.479311464E-02 2.599728578E-02
 2.721929811E-02 2.845864476E-02 2.971482686E-02 3.098735791E-02 3.227576286E-02
 3.357957511E-02 3.489834058E-02 3.623162047E-02 3.757898500E-02 3.894001442E-02
 4.031430556E-02 4.170146794E-02 4.310111986E-02 4.451289243E-02 4.593643189E-02
 4.737139602E-02 4.881745305E-02 5.027428323E-02 5.174157909E-02 5.321904567E-02
 5.470639890E-02 5.620336442E-02 5.770967860E-02 5.922509126E-02 6.074936160E-02
 6.228224073E-02 6.382350907E-02 6.537317632E-02 6.692995597E-02 1.746590040E-02
 1.662344139E-02 1.579659925E-02 1.498802057E-02 1.419743836E-02 1.342506989E-02
 1.267118784E-02 1.193602065E-02 1.121977212E-02 1.052262614E-02 9.844753602E-03
 9.186306581E-03 8.547407766E-03 7.928145226E-03 7.328572988E-03 6.748709744E-03
 6.188539070E-03 5.648008617E-03 5.127030323E-03 4.625478447E-03 4.143189650E-03
 3.679966625E-03 3.235581426E-03 2.809776713E-03 2.402268496E-03 2.012741811E-03
 1.640848687E-03 1.286236769E-03 9.486084457E-04 6.278264443E-04 3.233206821E-04
 3.406376510E-05-2.409274608E-04-5.049627320E-04-7.584298353E-04-1.000895813E-03
-1.232068364E-03-1.451339710E-03-1.658015996E-03-1.851353239E-03-2.030640543E-03
-2.195203947E-03-2.344385795E-03-2.477530756E-03-2.593980159E-03-2.693089816E-03
-2.774236517E-03-2.836823474E-03-2.880274646E-03-2.904023842E-03-2.907529627E-03
-2.890282387E-03-2.851804385E-03-2.791649731E-03-2.709399974E-03-2.604666897E-03
-2.477095304E-03-2.326375902E-03-2.152281147E-03-1.954614730E-03-1.733201084E-03
-1.487936214E-03-1.218660352E-03-9.249004312E-04-6.066085244E-04-2.638727846E-04
 1.042580026E-04 5.004896351E-04 9.251586631E-04 1.378403373E-03 1.861000447E-03
 2.373170130E-03 2.914851383E-03 3.485830940E-03 4.085988816E-03 4.715183895E-03
 5.373219952E-03 6.059870410E-03 6.774872221E-03 7.517907212E-03 8.288611167E-03
 9.086580747E-03 9.911369794E-03 1.076249132E-02 1.163945359E-02 1.254178902E-02
 1.346902037E-02 1.442065192E-02 1.539618323E-02 1.639510252E-02 1.741688459E-02
 1.846100154E-02 1.952691957E-02 2.061409717E-02 2.172199098E-02 2.285005566E-02
 2.399774335E-02 2.516450589E-02 2.634979590E-02 2.755307612E-02 2.877383946E-02
 3.001160051E-02 3.126588191E-02 3.253621488E-02 3.382214356E-02 3.512322096E-02
 3.643900853E-02 3.776908170E-02 3.911302852E-02 4.047044460E-02 4.184093681E-02
 4.322412794E-02 4.461965101E-02 4.602714741E-02 4.744627179E-02 4.887669244E-02
 5.031808797E-02 5.177014685E-02 5.323256903E-02 5.470506587E-02 5.618736045E-02
 5.767918580E-02 5.918028394E-02 6.069040746E-02 6.220932050E-02 6.373678668E-02
 6.527260507E-02 6.681679511E-02 6.836807722E-02 1.776333401E-02 1.693331708E-02
 1.611895970E-02 1.532289671E-02 1.454483966E-02 1.378498652E-02 1.304359113E-02
 1.232086376E-02 1.161699453E-02 1.093216411E-02 1.026653703E-02 9.620250844E-03
 8.993410978E-03 8.386091479E-03 7.798333652E-03 7.230146446E-03 6.681505515E-03
 6.152353669E-03 5.642598784E-03 5.152112973E-03 4.680736067E-03 4.228279251E-03
 3.794526148E-03 3.379234848E-03 2.982139573E-03 2.602952539E-03 2.241357505E-03
 1.897013961E-03 1.569581129E-03 1.258739637E-03 9.642206884E-04 6.859036303E-04
 4.233506012E-04 1.757044308E-04-5.723574882E-05-2.767698902E-04-4.844611822E-04
-6.800367120E-04-8.628211886E-04-1.032441171E-03-1.188390609E-03-1.330024768E-03
-1.456695839E-03-1.567767598E-03-1.662607162E-03-1.740598683E-03-1.801148711E-03
-1.843685022E-03-1.867654523E-03-1.872521278E-03-1.857776223E-03-1.822943060E-03
-1.767577489E-03-1.691266693E-03-1.593628293E-03-1.474315869E-03-1.333030758E-03
-1.169475006E-03-9.832136910E-04-7.739067264E-04-5.414035068E-04-2.856742512E-04
-6.181992858E-06 2.994202925E-04 6.317507980E-04 9.909946996E-04 1.377635889E-03
 1.792473715E-03 2.235802894E-03 2.707752378E-03 3.208299755E-03 3.737469965E-03
 4.295245774E-03 4.881531862E-03 5.496213095E-03 6.139153381E-03 6.810174023E-03
 7.509048377E-03 8.235510269E-03 8.989248046E-03 9.769906050E-03 1.057709299E-02
 1.141037795E-02 1.226928881E-02 1.315334042E-02 1.406207808E-02 1.499504930E-02
 1.595178330E-02 1.693180115E-02 1.793461719E-02 1.895973230E-02 2.000664076E-02
 2.107483449E-02 2.216379802E-02 2.327301096E-02 2.440195285E-02 2.555010069E-02
 2.671692952E-02 2.790191570E-02 2.910453812E-02 3.032429632E-02 3.156072080E-02
 3.281335483E-02 3.408174846E-02 3.536546187E-02 3.666406664E-02 3.797714171E-02
 3.930427521E-02 4.064506975E-02 4.199913762E-02 4.336609819E-02 4.474558349E-02
 4.613723979E-02 4.754072167E-02 4.895569216E-02 5.038182770E-02 5.181881684E-02
 5.326635743E-02 5.472415672E-02 5.619193284E-02 5.766941462E-02 5.915634178E-02
 6.065246319E-02 6.215753647E-02 6.367132815E-02 6.519360650E-02 6.672418251E-02
 6.826309322E-02 6.980907217E-02 1.806669438E-02 1.724908865E-02 1.644717348E-02
 1.566357344E-02 1.489797978E-02 1.415057256E-02 1.342158834E-02 1.271122495E-02
 1.201967083E-02 1.134710141E-02 1.069366748E-02 1.005948988E-02 9.444660516E-03
 8.849240938E-03 8.273262828E-03 7.716726988E-03 7.179603964E-03 6.661832013E-03
 6.163315470E-03 5.683927782E-03 5.223515435E-03 4.781899547E-03 4.358877081E-03
 3.954222918E-03 3.567690770E-03 3.199008736E-03 2.847884010E-03 2.514014889E-03
 2.197097661E-03 1.896822433E-03 1.612899347E-03 1.345050974E-03 1.093023726E-03
 8.567228867E-04 6.359583947E-04 4.302617326E-04 2.391403296E-04 6.263021313E-05
-9.905736241E-05-2.468754586E-04-3.810291949E-04-5.010012287E-04-6.062134023E-04
-6.961134237E-04-7.701504428E-04-8.277758848E-04-8.684519286E-04-8.916498015E-04
-8.968484260E-04-8.835405766E-04-8.512364463E-04-7.994682808E-04-7.277923209E-04
-6.357888200E-04-5.230638414E-04-3.892608482E-04-2.341035919E-04-5.714817643E-05
 1.429328996E-04 3.671617059E-04 6.158687249E-04 8.894576986E-04 1.188471042E-03
 1.513758915E-03 1.865792520E-03 2.244913955E-03 2.651397328E-03 3.085388423E-03
 3.547083261E-03 4.036632347E-03 4.554104662E-03 5.099515930E-03 5.672823784E-03
 6.273932827E-03 6.902717305E-03 7.559032065E-03 8.242693207E-03 8.953475516E-03
 9.691117374E-03 1.045531447E-02 1.124572034E-02 1.206195493E-02 1.290360103E-02
 1.377020195E-02 1.466127991E-02 1.557638624E-02 1.651509010E-02 1.747694519E-02
 1.846149241E-02 1.946826980E-02 2.049680329E-02 2.154660848E-02 2.261720051E-02
 2.370808830E-02 2.481877421E-02 2.594876024E-02 2.709754651E-02 2.826463106E-02
 2.944951208E-02 3.065168850E-02 3.187066839E-02 3.310598992E-02 3.435721458E-02
 3.562391137E-02 3.690565628E-02 3.820203668E-02 3.951264887E-02 4.083709596E-02
 4.217499173E-02 4.352596323E-02 4.488964490E-02 4.626567861E-02 4.765371990E-02
 4.905343627E-02 5.046450224E-02 5.188660119E-02 5.331942968E-02 5.476269486E-02
 5.621611240E-02 5.767940699E-02 5.915231361E-02 6.063457725E-02 6.212595307E-02
 6.362620500E-02 6.513510405E-02 6.665242057E-02 6.817796981E-02 6.971179955E-02
 7.125266465E-02 1.837611461E-02 1.757088406E-02 1.678136727E-02 1.601017664E-02
 1.525698529E-02 1.452195653E-02 1.380531576E-02 1.310726050E-02 1.242797494E-02
 1.176762150E-02 1.112633477E-02 1.050422258E-02 9.901364559E-03 9.317812772E-03
 8.753590613E-03 8.208693526E-03 7.683087204E-03 7.176705290E-03 6.689451718E-03
 6.221204895E-03 5.771819866E-03 5.341128793E-03 4.928943576E-03 4.535056383E-03
 4.159236385E-03 3.801226471E-03 3.460758217E-03 3.137562345E-03 2.831370681E-03
 2.541920721E-03 2.268951316E-03 2.012200492E-03 1.771427923E-03 1.546429549E-03
 1.337015447E-03 1.143084906E-03 9.645832808E-04 8.014334348E-04 6.536018710E-04
 5.208760429E-04 4.032357827E-04 3.008472060E-04 2.139304649E-04 1.427488941E-04
 8.761078010E-05 4.887055541E-05 2.692522267E-05 2.220941774E-05 3.519511917E-05
 6.638494641E-05 1.163078860E-04 1.855147669E-04 2.745714298E-04 3.840534997E-04
 5.145394397E-04 6.666029265E-04 8.407990405E-04 1.037706608E-03 1.258063359E-03
 1.502528945E-03 1.771607082E-03 2.065797166E-03 2.385547268E-03 2.731172433E-03
 3.103012263E-03 3.501370925E-03 3.926503426E-03 4.378614884E-03 4.857869119E-03
 5.364379934E-03 5.898207281E-03 6.459345476E-03 7.047726690E-03 7.663228758E-03
 8.305710701E-03 8.975023626E-03 9.670983280E-03 1.039336663E-02 1.114191659E-02
 1.191633596E-02 1.271628741E-02 1.354140084E-02 1.439127178E-02 1.526545920E-02
 1.616349448E-02 1.708493004E-02 1.802935215E-02 1.899633765E-02 1.998544742E-02
 2.099624003E-02 2.202826484E-02 2.308105949E-02 2.415415908E-02 2.524709537E-02
 2.635939356E-02 2.749057570E-02 2.864016386E-02 2.980767803E-02 3.099263665E-02
 3.219455970E-02 3.341296917E-02 3.464740656E-02 3.589744531E-02 3.716267252E-02
 3.844268109E-02 3.973707201E-02 4.104545739E-02 4.236745620E-02 4.370269435E-02
 4.505080990E-02 4.641145180E-02 4.778427499E-02 4.916894280E-02 5.056513242E-02
 5.197253067E-02 5.339083063E-02 5.481973483E-02 5.625895831E-02 5.770822538E-02
 5.916726825E-02 6.063582785E-02 6.211365473E-02 6.360050890E-02 6.509616021E-02
 6.660038549E-02 6.811295913E-02 6.963369802E-02 7.116265296E-02 7.269859455E-02
 1.869174566E-02 1.789885307E-02 1.712168866E-02 1.636285386E-02 1.562200456E-02
 1.489929389E-02 1.419494823E-02 1.350916178E-02 1.284210635E-02 1.219392868E-02
 1.156475082E-02 1.095466858E-02 1.036375227E-02 9.792045576E-03 9.239566303E-03
 8.706304910E-03 8.192221705E-03 7.697248317E-03 7.221292064E-03 6.764238662E-03
 6.325952270E-03 5.906278246E-03 5.505043508E-03 5.122055309E-03 4.757092148E-03
 4.409917100E-03 4.080289308E-03 3.767970310E-03 3.472725193E-03 3.194325450E-03
 2.932543388E-03 2.687153222E-03 2.457949874E-03 2.244748782E-03 2.047404180E-03
 1.865807642E-03 1.699881131E-03 1.549563774E-03 1.414834979E-03 1.295780355E-03
 1.192499965E-03 1.105112043E-03 1.033775706E-03 9.787027119E-04 9.401588742E-04
 9.184592606E-04 9.139684046E-04 9.270905881E-04 9.582674989E-04 1.007977555E-03
 1.076729791E-03 1.165060268E-03 1.273524127E-03 1.402686869E-03 1.553119088E-03
 1.725391407E-03 1.920070275E-03 2.137699238E-03 2.378761254E-03 2.643729307E-03
 2.933078104E-03 3.247243052E-03 3.586613044E-03 3.951524223E-03 4.342270546E-03
 4.759099302E-03 5.202230063E-03 5.671849805E-03 6.168091976E-03 6.691038839E-03
 7.240717971E-03 7.817099074E-03 8.420093844E-03 9.049560900E-03 9.705344764E-03
 1.038729260E-02 1.109522060E-02 1.182890819E-02 1.258810202E-02 1.337251174E-02
 1.418180911E-02 1.501563308E-02 1.587359128E-02 1.675525789E-02 1.766017522E-02
 1.858789501E-02 1.953801445E-02 2.051013167E-02 2.150382828E-02 2.251868031E-02
 2.355425899E-02 2.461012404E-02 2.568582858E-02 2.678092554E-02 2.789496187E-02
 2.902747903E-02 3.017801926E-02 3.134612290E-02 3.253132859E-02 3.373317552E-02
 3.495120353E-02 3.618496058E-02 3.743402404E-02 3.869799619E-02 3.997648670E-02
 4.126911094E-02 4.257549398E-02 4.389526999E-02 4.522807901E-02 4.657356885E-02
 4.793139999E-02 4.930124112E-02 5.068276637E-02 5.207565962E-02 5.347961773E-02
 5.489434518E-02 5.631955245E-02 5.775496008E-02 5.920030005E-02 6.065531256E-02
 6.211974520E-02 6.359335396E-02 6.507590389E-02 6.656716933E-02 6.806693269E-02
 6.957497378E-02 7.109111283E-02 7.261540053E-02 7.414661893E-02 1.901392690E-02
 1.823333045E-02 1.746847073E-02 1.672193729E-02 1.599337586E-02 1.528294128E-02
 1.459085729E-02 1.391730653E-02 1.326244556E-02 1.262640918E-02 1.200930770E-02
 1.141122782E-02 1.083223152E-02 1.027235660E-02 9.731615854E-03 9.209994011E-03
 8.707448001E-03 8.223911375E-03 7.759297608E-03 7.313500046E-03 6.886394263E-03
 6.477838556E-03 6.087674310E-03 5.715715506E-03 5.361755032E-03 5.025578840E-03
 4.706975827E-03 4.405736092E-03 4.121657751E-03 3.854539254E-03 3.604177108E-03
 3.370377200E-03 3.152970991E-03 2.951818223E-03 2.766808404E-03 2.597856632E-03
 2.444895296E-03 2.307897806E-03 2.186880373E-03 2.081912917E-03 1.993106543E-03
 1.920606656E-03 1.864597126E-03 1.825305594E-03 1.803009051E-03 1.798027706E-03
 1.810720694E-03 1.841476854E-03 1.890713140E-03 1.958877695E-03 2.046443735E-03
 2.153904957E-03 2.281767544E-03 2.430540112E-03 2.600732098E-03 2.792849307E-03
 3.007388631E-03 3.244830437E-03 3.505631960E-03 3.790230596E-03 4.099038199E-03
 4.432432654E-03 4.790753138E-03 5.174298553E-03 5.583316960E-03 6.018011858E-03
 6.478565899E-03 6.965130113E-03 7.477808257E-03 8.016655827E-03 8.581675598E-03
 9.172815815E-03 9.789969791E-03 1.043297943E-02 1.110167497E-02 1.179589891E-02
 1.251546793E-02 1.326016409E-02 1.402973742E-02 1.482390430E-02 1.564234518E-02
 1.648470758E-02 1.735061077E-02 1.823964287E-02 1.915135876E-02 2.008531070E-02
 2.104109979E-02 2.201834283E-02 2.301664206E-02 2.403558965E-02 2.507477653E-02
 2.613378345E-02 2.721218163E-02 2.830954256E-02 2.942543339E-02 3.055941551E-02
 3.171104882E-02 3.287989303E-02 3.406550623E-02 3.526744530E-02 3.648526881E-02
 3.771853693E-02 3.896682807E-02 4.022975293E-02 4.150693671E-02 4.279800994E-02
 4.410260962E-02 4.542038314E-02 4.675098463E-02 4.809407383E-02 4.944931982E-02
 5.081640321E-02 5.219501067E-02 5.358483451E-02 5.498557819E-02 5.639695632E-02
 5.781868956E-02 5.925050482E-02 6.069213955E-02 6.214334127E-02 6.360386487E-02
 6.507347220E-02 6.655193339E-02 6.803902727E-02 6.953454050E-02 7.103825819E-02
 7.255000527E-02 7.406983356E-02 7.559653505E-02 1.934187900E-02 1.857354276E-02
 1.782094545E-02 1.708666923E-02 1.637036282E-02 1.567217998E-02 1.499233380E-02
 1.433099148E-02 1.368829824E-02 1.306437707E-02 1.245932924E-02 1.187323298E-02
 1.130614403E-02 1.075809534E-02 1.022909370E-02 9.719118664E-03 9.228127417E-03
 8.756058420E-03 8.302831518E-03 7.868349512E-03 7.452499526E-03 7.055153758E-03
 6.676160811E-03 6.315341364E-03 5.972506963E-03 5.647470607E-03 5.340046953E-03
 5.050057664E-03 4.777327283E-03 4.521677174E-03 4.282924789E-03 4.060911182E-03
 3.855500111E-03 3.666587673E-03 3.494094389E-03 3.337959203E-03 3.198140366E-03
 3.074634905E-03 2.967485916E-03 2.876775479E-03 2.802629502E-03 2.745199304E-03
 2.704673876E-03 2.681285473E-03 2.675309297E-03 2.687062140E-03 2.716888876E-03
 2.765156529E-03 2.832257655E-03 2.918611670E-03 3.024660638E-03 3.150862377E-03
 3.297681427E-03 3.465580254E-03 3.655020052E-03 3.866456599E-03 4.100334859E-03
 4.357083767E-03 4.637115009E-03 4.940820378E-03 5.268562242E-03 5.620670410E-03
 5.997436719E-03 6.399109793E-03 6.825892739E-03 7.277949484E-03 7.755429971E-03
 8.258455813E-03 8.787103527E-03 9.341403820E-03 9.921337354E-03 1.052683293E-02
 1.115776708E-02 1.181396627E-02 1.249524664E-02 1.320144552E-02 1.393238025E-02
 1.468783554E-02 1.546756470E-02 1.627129068E-02 1.709870220E-02 1.794945514E-02
 1.882317985E-02 1.971947724E-02 2.063791582E-02 2.157805103E-02 2.253948200E-02
 2.352184124E-02 2.452475093E-02 2.554781955E-02 2.659065522E-02 2.765285851E-02
 2.873401963E-02 2.983372607E-02 3.095156418E-02 3.208711489E-02 3.323995473E-02
 3.440966171E-02 3.559581201E-02 3.679798031E-02 3.801574232E-02 3.924867410E-02
 4.049635854E-02 4.175840750E-02 4.303445911E-02 4.432415871E-02 4.562715647E-02
 4.694311052E-02 4.827168834E-02 4.961256265E-02 5.096541182E-02 5.232992519E-02
 5.370580154E-02 5.509274431E-02 5.649046302E-02 5.789867943E-02 5.931712441E-02
 6.074553381E-02 6.218364980E-02 6.363122560E-02 6.508802314E-02 6.655381105E-02
 6.802836446E-02 6.951146699E-02 7.100290922E-02 7.250248043E-02 7.401001035E-02
 7.552555330E-02 7.704791249E-02
 9.000000000E-01 9.024136719E-01 9.043739292E-01 9.062873327E-01 9.081748307E-01
 9.100368571E-01 9.118823995E-01 9.137114807E-01 9.155283855E-01 9.173344367E-01
 9.191305143E-01 9.209194515E-01 9.227023598E-01 9.244797524E-01 9.262535564E-01
 9.280243167E-01 9.297928630E-01 9.315607306E-01 9.333301130E-01 9.351040910E-01
 9.368851257E-01 9.386776591E-01 9.404883996E-01 9.423225715E-01 9.441824791E-01
 9.460738815E-01 9.480024515E-01 9.499733860E-01 9.519893900E-01 9.540553181E-01
 9.561758611E-01 9.583539298E-01 9.605933315E-01 9.628982100E-01 9.652734714E-01
 9.677212612E-01 9.702432978E-01 9.728426611E-01 9.755258700E-01 9.782961848E-01
 9.811549444E-01 9.841033000E-01 9.871436086E-01 9.902835230E-01 9.935264240E-01
 9.968735504E-01 1.000325987E+00 1.003885467E+00 1.007558820E+00 1.011351538E+00
 1.015265430E+00 1.019301889E+00 1.023462481E+00 1.027752320E+00 1.032178383E+00
 1.036744826E+00 1.041454005E+00 1.046308228E+00 1.051311008E+00 1.056470382E+00
 1.061791991E+00 1.067280086E+00 1.072937614E+00 1.078767340E+00 1.084774164E+00
 1.090963694E+00 1.097337997E+00 1.103898914E+00 1.110648980E+00 1.117590850E+00
 1.124727496E+00 1.132061321E+00 1.139593761E+00 1.147327089E+00 1.155265173E+00
 1.163410762E+00 1.171764379E+00 1.180329038E+00 1.189107078E+00 1.198102435E+00
 1.207320123E+00 1.216759808E+00 1.226423464E+00 1.236315065E+00 1.246438150E+00
 1.256799053E+00 1.267398963E+00 1.278238133E+00 1.289322228E+00 1.300655359E+00
 1.312244453E+00 1.324089691E+00 1.336191574E+00 1.348556349E+00 1.361189106E+00
 1.374097861E+00 1.387286412E+00 1.400765320E+00 1.414550907E+00 1.428663528E+00
 1.443127007E+00 1.457971041E+00 1.473231785E+00 1.488955047E+00 1.505190918E+00
 1.521996395E+00 1.539435864E+00 1.557589474E+00 1.576547479E+00 1.596404961E+00
 1.617270984E+00 1.639270423E+00 1.662528545E+00 1.687163475E+00 1.713299655E+00
 1.741061886E+00 1.770544993E+00 1.801865616E+00 1.835119709E+00 1.870420000E+00
 1.907891911E+00 1.947685498E+00 1.989992116E+00 2.035050538E+00 2.083163836E+00
 2.134711113E+00 2.190164073E+00 2.250117777E+00 2.315334005E+00
  300    5
 1.151999972E+00 2.006873031E-07 1.151970803E+00 5.013700836E-03 1.151883285E+00
 1.002795171E-02 1.151737349E+00 1.504370418E-02 1.151532875E+00 2.006170874E-02
 1.151269709E+00 2.508271674E-02 1.150947633E+00 3.010747788E-02 1.150566395E+00
 3.513674263E-02 1.150125699E+00 4.017126216E-02 1.149625184E+00 4.521178483E-02
 1.149064462E+00 5.025906159E-02 1.148443082E+00 5.531384083E-02 1.147760541E+00
 6.037686932E-02 1.147016300E+00 6.544889654E-02 1.146209754E+00 7.053066612E-02
 1.145340253E+00 7.562292323E-02 1.144407099E+00 8.072641184E-02 1.143409524E+00
 8.584186907E-02 1.142346721E+00 9.097003483E-02 1.141217814E+00 9.611164077E-02
 1.140021873E+00 1.012674154E-01 1.138757916E+00 1.064380869E-01 1.137424886E+00
 1.116243704E-01 1.136021679E+00 1.168269815E-01 1.134547115E+00 1.220466233E-01
 1.132999948E+00 1.272839888E-01 1.131378874E+00 1.325397655E-01 1.129682505E+00
 1.378146205E-01 1.127909394E+00 1.431092155E-01 1.126058013E+00 1.484241907E-01
 1.124126760E+00 1.537601691E-01 1.122113957E+00 1.591177544E-01 1.120017838E+00
 1.644975204E-01 1.117836561E+00 1.699000207E-01 1.115568191E+00 1.753257703E-01
 1.113210712E+00 1.807752546E-01 1.110762013E+00 1.862489152E-01 1.108219889E+00
 1.917471496E-01 1.105582041E+00 1.972703044E-01 1.102846070E+00 2.028186670E-01
 1.100009479E+00 2.083924635E-01 1.097069663E+00 2.139918434E-01 1.094023915E+00
 2.196168750E-01 1.090869417E+00 2.252675337E-01 1.087603243E+00 2.309436911E-01
 1.084222355E+00 2.366451046E-01 1.080723602E+00 2.423713956E-01 1.077103720E+00
 2.481220436E-01 1.073359326E+00 2.538963548E-01 1.069486930E+00 2.596934594E-01
 1.065482927E+00 2.655122741E-01 1.061343604E+00 2.713514875E-01 1.057065138E+00
 2.772095220E-01 1.052643605E+00 2.830845061E-01 1.048074992E+00 2.889742501E-01
 1.043355191E+00 2.948761797E-01 1.038480032E+00 3.007873304E-01 1.033445273E+00
 3.067042549E-01 1.028246635E+00 3.126229933E-01 1.022879824E+00 3.185390151E-01
 1.017340547E+00 3.244471299E-01 1.011624556E+00 3.303414286E-01 1.005727681E+00
 3.362151883E-01 9.996458814E-01 3.420607803E-01 9.933752978E-01 3.478695556E-01
 9.869123266E-01 3.536317503E-01 9.802536956E-01 3.593363501E-01 9.733965531E-01
 3.649709228E-01 9.663385904E-01 3.705215449E-01 9.590781535E-01 3.759725471E-01
 9.516144059E-01 3.813064489E-01 9.439474860E-01 3.865036949E-01 9.360787104E-01
 3.915425729E-01 9.280107852E-01 3.963989667E-01 9.197480552E-01 4.010462960E-01
 9.112967678E-01 4.054553038E-01 9.026653644E-01 4.095940776E-01 8.938647839E-01
 4.134279549E-01 8.849087735E-01 4.169196559E-01 8.758141892E-01 4.200294853E-01
 8.666012720E-01 4.227156578E-01 8.572938672E-01 4.249348673E-01 8.479195587E-01
 4.266430542E-01 8.385096810E-01 4.277964152E-01 8.290991699E-01 4.283526677E-01
 8.197262065E-01 4.282725827E-01 8.104316386E-01 4.275216701E-01 8.012581493E-01
 4.260720061E-01 7.922491893E-01 4.239040435E-01 7.834477344E-01 4.210081670E-01
 7.748948944E-01 4.173859972E-01 7.666285197E-01 4.130511026E-01 7.586819300E-01
 4.080290090E-01 7.510828168E-01 4.023566307E-01 7.438524993E-01 3.960809168E-01
 7.370055600E-01 3.892569387E-01 7.305498330E-01 3.819456864E-01 7.244867824E-01
 3.742116204E-01 7.188121536E-01 3.661203096E-01 7.135168130E-01 3.577363129E-01
 7.085876993E-01 3.491213959E-01 7.040087740E-01 3.403331922E-01 6.997619254E-01
 3.314242828E-01 6.958277747E-01 3.224416662E-01 6.921863696E-01 3.134265498E-01
 6.888177080E-01 3.044144625E-01 6.857021752E-01 2.954354972E-01 6.828208791E-01
 2.865146721E-01 6.801557907E-01 2.776724893E-01 6.776899920E-01 2.689252900E-01
 6.754075991E-01 2.602859309E-01 6.732939513E-01 2.517640689E-01 6.713354494E-01
 2.433667764E-01 6.695196318E-01 2.350988226E-01 6.678350542E-01 2.269631071E-01
 6.662712524E-01 2.189609495E-01 6.648187070E-01 2.110923386E-01 6.634687081E-01
 2.033562289E-01 6.622133395E-01 1.957506963E-01 6.610454142E-01 1.882731107E-01
 6.599583716E-01 1.809203122E-01 6.589462683E-01 1.736886945E-01 6.580036855E-01
 1.665743332E-01 6.571257064E-01 1.595730509E-01 6.563078564E-01 1.526804948E-01
 6.555460670E-01 1.458921896E-01 6.548366361E-01 1.392035844E-01 6.541762015E-01
 1.326100847E-01 6.535616936E-01 1.261070912E-01 6.529903362E-01 1.196900079E-01
 6.524595809E-01 1.133542800E-01 6.519671404E-01 1.070953815E-01 6.515108979E-01
 1.009088565E-01 6.510889751E-01 9.479029042E-02 6.506996180E-01 8.873535308E-02
 6.503412878E-01 8.273976234E-02 6.500125457E-01 7.679932085E-02 6.497121270E-01
 7.090988704E-02 6.494388793E-01 6.506739046E-02 6.491917569E-01 5.926782668E-02
 6.489698682E-01 5.350724155E-02 6.487723541E-01 4.778175288E-02 6.485985421E-01
 4.208751282E-02 6.484477633E-01 3.642073724E-02 6.483195049E-01 3.077767285E-02
 6.482133083E-01 2.515460862E-02 6.481287775E-01 1.954786626E-02 6.480656582E-01
 1.395378844E-02 6.480236788E-01 8.368744755E-03 6.480027386E-01 2.789114101E-03
 6.480027378E-01-2.788712735E-03 6.480236765E-01-8.368343452E-03 6.480656544E-01
-1.395338727E-02 6.481287722E-01-1.954746528E-02 6.482133015E-01-2.515420789E-02
 6.483194966E-01-3.077727244E-02 6.484477534E-01-3.642033722E-02 6.485985307E-01
-4.208711326E-02 6.487723411E-01-4.778135384E-02 6.489698536E-01-5.350684312E-02
 6.491917407E-01-5.926742892E-02 6.494388616E-01-6.506699346E-02 6.497121077E-01
-7.090949088E-02 6.500125247E-01-7.679892560E-02 6.503412651E-01-8.273936810E-02
 6.506995937E-01-8.873495994E-02 6.510889490E-01-9.478989848E-02 6.515108700E-01
-1.009084659E-01 6.519671107E-01-1.070949923E-01 6.524595494E-01-1.133538923E-01
 6.529903029E-01-1.196896219E-01 6.535616584E-01-1.261067070E-01 6.541761643E-01
-1.326097023E-01 6.548365969E-01-1.392032041E-01 6.555460258E-01-1.458918116E-01
 6.563078130E-01-1.526801191E-01 6.571256609E-01-1.595726778E-01 6.580036378E-01
-1.665739629E-01 6.589462183E-01-1.736883272E-01 6.599583193E-01-1.809199482E-01
 6.610453594E-01-1.882727501E-01 6.622132822E-01-1.957503395E-01 6.634686483E-01
-2.033558762E-01 6.648186445E-01-2.110919902E-01 6.662711872E-01-2.189606059E-01
 6.678349861E-01-2.269627686E-01 6.695195608E-01-2.350984897E-01 6.713353754E-01
-2.433664494E-01 6.732938742E-01-2.517637483E-01 6.754075189E-01-2.602856173E-01
 6.776899085E-01-2.689249839E-01 6.801557039E-01-2.776721912E-01 6.828207889E-01
-2.865143828E-01 6.857020816E-01-2.954352173E-01 6.888176109E-01-3.044141927E-01
 6.921862690E-01-3.134262909E-01 6.958276707E-01-3.224414188E-01 6.997618181E-01
-3.314240478E-01 7.040086635E-01-3.403329704E-01 7.085875858E-01-3.491211878E-01
 7.135166968E-01-3.577361195E-01 7.188120350E-01-3.661201312E-01 7.244866619E-01
-3.742114577E-01 7.305497111E-01-3.819455397E-01 7.370054373E-01-3.892568081E-01
 7.438523765E-01-3.960808023E-01 7.510826947E-01-4.023565321E-01 7.586818093E-01
-4.080289259E-01 7.666284014E-01-4.130510343E-01 7.748947792E-01-4.173859427E-01
 7.834476234E-01-4.210081253E-01 7.922490832E-01-4.239040133E-01 8.012580489E-01
-4.260719862E-01 8.104315446E-01-4.275216590E-01 8.197261196E-01-4.282725789E-01
 8.290990905E-01-4.283526698E-01 8.385096096E-01-4.277964217E-01 8.479194956E-01
-4.266430639E-01 8.572938127E-01-4.249348788E-01 8.666012262E-01-4.227156699E-01
 8.758141522E-01-4.200294970E-01 8.849087454E-01-4.169196662E-01 8.938647645E-01
-4.134279629E-01 9.026653537E-01-4.095940825E-01 9.112967657E-01-4.054553049E-01
 9.197480615E-01-4.010462926E-01 9.280107997E-01-3.963989583E-01 9.360787328E-01
-3.915425589E-01 9.439475161E-01-3.865036751E-01 9.516144435E-01-3.813064227E-01
 9.590781982E-01-3.759725143E-01 9.663386420E-01-3.705215052E-01 9.733966113E-01
-3.649708760E-01 9.802537602E-01-3.593362959E-01 9.869123972E-01-3.536316886E-01
 9.933753741E-01-3.478694863E-01 9.996459631E-01-3.420607031E-01 1.005727768E+00
-3.362151033E-01 1.011624648E+00-3.303413357E-01 1.017340643E+00-3.244470290E-01
 1.022879925E+00-3.185389062E-01 1.028246740E+00-3.126228763E-01 1.033445381E+00
-3.067041298E-01 1.038480143E+00-3.007871972E-01 1.043355306E+00-2.948760385E-01
 1.048075110E+00-2.889741009E-01 1.052643726E+00-2.830843490E-01 1.057065261E+00
-2.772093569E-01 1.061343729E+00-2.713513145E-01 1.065483054E+00-2.655120933E-01
 1.069487058E+00-2.596932708E-01 1.073359455E+00-2.538961586E-01 1.077103850E+00
-2.481218397E-01 1.080723733E+00-2.423711842E-01 1.084222487E+00-2.366448857E-01
 1.087603375E+00-2.309434649E-01 1.090869550E+00-2.252673002E-01 1.094024048E+00
-2.196166345E-01 1.097069795E+00-2.139915959E-01 1.100009610E+00-2.083922090E-01
 1.102846201E+00-2.028184057E-01 1.105582171E+00-1.972700365E-01 1.108220018E+00
-1.917468751E-01 1.110762141E+00-1.862486344E-01 1.113210839E+00-1.807749675E-01
 1.115568316E+00-1.753254771E-01 1.117836684E+00-1.698997215E-01 1.120017959E+00
-1.644972154E-01 1.122114076E+00-1.591174437E-01 1.124126877E+00-1.537598529E-01
 1.126058127E+00-1.484238690E-01 1.127909505E+00-1.431088886E-01 1.129682614E+00
-1.378142885E-01 1.131378981E+00-1.325394287E-01 1.133000051E+00-1.272836472E-01
 1.134547215E+00-1.220462771E-01 1.136021776E+00-1.168266309E-01 1.137424980E+00
-1.116240155E-01 1.138758006E+00-1.064377280E-01 1.140021959E+00-1.012670527E-01
 1.141217897E+00-9.611127430E-02 1.142346800E+00-9.096966484E-02 1.143409599E+00
-8.584149572E-02 1.144407170E+00-8.072603532E-02 1.145340320E+00-7.562254374E-02
 1.146209817E+00-7.053028382E-02 1.147016359E+00-6.544851164E-02 1.147760595E+00
-6.037648199E-02 1.148443132E+00-5.531345127E-02 1.149064508E+00-5.025866998E-02
 1.149625226E+00-4.521139138E-02 1.150125736E+00-4.017086705E-02 1.150566427E+00
-3.513634605E-02 1.150947661E+00-3.010708003E-02 1.151269732E+00-2.508231782E-02
 1.151532893E+00-2.006130893E-02 1.151737363E+00-1.504330369E-02 1.151883295E+00
-1.002755072E-02 1.151970809E+00-5.013299591E-03 1.151999972E+00 2.006873030E-07
 6.229088707E-01-4.498125414E-01 1.177170838E+00-4.498125414E-01 1.177170838E+00
 4.498125464E-01 6.229088707E-01 4.498125464E-01 6.229088707E-01-4.498125414E-01

    5.67892344E-02 abs(PSI-AXIS) --> [T M**2]    -6.43989918E-02
    1.01491644E+00 R OF MAGAXE --> [M]       9.13424798E-01
    2.81492636E-09 Z OF MAGAXE --> [M]       2.53343373E-09
    2.22985892E-07 Z0 --> [M]       2.00687303E-07
    9.00000000E-01 R0 [M] USED FOR CONVERTING TO MKSA
    1.40000000E+00 B0 [T] USED FOR CONVERTING TO MKSA
    1.00000000E+00 SIGN OF B0 IN EXPERIMENT (CHEASE ASSUMES 1.0) 
    5.66657544E-01 TOTAL CURRENT --> [A]     5.68174000E+05
    1.00000000E+00 SIGN OF IP IN EXPERIMENT (CHEASE ASSUMES 1.0) 
    1.69999166E+00 b/a
    9.00000000E-01 Q_ZERO, USING SIGNS OF IP AND B0, WOULD GIVE:     9.00000000E-01
    2.31533401E+00 Q_EDGE, USING SIGNS OF IP AND B0, WOULD GIVE:     2.31533401E+00
    5.80050733E-01 POLOIDAL BETA
    3.65523410E-02 BETA_EXP=<P>*2*MU0/B0**2
    7.41550948E-01 LI
    3.46100075E-02 PRESSURE ON AXIS --> [Pa]     5.39818670E+04  --> [10**19 M**-3 KEV]:     3.36965462E+01
    3.23043421E-02 BETA
    3.71371111E-02 BETA* (SQRT(<P**2>))
    6.44367517E-02 BETA-AXIS=2p0/(T0/Rmag)^2;      with Rmag->Rgeo(LCFS):    6.25564719E-02
   -5.67892344E-02 PSI-AXIS --> [T M**2]    -6.43989918E-02
   -3.56817283E-01 2*PI*PSI-AXIS -->        -4.04630799E-01
   -5.67892344E-02 IP_SIGN*PSI-AXIS --> [T M**2]    -6.43989918E-02
   -3.56817283E-01 IP_SIGN*2*PI*PSI-AXIS -->        -4.04630799E-01
    3.57141343E+00 ASPECT RATIO ; a/R=     2.80001187E-01
    2.54774771E+00 VOLUME ->     1.85730808E+00
    4.14018750E-01 AREA   ->     3.35355187E-01
    1.48358536E+01 SURFACE   ->     1.20170414E+01
    2.42206544E+00 LENGTH ->     2.17985890E+00
    7.20003042E-01 RMIN -> RMIN [m]     6.48002738E-01
    1.27999997E+00 RMAX -> RMAX [m]     1.15199997E+00
   -4.75947411E-01 ZMIN -> ZMIN [m]    -4.28352670E-01
    4.75947409E-01 ZMAX -> ZMAX [m]     4.28352668E-01
    1.00000151E+00 RGEOM -> RGEOM [m]     9.00001355E-01
    2.79998464E-01 MINOR RADIUS -> A [m]     2.51998617E-01
