   12  141    0
 0.523598775598299E+00 0.179044876759357E-01 0.101491644250402E+01 0.281492636205957E-08 0.100000000000000E+01
 0.346100085542700E-01 0.346100260812684E-01 0.346099995265545E-01 0.346098325204193E-01 0.346094139090874E-01
 0.346086197429872E-01 0.346073157493967E-01 0.346053621380504E-01 0.346026186404560E-01 0.345989499847318E-01
 0.345942310311160E-01 0.345883504697612E-01 0.345812114947082E-01 0.345727285240721E-01 0.345628234167147E-01
 0.345514234088262E-01 0.345384603908695E-01 0.345238705014756E-01 0.345075936994328E-01 0.344895732153821E-01
 0.344697549636558E-01 0.344480869469256E-01 0.344245186675127E-01 0.343990005431425E-01 0.343714833237960E-01
 0.343419175084421E-01 0.343102527613410E-01 0.342764373282571E-01 0.342404174526603E-01 0.342021367919426E-01
 0.341615358337028E-01 0.341185513120064E-01 0.340731156235902E-01 0.340251562440625E-01 0.339745951441541E-01
 0.339213482059650E-01 0.338653246391447E-01 0.338064263971571E-01 0.337445475935859E-01 0.336795739183724E-01
 0.336113820537516E-01 0.335398390899747E-01 0.334648019415869E-01 0.333861167663463E-01 0.333036183917017E-01
 0.332171297408977E-01 0.331264612288984E-01 0.330314100333670E-01 0.329317592116910E-01 0.328272770750026E-01
 0.327177181150108E-01 0.326028282576849E-01 0.324823524004195E-01 0.323560412145619E-01 0.322236542010617E-01
 0.320849609976298E-01 0.319397421755203E-01 0.317877902034811E-01 0.316289105337811E-01 0.314629227447138E-01
 0.312896616850270E-01 0.311089786105161E-01 0.309207423163600E-01 0.307248402681362E-01 0.305211797330311E-01
 0.303096889115612E-01 0.300903180696311E-01 0.298630406704874E-01 0.296278545064833E-01 0.293847828307387E-01
 0.291338754888204E-01 0.288752100506890E-01 0.286088929425789E-01 0.283350605787570E-01 0.280538804933939E-01
 0.277655524722662E-01 0.274703096844694E-01 0.271684198143747E-01 0.268601861934362E-01 0.265459489319242E-01
 0.262260860507030E-01 0.259010146132088E-01 0.255711918572959E-01 0.252371163269213E-01 0.248993290038080E-01
 0.245584144393693E-01 0.242150018864661E-01 0.238697664307130E-01 0.235234301219231E-01 0.231767631083828E-01
 0.228305847761255E-01 0.224857648928563E-01 0.221432247242949E-01 0.218039380577207E-01 0.214689320847131E-01
 0.211392883725070E-01 0.208161452370421E-01 0.205007028263820E-01 0.201942312665232E-01 0.198980645873327E-01
 0.196135474897795E-01 0.193418940163515E-01 0.190840280291596E-01 0.188404691326845E-01 0.186112932010837E-01
 0.183961186226818E-01 0.181940952431489E-01 0.180038901960115E-01 0.178236713047441E-01 0.176510899782791E-01
 0.174832641055841E-01 0.173167611279090E-01 0.171475814750741E-01 0.169711428331936E-01 0.167822648570095E-01
 0.165751516181465E-01 0.163433601837197E-01 0.160797513811364E-01 0.157764427188238E-01 0.154249210321451E-01
 0.150165780773400E-01 0.145437011840144E-01 0.140003566684577E-01 0.133828534692282E-01 0.126898724567394E-01
 0.119225035854426E-01 0.110842950732607E-01 0.101813196067636E-01 0.922224910932801E-02 0.821842722038907E-02
 0.718394657817965E-02 0.613574989842387E-02 0.509379121487892E-02 0.408122363321510E-02 0.312426916018385E-02
 0.225117121090190E-02 0.148945167045269E-02 0.863019676731022E-03 0.390460630261285E-03 0.859390218656791E-04
 0.585130403984638E-02 0.348770477151577E-02-0.193431146880197E-02-0.934270409326413E-02-0.178359998163323E-01
-0.272156969997636E-01-0.373363480984210E-01-0.480167227297952E-01-0.590578575239720E-01-0.702431758903126E-01
-0.813540478313342E-01-0.921912465279534E-01-0.102611970853794E+00-0.112563765540165E+00-0.122055763950591E+00
-0.131119083555417E+00-0.139783881574966E+00-0.148077382319898E+00-0.156024782099293E+00-0.163650997483070E+00
-0.170981050167623E+00-0.178040089594975E+00-0.184853311146975E+00-0.191445909751100E+00-0.197843074299061E+00
-0.204069989364447E+00-0.210151839265560E+00-0.216113808535716E+00-0.221981081948826E+00-0.227778844417728E+00
-0.233532280511897E+00-0.239266574691891E+00-0.245006911624056E+00-0.250778476194849E+00-0.256606453181191E+00
-0.262516027272990E+00-0.268532383490180E+00-0.274680706656620E+00-0.280986181276688E+00-0.287473991775608E+00
-0.294169323981712E+00-0.301097365790271E+00-0.308283305104542E+00-0.315752319798015E+00-0.323529546476997E+00
-0.331640087467157E+00-0.340109100603515E+00-0.348962296193218E+00-0.358226410431408E+00-0.367928500047254E+00
-0.378090622196988E+00-0.388714895985643E+00-0.399778339371921E+00-0.411236381556689E+00-0.423038788575237E+00
-0.435134890870320E+00-0.447475300203076E+00-0.460011154812244E+00-0.472693719813995E+00-0.485474219201952E+00
-0.498303834655808E+00-0.511133735181940E+00-0.523915088485670E+00-0.536599064935983E+00-0.549136836598715E+00
-0.561479575712928E+00-0.573578453773149E+00-0.585384641889310E+00-0.596849311329215E+00-0.607923633742065E+00
-0.618558781143678E+00-0.628705925123209E+00-0.638316237098409E+00-0.647340888647020E+00-0.655731051154499E+00
-0.663437896277864E+00-0.670412595929431E+00-0.676606321601100E+00-0.681970244817973E+00-0.686455537268754E+00
-0.690013370734819E+00-0.692594916570570E+00-0.694151346073756E+00-0.694633830809623E+00-0.693993542686066E+00
-0.692181653313160E+00-0.689149334354084E+00-0.684847758530207E+00-0.679228099422480E+00-0.672241525828893E+00
-0.663839193106771E+00-0.653972230382327E+00-0.642591797100919E+00-0.629649237241124E+00-0.615096374872198E+00
-0.598885369919344E+00-0.580966207959605E+00-0.561282227906832E+00-0.539762910227229E+00-0.516350979650501E+00
-0.491073641461776E+00-0.464211595540119E+00-0.436305615798168E+00-0.408067973869394E+00-0.380246937920950E+00
-0.353582160432549E+00-0.328803621418955E+00-0.306636716223810E+00-0.287806715674938E+00-0.273039362387075E+00
-0.263060848693360E+00-0.258597541751108E+00-0.260375390113590E+00-0.269118707687698E+00-0.285549348395452E+00
-0.310389578987339E+00-0.344383794859399E+00-0.388321647810595E+00-0.443051014579459E+00-0.509229104543952E+00
-0.586753574406095E+00-0.674054358484477E+00-0.768337535067695E+00-0.866274585787385E+00-0.964468374328635E+00
-0.105958965772314E+01-0.114834526257256E+01-0.122745587287651E+01-0.129364300010309E+01-0.134363346799995E+01
-0.137415239569629E+01-0.138189678188345E+01-0.136344718641000E+01-0.131523641534257E+01-0.123392117321081E+01
-0.111753692501774E+01-0.967814562238273E+00-0.790027158041528E+00-0.591670282243341E+00-0.378583383640951E+00
-0.156166466185655E+00
 0.900000000018920E+00 0.900147603085285E+00 0.900291127567370E+00 0.900431241413244E+00 0.900568106229056E+00
 0.900701846296230E+00 0.900841139417412E+00 0.901010054701359E+00 0.901220182894586E+00 0.901459970930142E+00
 0.901720219853250E+00 0.901998228194168E+00 0.902296209987421E+00 0.902617728951016E+00 0.902965669051726E+00
 0.903339173014044E+00 0.903735856202957E+00 0.904155718827264E+00 0.904597768441894E+00 0.905062188515788E+00
 0.905548711093724E+00 0.906058866254443E+00 0.906593029029598E+00 0.907149530136648E+00 0.907727835198617E+00
 0.908327470379135E+00 0.908948609753471E+00 0.909592641932647E+00 0.910259338509219E+00 0.910947708420579E+00
 0.911657450880633E+00 0.912388443923515E+00 0.913141059167337E+00 0.913915244318879E+00 0.914711072611237E+00
 0.915528385469430E+00 0.916367079900573E+00 0.917227097261675E+00 0.918108281325852E+00 0.919010563702182E+00
 0.919934398302257E+00 0.920880085895899E+00 0.921847309487230E+00 0.922836024725497E+00 0.923846258076936E+00
 0.924878176751505E+00 0.925932327031795E+00 0.927008464137355E+00 0.928106647796738E+00 0.929227088728908E+00
 0.930370110069700E+00 0.931536195452826E+00 0.932725953099146E+00 0.933940592432669E+00 0.935180982867327E+00
 0.936448144686293E+00 0.937743698044713E+00 0.939070524331106E+00 0.940431890229675E+00 0.941830541453841E+00
 0.943268070094748E+00 0.944747037321607E+00 0.946272018120032E+00 0.947846677910987E+00 0.949475259965620E+00
 0.951160922703039E+00 0.952907024348625E+00 0.954719194397335E+00 0.956601486729299E+00 0.958557876928718E+00
 0.960593331544195E+00 0.962713173162882E+00 0.964923868084542E+00 0.967229858399777E+00 0.969635282945945E+00
 0.972145118064944E+00 0.974768066974532E+00 0.977511629979721E+00 0.980380768217205E+00 0.983380177387963E+00
 0.986515283940720E+00 0.989797579905284E+00 0.993236346277180E+00 0.996837479247245E+00 0.100060676175222E+01
 0.100455137740600E+01 0.100868553089744E+01 0.101302037369629E+01 0.101756347940043E+01 0.102232249012837E+01
 0.102730843095785E+01 0.103253849956146E+01 0.103802600081446E+01 0.104378160831271E+01 0.104981667432520E+01
 0.105614989164318E+01 0.106280074627862E+01 0.106978524771105E+01 0.107711750145966E+01 0.108481398960098E+01
 0.109289531992823E+01 0.110137556474620E+01 0.111026928133649E+01 0.111959252020144E+01 0.112936224962535E+01
 0.113959376077155E+01 0.115030307956781E+01 0.116151056408443E+01 0.117323141362305E+01 0.118548389246808E+01
 0.119828831997357E+01 0.121166952326982E+01 0.122564201867479E+01 0.124022904352584E+01 0.125545773913940E+01
 0.127135254322989E+01 0.128793345220770E+01 0.130523153907306E+01 0.132327907082064E+01 0.134209350658718E+01
 0.136171054802860E+01 0.138217116834119E+01 0.140351966819507E+01 0.142583698145376E+01 0.144923464555339E+01
 0.147386416776863E+01 0.149993622761064E+01 0.152771663339780E+01 0.155754407159924E+01 0.158986475437342E+01
 0.162521388704215E+01 0.166425093814589E+01 0.170766343467369E+01 0.175617218769988E+01 0.181044301712727E+01
 0.187116258849743E+01 0.193913570844822E+01 0.201545908244194E+01 0.210176133005451E+01 0.220048450694027E+01
 0.231533400520946E+01
 0.107373244507612E+03 0.250814532236986E+02 0.122335806173071E+02 0.796507222122405E+01 0.583630375123301E+01
 0.456689476226628E+01 0.431707394298479E+01 0.470605510762909E+01 0.489404730356701E+01 0.481666294542459E+01
 0.463187042276706E+01 0.451438039862112E+01 0.444715846290859E+01 0.443551509213700E+01 0.445645565079970E+01
 0.442636382463600E+01 0.440700593926975E+01 0.437330836635180E+01 0.434580280892225E+01 0.431849546227183E+01
 0.429549522471350E+01 0.429318409452048E+01 0.427949400222666E+01 0.425730599114859E+01 0.423564256107842E+01
 0.421126657956532E+01 0.419763323092763E+01 0.419009582609914E+01 0.417604912645553E+01 0.416028787382695E+01
 0.414311299205378E+01 0.412948584919711E+01 0.411675441179142E+01 0.410537019841137E+01 0.409380798146874E+01
 0.408248282172537E+01 0.407157182602656E+01 0.406059335469732E+01 0.404957995312648E+01 0.403934915377177E+01
 0.403301659880973E+01 0.402578752680917E+01 0.401823071325482E+01 0.401105001238537E+01 0.400443392137022E+01
 0.399980514356586E+01 0.399591955107010E+01 0.399156625709497E+01 0.398801273379213E+01 0.398547929741660E+01
 0.398464274993866E+01 0.398489865463954E+01 0.398914397807409E+01 0.399630175616510E+01 0.400608230577258E+01
 0.401907943670773E+01 0.403903768461233E+01 0.406730531166569E+01 0.410518941266447E+01 0.414695268648164E+01
 0.419207552910124E+01 0.424715037916707E+01 0.431201304686872E+01 0.438482918894797E+01 0.446743107325504E+01
 0.455287732162236E+01 0.464979446319050E+01 0.475623236558482E+01 0.486895969030351E+01 0.498969715942843E+01
 0.511881290959261E+01 0.526069168554539E+01 0.541114243558283E+01 0.556703768548103E+01 0.572886619420513E+01
 0.590111194650672E+01 0.609055960108464E+01 0.628770709022307E+01 0.648999220893497E+01 0.669781382866762E+01
 0.691621184009749E+01 0.715726456801839E+01 0.740569256475841E+01 0.765992342129524E+01 0.792044079224069E+01
 0.819586140975207E+01 0.849431197728290E+01 0.880240239761849E+01 0.911808239811527E+01 0.944203994668060E+01
 0.978942561049424E+01 0.101587012652761E+02 0.105412331010396E+02 0.109354443548104E+02 0.113456243204008E+02
 0.117874394617327E+02 0.122510875755601E+02 0.127309513377968E+02 0.132257983322070E+02 0.137465870355506E+02
 0.142863290449795E+02 0.148380536637454E+02 0.154054096123395E+02 0.159897190104388E+02 0.165902098682002E+02
 0.172028006834192E+02 0.178348290625687E+02 0.184851524514848E+02 0.191478638405420E+02 0.198284842620348E+02
 0.205343198868526E+02 0.212577750461299E+02 0.219958170255868E+02 0.227579113641330E+02 0.235557610802949E+02
 0.243580055773195E+02 0.251927279255799E+02 0.260603291539339E+02 0.269463820764853E+02 0.278571976878597E+02
 0.288069231197023E+02 0.297983742502743E+02 0.308595426076019E+02 0.320391802150357E+02 0.333781855939277E+02
 0.349427240410157E+02 0.368113360249566E+02 0.390480934906403E+02 0.417844075924436E+02 0.451276285873008E+02
 0.492180338197434E+02 0.541556523647426E+02 0.599340559709370E+02 0.665184076013372E+02 0.739021364069591E+02
 0.820740707459470E+02 0.912770344241925E+02 0.102008895113904E+03 0.115073294820705E+03 0.131636726946871E+03
 0.153685261718884E+03
 0.105191005043725E+01 0.105189630417904E+01 0.105186887468704E+01 0.105182786117671E+01 0.105177337910988E+01
 0.105170555827741E+01 0.105162454039092E+01 0.105153047435017E+01 0.105142351128746E+01 0.105130379915227E+01
 0.105117147763636E+01 0.105102667450559E+01 0.105086950489586E+01 0.105070007450527E+01 0.105051848326590E+01
 0.105032482731847E+01 0.105011919965828E+01 0.104990169048102E+01 0.104967238757738E+01 0.104943137684002E+01
 0.104917874279778E+01 0.104891456914863E+01 0.104863893927601E+01 0.104835193678830E+01 0.104805364606255E+01
 0.104774415277761E+01 0.104742354443269E+01 0.104709191087206E+01 0.104674934482560E+01 0.104639594244155E+01
 0.104603180382845E+01 0.104565703357766E+01 0.104527174128743E+01 0.104487604210612E+01 0.104447005727113E+01
 0.104405391464804E+01 0.104362774926266E+01 0.104319170382779E+01 0.104274592927929E+01 0.104229058531404E+01
 0.104182584093654E+01 0.104135187500372E+01 0.104086887675485E+01 0.104037704633490E+01 0.103987659532025E+01
 0.103936774725038E+01 0.103885073820683E+01 0.103832581745095E+01 0.103779324811618E+01 0.103725330775946E+01
 0.103670628791730E+01 0.103615249091453E+01 0.103559222520502E+01 0.103502580110538E+01 0.103445352895858E+01
 0.103387571844029E+01 0.103329267820545E+01 0.103270471544064E+01 0.103211213532088E+01 0.103151524040948E+01
 0.103091433004610E+01 0.103030969973948E+01 0.102970164059666E+01 0.102909043879351E+01 0.102847637501917E+01
 0.102785972388078E+01 0.102724075324063E+01 0.102661972364208E+01 0.102599688783396E+01 0.102537249021979E+01
 0.102474676631127E+01 0.102411994203511E+01 0.102349223315832E+01 0.102286384486683E+01 0.102223497123223E+01
 0.102160579467870E+01 0.102097648531183E+01 0.102034720038218E+01 0.101971808389882E+01 0.101908926612439E+01
 0.101846086305626E+01 0.101783297576858E+01 0.101720568998592E+01 0.101657907571196E+01 0.101595318676140E+01
 0.101532806024876E+01 0.101470371596673E+01 0.101408015611037E+01 0.101345736490755E+01 0.101283530818158E+01
 0.101221393277526E+01 0.101159316598062E+01 0.101097291555739E+01 0.101035307014666E+01 0.100973350036094E+01
 0.100911405818144E+01 0.100849456674069E+01 0.100787479437096E+01 0.100725441258594E+01 0.100663297917257E+01
 0.100600997917395E+01 0.100538495765411E+01 0.100475766986942E+01 0.100412818684303E+01 0.100349692861009E+01
 0.100286467259855E+01 0.100223255930084E+01 0.100160210089399E+01 0.100097519229326E+01 0.100035412168207E+01
 0.999741580540754E+00 0.999140673656395E+00 0.998554928802472E+00 0.997988303474990E+00 0.997445190884952E+00
 0.996930428249095E+00 0.996449313432028E+00 0.996007629304253E+00 0.995611658330253E+00 0.995268063969669E+00
 0.994983479193769E+00 0.994763837196823E+00 0.994613946162056E+00 0.994537329048638E+00 0.994536222053290E+00
 0.994611581500754E+00 0.994763089796173E+00 0.994989189848048E+00 0.995287137510703E+00 0.995652959451627E+00
 0.996080875935660E+00 0.996562067688028E+00 0.997082962610438E+00 0.997624339635722E+00 0.998161776963877E+00
 0.998668020737946E+00 0.999117213236634E+00 0.999488650244491E+00 0.999768515074600E+00 0.999948578738133E+00
 0.100000000000000E+01
-0.237504074382273E+01-0.237263644107322E+01-0.236709233353219E+01-0.235947960351051E+01-0.235069843163959E+01
-0.234094449278316E+01-0.233036047741374E+01-0.231912465074849E+01-0.230743263052987E+01-0.229549803588853E+01
-0.228353665420132E+01-0.227174539282902E+01-0.226026596523108E+01-0.224915125359827E+01-0.223839381898531E+01
-0.222796481441399E+01-0.221783660601624E+01-0.220798452725461E+01-0.219838567237877E+01-0.218901730465729E+01
-0.217985661983904E+01-0.217088076310730E+01-0.216206701236701E+01-0.215339253643918E+01-0.214483439317831E+01
-0.213636963489996E+01-0.212797540215221E+01-0.211962887963551E+01-0.211130716533732E+01-0.210298735713470E+01
-0.209464647703739E+01-0.208626160860282E+01-0.207780988193990E+01-0.206926835002724E+01-0.206061403134385E+01
-0.205182391151251E+01-0.204287498301889E+01-0.203374427279300E+01-0.202440878883755E+01-0.201484551859405E+01
-0.200503139123336E+01-0.199494329111271E+01-0.198455812682407E+01-0.197385285811543E+01-0.196280447670997E+01
-0.195138998629069E+01-0.193958622860932E+01-0.192736965520021E+01-0.191471621253730E+01-0.190160166925971E+01
-0.188800503535105E+01-0.187391804415671E+01-0.185934845557099E+01-0.184431811452933E+01-0.182885259716890E+01
-0.181297778673143E+01-0.179671873528989E+01-0.178010009585490E+01-0.176314644896342E+01-0.174588246540247E+01
-0.172833293556264E+01-0.171052274248932E+01-0.169247675763643E+01-0.167421971302130E+01-0.165577629061559E+01
-0.163717123378122E+01-0.161842953062121E+01-0.159957616700016E+01-0.158063583781618E+01-0.156163320005468E+01
-0.154259282432437E+01-0.152353961491112E+01-0.150449847674769E+01-0.148549391195614E+01-0.146655035787021E+01
-0.144769215958716E+01-0.142894393213977E+01-0.141033021548887E+01-0.139187511928692E+01-0.137360264932791E+01
-0.135553670654829E+01-0.133770147273317E+01-0.132012080246522E+01-0.130281817489058E+01-0.128581692023964E+01
-0.126914027550371E+01-0.125281173914816E+01-0.123685417983624E+01-0.122129018614146E+01-0.120614217309895E+01
-0.119143264185057E+01-0.117718429402175E+01-0.116341871653333E+01-0.115015594246160E+01-0.113741283243469E+01
-0.112520631210667E+01-0.111357022034233E+01-0.110258216403062E+01-0.109239601707752E+01-0.108318754286039E+01
-0.107506437595410E+01-0.106788965269125E+01-0.106127670310418E+01-0.105467569074044E+01-0.104750482856694E+01
-0.103919331959274E+01-0.102918245375669E+01-0.101692068242870E+01-0.100185886698371E+01-0.983451446645974E+00
-0.961156958115995E+00-0.934437947472203E+00-0.902760912198343E+00-0.865601206003209E+00-0.822443681252352E+00
-0.772779110448478E+00-0.716090674504358E+00-0.651844418212066E+00-0.579490679088231E+00-0.498671526903214E+00
-0.409610811255327E+00-0.313535373942529E+00-0.212227156441965E+00-0.107623642714741E+00-0.159605056046664E-02
 0.104055336944607E+00 0.207593305476543E+00 0.307380345534179E+00 0.401910936734556E+00 0.489687479564094E+00
 0.568504032315368E+00 0.634623026481704E+00 0.682029175488856E+00 0.703782100523603E+00 0.693615060357884E+00
 0.648507355450278E+00 0.571085966326197E+00 0.468575952753042E+00 0.350397892393380E+00 0.223711448052959E+00
 0.949841485566253E-01
 0.116879089630133E+01 0.116859228562521E+01 0.116838310856531E+01 0.116816327855309E+01 0.116793270902002E+01
 0.116769137725471E+01 0.116742819094303E+01 0.116711214857085E+01 0.116672847251790E+01 0.116629237629780E+01
 0.116581599793168E+01 0.116530304332008E+01 0.116475085300359E+01 0.116415502780817E+01 0.116351205832650E+01
 0.116282326733278E+01 0.116209194102009E+01 0.116131829260970E+01 0.116050381201792E+01 0.115964847977590E+01
 0.115875285902907E+01 0.115781521775805E+01 0.115683531375046E+01 0.115581551828905E+01 0.115475675228892E+01
 0.115365986178240E+01 0.115252487391289E+01 0.115135028694904E+01 0.115013666237784E+01 0.114888553001717E+01
 0.114759755025683E+01 0.114627316493777E+01 0.114491220522062E+01 0.114351504637416E+01 0.114208191685519E+01
 0.114061334563504E+01 0.113910980223767E+01 0.113757171180383E+01 0.113599963173375E+01 0.113439402177394E+01
 0.113275471071475E+01 0.113108173446083E+01 0.112937590353550E+01 0.112763770576314E+01 0.112586755687600E+01
 0.112406571706000E+01 0.112223200488132E+01 0.112036721853139E+01 0.111847180259076E+01 0.111654603828588E+01
 0.111459009235842E+01 0.111260395992051E+01 0.111058750534369E+01 0.110853989401564E+01 0.110646071410060E+01
 0.110434939045011E+01 0.110220465964154E+01 0.110002380718029E+01 0.109780371582970E+01 0.109554192887932E+01
 0.109323737392785E+01 0.109088788825228E+01 0.108848903862628E+01 0.108603751743709E+01 0.108352942775711E+01
 0.108096218925764E+01 0.107833306165026E+01 0.107563681809580E+01 0.107287012042172E+01 0.107002981232962E+01
 0.106711173343429E+01 0.106411145252081E+01 0.106102341711198E+01 0.105784445852534E+01 0.105457186729573E+01
 0.105120215532249E+01 0.104772798184663E+01 0.104414354970075E+01 0.104044599610563E+01 0.103663291722558E+01
 0.103270132173073E+01 0.102864211941479E+01 0.102444890134245E+01 0.102011907329024E+01 0.101565041003038E+01
 0.101103953367531E+01 0.100627637445919E+01 0.100135445813603E+01 0.996271304052864E+00 0.991024735787190E+00
 0.985609712300038E+00 0.980015860265438E+00 0.974237262715113E+00 0.968271109944817E+00 0.962114539080121E+00
 0.955758654306961E+00 0.949194814080386E+00 0.942418453285139E+00 0.935427497851800E+00 0.928218563820626E+00
 0.920785652354098E+00 0.913129361957828E+00 0.905250861647647E+00 0.897151230834444E+00 0.888832048416413E+00
 0.880297452532234E+00 0.871552160243158E+00 0.862598813983991E+00 0.853445175675204E+00 0.844097836568315E+00
 0.834563104690668E+00 0.824845440702745E+00 0.814957608134429E+00 0.804907437034016E+00 0.794701489095538E+00
 0.784349368123441E+00 0.773864465852543E+00 0.763254448674040E+00 0.752527686056724E+00 0.741702051089544E+00
 0.730785717368104E+00 0.719784820696836E+00 0.708704382009691E+00 0.697532002599968E+00 0.686243505575944E+00
 0.674800956494724E+00 0.663147195515317E+00 0.651212112618439E+00 0.638909701524799E+00 0.626130293827720E+00
 0.612756414847664E+00 0.598657406888552E+00 0.583732844484010E+00 0.567913069191058E+00 0.551188759106959E+00
 0.533583308003282E+00 0.515127338682542E+00 0.495824647599217E+00 0.475620738739905E+00 0.454387186254384E+00
 0.431903396083120E+00
-0.713896916739028E+02-0.351971505037626E+02-0.185057946716453E+02-0.129537774897078E+02-0.101792522701070E+02
-0.851965565548313E+01-0.818150439958325E+01-0.866984795076409E+01-0.889622597012429E+01-0.877813434487386E+01
-0.852087658660098E+01-0.835075700028776E+01-0.824573892383557E+01-0.821253516915717E+01-0.822128165902671E+01
-0.816420372419605E+01-0.812093933926536E+01-0.805921894797038E+01-0.800544508715798E+01-0.795189043441378E+01
-0.790379938270406E+01-0.788204414981094E+01-0.784556897270751E+01-0.779811262314388E+01-0.775119181945663E+01
-0.770068109518006E+01-0.766363835840666E+01-0.763407475526419E+01-0.759600630928251E+01-0.755551952777917E+01
-0.751299085972007E+01-0.747464718701305E+01-0.743711332853370E+01-0.740092942717202E+01-0.736416074666750E+01
-0.732730921261225E+01-0.729057576762543E+01-0.725334182434134E+01-0.721563187477576E+01-0.717843794194363E+01
-0.714556515878702E+01-0.711106621426683E+01-0.707563197543987E+01-0.704010803797971E+01-0.700470221385125E+01
-0.697111813735101E+01-0.693780317696208E+01-0.690327120260887E+01-0.686903515426327E+01-0.683533018498584E+01
-0.680293731271327E+01-0.677110912023928E+01-0.674329158139086E+01-0.671817804464802E+01-0.669541675291355E+01
-0.667569995434140E+01-0.666340495658056E+01-0.666002575017103E+01-0.666697907473545E+01-0.667746883968697E+01
-0.669085263226708E+01-0.671469553275864E+01-0.674864797909629E+01-0.679045451932600E+01-0.684206384865946E+01
-0.689542676653995E+01-0.696023585090377E+01-0.703406388585831E+01-0.711309597710116E+01-0.719910508203477E+01
-0.729230452435461E+01-0.739732562997115E+01-0.750924346112073E+01-0.762440771940935E+01-0.774317160170636E+01
-0.787017751961978E+01-0.801236191637686E+01-0.815908439944152E+01-0.830734614009916E+01-0.845733723368671E+01
-0.861407703848323E+01-0.878964171370064E+01-0.896752848993225E+01-0.914577667306385E+01-0.932455886992103E+01
-0.951218740521045E+01-0.971604893260736E+01-0.992199178884304E+01-0.101275006356788E+02-0.103327845824182E+02
-0.105518323546458E+02-0.107820419172510E+02-0.110142535069296E+02-0.112462524776713E+02-0.114812461507930E+02
-0.117323822928514E+02-0.119893025563317E+02-0.122458842503061E+02-0.125001888067132E+02-0.127607365157710E+02
-0.130201965296783E+02-0.132715426574168E+02-0.135165747074871E+02-0.137548904245027E+02-0.139843665785557E+02
-0.142004775200624E+02-0.144076523684872E+02-0.146035623078206E+02-0.147826859269738E+02-0.149480164487292E+02
-0.151034963871095E+02-0.152424543147629E+02-0.153620874750424E+02-0.154677992352271E+02-0.155658306840213E+02
-0.156352901315041E+02-0.156932394474826E+02-0.157385922481921E+02-0.157618978867452E+02-0.157667199750779E+02
-0.157605440256373E+02-0.157447597906537E+02-0.157336736073143E+02-0.157493300696913E+02-0.158063838824004E+02
-0.159277419977575E+02-0.161365132519739E+02-0.164436325235300E+02-0.168820598253726E+02-0.174644336806675E+02
-0.182069337460253E+02-0.190993186571682E+02-0.200879439581393E+02-0.211100544362470E+02-0.221163610190273E+02
-0.230577752450111E+02-0.239530473824275E+02-0.248627961069259E+02-0.258739403968562E+02-0.270805498472921E+02
-0.286274905079511E+02
-0.567892344254021E-01-0.567863370154825E-01-0.567776447857235E-01-0.567631577361252E-01-0.567428758666875E-01
-0.567167991774105E-01-0.566849276682943E-01-0.566472613393386E-01-0.566038001905437E-01-0.565545442219094E-01
-0.564994934334358E-01-0.564386478251229E-01-0.563720073969706E-01-0.562995721489790E-01-0.562213420811481E-01
-0.561373171934779E-01-0.560474974859683E-01-0.559518829586194E-01-0.558504736114312E-01-0.557432694444037E-01
-0.556302704575368E-01-0.555114766508306E-01-0.553868880242851E-01-0.552565045779002E-01-0.551203263116760E-01
-0.549783532256125E-01-0.548305853197097E-01-0.546770225939675E-01-0.545176650483861E-01-0.543525126829652E-01
-0.541815654977051E-01-0.540048234926056E-01-0.538222866676668E-01-0.536339550228887E-01-0.534398285582713E-01
-0.532399072738145E-01-0.530341911695184E-01-0.528226802453830E-01-0.526053745014082E-01-0.523822739375941E-01
-0.521533785539407E-01-0.519186883504480E-01-0.516782033271160E-01-0.514319234839446E-01-0.511798488209338E-01
-0.509219793380838E-01-0.506583150353944E-01-0.503888559128658E-01-0.501136019704977E-01-0.498325532082904E-01
-0.495457096262437E-01-0.492530712243577E-01-0.489546380026324E-01-0.486504099610677E-01-0.483403870996637E-01
-0.480245694184204E-01-0.477029569173378E-01-0.473755495964158E-01-0.470423474556546E-01-0.467033504950539E-01
-0.463585587146140E-01-0.460079721143347E-01-0.456515906942161E-01-0.452894144542582E-01-0.449214433944610E-01
-0.445476775148244E-01-0.441681168153485E-01-0.437827612960333E-01-0.433916109568787E-01-0.429946657978848E-01
-0.425919258190516E-01-0.421833910203791E-01-0.417690614018672E-01-0.413489369635160E-01-0.409230177053255E-01
-0.404913036272957E-01-0.400537947294265E-01-0.396104910117180E-01-0.391613924741702E-01-0.387064991167830E-01
-0.382458109395565E-01-0.377793279424907E-01-0.373070501255856E-01-0.368289774888412E-01-0.363451100322574E-01
-0.358554477558343E-01-0.353599906595718E-01-0.348587387434701E-01-0.343516920075290E-01-0.338388504517486E-01
-0.333202140761288E-01-0.327957828806697E-01-0.322655568653713E-01-0.317295360302336E-01-0.311877203752566E-01
-0.306401099004402E-01-0.300867046057845E-01-0.295275044912895E-01-0.289625095569551E-01-0.283917198027814E-01
-0.278151352287684E-01-0.272327558349161E-01-0.266445816212244E-01-0.260506125876934E-01-0.254508487343231E-01
-0.248452900611134E-01-0.242339365680645E-01-0.236167882551762E-01-0.229938451224485E-01-0.223651071698816E-01
-0.217305743974753E-01-0.210902468052297E-01-0.204441243931448E-01-0.197922071612205E-01-0.191344951094569E-01
-0.184709882378540E-01-0.178016865464118E-01-0.171265900351302E-01-0.164456987040093E-01-0.157590125530491E-01
-0.150665315822496E-01-0.143682557916107E-01-0.136641851811325E-01-0.129543197508150E-01-0.122386595006581E-01
-0.115172044306619E-01-0.107899545408264E-01-0.100569098311516E-01-0.931807030163741E-02-0.857343595228393E-02
-0.782300678309112E-02-0.706678279405897E-02-0.630476398518751E-02-0.553695035647671E-02-0.476334190792659E-02
-0.398393863953714E-02-0.319874055130837E-02-0.240774764324027E-02-0.161095991533285E-02-0.808377367586093E-03
 0.000000000000000E+00
-0.567885100729222E-01-0.567827152530829E-01-0.567711256134042E-01-0.567537411538863E-01-0.567305618745290E-01
-0.567015877753323E-01-0.566668188562964E-01-0.566262551174211E-01-0.565798965587065E-01-0.565277431801525E-01
-0.564697949817593E-01-0.564060519635267E-01-0.563365141254547E-01-0.562611814675435E-01-0.561800539897929E-01
-0.560931316922030E-01-0.560004145747738E-01-0.559019026375052E-01-0.557975958803974E-01-0.556874943034501E-01
-0.555715979066636E-01-0.554499066900377E-01-0.553224206535726E-01-0.551891397972680E-01-0.550500641211242E-01
-0.549051936251410E-01-0.547545283093185E-01-0.545980681736567E-01-0.544358132181556E-01-0.542677634428151E-01
-0.540939188476353E-01-0.539142794326162E-01-0.537288451977577E-01-0.535376161430599E-01-0.533405922685228E-01
-0.531377735741464E-01-0.529291600599306E-01-0.527147517258755E-01-0.524945485719811E-01-0.522685505982474E-01
-0.520367578046743E-01-0.517991701912619E-01-0.515557877580102E-01-0.513066105049191E-01-0.510516384319887E-01
-0.507908715392190E-01-0.505243098266100E-01-0.502519532941616E-01-0.499738019418740E-01-0.496898557697470E-01
-0.494001147777806E-01-0.491045789659750E-01-0.488032483343300E-01-0.484961228828456E-01-0.481832026115220E-01
-0.478644875203590E-01-0.475399776093567E-01-0.472096728785151E-01-0.468735733278342E-01-0.465316789573139E-01
-0.461839897669543E-01-0.458305057567553E-01-0.454712269267171E-01-0.451061532768395E-01-0.447352848071226E-01
-0.443586215175664E-01-0.439761634081708E-01-0.435879104789359E-01-0.431938627298617E-01-0.427940201609481E-01
-0.423883827721953E-01-0.419769505636031E-01-0.415597235351715E-01-0.411367016869007E-01-0.407078850187905E-01
-0.402732735308410E-01-0.398328672230522E-01-0.393866660954240E-01-0.389346701479565E-01-0.384768793806497E-01
-0.380132937935036E-01-0.375439133865181E-01-0.370687381596933E-01-0.365877681130292E-01-0.361010032465257E-01
-0.356084435601830E-01-0.351100890540009E-01-0.346059397279794E-01-0.340959955821187E-01-0.335802566164186E-01
-0.330587228308792E-01-0.325313942255005E-01-0.319982708002824E-01-0.314593525552250E-01-0.309146394903283E-01
-0.303641316055922E-01-0.298078289010169E-01-0.292457313766022E-01-0.286778390323482E-01-0.281041518682548E-01
-0.275246698843221E-01-0.269393930805501E-01-0.263483214569388E-01-0.257514550134882E-01-0.251487937501982E-01
-0.245403376670689E-01-0.239260867641002E-01-0.233060410412923E-01-0.226802004986450E-01-0.220485651361584E-01
-0.214111349538324E-01-0.207679099516672E-01-0.201188901296626E-01-0.194640754878186E-01-0.188034660261354E-01
-0.181370617446128E-01-0.174648626432509E-01-0.167868687220497E-01-0.161030799810091E-01-0.154134964201292E-01
-0.147181180394100E-01-0.140169448388515E-01-0.133099768184536E-01-0.125972139782164E-01-0.118786563181399E-01
-0.111543038382241E-01-0.104241565384689E-01-0.968821441887441E-02-0.894647747944059E-02-0.819894572016745E-02
-0.744561914105495E-02-0.668649774210315E-02-0.592158152331203E-02-0.515087048468157E-02-0.437436462621179E-02
-0.359206394790267E-02-0.280396844975423E-02-0.201007813176647E-02-0.121039299393938E-02-0.404913036272957E-03
 0.101491644250402E+01 0.101491644250402E+01 0.101491644250402E+01 0.101491644250402E+01 0.101491644250402E+01
 0.101491644250402E+01 0.101491644250402E+01 0.101491644250402E+01 0.101491644250402E+01 0.101491644250402E+01
 0.101491644250402E+01 0.101491644250402E+01 0.101491644250402E+01 0.101491644250402E+01 0.101491644250402E+01
 0.101597724285663E+01 0.101656784189010E+01 0.101675007301744E+01 0.101656784415375E+01 0.101597722694604E+01
 0.101491559616820E+01 0.101385379558384E+01 0.101326436369559E+01 0.101308280489640E+01 0.101326436678934E+01
 0.101385380142341E+01 0.101491560552403E+01 0.101597724285663E+01 0.101656784189010E+01 0.101675007301744E+01
 0.101703573567826E+01 0.101821817007367E+01 0.101858334972469E+01 0.101821817768388E+01 0.101703571208749E+01
 0.101491245938374E+01 0.101278861706063E+01 0.101161091865340E+01 0.101124849332425E+01 0.101161092132762E+01
 0.101278862079484E+01 0.101491246657751E+01 0.101703573567826E+01 0.101821817007367E+01 0.101858334972469E+01
 0.101809192554047E+01 0.101986742618850E+01 0.102041627168624E+01 0.101986743909860E+01 0.101809189453921E+01
 0.101490702379742E+01 0.101172089784734E+01 0.100995610395796E+01 0.100941350712059E+01 0.100995610622594E+01
 0.101172089957768E+01 0.101490702893209E+01 0.101809192554047E+01 0.101986742618850E+01 0.102041627168624E+01
 0.101914581291600E+01 0.102151561001765E+01 0.102224883915926E+01 0.102151562817985E+01 0.101914577476893E+01
 0.101489928723988E+01 0.101065063303792E+01 0.100829991796112E+01 0.100757784536081E+01 0.100829991983586E+01
 0.101065063286534E+01 0.101489929041979E+01 0.101914581291600E+01 0.102151561001765E+01 0.102224883915926E+01
 0.102019739822556E+01 0.102316272133051E+01 0.102408105240058E+01 0.102316274469570E+01 0.102019735319253E+01
 0.101488924747798E+01 0.100957781766236E+01 0.100664235899826E+01 0.100574150711799E+01 0.100664236049278E+01
 0.100957781568703E+01 0.101488924880872E+01 0.102019739822556E+01 0.102316272133051E+01 0.102408105240058E+01
 0.102124669831421E+01 0.102480877040488E+01 0.102591291878309E+01 0.102480879892008E+01 0.102124664663899E+01
 0.101487691126707E+01 0.100850245078130E+01 0.100498342629638E+01 0.100390449028978E+01 0.100498342742885E+01
 0.100850244710643E+01 0.101487691086249E+01 0.102124669831421E+01 0.102480877040488E+01 0.102591291878309E+01
 0.102229376342482E+01 0.102645379471504E+01 0.102774447375358E+01 0.102645382833247E+01 0.102229370539007E+01
 0.101486231550539E+01 0.100742454732875E+01 0.100332309051267E+01 0.100206673484712E+01 0.100332309128796E+01
 0.100742454206647E+01 0.101486231347954E+01 0.102229376342482E+01 0.102645379471504E+01 0.102774447375358E+01
 0.102333858348234E+01 0.102809780999875E+01 0.102957574434130E+01 0.102809784867531E+01 0.102333851938385E+01
 0.101484541998978E+01 0.100634405468377E+01 0.100166123781651E+01 0.100022813344828E+01 0.100166123826073E+01
 0.100634404793562E+01 0.101484541645779E+01 0.102333858348234E+01 0.102809780999875E+01 0.102957574434130E+01
 0.102438112923918E+01 0.102974081934550E+01 0.103140674561753E+01 0.102974086303982E+01 0.102438105937744E+01
 0.101482615268758E+01 0.100526085398010E+01 0.999997785782107E+00 0.998388619826969E+00 0.999997785906287E+00
 0.100526084583754E+01 0.101482614775885E+01 0.102438112923918E+01 0.102974081934550E+01 0.103140674561753E+01
 0.102542138112994E+01 0.103138282387377E+01 0.103323748667110E+01 0.103138287254508E+01 0.102542130580612E+01
 0.101480446589887E+01 0.100417486334459E+01 0.998332683602259E+00 0.996548153368335E+00 0.998332683412990E+00
 0.100417485389556E+01 0.101480445967952E+01 0.102542138112994E+01 0.103138282387377E+01 0.103323748667110E+01
 0.102645933346044E+01 0.103302382850225E+01 0.103506797560316E+01 0.103302388210459E+01 0.102645925293325E+01
 0.101478033020489E+01 0.100308602851812E+01 0.996665897783770E+00 0.994706707423934E+00 0.996665897286125E+00
 0.100308601785008E+01 0.101478032279947E+01 0.102645933346044E+01 0.103302382850225E+01 0.103506797560316E+01
 0.102749501337230E+01 0.103466385398342E+01 0.103689823235527E+01 0.103466391247496E+01 0.102749492793800E+01
 0.101475374450202E+01 0.100199431921179E+01 0.994997406619902E+00 0.992864258635751E+00 0.994997405832401E+00
 0.100199430741183E+01 0.101475373602796E+01 0.102749501337230E+01 0.103466385398342E+01 0.103689823235527E+01
 0.102852843566667E+01 0.103630291604925E+01 0.103872827643742E+01 0.103630297938891E+01 0.102852834559737E+01
 0.101472471640911E+01 0.100089971648974E+01 0.993327175840599E+00 0.991020742408794E+00 0.993327174723747E+00
 0.100089970364860E+01 0.101472470695902E+01 0.102852843566667E+01 0.103630291604925E+01 0.103872827643742E+01
 0.102955959455639E+01 0.103794102194635E+01 0.104055812181493E+01 0.103794109009502E+01 0.102955950012284E+01
 0.101469322593146E+01 0.999802197736781E+00 0.991655129125739E+00 0.989176087172643E+00 0.991655127712993E+00
 0.999802183943206E+00 0.101469321561207E+01 0.102955959455639E+01 0.103794102194635E+01 0.104055812181493E+01
 0.103058847105665E+01 0.103957817337053E+01 0.104238777873936E+01 0.103957824628972E+01 0.103058837252315E+01
 0.101465922707309E+01 0.998701700121372E+00 0.989981201106678E+00 0.987330238820215E+00 0.989981199408327E+00
 0.998701685460154E+00 0.101465921598611E+01 0.103058847105665E+01 0.103957817337053E+01 0.104238777873936E+01
 0.103161505112827E+01 0.104121437418102E+01 0.104421725645967E+01 0.104121445183092E+01 0.103161494874470E+01
 0.101462267786293E+01 0.997598151734943E+00 0.988305342133996E+00 0.985483155848045E+00 0.988305340159802E+00
 0.997598136289488E+00 0.101462266610741E+01 0.103161505112827E+01 0.104121437418102E+01 0.104421725645967E+01
 0.103263934870044E+01 0.104284964345650E+01 0.104604657551290E+01 0.104284972578944E+01 0.103263924266239E+01
 0.101458355642037E+01 0.996491499569274E+00 0.986627513868509E+00 0.983634805584361E+00 0.986627511628544E+00
 0.996491483422413E+00 0.101458354410132E+01 0.103263934870044E+01 0.104284964345650E+01 0.104604657551290E+01
 0.103366137716381E+01 0.104448399905619E+01 0.104787575873060E+01 0.104448408603062E+01 0.103366126775125E+01
 0.101454185489649E+01 0.995381703910590E+00 0.984947685819532E+00 0.981785152743652E+00 0.984947683349973E+00
 0.995381687146000E+00 0.101454184210708E+01 0.103366137716381E+01 0.104448399905619E+01 0.104787575873060E+01
 0.103468113971698E+01 0.104611745312394E+01 0.104970482419557E+01 0.104611754469705E+01 0.103468102718810E+01
 0.101449756530394E+01 0.994268730680026E+00 0.983265819683257E+00 0.979934141169006E+00 0.983265816906143E+00
 0.994268713381206E+00 0.101449755212733E+01 0.103468113971698E+01 0.104611745312394E+01 0.104970482419557E+01
 0.103569863166331E+01 0.104775001347311E+01 0.105153378637034E+01 0.104775010960129E+01 0.103569851627219E+01
 0.101445066887758E+01 0.993152549119995E+00 0.981581858287167E+00 0.978081721313433E+00 0.981581855284157E+00
 0.993152531369841E+00 0.101445065540566E+01 0.103569863166331E+01 0.104775001347311E+01 0.105153378637034E+01
 0.103671384433953E+01 0.104938168701585E+01 0.105336265773043E+01 0.104938178765855E+01 0.103671372636388E+01
 0.101440113593637E+01 0.992033120876738E+00 0.979895750071060E+00 0.976227851449696E+00 0.979895746843741E+00
 0.992033102755258E+00 0.101440112225591E+01 0.103671384433953E+01 0.104938168701585E+01 0.105336265773043E+01
 0.103772678321391E+01 0.105101248988387E+01 0.105519145752384E+01 0.105101259497822E+01 0.103772666274455E+01
 0.101434893877182E+01 0.990910391242226E+00 0.978207453071817E+00 0.974372496519000E+00 0.978207449635262E+00
 0.990910372830009E+00 0.101434892496218E+01 0.103772678321391E+01 0.105101248988387E+01 0.105519145752384E+01
 0.103873745690205E+01 0.105264243790495E+01 0.105702020746081E+01 0.105264254741227E+01 0.103873733428061E+01
 0.101429405836318E+01 0.989784311551621E+00 0.976516931680792E+00 0.972515626134735E+00 0.976516928045851E+00
 0.989784292919498E+00 0.101429404452743E+01 0.103873745690205E+01 0.105264243790495E+01 0.105702020746081E+01
 0.103974586748771E+01 0.105427154295397E+01 0.105884892573241E+01 0.105427165682266E+01 0.103974574292532E+01
 0.101423648030027E+01 0.988654839052197E+00 0.974824154255989E+00 0.970657199753673E+00 0.974824150479745E+00
 0.988654820277614E+00 0.101423646647516E+01 0.103974586748771E+01 0.105427154295397E+01 0.105884892573241E+01
 0.104075201213838E+01 0.105589981367688E+01 0.106067762761689E+01 0.105589993185921E+01 0.104075188588152E+01
 0.101417618839930E+01 0.987521934096690E+00 0.973129081250646E+00 0.968797169496636E+00 0.973129077211759E+00
 0.987521915252039E+00 0.101417617465335E+01 0.104075201213838E+01 0.105589981367688E+01 0.106067762761689E+01
 0.104175588561173E+01 0.105752725779914E+01 0.106250632640349E+01 0.105752738025213E+01 0.104175575793551E+01
 0.101411316186745E+01 0.986385560030069E+00 0.971431662961680E+00 0.966935494008583E+00 0.971431658773675E+00
 0.986385541192170E+00 0.101411314826088E+01 0.104175588561173E+01 0.105752725779914E+01 0.106250632640349E+01
 0.104275749057180E+01 0.105915388883195E+01 0.106433503914689E+01 0.105915401548765E+01 0.104275736155839E+01
 0.101404737899542E+01 0.985245682706200E+00 0.969731853228206E+00 0.965072136323017E+00 0.969731848886729E+00
 0.985245663931195E+00 0.101404736556660E+01 0.104275749057180E+01 0.105915388883195E+01 0.106433503914689E+01
 0.104375683131018E+01 0.106077971957555E+01 0.106616378498969E+01 0.106077985038723E+01 0.104375670122772E+01
 0.101397881611628E+01 0.984102256931388E+00 0.968029612411489E+00 0.963207063865577E+00 0.968029607930988E+00
 0.984102238290226E+00 0.101397880292280E+01 0.104375683131018E+01 0.106077971957555E+01 0.106616378498969E+01
 0.104475390602215E+01 0.106240475979251E+01 0.106799258056565E+01 0.106240489470828E+01 0.104475377512083E+01
 0.101390745119244E+01 0.982955233865474E+00 0.966324905015397E+00 0.961340244832466E+00 0.966324900406338E+00
 0.982955215422261E+00 0.101390743828288E+01 0.104475390602215E+01 0.106240475979251E+01 0.106799258056565E+01
 0.104574871026734E+01 0.106402901695568E+01 0.106982144029528E+01 0.106402915592084E+01 0.104574857875419E+01
 0.101383326365344E+01 0.981804567519912E+00 0.964617696895999E+00 0.959471635035947E+00 0.964617692233562E+00
 0.981804549334524E+00 0.101383325101127E+01 0.104574871026734E+01 0.106402901695568E+01 0.106982144029528E+01
 0.104674123739189E+01 0.106565249740619E+01 0.107165037687535E+01 0.106565264037253E+01 0.104674110552299E+01
 0.101375623167900E+01 0.980650214171386E+00 0.962907946534949E+00 0.957601192792385E+00 0.962907941646421E+00
 0.980650196300180E+00 0.101375621933099E+01 0.104674123739189E+01 0.106565249740619E+01 0.107165037687535E+01
 0.104773148477224E+01 0.106727521023136E+01 0.107347940419494E+01 0.106727535713212E+01 0.104773135268287E+01
 0.101367633308939E+01 0.979492133136616E+00 0.961195606988215E+00 0.955728880274152E+00 0.961195602007135E+00
 0.979492115634000E+00 0.101367632103636E+01 0.104773148477224E+01 0.106727521023136E+01 0.107347940419494E+01
 0.104871945265977E+01 0.106889716403882E+01 0.107530853707491E+01 0.106889731481257E+01 0.104871932048413E+01
 0.101359354489587E+01 0.978330285982251E+00 0.959480633607915E+00 0.953854662572421E+00 0.959480628538197E+00
 0.978330268898889E+00 0.101359353312478E+01 0.104871945265977E+01 0.106889716403882E+01 0.107530853707491E+01
 0.104970513554077E+01 0.107051836505336E+01 0.107713778870671E+01 0.107051851965071E+01 0.104970500358693E+01
 0.101350784140519E+01 0.977164629259908E+00 0.957762986578773E+00 0.951978507881263E+00 0.957762981437021E+00
 0.977164612638404E+00 0.101350782992170E+01 0.104970513554077E+01 0.107051836505336E+01 0.107713778870671E+01
 0.105068852483463E+01 0.107213881768889E+01 0.107896717078505E+01 0.107213897604855E+01 0.105068839327852E+01
 0.101341919575398E+01 0.975995111808359E+00 0.956042629136378E+00 0.950100378871337E+00 0.956042623951944E+00
 0.975995095699124E+00 0.101341918450267E+01 0.105068852483463E+01 0.107213881768889E+01 0.107896717078505E+01
 0.105166961035160E+01 0.107375852514109E+01 0.108079669372317E+01 0.107375868720726E+01 0.105166947941501E+01
 0.101332758115081E+01 0.974821683303295E+00 0.954319522788920E+00 0.948220230346705E+00 0.954319517643506E+00
 0.974821667747534E+00 0.101332757006786E+01 0.105166961035160E+01 0.107375852514109E+01 0.108079669372317E+01
 0.105264838246003E+01 0.107537749030656E+01 0.108262636700307E+01 0.107537765601411E+01 0.105264825232137E+01
 0.101323297043477E+01 0.973644295264785E+00 0.952593623046039E+00 0.946338022929751E+00 0.952593617728552E+00
 0.973644280302670E+00 0.101323295947462E+01 0.105264838246003E+01 0.107537749030656E+01 0.108262636700307E+01
 0.105362483308627E+01 0.107699571530634E+01 0.108445619931891E+01 0.107699588458665E+01 0.105362470384194E+01
 0.101313533561212E+01 0.972462900899431E+00 0.950864881469609E+00 0.944453719132687E+00 0.950864876159573E+00
 0.972462886561582E+00 0.101313532469486E+01 0.105362483308627E+01 0.107699571530634E+01 0.108445619931891E+01
 0.105459895151901E+01 0.107861320107072E+01 0.108628619849534E+01 0.107861337386820E+01 0.105459882343179E+01
 0.101303464749082E+01 0.971277454636500E+00 0.949133251692959E+00 0.942567283757010E+00 0.949133246405866E+00
 0.971277440966178E+00 0.101303463655422E+01 0.105459895151901E+01 0.107861320107072E+01 0.108628619849534E+01
 0.105557072416335E+01 0.108022994736828E+01 0.108811637158676E+01 0.108023012362049E+01 0.105557059743265E+01
 0.101293087478429E+01 0.970087908772671E+00 0.947398691402811E+00 0.940678682129347E+00 0.947398686157952E+00
 0.970087895791239E+00 0.101293086374016E+01 0.105557072416335E+01 0.108022994736828E+01 0.108811637158676E+01
 0.105654013518126E+01 0.108184595247014E+01 0.108994672491210E+01 0.108184613211027E+01 0.105654000997239E+01
 0.101282398352958E+01 0.968894206657270E+00 0.945661160192202E+00 0.938787868338679E+00 0.945661155074878E+00
 0.968894194391572E+00 0.101282397224611E+01 0.105654013518126E+01 0.108184595247014E+01 0.108994672491210E+01
 0.105750716672462E+01 0.108346121145639E+01 0.109177726219248E+01 0.108346139441726E+01 0.105750704320892E+01
 0.101271393859228E+01 0.967696290604203E+00 0.943920612454644E+00 0.936894797188251E+00 0.943920607456455E+00
 0.967696279077465E+00 0.101271392696248E+01 0.105750716672462E+01 0.108346121145639E+01 0.109177726219248E+01
 0.105847180025705E+01 0.108507571812299E+01 0.109360798439097E+01 0.108507590433508E+01 0.105847167855978E+01
 0.101260070382819E+01 0.966494103935303E+00 0.942176998639859E+00 0.934999428165422E+00 0.942176993549714E+00
 0.966494093162539E+00 0.101260069174089E+01 0.105847180025705E+01 0.108507571812299E+01 0.109360798439097E+01
 0.105943401633675E+01 0.108668946601065E+01 0.109543889224402E+01 0.108668965540998E+01 0.105943389665224E+01
 0.101248424235411E+01 0.965287591036684E+00 0.940430265319125E+00 0.933101721662657E+00 0.940430260378852E+00
 0.965287581021013E+00 0.101248422968043E+01 0.105943401633675E+01 0.108668946601065E+01 0.109543889224402E+01
 0.106039379430986E+01 0.108830244839133E+01 0.109726998642953E+01 0.108830264091404E+01 0.106039367684521E+01
 0.101236451640835E+01 0.964076697011419E+00 0.938680361703252E+00 0.931201639938175E+00 0.938680356930161E+00
 0.964076687780598E+00 0.101236450302285E+01 0.106039379430986E+01 0.108830244839133E+01 0.109726998642953E+01
 0.106135111182825E+01 0.108991465702561E+01 0.109910126745817E+01 0.108991485259831E+01 0.106135099675217E+01
 0.101224148599000E+01 0.962861365482397E+00 0.936927240644003E+00 0.929299138539982E+00 0.936927236061715E+00
 0.962861357019416E+00 0.101224147174237E+01 0.106135111182825E+01 0.108991465702561E+01 0.109910126745817E+01
 0.106230594142842E+01 0.109152607694767E+01 0.110093273133414E+01 0.109152627549935E+01 0.106230582886386E+01
 0.101211510613655E+01 0.961641530856389E+00 0.935170853934399E+00 0.927394164908908E+00 0.935170849719477E+00
 0.961641523163836E+00 0.101211509087067E+01 0.106230594142842E+01 0.109152607694767E+01 0.110093273133414E+01
 0.106325825151268E+01 0.109313669113493E+01 0.110276436865836E+01 0.109313689260598E+01 0.106325814172010E+01
 0.101198532973017E+01 0.960417125032389E+00 0.933411146663621E+00 0.925486672292779E+00 0.933411142611692E+00
 0.960417118102731E+00 0.101198531328503E+01 0.106325825151268E+01 0.109313669113493E+01 0.110276436865836E+01
 0.106420800995555E+01 0.109474648319425E+01 0.110459617041502E+01 0.109474668751942E+01 0.106420790315349E+01
 0.101185210920579E+01 0.959188080639934E+00 0.931648061567377E+00 0.923576616352602E+00 0.931648057599908E+00
 0.959188074463314E+00 0.101185209141878E+01 0.106420800995555E+01 0.109474648319425E+01 0.110459617041502E+01
 0.106515518536084E+01 0.109635543733480E+01 0.110642812830659E+01 0.109635564444199E+01 0.106515508167728E+01
 0.101171539645683E+01 0.957954330950413E+00 0.929881537702019E+00 0.921663953326758E+00 0.929881534100122E+00
 0.957954325493847E+00 0.101171537714288E+01 0.106515518536084E+01 0.109635543733480E+01 0.110642812830659E+01
 0.106609974566692E+01 0.109796353662892E+01 0.110826023455831E+01 0.109796374643267E+01 0.106609964517894E+01
 0.101157514196151E+01 0.956715809293921E+00 0.928111517993839E+00 0.919748637335172E+00 0.928111514722463E+00
 0.956715804577033E+00 0.101157512092709E+01 0.106609974566692E+01 0.109796353662892E+01 0.110826023455831E+01
 0.106704165363835E+01 0.109957075627324E+01 0.111009247698573E+01 0.109957096868375E+01 0.106704155632660E+01
 0.101143129098736E+01 0.955472445811256E+00 0.926337947883786E+00 0.917830608621572E+00 0.926337945048898E+00
 0.955472441762867E+00 0.101143126805010E+01 0.106704165363835E+01 0.109957075627324E+01 0.111009247698573E+01
 0.106798086770757E+01 0.110117706912892E+01 0.111192483780493E+01 0.110117728407347E+01 0.106798077364670E+01
 0.101128378400498E+01 0.954224158268851E+00 0.924560765677895E+00 0.915909809933200E+00 0.924560763401041E+00
 0.954224154875534E+00 0.101128375906738E+01 0.106798086770757E+01 0.110117706912892E+01 0.111192483780493E+01
 0.106891734510912E+01 0.110278244896217E+01 0.111375730010012E+01 0.110278266638786E+01 0.106891725462478E+01
 0.101113256053297E+01 0.952970861339753E+00 0.922779904867564E+00 0.913986189424180E+00 0.922779902602817E+00
 0.952970858565655E+00 0.101113253347235E+01 0.106891734510912E+01 0.110278244896217E+01 0.111375730010012E+01
 0.106985104110412E+01 0.110438687029847E+01 0.111558984817851E+01 0.110438709016653E+01 0.106985095476418E+01
 0.101097755946949E+01 0.951712471354111E+00 0.920995293711655E+00 0.912059695692492E+00 0.920995291754025E+00
 0.951712469162239E+00 0.101097753017641E+01 0.106985104110412E+01 0.110438687029847E+01 0.111558984817851E+01
 0.107078191002112E+01 0.110599030838770E+01 0.111742246747387E+01 0.110599053063826E+01 0.107078182810665E+01
 0.101081871904269E+01 0.950448906457959E+00 0.919206857627668E+00 0.910130275868807E+00 0.919206856361365E+00
 0.950448904756117E+00 0.101081868731190E+01 0.107078191002112E+01 0.110599030838770E+01 0.111742246747387E+01
 0.107170990769546E+01 0.110759273927071E+01 0.111925514485307E+01 0.110759296380525E+01 0.107170983022061E+01
 0.101065597566925E+01 0.949180085645858E+00 0.917414529250708E+00 0.908197860214748E+00 0.917414528557167E+00
 0.949180084521692E+00 0.101065594119931E+01 0.107170990769546E+01 0.110759273927071E+01 0.111925514485307E+01
 0.107263499400087E+01 0.110919413905976E+01 0.112108786860407E+01 0.110919436575252E+01 0.107263492044752E+01
 0.101048926311790E+01 0.947905925264864E+00 0.915618238296961E+00 0.906262372564841E+00 0.915618238524972E+00
 0.947905924493069E+00 0.101048922574651E+01 0.107263499400087E+01 0.110919413905976E+01 0.112108786860407E+01
 0.107355712821592E+01 0.111079448332310E+01 0.112292062783951E+01 0.111079471209304E+01 0.107355705845414E+01
 0.101031850987803E+01 0.946626318839470E+00 0.913817902448169E+00 0.904323745691218E+00 0.913817903208205E+00
 0.946626318476191E+00 0.101031846974266E+01 0.107355712821592E+01 0.111079448332310E+01 0.112292062783951E+01
 0.107447626161201E+01 0.111239374716775E+01 0.112475341239594E+01 0.111239397800140E+01 0.107447619654423E+01
 0.101014364238456E+01 0.945341155212703E+00 0.912013437165803E+00 0.902381915045589E+00 0.912013437886793E+00
 0.945341155106824E+00 0.101014359937353E+01 0.107447626161201E+01 0.111239374716775E+01 0.112475341239594E+01
 0.107539234108795E+01 0.111399190793921E+01 0.112658621299721E+01 0.111399214082651E+01 0.107539228149018E+01
 0.100996458595157E+01 0.944050326341219E+00 0.910204747765899E+00 0.900436814486586E+00 0.910204749167749E+00
 0.944050326461629E+00 0.100996454017197E+01 0.107539234108795E+01 0.111399190793921E+01 0.112658621299721E+01
 0.107630532059666E+01 0.111558895290318E+01 0.112841902749875E+01 0.111558918776325E+01 0.107630526678816E+01
 0.100978126809244E+01 0.942753728413209E+00 0.908391742449408E+00 0.898488361962098E+00 0.908391744804377E+00
 0.942753728596516E+00 0.100978121910760E+01 0.107630532059666E+01 0.111558895290318E+01 0.112841902749875E+01
 0.107721516572706E+01 0.111718487109081E+01 0.113025186127670E+01 0.111718510775152E+01 0.107721511669892E+01
 0.100959361558125E+01 0.941451260184543E+00 0.906574336004020E+00 0.896536459848895E+00 0.906574339410947E+00
 0.941451260531025E+00 0.100959356321575E+01 0.107721516572706E+01 0.111718487109081E+01 0.113025186127670E+01
 0.107812184631823E+01 0.111877964976645E+01 0.113208471977224E+01 0.111877988811112E+01 0.107812180137385E+01
 0.100940155220956E+01 0.940142813783694E+00 0.904752428296187E+00 0.894581019543848E+00 0.904752432847143E+00
 0.940142814010338E+00 0.100940149663306E+01 0.107812184631823E+01 0.111877964976645E+01 0.113208471977224E+01
 0.107902531659417E+01 0.112037327333522E+01 0.113391760809247E+01 0.112037351336144E+01 0.107902527676215E+01
 0.100920499284492E+01 0.938828251050011E+00 0.902925915062344E+00 0.892621958072798E+00 0.902925919744322E+00
 0.938828251261676E+00 0.100920493444772E+01 0.107902531659417E+01 0.112037327333522E+01 0.113391760809247E+01
 0.107992552138156E+01 0.112196572988287E+01 0.113575053165307E+01 0.112196597162737E+01 0.107992548793408E+01
 0.100900384975710E+01 0.937507431343985E+00 0.901094684586874E+00 0.890659192221946E+00 0.901094689587677E+00
 0.937507431259242E+00 0.100900378838639E+01 0.107992552138156E+01 0.112196572988287E+01 0.113575053165307E+01
 0.108082241598003E+01 0.112355702506256E+01 0.113758350878625E+01 0.112355726847556E+01 0.108082238977246E+01
 0.100879803952441E+01 0.936180220057020E+00 0.899258618985116E+00 0.888692624902769E+00 0.899258625223990E+00
 0.936180219566009E+00 0.100879797509462E+01 0.108082241598003E+01 0.112355702506256E+01 0.113758350878625E+01
 0.108171597274793E+01 0.112514716641448E+01 0.113941656940208E+01 0.112514741128312E+01 0.108171595236037E+01
 0.100858747946346E+01 0.934846486168353E+00 0.897417608393286E+00 0.886722136683051E+00 0.897417615953945E+00
 0.934846485480026E+00 0.100858741160059E+01 0.108171597274793E+01 0.112514716641448E+01 0.113941656940208E+01
 0.108260617435807E+01 0.112673615842376E+01 0.114124974220295E+01 0.112673640458532E+01 0.108260615836461E+01
 0.100837208535736E+01 0.933506101555226E+00 0.895571534757876E+00 0.884747615501306E+00 0.895571543850344E+00
 0.933506100341073E+00 0.100837201424049E+01 0.108260617435807E+01 0.112673615842376E+01 0.114124974220295E+01
 0.108349298468634E+01 0.112832400101450E+01 0.114308305426916E+01 0.112832424846538E+01 0.108349297410416E+01
 0.100815176611147E+01 0.932158918986870E+00 0.893720268958491E+00 0.882768956972842E+00 0.893720278714908E+00
 0.932158917180586E+00 0.100815169212909E+01 0.108349298468634E+01 0.112832400101450E+01 0.114308305426916E+01
 0.108437635012160E+01 0.112991069968192E+01 0.114491653266528E+01 0.112991094849986E+01 0.108437634663124E+01
 0.100792642053265E+01 0.930804763047123E+00 0.891863679805955E+00 0.880786057974975E+00 0.891863689812406E+00
 0.930804760765829E+00 0.100792634420788E+01 0.108437635012160E+01 0.112991069968192E+01 0.114491653266528E+01
 0.108525622894012E+01 0.113149628376037E+01 0.114675022427732E+01 0.113149653393342E+01 0.108525623415745E+01
 0.100769595299754E+01 0.929443463124240E+00 0.890001625176990E+00 0.878798803223115E+00 0.890001636200494E+00
 0.929443459960942E+00 0.100769587382789E+01 0.108525622894012E+01 0.113149628376037E+01 0.114675022427732E+01
 0.108613260043470E+01 0.113308078319690E+01 0.114858418932483E+01 0.113308103447974E+01 0.108613261261148E+01
 0.100746026784605E+01 0.928074852094973E+00 0.888133966013116E+00 0.876807051339494E+00 0.888133978818637E+00
 0.928074848327508E+00 0.100746018590824E+01 0.108613260043470E+01 0.113308078319690E+01 0.114858418932483E+01
 0.108700545926402E+01 0.113466422331099E+01 0.115041848524911E+01 0.113466447549407E+01 0.108700547623733E+01
 0.100721926799671E+01 0.926698765559175E+00 0.886260561154658E+00 0.874810665803836E+00 0.886260575799082E+00
 0.926698761230309E+00 0.100721918312605E+01 0.108700545926402E+01 0.113466422331099E+01 0.115041848524911E+01
 0.108787478001222E+01 0.113624662355380E+01 0.115225316653774E+01 0.113624687662178E+01 0.108787480263270E+01
 0.100697285282277E+01 0.925315036529953E+00 0.884381255411074E+00 0.872809519269141E+00 0.884381271311266E+00
 0.925315031191231E+00 0.100697276569320E+01 0.108787478001222E+01 0.113624662355380E+01 0.115225316653774E+01
 0.108874051472338E+01 0.113782801377990E+01 0.115408828844602E+01 0.113782826784852E+01 0.108874054510598E+01
 0.100672091070668E+01 0.923923463787708E+00 0.882495892569195E+00 0.870803486002368E+00 0.882495908806588E+00
 0.923923457832524E+00 0.100672082214112E+01 0.108874051472338E+01 0.113782801377990E+01 0.115408828844602E+01
 0.108960262580257E+01 0.113940845121179E+01 0.115592393440472E+01 0.113940870629435E+01 0.108960266632806E+01
 0.100646333155187E+01 0.922523835919217E+00 0.880604305692276E+00 0.868792428791872E+00 0.880604322931623E+00
 0.922523829039811E+00 0.100646324124639E+01 0.108960262580257E+01 0.113940845121179E+01 0.115592393440472E+01
 0.109046109937295E+01 0.114098799098112E+01 0.115776019984438E+01 0.114098824680115E+01 0.109046114791760E+01
 0.100620000319707E+01 0.921115943605217E+00 0.878706326045922E+00 0.866776183259918E+00 0.878706345277491E+00
 0.921115935770960E+00 0.100619991088278E+01 0.109046109937295E+01 0.114098799098112E+01 0.115776019984438E+01
 0.109131594036758E+01 0.114256668196121E+01 0.115959717584809E+01 0.114256693827148E+01 0.109131599414171E+01
 0.100593081029839E+01 0.919699578796888E+00 0.876801782634012E+00 0.864754588054451E+00 0.876801804125703E+00
 0.919699570212438E+00 0.100593071595362E+01 0.109131594036758E+01 0.114256668196121E+01 0.115959717584809E+01
 0.109216713117333E+01 0.114414456616605E+01 0.116143494932994E+01 0.114414482294067E+01 0.109216719090437E+01
 0.100565563509960E+01 0.918274533630484E+00 0.874890492213969E+00 0.862727491442666E+00 0.874890515349086E+00
 0.918274524106903E+00 0.100565553975792E+01 0.109216713117333E+01 0.114414456616605E+01 0.116143494932994E+01
 0.109301463121312E+01 0.114572170537800E+01 0.116327361166389E+01 0.114572196276570E+01 0.109301469949834E+01
 0.100537435444184E+01 0.916840579848066E+00 0.872972268802628E+00 0.860694742717048E+00 0.872972292530544E+00
 0.916840569625428E+00 0.100537425888774E+01 0.109301463121312E+01 0.114572170537800E+01 0.116327361166389E+01
 0.109385840763289E+01 0.114729818804984E+01 0.116511329115847E+01 0.114729844605820E+01 0.109385848737957E+01
 0.100508684065343E+01 0.915397460982226E+00 0.871046917023046E+00 0.858656178094644E+00 0.871046941952047E+00
 0.915397450034995E+00 0.100508674501793E+01 0.109385840763289E+01 0.114729818804984E+01 0.116511329115847E+01
 0.109469845404853E+01 0.114887409684408E+01 0.116695412324300E+01 0.114887435516060E+01 0.109469854257929E+01
 0.100479296020493E+01 0.913944918278476E+00 0.869114236472467E+00 0.856611607870774E+00 0.869114263646838E+00
 0.913944906429499E+00 0.100479286395963E+01 0.109469845404853E+01 0.114887409684408E+01 0.116695412324300E+01
 0.109553478263872E+01 0.115044950642792E+01 0.116879623783363E+01 0.115044976478136E+01 0.109553487669548E+01
 0.100449257305248E+01 0.912482691333029E+00 0.867174021307378E+00 0.854560845530203E+00 0.867174051161475E+00
 0.912482678613728E+00 0.100449247620232E+01 0.109553478263872E+01 0.115044950642792E+01 0.116879623783363E+01
 0.109636737861350E+01 0.115202448544754E+01 0.117063975981635E+01 0.115202474382172E+01 0.109636747913103E+01
 0.100418553634908E+01 0.911010517988184E+00 0.865226055437115E+00 0.852503712931021E+00 0.865226087187839E+00
 0.911010504666307E+00 0.100418544033215E+01 0.109636737861350E+01 0.115202448544754E+01 0.117063975981635E+01
 0.109719620750763E+01 0.115359913635777E+01 0.117248482904160E+01 0.115359939492046E+01 0.109719631764333E+01
 0.100387170808720E+01 0.909528125553942E+00 0.863270118898704E+00 0.850440031541276E+00 0.863270151609916E+00
 0.909528111687521E+00 0.100387161373817E+01 0.109719620750763E+01 0.115359913635777E+01 0.117248482904160E+01
 0.109802124052049E+01 0.115517358112813E+01 0.117433162651146E+01 0.115517383983839E+01 0.109802136329267E+01
 0.100355093772254E+01 0.908035205489265E+00 0.861305981875361E+00 0.848369605313458E+00 0.861306016103638E+00
 0.908035191252440E+00 0.100355084533795E+01 0.109802124052049E+01 0.115517358112813E+01 0.117433162651146E+01
 0.109884247991659E+01 0.115674793232820E+01 0.117618033352558E+01 0.115674819083381E+01 0.109884261176527E+01
 0.100322306225775E+01 0.906531438980804E+00 0.859333407900204E+00 0.846292216987452E+00 0.859333444588837E+00
 0.906531423904847E+00 0.100322297086416E+01 0.109884247991659E+01 0.115674793232820E+01 0.117618033352558E+01
 0.109965993962228E+01 0.115832229276522E+01 0.117803112533693E+01 0.115832255079396E+01 0.109966007729831E+01
 0.100288790790948E+01 0.905016501218869E+00 0.857352150751550E+00 0.844207653678282E+00 0.857352190389503E+00
 0.905016485556444E+00 0.100288781825256E+01 0.109965993962228E+01 0.115832229276522E+01 0.117803112533693E+01
 0.110047360095954E+01 0.115989676639293E+01 0.117988417353558E+01 0.115989702396867E+01 0.110047374600216E+01
 0.100254529885242E+01 0.903490062858321E+00 0.855361956264738E+00 0.842115707643904E+00 0.855361997996187E+00
 0.903490047071877E+00 0.100254521256860E+01 0.110047360095954E+01 0.115989676639293E+01 0.117988417353558E+01
 0.110128343301778E+01 0.116147150499861E+01 0.118173968505940E+01 0.116147176226411E+01 0.110128358916003E+01
 0.100219506357348E+01 0.901951784712066E+00 0.853362564813803E+00 0.840016167371836E+00 0.853362608110991E+00
 0.901951768724070E+00 0.100219498135961E+01 0.110128343301778E+01 0.116147150499861E+01 0.118173968505940E+01
 0.110208940872058E+01 0.116304666487141E+01 0.118359789992272E+01 0.116304692166525E+01 0.110208957785921E+01
 0.100183701601346E+01 0.900401287771086E+00 0.851353705041241E+00 0.837908797871261E+00 0.851353750432779E+00
 0.900401271258814E+00 0.100183693716448E+01 0.110208940872058E+01 0.116304666487141E+01 0.118359789992272E+01
 0.110289153935993E+01 0.116462239080267E+01 0.118545905332794E+01 0.116462264674029E+01 0.110289171684640E+01
 0.100147094823551E+01 0.898838174721198E+00 0.849335096648235E+00 0.835793351426214E+00 0.849335145384258E+00
 0.898838157767628E+00 0.100147087286397E+01 0.110289153935993E+01 0.116462239080267E+01 0.118545905332794E+01
 0.110368982917344E+01 0.116619881637998E+01 0.118732337469218E+01 0.116619907122694E+01 0.110369001254240E+01
 0.100109663960443E+01 0.897262038097453E+00 0.847306445396838E+00 0.833669585479187E+00 0.847306497640377E+00
 0.897262021206360E+00 0.100109656950109E+01 0.110368982917344E+01 0.116619881637998E+01 0.118732337469218E+01
 0.110448424728420E+01 0.116777610050345E+01 0.118919110179315E+01 0.116777635435977E+01 0.110448443920686E+01
 0.100071386898326E+01 0.895672461644696E+00 0.845267450881344E+00 0.831537258270288E+00 0.845267505502715E+00
 0.895672445634828E+00 0.100071380601333E+01 0.110448424728420E+01 0.116777610050345E+01 0.118919110179315E+01
 0.110527475754353E+01 0.116935444637560E+01 0.119106252966796E+01 0.116935469930633E+01 0.110527496316166E+01
 0.100032241783233E+01 0.894069013405058E+00 0.843217803588207E+00 0.829396117188093E+00 0.843217859777953E+00
 0.894068997197681E+00 0.100032236086665E+01 0.110527475754353E+01 0.116935444637560E+01 0.119106252966796E+01
 0.110606133543340E+01 0.117093404759855E+01 0.119293796561933E+01 0.117093429928893E+01 0.110606155359842E+01
 0.999922042332527E+00 0.892451219147622E+00 0.841157181264454E+00 0.827245888391416E+00 0.841157239445123E+00
 0.892451203108464E+00 0.999921991717626E+00 0.110606133543340E+01 0.117093404759855E+01 0.119293796561933E+01
 0.110684398696615E+01 0.117251508537424E+01 0.119481771183516E+01 0.117251533544817E+01 0.110684421334197E+01
 0.999512476534846E+00 0.890818583531044E+00 0.839085252092609E+00 0.825086292576177E+00 0.839085313254587E+00
 0.890818567509659E+00 0.999512432284003E+00 0.110684398696615E+01 0.117251508537424E+01 0.119481771183516E+01
 0.110762269256190E+01 0.117409773882755E+01 0.119670206823572E+01 0.117409798708442E+01 0.110762292552883E+01
 0.999093437680211E+00 0.889170590410130E+00 0.837001673808203E+00 0.822917047667918E+00 0.837001739006530E+00
 0.889170574022984E+00 0.999093401246716E+00 0.110762269256190E+01 0.117409773882755E+01 0.119670206823572E+01
 0.110839741355944E+01 0.117568223547586E+01 0.119859137238458E+01 0.117568248192731E+01 0.110839765515243E+01
 0.998664645154475E+00 0.887506707750159E+00 0.834906097750326E+00 0.820737868961758E+00 0.834906167590392E+00
 0.887506691633404E+00 0.998664618008098E+00 0.110839741355944E+01 0.117568223547586E+01 0.119859137238458E+01
 0.110916810960348E+01 0.117726881304235E+01 0.120048599685672E+01 0.117726905758822E+01 0.110916836310166E+01
 0.998225814460664E+00 0.885826399702844E+00 0.832798173038948E+00 0.818548480752064E+00 0.832798246782333E+00
 0.885826384113180E+00 0.998225797136601E+00 0.110916810960348E+01 0.117726881304235E+01 0.120048599685672E+01
 0.110993475097814E+01 0.117885769944703E+01 0.120238631288927E+01 0.117885794183230E+01 0.110993501629678E+01
 0.997776646787946E+00 0.884129116496333E+00 0.830677543746473E+00 0.816348606747304E+00 0.830677620079328E+00
 0.884129101629758E+00 0.997776639332937E+00 0.110993475097814E+01 0.117885769944703E+01 0.120238631288927E+01
 0.111069729837768E+01 0.118044911320136E+01 0.120429268994459E+01 0.118044935310684E+01 0.111069757385009E+01
 0.997316819225200E+00 0.882414272787456E+00 0.828543850386994E+00 0.814137957884973E+00 0.828543929525535E+00
 0.882414258442243E+00 0.997316821105445E+00 0.111069729837768E+01 0.118044911320136E+01 0.120429268994459E+01
 0.111145569509789E+01 0.118204327118506E+01 0.120620549860567E+01 0.118204350828810E+01 0.111145597812149E+01
 0.996845978314971E+00 0.880681242523633E+00 0.826396719127157E+00 0.811916236322610E+00 0.826396802539973E+00
 0.880681228057957E+00 0.996845990749040E+00 0.111145569509789E+01 0.118204327118506E+01 0.120620549860567E+01
 0.111220986736559E+01 0.118364038898790E+01 0.120812511316688E+01 0.118364062309896E+01 0.111221015717968E+01
 0.996363745464403E+00 0.878929371619496E+00 0.824235769890371E+00 0.809683146434538E+00 0.824235857761478E+00
 0.878929357633411E+00 0.996363769923923E+00 0.111220986736559E+01 0.118364038898790E+01 0.120812511316688E+01
 0.111295969917844E+01 0.118524067682652E+01 0.121005190940207E+01 0.118524090785070E+01 0.111295999995599E+01
 0.995869722819278E+00 0.877157999317605E+00 0.822060611436096E+00 0.807438392266369E+00 0.822060703581366E+00
 0.877157985996296E+00 0.995869760407909E+00 0.111295969917844E+01 0.118524067682652E+01 0.121005190940207E+01
 0.111370503436908E+01 0.118684433691104E+01 0.121198626498011E+01 0.118684456458259E+01 0.111370534773221E+01
 0.995363482838965E+00 0.875366414081530E+00 0.819870834205557E+00 0.805181668745420E+00 0.819870930779643E+00
 0.875366401110344E+00 0.995363532125511E+00 0.111370503436908E+01 0.118684433691104E+01 0.121198626498011E+01
 0.111444570188281E+01 0.118845152050224E+01 0.121392853264105E+01 0.118845174427755E+01 0.111444602330865E+01
 0.994844529949200E+00 0.873553833724770E+00 0.817666005307754E+00 0.802912659851942E+00 0.817666106842629E+00
 0.873553820612092E+00 0.994844590688746E+00 0.111444570188281E+01 0.118845152050224E+01 0.121392853264105E+01
 0.111518149356869E+01 0.119006232712283E+01 0.121587900824978E+01 0.119006254668124E+01 0.111518181854022E+01
 0.994312293839528E+00 0.871719407241975E+00 0.815445671902785E+00 0.800631027791394E+00 0.815445778324799E+00
 0.871719394909477E+00 0.994312369129345E+00 0.111518149356869E+01 0.119006232712283E+01 0.121587900824978E+01
 0.111591210303132E+01 0.119167685122478E+01 0.121783798386105E+01 0.119167706651466E+01 0.111591243812529E+01
 0.993766158872991E+00 0.869862246358768E+00 0.813209353625032E+00 0.798336415912042E+00 0.813209465503060E+00
 0.869862235003549E+00 0.993766249981203E+00 0.111591210303132E+01 0.119167685122478E+01 0.121783798386105E+01
 0.111663714017031E+01 0.119329517523269E+01 0.121980575437908E+01 0.119329538592524E+01 0.111663748815636E+01
 0.993205462107167E+00 0.867981384132921E+00 0.810956530252568E+00 0.796028460926573E+00 0.810956647803604E+00
 0.867981372548631E+00 0.993205565090169E+00 0.111663714017031E+01 0.119329517523269E+01 0.121980575437908E+01
 0.111735619057640E+01 0.119491726773689E+01 0.122178254284579E+01 0.119491747311911E+01 0.111735654432078E+01
 0.992629420563049E+00 0.866075739235898E+00 0.808686645744165E+00 0.793706783208462E+00 0.808686769158834E+00
 0.866075728231241E+00 0.992629537490581E+00 0.111735619057640E+01 0.119491726773689E+01 0.122178254284579E+01
 0.111806876789680E+01 0.119654301390947E+01 0.122376847319572E+01 0.119654321370957E+01 0.111806912332344E+01
 0.992037130288318E+00 0.864144121518669E+00 0.806399108195615E+00 0.791370952780331E+00 0.806399237300003E+00
 0.864144111305029E+00 0.992037263414016E+00 0.111806876789680E+01 0.119654301390947E+01 0.122376847319572E+01
 0.111877420767408E+01 0.119817229365015E+01 0.122576366605793E+01 0.119817248773808E+01 0.111877457357516E+01
 0.991427609608438E+00 0.862185258850400E+00 0.804093270534807E+00 0.789020513702545E+00 0.804093406562350E+00
 0.862185248841311E+00 0.991427757844644E+00 0.111877420767408E+01 0.119817229365015E+01 0.122576366605793E+01
 0.111947175507648E+01 0.119980492898720E+01 0.122776822060163E+01 0.119980511674238E+01 0.111947213016470E+01
 0.990799775407230E+00 0.860197740691029E+00 0.801768422094735E+00 0.786655003387306E+00 0.801768565220803E+00
 0.860197731065964E+00 0.990799935446519E+00 0.111947175507648E+01 0.119980492898720E+01 0.122776822060163E+01
 0.112016059467475E+01 0.120144054227247E+01 0.122978206544960E+01 0.120144072305348E+01 0.112016096890294E+01
 0.990152346476435E+00 0.858179977750943E+00 0.799423800923146E+00 0.784273911093258E+00 0.799423950303673E+00
 0.858179968855465E+00 0.990152521870381E+00 0.112016059467475E+01 0.120144054227247E+01 0.122978206544960E+01
 0.112083972975538E+01 0.120307870401509E+01 0.123180505814946E+01 0.120307887768094E+01 0.112084010947379E+01
 0.989483880995420E+00 0.856130223841144E+00 0.797058574376534E+00 0.781876650191563E+00 0.797058731453307E+00
 0.856130215648318E+00 0.989484071512775E+00 0.112083972975538E+01 0.120307870401509E+01 0.123180505814946E+01
 0.112150794443805E+01 0.120471895448653E+01 0.123383704733457E+01 0.120471912047011E+01 0.112150833303676E+01
 0.988792812330091E+00 0.854046560358766E+00 0.794671810213054E+00 0.779462620515647E+00 0.794671976336337E+00
 0.854046552252722E+00 0.988793012407948E+00 0.112150794443805E+01 0.120471895448653E+01 0.123383704733457E+01
 0.112216394641210E+01 0.120636059451552E+01 0.123587770128080E+01 0.120636075198413E+01 0.112216433234213E+01
 0.988077332893418E+00 0.851926818475133E+00 0.792262496424788E+00 0.777031184931641E+00 0.792262670118876E+00
 0.851926809977430E+00 0.988077543624675E+00 0.112216394641210E+01 0.120636059451552E+01 0.123587770128080E+01
 0.112280625728744E+01 0.120800278499975E+01 0.123792652678369E+01 0.120800293383615E+01 0.112280664168076E+01
 0.987335378724413E+00 0.849768579768754E+00 0.789829532383475E+00 0.774581603591288E+00 0.789829713697347E+00
 0.849768572431696E+00 0.987335601224253E+00 0.112280625728744E+01 0.120800278499975E+01 0.123792652678369E+01
 0.112343311000745E+01 0.120964465914704E+01 0.123998301628575E+01 0.120964479907117E+01 0.112343349890821E+01
 0.986564704512946E+00 0.847569202900856E+00 0.787371694651696E+00 0.772113097324407E+00 0.787371884815180E+00
 0.847569196694782E+00 0.986564933021592E+00 0.112343311000745E+01 0.120964465914704E+01 0.123998301628575E+01
 0.112404261518303E+01 0.121128515066356E+01 0.124204652164297E+01 0.121128528118541E+01 0.112404300246103E+01
 0.985762806157413E+00 0.845325732174942E+00 0.784887649139102E+00 0.769624842791410E+00 0.784887847996609E+00
 0.845325726167924E+00 0.985763035829309E+00 0.112404261518302E+01 0.121128515066356E+01 0.124204652164297E+01
 0.112463270632504E+01 0.121292305718302E+01 0.124411627408617E+01 0.121292317813795E+01 0.112463308691441E+01
 0.984926880993498E+00 0.843034875211660E+00 0.782375949305412E+00 0.767115914718553E+00 0.782376157998101E+00
 0.843034869692335E+00 0.984927111487297E+00 0.112463270632504E+01 0.121292305718302E+01 0.124411627408617E+01
 0.112520108374322E+01 0.121455713620003E+01 0.124619150693247E+01 0.121455724748642E+01 0.112520145954934E+01
 0.984053835117353E+00 0.840693005003811E+00 0.779835011692317E+00 0.764585339912923E+00 0.779835229389816E+00
 0.840693000666294E+00 0.984054062116024E+00 0.112520108374322E+01 0.121455713620003E+01 0.124619150693247E+01
 0.112574523187967E+01 0.121618610043846E+01 0.124827147650323E+01 0.121618620168106E+01 0.112574560147149E+01
 0.983140263082776E+00 0.838296136109849E+00 0.777263131467972E+00 0.762032061064296E+00 0.777263357027273E+00
 0.838296133143954E+00 0.983140474618191E+00 0.112574523187967E+01 0.121618610043846E+01 0.124827147650323E+01
 0.112626245944634E+01 0.121780858058094E+01 0.125035545660466E+01 0.121780867167380E+01 0.112626281564924E+01
 0.982182356905754E+00 0.835839759584046E+00 0.774658429743376E+00 0.759454897434426E+00 0.774658665563173E+00
 0.835839758027165E+00 0.982182552314122E+00 0.112626245944634E+01 0.121780858058094E+01 0.125035545660466E+01
 0.112674973661187E+01 0.121942322460581E+01 0.125244284102643E+01 0.121942330534423E+01 0.112675008309772E+01
 0.981175781151255E+00 0.833318828980149E+00 0.772018869738607E+00 0.756852600702860E+00 0.772019112831660E+00
 0.833318830578350E+00 0.981175945569974E+00 0.112674973661187E+01 0.121942322460581E+01 0.125244284102643E+01
 0.112720372069381E+01 0.122102866552114E+01 0.125453317698229E+01 0.122102873568217E+01 0.112720404693517E+01
 0.980115648667478E+00 0.830727651392209E+00 0.769342219498456E+00 0.754223759445797E+00 0.769342472089307E+00
 0.830727654562224E+00 0.980115777535798E+00 0.112720372069381E+01 0.122102866552114E+01 0.125453317698229E+01
 0.112762059848461E+01 0.122262347881092E+01 0.125662615451843E+01 0.122262353831169E+01 0.112762090775650E+01
 0.978996194812248E+00 0.828059605067498E+00 0.766626018318897E+00 0.751566854130898E+00 0.766626277342401E+00
 0.828059612131707E+00 0.978996275369211E+00 0.112762059848461E+01 0.122262347881092E+01 0.125662615451843E+01
 0.112799592866800E+01 0.122420626779834E+01 0.125872175737405E+01 0.122420631637404E+01 0.112799621061861E+01
 0.977810675599520E+00 0.825307117454254E+00 0.763867578436262E+00 0.748880179950866E+00 0.763867844683053E+00
 0.825307128496492E+00 0.977810705112739E+00 0.112799592866800E+01 0.122420626779834E+01 0.125872175737405E+01
 0.112832449470937E+01 0.122577548004092E+01 0.126082015788196E+01 0.122577551760621E+01 0.112832474917111E+01
 0.976550962494103E+00 0.822461211701274E+00 0.761063923009454E+00 0.746161877485484E+00 0.761064196115178E+00
 0.822461226404404E+00 0.976550932853775E+00 0.112832449470937E+01 0.122577548004092E+01 0.126082015788196E+01
 0.112860005868240E+01 0.122732950298711E+01 0.126292186755133E+01 0.122732952934734E+01 0.112860027708240E+01
 0.975207334819436E+00 0.819511552243843E+00 0.758211896558999E+00 0.743409986490082E+00 0.758212173878739E+00
 0.819511574084302E+00 0.975207249403457E+00 0.112860005868240E+01 0.122732950298711E+01 0.126292186755133E+01
 0.112881527565421E+01 0.122886650198302E+01 0.126502762589074E+01 0.122886651696934E+01 0.112881545333547E+01
 0.973768292593998E+00 0.816446250895603E+00 0.755308200328958E+00 0.740622493429187E+00 0.755308481678064E+00
 0.816446278625225E+00 0.973768156379179E+00 0.112881527565421E+01 0.122886650198302E+01 0.126502762589074E+01
 0.112896158748846E+01 0.123038443781330E+01 0.126713844787087E+01 0.123038444131264E+01 0.112896171692972E+01
 0.972220486415906E+00 0.813252189117008E+00 0.752349665588810E+00 0.737797543640490E+00 0.752349951529601E+00
 0.813252225349306E+00 0.972220316711479E+00 0.112896158748846E+01 0.123038443781330E+01 0.126713844787087E+01
 0.112902911544353E+01 0.123188101307087E+01 0.126925560644546E+01 0.123188100496697E+01 0.112902919021548E+01
 0.970548660772321E+00 0.809915144832362E+00 0.749333385605152E+00 0.734933572567861E+00 0.749333673189039E+00
 0.809915192744295E+00 0.970548482438046E+00 0.112902911544353E+01 0.123188101307087E+01 0.126925560644546E+01
 0.112900644758390E+01 0.123335358401809E+01 0.127138063118736E+01 0.123335356427412E+01 0.112900646581333E+01
 0.968735452847146E+00 0.806420088417640E+00 0.746256922248566E+00 0.732029394488536E+00 0.746257210626513E+00
 0.806420152375289E+00 0.968735295459303E+00 0.112900644758390E+01 0.123335358401809E+01 0.127138063118736E+01
 0.112888005935073E+01 0.123479899629889E+01 0.127351533641249E+01 0.123479896497976E+01 0.112888002558663E+01
 0.966760668546326E+00 0.802751131623053E+00 0.743118369655966E+00 0.729084258903090E+00 0.743118657993764E+00
 0.802751218877528E+00 0.966760564487970E+00 0.112888005935073E+01 0.123479899629889E+01 0.127351533641249E+01
 0.112863320791928E+01 0.123621323489936E+01 0.127566182286721E+01 0.123621319220917E+01 0.112863313111604E+01
 0.964599811542360E+00 0.798891068007236E+00 0.739916311451148E+00 0.726097764707105E+00 0.739916598939108E+00
 0.798891189889376E+00 0.964599792021276E+00 0.112863320791928E+01 0.123621323489936E+01 0.127566182286721E+01
 0.112824407810044E+01 0.123759084007421E+01 0.127782247446697E+01 0.123759078640856E+01 0.112824396918349E+01
 0.962221536379568E+00 0.794820553707454E+00 0.736649743706481E+00 0.723069741457148E+00 0.736650029786848E+00
 0.794820726065642E+00 0.962221625092251E+00 0.112824407810044E+01 0.123759084007421E+01 0.127782247446697E+01
 0.112768280580278E+01 0.123892398785253E+01 0.127999996922407E+01 0.123892392386481E+01 0.112768267722993E+01
 0.959583537128253E+00 0.790517055284312E+00 0.733318049424086E+00 0.720000140523529E+00 0.733318333867867E+00
 0.790517295110293E+00 0.959583740429372E+00 0.112768280580278E+01 0.123892398785253E+01 0.127999996922407E+01
 0.281492636205957E-08 0.281492636205957E-08 0.281492636205957E-08 0.281492636205957E-08 0.281492636205957E-08
 0.281492636205957E-08 0.281492636205957E-08 0.281492636205957E-08 0.281492636205957E-08 0.281492636205957E-08
 0.281492636205957E-08 0.281492636205957E-08 0.281492636205957E-08 0.281492636205957E-08 0.281492636205957E-08
-0.223714296549171E-02-0.119152073998349E-02 0.281492636205959E-08 0.119150708107585E-02 0.223713818543150E-02
 0.274447523686084E-02 0.223791981715114E-02 0.119181149710644E-02-0.769455165535980E-08-0.119182772411674E-02
-0.223793427651020E-02-0.274448305320832E-02-0.223714296549171E-02-0.119152073998349E-02 0.281492636205736E-08
-0.447377840838887E-02-0.238304742038245E-02 0.281492636205959E-08 0.238301592446875E-02 0.447376657387049E-02
 0.548932539525168E-02 0.447694469257636E-02 0.238392082019769E-02-0.668082886980147E-08-0.238393652003548E-02
-0.447695933048548E-02-0.548933515662993E-02-0.447377840838888E-02-0.238304742038245E-02 0.281492636046547E-08
-0.670991331430633E-02-0.357458441553294E-02 0.281492636205959E-08 0.357453529257119E-02 0.670989462526110E-02
 0.823455656546483E-02 0.671707658354906E-02 0.357632376032385E-02-0.564885193539128E-08-0.357633899707837E-02
-0.671709123426205E-02-0.823456845495216E-02-0.670991331430634E-02-0.357458441553294E-02 0.281492636632498E-08
-0.894555589007017E-02-0.476613566300443E-02 0.281492636205959E-08 0.476606912171029E-02 0.894553054122542E-02
 0.109801784625771E-01 0.895832515482484E-02 0.476902449361302E-02-0.459804013736448E-08-0.476903933064049E-02
-0.895833965122542E-02-0.109801926541438E-01-0.894555589007017E-02-0.476613566300443E-02 0.281492635938953E-08
-0.111807143475897E-01-0.595770510952132E-02 0.281492636205961E-08 0.595762135727250E-02 0.111806825285832E-01
 0.137262008267225E-01 0.112007001081150E-01 0.596202720829947E-02-0.352779687340755E-08-0.596204170786036E-02
-0.112007142822597E-01-0.137262174830621E-01-0.111807143475897E-01-0.595770510952132E-02 0.281492635224150E-08
-0.134154074433295E-01-0.714930054789361E-02 0.281492636205961E-08 0.714919978935374E-02 0.134153693323153E-01
 0.164726339602484E-01 0.134442155564572E-01 0.715533885383794E-02-0.244121677276690E-08-0.715535308163469E-02
-0.134442292439808E-01-0.164726532190939E-01-0.134154074433295E-01-0.714930054789361E-02 0.281492635167353E-08
-0.156497073583828E-01-0.834095240335747E-02 0.281492636205964E-08 0.834083484154309E-02 0.156496631630186E-01
 0.192195584446968E-01 0.156889049165884E-01 0.834898314405775E-02-0.134560816734081E-08-0.834899718585797E-02
-0.156889179693407E-01-0.192195804923778E-01-0.156497073583829E-01-0.834095240335747E-02 0.281492636588450E-08
-0.178837155871932E-01-0.953271428171662E-02 0.281492636205956E-08 0.953258012057095E-02 0.178836655128414E-01
 0.219671466705713E-01 0.179348499491345E-01 0.954301679407004E-02-0.251541438014790E-09-0.954303075102816E-02
-0.179348622394146E-01-0.219671716659389E-01-0.178837155871932E-01-0.953271428171662E-02 0.281492636215244E-08
-0.201175164045369E-01-0.107246337084204E-01 0.281492636205956E-08 0.107244831529282E-01 0.201174606541171E-01
 0.247155136411989E-01 0.201821786850643E-01 0.107374931187472E-01 0.846152696373581E-09-0.107375070872361E-01
-0.201821900787099E-01-0.247155417323436E-01-0.201175164045369E-01-0.107246337084204E-01 0.281492636013510E-08
-0.223511650406448E-01-0.119167417807557E-01 0.281492636205959E-08 0.119165750361712E-01 0.223511038131091E-01
 0.274647332849660E-01 0.224309794325600E-01 0.119324469131364E-01 0.195170630872838E-08-0.119324609831906E-01
-0.224309897864499E-01-0.274647646017286E-01-0.223511650406448E-01-0.119167417807557E-01 0.281492635460361E-08
-0.245847041557453E-01-0.131090616832720E-01 0.281492636205959E-08 0.131088789526154E-01 0.245846376052794E-01
 0.302148571461025E-01 0.246813148398787E-01 0.131279033487805E-01 0.306633834659142E-08-0.131279176091819E-01
-0.246813240081283E-01-0.302148917880656E-01-0.245847041557453E-01-0.131090616832720E-01 0.281492635075117E-08
-0.268181908369447E-01-0.143016185085280E-01 0.281492636205959E-08 0.143014199952339E-01 0.268181191819719E-01
 0.329659256010649E-01 0.269332411385763E-01 0.143238871285369E-01 0.418729448454016E-08-0.143239016644563E-01
-0.269332489757638E-01-0.329659636382016E-01-0.268181908369447E-01-0.143016185085280E-01 0.281492638476843E-08
-0.290516866640779E-01-0.154944407938845E-01 0.281492636205961E-08 0.154942266996034E-01 0.290516100796759E-01
 0.357180223968506E-01 0.291868070920405E-01 0.155204214765453E-01 0.532000632180729E-08-0.155204363871186E-01
-0.291868134588321E-01-0.357180639519526E-01-0.290516866640779E-01-0.154944407938845E-01 0.281492635463450E-08
-0.312852544025505E-01-0.166875608843344E-01 0.281492636205959E-08 0.166873314111215E-01 0.312851730649486E-01
 0.384712648487364E-01 0.314420543684555E-01 0.167175403672558E-01 0.645385738459790E-08-0.167175557502800E-01
-0.314420591321808E-01-0.384713099654535E-01-0.312852544025505E-01-0.166875608843344E-01 0.281492634040884E-08
-0.335189568682027E-01-0.178810132342988E-01 0.281492636205961E-08 0.178807685847267E-01 0.335188709475624E-01
 0.412257457753445E-01 0.336990557795693E-01 0.179152822443167E-01 0.759213573169929E-08-0.179152981995226E-01
-0.336990588104797E-01-0.412257944947974E-01-0.335189568682027E-01-0.178810132342988E-01 0.281492636403691E-08
-0.357528490268201E-01-0.190748286039958E-01 0.281492636205961E-08 0.190745689798224E-01 0.357527586758502E-01
 0.439815387309255E-01 0.359578918396471E-01 0.191136805101385E-01 0.873613505002248E-08-0.191136971362319E-01
-0.359578930062680E-01-0.439815910674205E-01-0.357528490268201E-01-0.190748286039958E-01 0.281492636409453E-08
-0.379869916271527E-01-0.202690369167595E-01 0.281492636205959E-08 0.202687625175514E-01 0.379868969665320E-01
 0.467387033008139E-01 0.382186346589079E-01 0.203127664251728E-01 0.988701114417811E-08-0.203127838194711E-01
-0.382186338291409E-01-0.467387593328182E-01-0.379869916271527E-01-0.202690369167595E-01 0.281492636413627E-08
-0.402214438985157E-01-0.214636665746460E-01 0.281492636205959E-08 0.214633776004039E-01 0.402213451090202E-01
 0.494972938036973E-01 0.404813496098504E-01 0.215125686338979E-01 0.110402473596225E-07-0.215125868872728E-01
-0.404813466541927E-01-0.494973532781596E-01-0.402214438985158E-01-0.214636665746460E-01 0.281492637509879E-08
-0.424562615227093E-01-0.226587454584920E-01 0.281492636205961E-08 0.226584421092877E-01 0.424561587714141E-01
 0.522573952257600E-01 0.427460927430092E-01 0.227131124428428E-01 0.122067346499828E-07-0.227131316722089E-01
-0.427460875360435E-01-0.522574582531393E-01-0.424562615227094E-01-0.226587454584920E-01 0.281492634092979E-08
-0.446914971918102E-01-0.238543010885495E-01 0.281492636205961E-08 0.238539835640889E-01 0.446913906332311E-01
 0.550191021028240E-01 0.450129123155286E-01 0.239144276137164E-01 0.133739840532194E-07-0.239144479088833E-01
-0.450129047335964E-01-0.550191685944511E-01-0.446914971918102E-01-0.238543010885495E-01 0.281492637092241E-08
-0.469272030017664E-01-0.250503620678094E-01 0.281492636205959E-08 0.250500305686194E-01 0.469270928124835E-01
 0.577824947216199E-01 0.472818608947135E-01 0.251165457484062E-01 0.145462306805475E-07-0.251165672148661E-01
-0.472818508198367E-01-0.577825645852639E-01-0.469272030017664E-01-0.250503620678094E-01 0.281492633092737E-08
-0.491634380792375E-01-0.262469590714577E-01 0.281492636205959E-08 0.262466137905409E-01 0.491633242450429E-01
 0.605476422569317E-01 0.495530108710831E-01 0.263194993962051E-01 0.157209251660964E-07-0.263195221414932E-01
-0.495529981909798E-01-0.605477153389030E-01-0.491634380792375E-01-0.262469590714577E-01 0.281492635965730E-08
-0.514002613360063E-01-0.274441208797634E-01 0.281492636205956E-08 0.274437620192709E-01 0.514001441402753E-01
 0.633146047224731E-01 0.518264323506217E-01 0.275233194195228E-01 0.169039493212059E-07-0.275233435399416E-01
-0.518264169464242E-01-0.633146810854800E-01-0.514002613360064E-01-0.274441208797634E-01 0.281492636648584E-08
-0.536377263491307E-01-0.286418746418286E-01 0.281492636205959E-08 0.286415023973297E-01 0.536376058790322E-01
 0.660834426311503E-01 0.541021888113782E-01 0.287280327964884E-01 0.180877498676811E-07-0.287280583810859E-01
-0.541021705757984E-01-0.660835216802561E-01-0.536377263491307E-01-0.286418746418286E-01 0.281492634267995E-08
-0.558758838568310E-01-0.298402465974036E-01 0.281492636205961E-08 0.298398611671212E-01 0.558757602675675E-01
 0.688542375690629E-01 0.563803367952256E-01 0.299336649677240E-01 0.192865738914749E-07-0.299336921457366E-01
-0.563803156214770E-01-0.688543193183417E-01-0.558758838568310E-01-0.298402465974036E-01 0.281492631905665E-08
-0.581147820487760E-01-0.310392626194345E-01 0.281492636205959E-08 0.310388642024705E-01 0.581146555114786E-01
 0.716270709171312E-01 0.586609278545037E-01 0.311402439766954E-01 0.204791366079502E-07-0.311402728504541E-01
-0.586609036391209E-01-0.716271551147711E-01-0.581147820487760E-01-0.310392626194345E-01 0.281492635261911E-08
-0.603544727952267E-01-0.322389500816895E-01 0.281492636205961E-08 0.322385388690565E-01 0.603543432859270E-01
 0.744020151215159E-01 0.609440128834569E-01 0.323477996457774E-01 0.216836139877403E-07-0.323478303111972E-01
-0.609439855319824E-01-0.744021014696069E-01-0.603544727952267E-01-0.322389500816895E-01 0.281492636516918E-08
-0.625950130281591E-01-0.334393369845850E-01 0.281492636205959E-08 0.334389131755937E-01 0.625948807445347E-01
 0.771791353700443E-01 0.632296543581741E-01 0.335563624190904E-01 0.228918373974150E-07-0.335563949856742E-01
-0.632296237776107E-01-0.771792236576227E-01-0.625950130281591E-01-0.334393369845850E-01 0.281492636221544E-08
-0.648364545253019E-01-0.346404502045399E-01 0.281492636205961E-08 0.346400139956790E-01 0.648363196176560E-01
 0.799584915264413E-01 0.655179182524164E-01 0.347659612178375E-01 0.241006798414485E-07-0.347659957981779E-01
-0.655178843572984E-01-0.799585812829148E-01-0.648364545253019E-01-0.346404502045399E-01 0.281492626471229E-08
-0.670788470083428E-01-0.358423155128206E-01 0.281492636205964E-08 0.358418670999086E-01 0.670787095742182E-01
 0.827401465636638E-01 0.678088653267681E-01 0.359766214627727E-01 0.253138115443754E-07-0.359766581403685E-01
-0.678088280348868E-01-0.827402374253861E-01-0.670788470083428E-01-0.358423155128206E-01 0.281492636051690E-08
-0.693222375287750E-01-0.370449580633822E-01 0.281492636205961E-08 0.370444976448281E-01 0.693220977265200E-01
 0.855241768233665E-01 0.701025518119846E-01 0.371883688579508E-01 0.265465791585117E-07-0.371884077786987E-01
-0.701025110458562E-01-0.855242684120736E-01-0.693222375287751E-01-0.370449580633822E-01 0.281492638036437E-08
-0.715666738210329E-01-0.382484033616216E-01 0.281492636205956E-08 0.382479311301381E-01 0.715665316837394E-01
 0.883106545215382E-01 0.723990314235945E-01 0.384012311319517E-01 0.277762194702013E-07-0.384012723886305E-01
-0.723989871164293E-01-0.883107463814944E-01-0.715666738210329E-01-0.382484033616216E-01 0.281492635590954E-08
-0.738122071725573E-01-0.394526767648444E-01 0.281492636205959E-08 0.394521929153147E-01 0.738120627345880E-01
 0.910996463445622E-01 0.746983559092474E-01 0.396152366338659E-01 0.290118463886949E-07-0.396152803381759E-01
-0.746983079949430E-01-0.910997379677862E-01-0.738122071725574E-01-0.394526767648444E-01 0.281492642016186E-08
-0.760588864758754E-01-0.406578037441629E-01 0.281492636205961E-08 0.406573084766428E-01 0.760587399800114E-01
 0.938912141128786E-01 0.770005809130472E-01 0.408304135509613E-01 0.302559858035472E-07-0.408304598069687E-01
-0.770005293328113E-01-0.938913051846952E-01-0.760588864758754E-01-0.406578037441629E-01 0.281492635199612E-08
-0.783067594713788E-01-0.418638095149168E-01 0.281492636205961E-08 0.418633030240547E-01 0.783066109675119E-01
 0.966854171094617E-01 0.793057682865080E-01 0.420467885770429E-01 0.314944916147967E-07-0.420468375049736E-01
-0.793057129946514E-01-0.966855065555627E-01-0.783067594713789E-01-0.418638095149168E-01 0.281492638547610E-08
-0.805558723170513E-01-0.430707186719606E-01 0.281492636205961E-08 0.430702011559072E-01 0.805557219308753E-01
 0.994823185672152E-01 0.816139766725370E-01 0.432643863555827E-01 0.327468352847671E-07-0.432644380310315E-01
-0.816139176216256E-01-0.994824061572035E-01-0.805558723170513E-01-0.430707186719606E-01 0.281492636930871E-08
-0.828062703600736E-01-0.442785555088234E-01 0.281492636205956E-08 0.442780271635602E-01 0.828061181714405E-01
 0.102281988218490E+00 0.839252619161775E-01 0.444832326738525E-01 0.340184050376358E-07-0.444832872638571E-01
-0.839251990676736E-01-0.102282073174687E+00-0.828062703600737E-01-0.442785555088234E-01 0.281492634247949E-08
-0.850580005681507E-01-0.454873439979078E-01 0.281492636205959E-08 0.454868050184287E-01 0.850578465645080E-01
 0.105084491460599E+00 0.862396776079940E-01 0.457033544591785E-01 0.352843482271045E-07-0.457034120537449E-01
-0.862396109350575E-01-0.105084573117002E+00-0.850580005681507E-01-0.454873439979078E-01 0.281492644009202E-08
-0.873111082323956E-01-0.466971077982430E-01 0.281492636205961E-08 0.466965583852367E-01 0.873109525984815E-01
 0.107889890255213E+00 0.885572754149434E-01 0.469247787168974E-01 0.365585902584351E-07-0.469248394269432E-01
-0.885572048894283E-01-0.107889968010508E+00-0.873111082323956E-01-0.466971077982430E-01 0.281492644554704E-08
-0.895656375323528E-01-0.479078706356555E-01 0.281492636205959E-08 0.479073109872151E-01 0.895654803640811E-01
 0.110698243734188E+00 0.908781078185279E-01 0.481475319108014E-01 0.378344920653405E-07-0.481475958546019E-01
-0.908780334301725E-01-0.110698316892154E+00-0.895656375323529E-01-0.479078706356555E-01 0.281492635229864E-08
-0.918216330991144E-01-0.491196564414471E-01 0.281492636205959E-08 0.491190867550946E-01 0.918214744427306E-01
 0.113509609806709E+00 0.932022337238451E-01 0.493716387774357E-01 0.391092670142661E-07-0.493717060593580E-01
-0.932021554670084E-01-0.113509677379346E+00-0.918216330991144E-01-0.491196564414471E-01 0.281492638974891E-08
-0.940791388586359E-01-0.503324885102166E-01 0.281492636205961E-08 0.503319089858139E-01 0.940789787947672E-01
 0.116324050717667E+00 0.955297107375565E-01 0.505971239045389E-01 0.404116246858723E-07-0.505971946143930E-01
-0.955296286143277E-01-0.116324112357766E+00-0.940791388586361E-01-0.503324885102166E-01 0.281492636346338E-08
-0.963381984051176E-01-0.515463898932533E-01 0.281492636205953E-08 0.515458007299709E-01 0.963380369518140E-01
 0.119141630315830E+00 0.978605941345634E-01 0.518240125983815E-01 0.417294479207865E-07-0.518240869147530E-01
-0.978605081551263E-01-0.119141685179188E+00-0.963381984051177E-01-0.515463898932533E-01 0.281492619498228E-08
-0.985988543078259E-01-0.527613833343510E-01 0.281492636205961E-08 0.527607847341303E-01 0.985986915616316E-01
 0.121962409437391E+00 0.100194937414781E+00 0.530523312553667E-01 0.430312706545376E-07-0.530524092841313E-01
-0.100194847611854E+00-0.121962456864840E+00-0.985988543078260E-01-0.527613833343510E-01 0.281492639455246E-08
-0.100861147952483E+00-0.539774913646493E-01 0.281492636205961E-08 0.539768835302235E-01 0.100860984026089E+00
 0.124786446921473E+00 0.102532792626878E+00 0.542821061582575E-01 0.443484701553775E-07-0.542821880008256E-01
-0.102532699016600E+00-0.124786486272666E+00-0.100861147952483E+00-0.539774913646493E-01 0.281492637492551E-08
-0.103125120845972E+00-0.551947363706181E-01 0.281492636205953E-08 0.551941195031953E-01 0.103124955802254E+00
 0.127613799961061E+00 0.104874211013288E+00 0.555133620880479E-01 0.456608251405647E-07-0.555134478773612E-01
-0.104874113660424E+00-0.127613830438461E+00-0.103125120845972E+00-0.551947363706181E-01 0.281492637742061E-08
-0.105390815281674E+00-0.564131402267019E-01 0.281492636205959E-08 0.564125145303553E-01 0.105390649135136E+00
 0.130444525018759E+00 0.107219248299978E+00 0.567461221751589E-01 0.469876590597901E-07-0.567462119735641E-01
-0.107219147255397E+00-0.130444545994993E+00-0.105390815281674E+00-0.564131402267019E-01 0.281492632623917E-08
-0.107658271104394E+00-0.576327248693119E-01 0.281492636205959E-08 0.576320905527138E-01 0.107658104014141E+00
 0.133278679432144E+00 0.109567960194514E+00 0.579804106052998E-01 0.483396845506346E-07-0.579805045751813E-01
-0.109567855515779E+00-0.133278690202001E+00-0.107658271104394E+00-0.576327248693119E-01 0.281492636322346E-08
-0.109927526329285E+00-0.588535119260608E-01 0.281492636205961E-08 0.588528691968181E-01 0.109927358405656E+00
 0.136116319519778E+00 0.111920400859951E+00 0.592162520532083E-01 0.497039280969726E-07-0.592163503526755E-01
-0.111920292629977E+00-0.136116319435717E+00-0.109927526329285E+00-0.588535119260608E-01 0.281492636595424E-08
-0.112198619040137E+00-0.600755229011532E-01 0.281492636205956E-08 0.600748719652478E-01 0.112198450288086E+00
 0.138957500433449E+00 0.114276623199864E+00 0.604536723999301E-01 0.510569030988916E-07-0.604537751205582E-01
-0.114276511518482E+00-0.138957488888557E+00-0.112198619040137E+00-0.600755229011532E-01 0.281492636765998E-08
-0.114471587738329E+00-0.612987790280003E-01 0.281492636205961E-08 0.612981200893904E-01 0.114471418098877E+00
 0.141802276520014E+00 0.116636678846617E+00 0.616926967992382E-01 0.524218023426721E-07-0.616928040617374E-01
-0.116636563784675E+00-0.141802252770516E+00-0.114471587738329E+00-0.612987790280003E-01 0.281492635859482E-08
-0.116746472939584E+00-0.625233010723021E-01 0.281492636205961E-08 0.625226343377143E-01 0.116746302279044E+00
 0.144650701830370E+00 0.119000617884413E+00 0.629333478037335E-01 0.537938589191229E-07-0.629334597139614E-01
-0.119000499597812E+00-0.144650665452403E+00-0.116746472939584E+00-0.625233010723021E-01 0.281492635471724E-08
-0.119023316832615E+00-0.637491115021246E-01 0.281492636205959E-08 0.637484371855656E-01 0.119023145138519E+00
 0.147502837022465E+00 0.121368499941121E+00 0.641756498566547E-01 0.551750515012427E-07-0.641757665123079E-01
-0.121368378549677E+00-0.147502788533100E+00-0.119023316832615E+00-0.637491115021246E-01 0.281492636163536E-08
-0.121302161881157E+00-0.649762336156696E-01 0.281492636205959E-08 0.649755519380914E-01 0.121301989368596E+00
 0.150358749983910E+00 0.123740388536512E+00 0.654196297494798E-01 0.566323291607114E-07-0.654197513406516E-01
-0.123740264172809E+00-0.150358688056484E+00-0.121302161881157E+00-0.649762336156696E-01 0.281492647389239E-08
-0.123583049880882E+00-0.662046914793121E-01 0.281492636205959E-08 0.662040026689023E-01 0.123582877052279E+00
 0.153218506973435E+00 0.126116346885152E+00 0.666653163033732E-01 0.580191055051372E-07-0.666654430605568E-01
-0.126116219745245E+00-0.153218431452803E+00-0.123583049880882E+00-0.662046914793121E-01 0.281492648720669E-08
-0.125866023971032E+00-0.674345104235724E-01 0.281492636205959E-08 0.674338147017024E-01 0.125865850978682E+00
 0.156082173760974E+00 0.128496438527988E+00 0.679127409590823E-01 0.594456421570903E-07-0.679128728304693E-01
-0.128496308787619E+00-0.156082084375102E+00-0.125866023971032E+00-0.674345104235724E-01 0.281492644494533E-08
-0.128151133137996E+00-0.686657181667376E-01 0.281492636205956E-08 0.686650157431917E-01 0.128150959742145E+00
 0.158949816198277E+00 0.130880726966962E+00 0.691619336501031E-01 0.608182698140428E-07-0.691620709110335E-01
-0.130880594792909E+00-0.158949710536361E+00-0.128151133137996E+00-0.686657181667376E-01 0.281492617488415E-08
-0.130438437690450E+00-0.698983457727129E-01 0.281492636205959E-08 0.698976368553176E-01 0.130438263271391E+00
 0.161821506909994E+00 0.133269279583173E+00 0.704129265456691E-01 0.622663385096164E-07-0.704130691139483E-01
-0.133269145225134E+00-0.161821387420891E+00-0.130438437690450E+00-0.698983457727129E-01 0.281492638564080E-08
-0.132728009078552E+00-0.711324284350973E-01 0.281492636205961E-08 0.711317132467197E-01 0.132727833390734E+00
 0.164697355362457E+00 0.135662188163556E+00 0.716657589035166E-01 0.637136710621775E-07-0.716659070908334E-01
-0.135662051920578E+00-0.164697222560566E+00-0.132728009078552E+00-0.711324284350973E-01 0.281492627694291E-08
-0.135019917370495E+00-0.723680035343292E-01 0.281492636205961E-08 0.723672823228305E-01 0.135019741271032E+00
 0.167577479640440E+00 0.138059553814977E+00 0.729204732392785E-01 0.652149374325813E-07-0.729206272970228E-01
-0.138059415840524E+00-0.167577332100255E+00-0.135019917370495E+00-0.723680035343292E-01 0.281492626616744E-08
-0.137314231452597E+00-0.736051110095408E-01 0.281492636205959E-08 0.736043840252371E-01 0.137314055721745E+00
 0.170461994896624E+00 0.140461478103370E+00 0.741771166280689E-01 0.666653113676294E-07-0.741772766156036E-01
-0.140461338828186E+00-0.170461833849800E+00-0.137314231452597E+00-0.736051110095408E-01 0.281492632268785E-08
-0.139611026826466E+00-0.748437954859325E-01 0.281492636205959E-08 0.748430629528167E-01 0.139610851477128E+00
 0.173351014455031E+00 0.142868065186672E+00 0.754357384028414E-01 0.681344870335837E-07-0.754359043456638E-01
-0.142867924806991E+00-0.173350838140794E+00-0.139611026826466E+00-0.748437954859325E-01 0.281492637202382E-08
-0.141910396827218E+00-0.760841051922207E-01 0.281492636205959E-08 0.760833673112407E-01 0.141910220613235E+00
 0.176244650694279E+00 0.145279420280178E+00 0.766963877374846E-01 0.695517628870518E-07-0.766965598626928E-01
-0.145279279135561E+00-0.176244457820108E+00-0.141910396827218E+00-0.760841051922207E-01 0.281492634947532E-08
-0.144212453523595E+00-0.773260930565167E-01 0.281492636205964E-08 0.773253500515750E-01 0.144212275642850E+00
 0.179143052840059E+00 0.147695658448439E+00 0.779591222365419E-01 0.710886792347493E-07-0.779593004767467E-01
-0.147695516874817E+00-0.179142849709075E+00-0.144212453523595E+00-0.773260930565167E-01 0.281492625252507E-08
-0.146517310813897E+00-0.785698172081107E-01 0.281492636205961E-08 0.785690693447205E-01 0.146517132317703E+00
 0.182046410034311E+00 0.150116928542330E+00 0.792240059882319E-01 0.725975407085494E-07-0.792241909308768E-01
-0.150116787057170E+00-0.182046193759922E+00-0.146517310813898E+00-0.785698172081107E-01 0.281492637404325E-08
-0.148825078654870E+00-0.798153399468944E-01 0.281492636205961E-08 0.798145875010560E-01 0.148824900841748E+00
 0.184954910422574E+00 0.152543388285451E+00 0.804911084597615E-01 0.742118773144796E-07-0.804913000170977E-01
-0.152543247062420E+00-0.184954681902972E+00-0.148825078654871E+00-0.798153399468944E-01 0.281492639525724E-08
-0.151135871724115E+00-0.810627295514299E-01 0.281492636205959E-08 0.810619727701922E-01 0.151135695183931E+00
 0.187868738696192E+00 0.154975199162136E+00 0.817605042640403E-01 0.756996777961191E-07-0.817607025757513E-01
-0.154975058740875E+00-0.187868497796316E+00-0.151135871724115E+00-0.810627295514299E-01 0.281492640510149E-08
-0.153449827264418E+00-0.823120577793028E-01 0.281492636205959E-08 0.823112968617446E-01 0.153449650245152E+00
 0.190788073823407E+00 0.157412525104176E+00 0.830322686088830E-01 0.771079114285126E-07-0.830324739874182E-01
-0.157412385793351E+00-0.190787816175718E+00-0.153449827264418E+00-0.823120577793028E-01 0.281492653000960E-08
-0.155767108632115E+00-0.835634009875179E-01 0.281492636205956E-08 0.835626361567741E-01 0.155766929579385E+00
 0.193713112657224E+00 0.159855531438347E+00 0.843064826180852E-01 0.787721785115890E-07-0.843066947122226E-01
-0.159855393451297E+00-0.193712846866412E+00-0.155767108632116E+00-0.835634009875179E-01 0.281492632765059E-08
-0.158087881189190E+00-0.848168411959011E-01 0.281492636205956E-08 0.848160727309426E-01 0.158087701116028E+00
 0.196644119187572E+00 0.162304405284947E+00 0.855832360404135E-01 0.804077456722464E-07-0.855834553325207E-01
-0.162304269052257E+00-0.196643844864353E+00-0.158087881189191E+00-0.848168411959011E-01 0.281492636884189E-08
-0.160412306317563E+00-0.860724686385727E-01 0.281492636205961E-08 0.860716968429690E-01 0.160412127038660E+00
 0.199581368946901E+00 0.164759369793290E+00 0.868626258665729E-01 0.819233898185100E-07-0.868628529867557E-01
-0.164759235862655E+00-0.199581084258358E+00-0.160412306317563E+00-0.860724686385727E-01 0.281492659601305E-08
-0.162740548698717E+00-0.873303808898123E-01 0.281492636205959E-08 0.873296060386340E-01 0.162740371605201E+00
 0.202525137215016E+00 0.167220657558863E+00 0.881447579273239E-01 0.836558310184122E-07-0.881449923543341E-01
-0.167220526072897E+00-0.202524843708776E+00-0.162740548698717E+00-0.873303808898123E-01 0.281492641163539E-08
-0.165072799496746E+00-0.885906788248257E-01 0.281492636205959E-08 0.885899011236434E-01 0.165072622511910E+00
 0.205475690693112E+00 0.169688504140376E+00 0.894297389725175E-01 0.850301802730745E-07-0.894299814054127E-01
-0.169688375979784E+00-0.205475383923736E+00-0.165072799496746E+00-0.885906788248257E-01 0.281492630592467E-08
-0.167409283964358E+00-0.898534682708773E-01 0.281492636205959E-08 0.898526879423992E-01 0.167409104666921E+00
 0.208433298683818E+00 0.172163148447060E+00 0.907176811916169E-01 0.867371238498917E-07-0.907179311602843E-01
-0.172163023138250E+00-0.208432984131698E+00-0.167409283964358E+00-0.898534682708773E-01 0.281492624534660E-08
-0.169750228793291E+00-0.911188603485229E-01 0.281492636205956E-08 0.911180776852305E-01 0.169750048004056E+00
 0.211398302088631E+00 0.174644834520532E+00 0.920087051878390E-01 0.885286303423932E-07-0.920089629337107E-01
-0.174644712815821E+00-0.211397985529383E+00-0.169750228793291E+00-0.911188603485229E-01 0.281492665639398E-08
-0.172095854757709E+00-0.923869776837830E-01 0.281492636205956E-08 0.923861930185904E-01 0.172095674815568E+00
 0.214371076760407E+00 0.177133849406087E+00 0.933029408883851E-01 0.901091698826981E-07-0.933032073361596E-01
-0.177133731888454E+00-0.214370753274916E+00-0.172095854757709E+00-0.923869776837830E-01 0.281492640416263E-08
-0.174446387550858E+00-0.936579526423350E-01 0.281492636205959E-08 0.936571662792963E-01 0.174446210676526E+00
 0.217352004980920E+00 0.179630509851413E+00 0.946005302654840E-01 0.917709137628437E-07-0.946008052723525E-01
-0.179630396642026E+00-0.217351676431201E+00-0.174446387550858E+00-0.936579526423350E-01 0.281492641997652E-08
-0.176802084907581E+00-0.949319214674661E-01 0.281492636205959E-08 0.949311336246231E-01 0.176801908694720E+00
 0.220341463176322E+00 0.182135137524261E+00 0.959016186949386E-01 0.933346335546364E-07-0.959019023422023E-01
-0.182135029268412E+00-0.220341126507917E+00-0.176802084907581E+00-0.949319214674661E-01 0.281492634311376E-08
-0.179163245680168E+00-0.962090259148234E-01 0.281492636205959E-08 0.962082368230078E-01 0.179163066975270E+00
 0.223339821860965E+00 0.184648059354039E+00 0.972063565310921E-01 0.950486277462121E-07-0.972066486893095E-01
-0.184647955899465E+00-0.223339479141026E+00-0.179163245680169E+00-0.962090259148234E-01 0.281492660194612E-08
-0.181530170618821E+00-0.974894136641060E-01 0.281492636205961E-08 0.974886236339252E-01 0.181529990070197E+00
 0.226347515843442E+00 0.187169606877756E+00 0.985149034020915E-01 0.969846953961659E-07-0.985152040618148E-01
-0.187169508377709E+00-0.226347178087447E+00-0.181530170618821E+00-0.974894136641060E-01 0.281492637420061E-08
-0.183903150971720E+00-0.987732464997016E-01 0.281492636205961E-08 0.987724558945835E-01 0.183902971401190E+00
 0.229365038518951E+00 0.189700142995379E+00 0.998274294338072E-01 0.987699672160893E-07-0.998277394590388E-01
-0.189700050202936E+00-0.229364698752363E+00-0.183903150971720E+00-0.987732464997016E-01 0.281492629732856E-08
-0.186282486882789E+00-0.100060698101905E+00 0.281492636205959E-08 0.100059907254429E+00 0.186282311237648E+00
 0.232392898191194E+00 0.192240081688789E+00 0.101144120093931E+00 0.100389948511077E-06-0.101144439884778E+00
-0.192239994894366E+00-0.232392557520932E+00-0.186282486882789E+00-0.100060698101905E+00 0.281492613029668E-08
-0.188668520631005E+00-0.101351947976750E+00 0.281492636205956E-08 0.101351157120819E+00 0.188668345890765E+00
 0.235431606970750E+00 0.194789849388042E+00 0.102465167189548E+00 0.102042339623183E-06-0.102465496593294E+00
-0.194789768977462E+00-0.235431263710081E+00-0.188668520631006E+00-0.101351947976750E+00 0.281492630673854E-08
-0.191061640862144E+00-0.102647182397858E+00 0.281492636205956E-08 0.102646391787054E+00 0.191061463415564E+00
 0.238481668755592E+00 0.197349880874366E+00 0.103790769289828E+00 0.103875037827707E-06-0.103791108086662E+00
-0.197349806761650E+00-0.238481323957843E+00-0.191061640862144E+00-0.102647182397858E+00 0.281492662511837E-08
-0.193462238396916E+00-0.103946595653236E+00 0.281492636205961E-08 0.103945805628255E+00 0.193462059040599E+00
 0.241543647963318E+00 0.199920620496977E+00 0.105121135309879E+00 0.105974734381285E-06-0.105121483468736E+00
-0.199920552294448E+00-0.241543315148754E+00-0.193462238396916E+00-0.103946595653236E+00 0.281492636969670E-08
-0.195870692823799E+00-0.105250399662414E+00 0.281492636205959E-08 0.105249610623050E+00 0.195870514910044E+00
 0.244618184141172E+00 0.202502540513147E+00 0.106456487427903E+00 0.107849494080211E-06-0.106456845957181E+00
-0.202502479268158E+00-0.244617855110462E+00-0.195870692823799E+00-0.105250399662414E+00 0.281492611903056E-08
-0.198287398873432E+00-0.106558819125991E+00 0.281492636205964E-08 0.106558031427858E+00 0.198287225650575E+00
 0.247705942802621E+00 0.205096173725543E+00 0.107797065878455E+00 0.109500890353192E-06-0.107797435333650E+00
-0.205096119695212E+00-0.247705617736453E+00-0.198287398873433E+00-0.106558819125991E+00 0.281492639660323E-08
-0.200712810576295E+00-0.107872088166497E+00 0.281492636205961E-08 0.107871302069962E+00 0.200712638189013E+00
 0.250807607055536E+00 0.207702077027658E+00 0.109143120732516E+00 0.111419041554611E-06-0.109143500568274E+00
-0.207702030112836E+00-0.250807285120881E+00-0.200712810576295E+00-0.107872088166497E+00 0.281492635237673E-08
-0.203147429109609E+00-0.109190449784297E+00 0.281492636205956E-08 0.109189665579449E+00 0.203147253832844E+00
 0.253923857086718E+00 0.210320821766718E+00 0.110494911951911E+00 0.113366760500404E-06-0.110495302296859E+00
-0.210320782140098E+00-0.253923540725112E+00-0.203147429109609E+00-0.109190449784297E+00 0.281492607331490E-08
-0.205591757014984E+00-0.110514159877373E+00 0.281492636205959E-08 0.110513377953850E+00 0.205591580337493E+00
 0.257055441895961E+00 0.212952998053445E+00 0.111852712850965E+00 0.115514573199454E-06-0.111853113842909E+00
-0.212952965123024E+00-0.257055143950723E+00-0.205591757014984E+00-0.110514159877373E+00 0.281492641389398E-08
-0.208046289015420E+00-0.111843495570585E+00 0.281492636205956E-08 0.111842716368327E+00 0.208046115022018E+00
 0.260203193313683E+00 0.215599232497212E+00 0.113216814926769E+00 0.117366358809903E-06-0.113217227639736E+00
-0.215599207355092E+00-0.260202903917046E+00-0.208046289015420E+00-0.111843495570585E+00 0.281492634736065E-08
-0.210511549731779E+00-0.113178748702797E+00 0.281492636205959E-08 0.113177972587726E+00 0.210511380339452E+00
 0.263367986443871E+00 0.218260218660899E+00 0.114587530799042E+00 0.119483333771346E-06-0.114587954856321E+00
-0.218260200797519E+00-0.263367706517508E+00-0.210511549731779E+00-0.113178748702797E+00 0.281492636131703E-08
-0.212988146183798E+00-0.114520225340881E+00 0.281492636205961E-08 0.114519452617077E+00 0.212987976509681E+00
 0.266550729714684E+00 0.220936684815222E+00 0.115965186736528E+00 0.121541854797758E-06-0.115965622223182E+00
-0.220936674707516E+00-0.266550459039342E+00-0.212988146183798E+00-0.114520225340881E+00 0.281492638726954E-08
-0.215476728500988E+00-0.115868245211235E+00 0.281492636205959E-08 0.115867476236960E+00 0.215476555525686E+00
 0.269752343828504E+00 0.223629386942105E+00 0.117350126001431E+00 0.123456431243768E-06-0.117350573568125E+00
-0.223629384762365E+00-0.269752089828238E+00-0.215476728500988E+00-0.115868245211235E+00 0.281492667644190E-08
-0.217977945705635E+00-0.117223150889411E+00 0.281492636205959E-08 0.117222386136071E+00 0.217977772418857E+00
 0.272973848217525E+00 0.226339115135501E+00 0.118742711395606E+00 0.125382205697556E-06-0.118743171722925E+00
-0.226339120669086E+00-0.272973619029057E+00-0.217977945705635E+00-0.117223150889411E+00 0.281492664440449E-08
-0.220492454016097E+00-0.118585308259527E+00 0.281492636205956E-08 0.118584548210570E+00 0.220492285659794E+00
 0.276216348820724E+00 0.229066714462151E+00 0.120143332073792E+00 0.127842021922075E-06-0.120143804664018E+00
-0.229066727348365E+00-0.276216133527321E+00-0.220492454016097E+00-0.118585308259527E+00 0.281492641780627E-08
-0.223020970498793E+00-0.119955102866912E+00 0.281492636205961E-08 0.119954347912447E+00 0.223020806280732E+00
 0.279481021315735E+00 0.231813099040459E+00 0.121552399522022E+00 0.130035070096440E-06-0.121552885177959E+00
-0.231813119863194E+00-0.279480819949265E+00-0.223020970498793E+00-0.119955102866912E+00 0.281492674972994E-08
-0.225564304089055E+00-0.121332939587948E+00 0.281492636205961E-08 0.121332190104478E+00 0.225564139375942E+00
 0.282769089863934E+00 0.234579231839350E+00 0.122970346741060E+00 0.132149418621517E-06-0.122970845763491E+00
-0.234579260898294E+00-0.282768902211726E+00-0.225564304089056E+00-0.121332939587948E+00 0.281492643664428E-08
-0.228123294690724E+00-0.122719243489412E+00 0.281492636205956E-08 0.122718499916895E+00 0.228123127609289E+00
 0.286081826053578E+00 0.237366121222514E+00 0.124397627611639E+00 0.134355672502509E-06-0.124398139963828E+00
-0.237366158718056E+00-0.286081661792171E+00-0.228123294690724E+00-0.122719243489412E+00 0.281492635095967E-08
-0.230698787874039E+00-0.124114467399078E+00 0.281492636205961E-08 0.124113730257507E+00 0.230698620437881E+00
 0.289420598757465E+00 0.240174831812833E+00 0.125834721414142E+00 0.136516082665418E-06-0.125835247510322E+00
-0.240174877588781E+00-0.289420462803093E+00-0.230698787874039E+00-0.124114467399078E+00 0.281492631828090E-08
-0.233291655966519E+00-0.125519081840172E+00 0.281492636205961E-08 0.125518351652230E+00 0.233291491824335E+00
 0.292786844931281E+00 0.243006470576271E+00 0.127282131110395E+00 0.138897094143852E-06-0.127282671195796E+00
-0.243006524551532E+00-0.292786733911175E+00-0.233291655966519E+00-0.125519081840172E+00 0.281492639707873E-08
-0.235902828849078E+00-0.126933573926494E+00 0.281492636205959E-08 0.126932851191410E+00 0.235902668239763E+00
 0.296182063045633E+00 0.245862180102563E+00 0.128740378196916E+00 0.141364882030846E-06-0.128740932946563E+00
-0.245862242078285E+00-0.296181973829147E+00-0.235902828849078E+00-0.126933573926494E+00 0.281492638486804E-08
-0.238533284754766E+00-0.128358449690369E+00 0.281492636205961E-08 0.128357734909188E+00 0.238533126097661E+00
 0.299607827150409E+00 0.248743159995655E+00 0.130210003445427E+00 0.143913511740962E-06-0.130210573125688E+00
-0.248743229995152E+00-0.299607756914377E+00-0.238533284754766E+00-0.128358449690369E+00 0.281492655954384E-08
-0.241184039495782E+00-0.129794235552712E+00 0.281492636205961E-08 0.129793529243851E+00 0.241183880082458E+00
 0.303065763636316E+00 0.251650670771224E+00 0.131691569338928E+00 0.146272355314338E-06-0.131692154469498E+00
-0.251650749790215E+00-0.303065717837673E+00-0.241184039495782E+00-0.129794235552712E+00 0.281492638571105E-08
-0.243856142117756E+00-0.131241475918849E+00 0.281492636205961E-08 0.131240778665801E+00 0.243855980985771E+00
 0.306557551061395E+00 0.254586021996057E+00 0.133185658325939E+00 0.148849253337509E-06-0.133186259024309E+00
-0.254586109151167E+00-0.306557540279324E+00-0.243856142117756E+00-0.131241475918849E+00 0.281492621931651E-08
-0.246550642178146E+00-0.132700728787812E+00 0.281492636205964E-08 0.132700041242546E+00 0.246550483830134E+00
 0.310084899171040E+00 0.257550536447799E+00 0.134692867849952E+00 0.151419020591199E-06-0.134693484801268E+00
-0.257550632230175E+00-0.310084916897153E+00-0.246550642178146E+00-0.132700728787812E+00 0.281492629745720E-08
-0.249268601608622E+00-0.134172570354728E+00 0.281492636205959E-08 0.134171893158600E+00 0.249268448313007E+00
 0.313649606798599E+00 0.260545592894855E+00 0.136213817137230E+00 0.154252500777222E-06-0.136214450426587E+00
-0.260545696926906E+00-0.313649647012979E+00-0.249268601608622E+00-0.134172570354728E+00 0.281492627531317E-08
-0.252011150454232E+00-0.135657590860533E+00 0.281492636205959E-08 0.135656924608860E+00 0.252010997732427E+00
 0.317253541959101E+00 0.263572635035785E+00 0.137749145879941E+00 0.156979986956976E-06-0.137749796271233E+00
-0.263572748142016E+00-0.317253602097146E+00-0.252011150454232E+00-0.135657590860533E+00 0.281492631196063E-08
-0.254779482932983E+00-0.137156396923080E+00 0.281492636205956E-08 0.137155742297592E+00 0.254779325942418E+00
 0.320898593824052E+00 0.266633159561477E+00 0.139299509349942E+00 0.159826612371165E-06-0.139300177334277E+00
-0.266633280898516E+00-0.320898695651454E+00-0.254779482932983E+00-0.137156396923080E+00 0.281492643556571E-08
-0.257574753262965E+00-0.138669609320976E+00 0.281492636205959E-08 0.138668967134790E+00 0.257574598802232E+00
 0.324586650950494E+00 0.269728681099678E+00 0.140865576916467E+00 0.162383048784793E-06-0.140866263718828E+00
-0.269728811543718E+00-0.324586783407830E+00-0.257574753262965E+00-0.138669609320976E+00 0.281492636316811E-08
-0.260398086402015E+00-0.140197866320663E+00 0.281492636205959E-08 0.140197237366401E+00 0.260397938263836E+00
 0.328319684847601E+00 0.272860774495841E+00 0.142448044061164E+00 0.165859634289112E-06-0.142448748582139E+00
-0.272860912882198E+00-0.328319836291634E+00-0.260398086402014E+00-0.140197866320663E+00 0.281492640307443E-08
-0.263250707448277E+00-0.141741814057234E+00 0.281492636205959E-08 0.141741199067076E+00 0.263250558801489E+00
 0.332099741640711E+00 0.276031082154325E+00 0.144047622078629E+00 0.168433492177049E-06-0.144048347005154E+00
-0.276031230480811E+00-0.332099916113966E+00-0.263250707448278E+00-0.141741814057234E+00 0.281492634000105E-08
-0.266133911558414E+00-0.143302113311630E+00 0.281492636205959E-08 0.143301513176690E+00 0.266133757739720E+00
 0.335928868538569E+00 0.279241300110639E+00 0.145665035763851E+00 0.171561995878038E-06-0.145665780829972E+00
-0.279241456788314E+00-0.335929084847215E+00-0.266133911558414E+00-0.143302113311630E+00 0.281492641221214E-08
-0.269048880480512E+00-0.144879438519116E+00 0.281492636205959E-08 0.144878854250928E+00 0.269048731266826E+00
 0.339809049960397E+00 0.282493147594991E+00 0.147301024593362E+00 0.174961286998699E-06-0.147301789979351E+00
-0.282493312771139E+00-0.339809292256576E+00-0.269048880480512E+00-0.144879438519116E+00 0.281492643180491E-08
-0.271996788648523E+00-0.146474476498371E+00 0.281492636205959E-08 0.146473909049921E+00 0.271996643699415E+00
 0.343742373547277E+00 0.285788416650376E+00 0.148956354463246E+00 0.178049161915721E-06-0.148957141822528E+00
-0.285788591275383E+00-0.343742623917829E+00-0.271996788648523E+00-0.146474476498371E+00 0.281492632881158E-08
-0.274978951533626E+00-0.148087916144708E+00 0.281492636205961E-08 0.148087366515466E+00 0.274978800940331E+00
 0.347730953721182E+00 0.289128967760798E+00 0.150631801202311E+00 0.181299466601708E-06-0.150632611491084E+00
-0.289129151376609E+00-0.347731241733613E+00-0.274978951533626E+00-0.148087916144708E+00 0.281492640521086E-08
-0.277996639682201E+00-0.149720461013926E+00 0.281492636205959E-08 0.149719930423739E+00 0.277996490120452E+00
 0.351776824317270E+00 0.292516704955115E+00 0.152328150010213E+00 0.184508710555746E-06-0.152328984059294E+00
-0.292516897821400E+00-0.351777135715852E+00-0.277996639682201E+00-0.149720461013926E+00 0.281492644147914E-08
-0.281050970784451E+00-0.151372823040774E+00 0.281492636205961E-08 0.151372312695128E+00 0.281050827291993E+00
 0.355881943803406E+00 0.295953581620200E+00 0.154046208836097E+00 0.187954924597947E-06-0.154047067179197E+00
-0.295953784072504E+00-0.355882257996523E+00-0.281050970784451E+00-0.151372823040774E+00 0.281492635377547E-08
-0.284143188940342E+00-0.153045706706406E+00 0.281492636205961E-08 0.153045217775006E+00 0.284143040816507E+00
 0.360048343239935E+00 0.299441625757296E+00 0.155786795020964E+00 0.191783934339321E-06-0.155787678506276E+00
-0.299441837620485E+00-0.360048679924763E+00-0.284143188940342E+00-0.153045706706406E+00 0.281492629052630E-08
-0.287274557204031E+00-0.154739821482970E+00 0.281492636205959E-08 0.154739355165520E+00 0.287274405901113E+00
 0.364277944622056E+00 0.302982917284966E+00 0.157550724725427E+00 0.195331641270329E-06-0.157551635271343E+00
-0.302983138320811E+00-0.364278303333379E+00-0.287274557204031E+00-0.154739821482970E+00 0.281492633898588E-08
-0.290446130793254E+00-0.156455883898482E+00 0.281492636205959E-08 0.156455441112323E+00 0.290445984161661E+00
 0.368572450841698E+00 0.306579574726545E+00 0.159338832917277E+00 0.198754893336020E-06-0.159339771985200E+00
-0.306579805674280E+00-0.368572805453423E+00-0.290446130793254E+00-0.156455883898482E+00 0.281492629922570E-08
-0.293659055136775E+00-0.158194620485162E+00 0.281492636205956E-08 0.158194201961230E+00 0.293658908829667E+00
 0.372933631627376E+00 0.310233833391535E+00 0.161151984011485E+00 0.202445694770888E-06-0.161152952638619E+00
-0.310234074641124E+00-0.372933976254486E+00-0.293659055136775E+00-0.158194620485162E+00 0.281492617771557E-08
-0.296914594612473E+00-0.159956808286749E+00 0.281492636205961E-08 0.159956414836243E+00 0.296914445018286E+00
 0.377363343239370E+00 0.313948112705097E+00 0.162991096434325E+00 0.206052187714148E-06-0.162992096136746E+00
-0.313948364706944E+00-0.377363691385529E+00-0.296914594612473E+00-0.159956808286749E+00 0.281492624278747E-08
-0.300214103706114E+00-0.161743324713913E+00 0.281492636205961E-08 0.161742957170227E+00 0.300213954815001E+00
 0.381863599943899E+00 0.317725116623458E+00 0.164857205723720E+00 0.209664387887893E-06-0.164858238501350E+00
-0.317725379792649E+00-0.381863936941393E+00-0.300214103706114E+00-0.161743324713913E+00 0.281492643750738E-08
-0.303559151133511E+00-0.163555197225099E+00 0.281492636205959E-08 0.163554856349515E+00 0.303559004464646E+00
 0.386436701429768E+00 0.321567933531834E+00 0.166751512862433E+00 0.213814172211732E-06-0.166752579675391E+00
-0.321568206978199E+00-0.386436999159909E+00-0.303559151133512E+00-0.163555197225099E+00 0.281492641346660E-08
-0.306951791586958E+00-0.165393683822591E+00 0.281492636205961E-08 0.165393370442902E+00 0.306951642652219E+00
 0.391085785771002E+00 0.325480293649307E+00 0.168675471431058E+00 0.217184721578413E-06-0.168676575362528E+00
-0.325480579350893E+00-0.391086062299248E+00-0.306951791586958E+00-0.165393683822591E+00 0.281492653808129E-08
-0.310394588346315E+00-0.167260369671628E+00 0.281492636205961E-08 0.167260084589997E+00 0.310394444507709E+00
 0.395814778337066E+00 0.329466763731929E+00 0.170630890906868E+00 0.221074266793383E-06-0.170632033754559E+00
-0.329467060667714E+00-0.395814990061344E+00-0.310394588346315E+00-0.167260369671628E+00 0.281492632563987E-08
-0.313890815449646E+00-0.169157246327109E+00 0.281492636205959E-08 0.169156990335998E+00 0.313890670509544E+00
 0.400628813523259E+00 0.333532927341770E+00 0.172620018420341E+00 0.225102113415534E-06-0.172621201685342E+00
-0.333533237118297E+00-0.400628982332278E+00-0.313890815449647E+00-0.169157246327109E+00 0.281492662286717E-08
-0.317444814508495E+00-0.171086877089636E+00 0.281492636205959E-08 0.171086651022884E+00 0.317444676589217E+00
 0.405534847590967E+00 0.337685895639898E+00 0.174645722358011E+00 0.229064096064594E-06-0.174646949411865E+00
-0.337686217604412E+00-0.405534934384773E+00-0.317444814508495E+00-0.171086877089636E+00 0.281492586580151E-08
-0.321062055965411E+00-0.173052528882256E+00 0.281492636205956E-08 0.173052333526248E+00 0.321061921028823E+00
 0.410541712819410E+00 0.341934509422409E+00 0.176711625028247E+00 0.232950232722775E-06-0.176712898618083E+00
-0.341934844696956E+00-0.410541739791140E+00-0.321062055965411E+00-0.173052528882256E+00 0.281492640742905E-08
-0.324749695548090E+00-0.175058366442220E+00 0.281492636205959E-08 0.175058202644104E+00 0.324749570459961E+00
 0.415661192676722E+00 0.346290000460738E+00 0.178822326387950E+00 0.237291369075548E-06-0.178823648808056E+00
-0.346290349040079E+00-0.415661138034393E+00-0.324749695548090E+00-0.175058366442220E+00 0.281492597528881E-08
-0.328516580122489E+00-0.177109587557320E+00 0.281492636205959E-08 0.177109456143616E+00 0.328516465207037E+00
 0.420907898336366E+00 0.350766197151353E+00 0.180983537067429E+00 0.241414312040050E-06-0.180984912653171E+00
-0.350766558723037E+00-0.420907781630985E+00-0.328516580122489E+00-0.177109587557320E+00 0.281492635713319E-08
-0.332373537119375E+00-0.179212499121185E+00 0.281492636205956E-08 0.179212400928010E+00 0.332373438387781E+00
 0.426299918893189E+00 0.355379796757403E+00 0.183202172011295E+00 0.245798377492726E-06-0.183203604120432E+00
-0.355380172751948E+00-0.426299743214005E+00-0.332373537119375E+00-0.179212499121185E+00 0.281492630098285E-08
-0.336333332240690E+00-0.181374548043181E+00 0.281492636205959E-08 0.181374483896871E+00 0.336333255194389E+00
 0.431858663134855E+00 0.360150287013574E+00 0.185486374831246E+00 0.250188247200129E-06-0.185487867584377E+00
-0.360150676932010E+00-0.431858454448592E+00-0.336333332240691E+00-0.181374548043181E+00 0.281492619852312E-08
-0.340410783850068E+00-0.183604376367296E+00 0.281492636205959E-08 0.183604347022542E+00 0.340410735314589E+00
 0.437609258480323E+00 0.365100032534312E+00 0.187845583066129E+00 0.254654255345593E-06-0.187847141667197E+00
-0.365100435693352E+00-0.437609044154513E+00-0.340410783850068E+00-0.183604376367296E+00 0.281492645214429E-08
-0.344623051913523E+00-0.185911980961332E+00 0.281492636205956E-08 0.185911987061579E+00 0.344623037687942E+00
 0.443581153582019E+00 0.370254460695512E+00 0.190290693209525E+00 0.259352098950752E-06-0.190292322723722E+00
-0.370254875853952E+00-0.443580957959455E+00-0.344623051913523E+00-0.185911980961332E+00 0.281492686654119E-08
-0.348990346884897E+00-0.188309142230846E+00 0.281492636205961E-08 0.188309184235637E+00 0.348990369654159E+00
 0.449809538486385E+00 0.375642956728699E+00 0.192834529808817E+00 0.264221350095081E-06-0.192836236043015E+00
-0.375643381240116E+00-0.449809382263433E+00-0.348990346884898E+00-0.188309142230846E+00 0.281492678872266E-08
-0.353537240401564E+00-0.190810210237152E+00 0.281492636205961E-08 0.190810288339801E+00 0.353537300732525E+00
 0.456337808307729E+00 0.381300647579378E+00 0.195492705395526E+00 0.269372671342637E-06-0.195494494625257E+00
-0.381301076698634E+00-0.456337701952449E+00-0.353537240401564E+00-0.190810210237152E+00 0.281492582296830E-08
-0.358294783919611E+00-0.193433390899771E+00 0.281492636205959E-08 0.193433504927350E+00 0.358294881495765E+00
 0.463221397746282E+00 0.387271372819127E+00 0.198285031391070E+00 0.274978611403352E-06-0.198286910250025E+00
-0.387271799397139E+00-0.463221334785308E+00-0.358294783919611E+00-0.193433390899771E+00 0.281492627143183E-08
-0.363303840837850E+00-0.196202788000485E+00 0.281492636205959E-08 0.196202937273712E+00 0.363303973756835E+00
 0.470533767918473E+00 0.393612362669185E+00 0.201237760408375E+00 0.281468917196851E-06-0.201239735391481E+00
-0.393612778274754E+00-0.470533717429602E+00-0.363303840837850E+00-0.196202788000485E+00 0.281492634021829E-08
 0.875176744989357E+00 0.875176744989357E+00 0.875176744989357E+00 0.875176744989357E+00 0.875176744989357E+00
 0.875176744989357E+00 0.875176744989357E+00 0.875176744989357E+00 0.875176744989357E+00 0.875176744989357E+00
 0.875176744989357E+00 0.875176744989357E+00 0.875176744989357E+00 0.875176744989357E+00 0.875176744989357E+00
 0.104740377067578E+01 0.844207167968566E+00 0.753683231764583E+00 0.753682265510174E+00 0.844212535206883E+00
 0.104739854727683E+01 0.104777727272054E+01 0.842080278977469E+00 0.751461354494638E+00 0.751458556053096E+00
 0.842027546085427E+00 0.104776448253064E+01 0.104740377067578E+01 0.844207167968566E+00 0.753683231764590E+00
 0.104736338953622E+01 0.844969426258720E+00 0.754879379269611E+00 0.754878228938034E+00 0.844974279289048E+00
 0.104735720313635E+01 0.104821370033924E+01 0.841581086261334E+00 0.750485815059883E+00 0.750482661343316E+00
 0.841527068212077E+00 0.104819988773068E+01 0.104736338953622E+01 0.844969426258720E+00 0.754879379269587E+00
 0.104732336725689E+01 0.845731577796575E+00 0.756075593735086E+00 0.756074383334911E+00 0.845736322298934E+00
 0.104731671082056E+01 0.104865151445103E+01 0.841079759245495E+00 0.749509429416630E+00 0.749506145178977E+00
 0.841026310005125E+00 0.104863742035318E+01 0.104732336725689E+01 0.845731577796575E+00 0.756075593735155E+00
 0.104728407343539E+01 0.846493138491793E+00 0.757271935741296E+00 0.757270696404102E+00 0.846497873793401E+00
 0.104727706794251E+01 0.104909121212376E+01 0.840577318520594E+00 0.748532447650077E+00 0.748529089201942E+00
 0.840524897361509E+00 0.104907703087088E+01 0.104728407343539E+01 0.846493138491793E+00 0.757271935741245E+00
 0.104724558256890E+01 0.847254032821054E+00 0.758468422512055E+00 0.758467166747736E+00 0.847258797120711E+00
 0.104723827439185E+01 0.104953290339137E+01 0.840073969613161E+00 0.747554915746711E+00 0.747551505716289E+00
 0.840022753903875E+00 0.104951872114051E+01 0.104724558256890E+01 0.847254032821054E+00 0.758468422512067E+00
 0.104722925636964E+01 0.848032137911112E+00 0.759675412919169E+00 0.759674147220665E+00 0.848036946589785E+00
 0.104722165497624E+01 0.104997730678177E+01 0.839570228249310E+00 0.746579785313136E+00 0.746576335156144E+00
 0.839520299449582E+00 0.104996317379994E+01 0.104722925636964E+01 0.848032137911112E+00 0.759675412919184E+00
 0.104726822606658E+01 0.848832567927695E+00 0.760900272928939E+00 0.760899002897249E+00 0.848837432703699E+00
 0.104726033723126E+01 0.105044458866802E+01 0.839087234194989E+00 0.745650235261306E+00 0.745646753516841E+00
 0.839038632444979E+00 0.105043054891218E+01 0.104726822606658E+01 0.848832567927695E+00 0.760900272928938E+00
 0.104734291164431E+01 0.849649227347361E+00 0.762139131578954E+00 0.762137860534471E+00 0.849654154746299E+00
 0.104733473535727E+01 0.105099354836432E+01 0.838674261232074E+00 0.744762229526425E+00 0.744758720487930E+00
 0.838627014966341E+00 0.105097963296703E+01 0.104734291164431E+01 0.849649227347361E+00 0.762139131578974E+00
 0.104744338868238E+01 0.850479384818324E+00 0.763389988910205E+00 0.763388718950649E+00 0.850484378963563E+00
 0.104743492072496E+01 0.105160407801398E+01 0.838307880732166E+00 0.743901339802704E+00 0.743897806472580E+00
 0.838262011326271E+00 0.105159030869240E+01 0.104744338868238E+01 0.850479384818324E+00 0.763389988910144E+00
 0.104756318154929E+01 0.851320476618094E+00 0.764650826311864E+00 0.764649558854728E+00 0.851325539926680E+00
 0.104755441604147E+01 0.105225825719407E+01 0.837971367633638E+00 0.743059073725377E+00 0.743055518238349E+00
 0.837926890369619E+00 0.105224465440044E+01 0.104756318154929E+01 0.851320476618094E+00 0.764650826311879E+00
 0.104770237822327E+01 0.852179641901343E+00 0.765923980312248E+00 0.765922716058637E+00 0.852184771119456E+00
 0.104769330245969E+01 0.105294506967172E+01 0.837655053763648E+00 0.742230135001927E+00 0.742226558971372E+00
 0.837611978560395E+00 0.105293165279326E+01 0.104770237822327E+01 0.852179641901343E+00 0.765923980312311E+00
 0.104788488892806E+01 0.853059240557568E+00 0.767212977416210E+00 0.767211717321541E+00 0.853064434473592E+00
 0.104787550715056E+01 0.105365805568909E+01 0.837353462401250E+00 0.741416632857110E+00 0.741413037145693E+00
 0.837311793162179E+00 0.105364484305966E+01 0.104788488892806E+01 0.853059240557568E+00 0.767212977416227E+00
 0.104810395863203E+01 0.853954506926701E+00 0.768514975093668E+00 0.768513719944571E+00 0.853959764525806E+00
 0.104809427246495E+01 0.105439419154759E+01 0.837065691652294E+00 0.740638558254123E+00 0.740634943643486E+00
 0.837025428699667E+00 0.105438120152748E+01 0.104810395863203E+01 0.853954506926701E+00 0.768514975093608E+00
 0.104835124746193E+01 0.854862741224997E+00 0.769828260106426E+00 0.769827010485086E+00 0.854868062143521E+00
 0.104834125854275E+01 0.105517733785616E+01 0.836816415213275E+00 0.739890200577355E+00 0.739886566251530E+00
 0.836777557426051E+00 0.105516459031465E+01 0.104835124746193E+01 0.854862741224997E+00 0.769828260106406E+00
 0.104862166568026E+01 0.855782390034734E+00 0.771151803254098E+00 0.771150559609017E+00 0.855787774178882E+00
 0.104861137423240E+01 0.105601180352926E+01 0.836604630872066E+00 0.739165157880097E+00 0.739161503585880E+00
 0.836567178191690E+00 0.105599931181711E+01 0.104862166568026E+01 0.855782390034734E+00 0.771151803254105E+00
 0.104891191355995E+01 0.856719850868678E+00 0.772487979896763E+00 0.772486742139766E+00 0.856725297586979E+00
 0.104890131663625E+01 0.105688878884853E+01 0.836422220616343E+00 0.738458823651245E+00 0.738455149278095E+00
 0.836386173091876E+00 0.105687656742011E+01 0.104891191355995E+01 0.856719850868678E+00 0.772487979896707E+00
 0.104923589158346E+01 0.857678146687356E+00 0.773841457222688E+00 0.773840225691889E+00 0.857683656208273E+00
 0.104922498084481E+01 0.105780201860711E+01 0.836263472824555E+00 0.737767857742101E+00 0.737764163273318E+00
 0.836228829303317E+00 0.105779008248170E+01 0.104923589158346E+01 0.857678146687356E+00 0.773841457222718E+00
 0.104959585321732E+01 0.858653812822688E+00 0.775210067807371E+00 0.775208842807375E+00 0.858659386023377E+00
 0.104958462488294E+01 0.105874693716780E+01 0.836124288906809E+00 0.737096193047914E+00 0.737092478638585E+00
 0.836091046424174E+00 0.105873530174976E+01 0.104959585321732E+01 0.858653812822688E+00 0.775210067807371E+00
 0.104998550707322E+01 0.859644334146734E+00 0.776592043836340E+00 0.776590825653116E+00 0.859649971293843E+00
 0.104997395591654E+01 0.105972013499628E+01 0.836001709262267E+00 0.736450460482201E+00 0.736446728173356E+00
 0.835969865622558E+00 0.105970881627406E+01 0.104998550707322E+01 0.859644334146734E+00 0.776592043836474E+00
 0.105040024336639E+01 0.860647862889579E+00 0.777986049604512E+00 0.777984838496430E+00 0.860653563880480E+00
 0.105038836302359E+01 0.106072686575285E+01 0.835905118030635E+00 0.735826446145534E+00 0.735822695981176E+00
 0.835874665473661E+00 0.106071588087164E+01 0.105040024336639E+01 0.860647862889579E+00 0.777986049604656E+00
 0.105083668295809E+01 0.861668472066847E+00 0.779393079382708E+00 0.779391875251308E+00 0.861674235593065E+00
 0.105082446734297E+01 0.106177751891549E+01 0.835838657091130E+00 0.735220835615479E+00 0.735217068262478E+00
 0.835809592695049E+00 0.106176688466907E+01 0.105083668295809E+01 0.861668472066847E+00 0.779393079382744E+00
 0.105129922414746E+01 0.862708487419665E+00 0.780816744595067E+00 0.780815547803402E+00 0.862714310277652E+00
 0.105128665652206E+01 0.106286756129605E+01 0.835797908248665E+00 0.734631097358153E+00 0.734627313319009E+00
 0.835770227522458E+00 0.106285729370363E+01 0.105129922414746E+01 0.862708487419665E+00 0.780816744595076E+00
 0.105179525001819E+01 0.863765508020654E+00 0.782255617299028E+00 0.782254428025389E+00 0.863771390357087E+00
 0.105178233353453E+01 0.106399314698250E+01 0.835779419497836E+00 0.734055480284561E+00 0.734051680045783E+00
 0.835753117123801E+00 0.106398326213652E+01 0.105179525001819E+01 0.863765508020654E+00 0.782255617299046E+00
 0.105232035710837E+01 0.864837605385070E+00 0.783708328503272E+00 0.783707147038902E+00 0.864843545590799E+00
 0.105230708266203E+01 0.106515118588154E+01 0.835780433842291E+00 0.733499808685934E+00 0.733495991672989E+00
 0.835755503711457E+00 0.106514170019266E+01 0.105232035710837E+01 0.864837605385070E+00 0.783708328503272E+00
 0.105287092955540E+01 0.865923240232782E+00 0.785173761910571E+00 0.785172588476243E+00 0.865929237237864E+00
 0.105285729210827E+01 0.106633917145419E+01 0.835798727092039E+00 0.732964788886366E+00 0.732960956092346E+00
 0.835775164907849E+00 0.106633010116575E+01 0.105287092955540E+01 0.865923240232782E+00 0.785173761910507E+00
 0.105344406826044E+01 0.867024903434982E+00 0.786652167040437E+00 0.786651001586742E+00 0.867030955964747E+00
 0.105343006234672E+01 0.106755705624543E+01 0.835837975677011E+00 0.732447821555294E+00 0.732443972074498E+00
 0.835815770383927E+00 0.106754841851968E+01 0.105344406826044E+01 0.867024903434982E+00 0.786652167040436E+00
 0.105403949434909E+01 0.868144196243426E+00 0.788146028764434E+00 0.788144871507492E+00 0.868150301592868E+00
 0.105402510691283E+01 0.106881323198840E+01 0.835903496505576E+00 0.731946821310452E+00 0.731942955032152E+00
 0.835882642517890E+00 0.106880504398716E+01 0.105403949434909E+01 0.868144196243426E+00 0.788146028764427E+00
 0.105466429133502E+01 0.869279420289099E+00 0.789654418552157E+00 0.789653269629719E+00 0.869285577988638E+00
 0.105464952036623E+01 0.107010636010929E+01 0.835992521783700E+00 0.731460090923701E+00 0.731456207708107E+00
 0.835973012268720E+00 0.107009863819153E+01 0.105466429133502E+01 0.869279420289099E+00 0.789654418552145E+00
 0.105531644953304E+01 0.870429149801336E+00 0.791176339918159E+00 0.791175199483209E+00 0.870435358940162E+00
 0.105530128869158E+01 0.107143392147832E+01 0.836102708104511E+00 0.730987764247288E+00 0.730983864017099E+00
 0.836084536114426E+00 0.107142668208141E+01 0.105531644953304E+01 0.870429149801336E+00 0.791176339918165E+00
 0.105599323207955E+01 0.871592191198948E+00 0.792710941277184E+00 0.792709809506994E+00 0.871598450525106E+00
 0.105597767400298E+01 0.107279379804476E+01 0.836232083015753E+00 0.730534492620137E+00 0.730530575034773E+00
 0.836215241539673E+00 0.107278705778202E+01 0.105599323207955E+01 0.871592191198948E+00 0.792710941277183E+00
 0.105669234131879E+01 0.872769737293384E+00 0.794258031747230E+00 0.794256908646944E+00 0.872776045732684E+00
 0.105667637990856E+01 0.107418420925512E+01 0.836378980427946E+00 0.730098903075413E+00 0.730094969315301E+00
 0.836363464518717E+00 0.107417798458478E+01 0.105669234131879E+01 0.872769737293384E+00 0.794258031747230E+00
 0.105741212524523E+01 0.873962637560358E+00 0.795818792863893E+00 0.795817678556445E+00 0.873968993210314E+00
 0.105739575161717E+01 0.107560406846272E+01 0.836545218041688E+00 0.729679250066226E+00 0.729675299486947E+00
 0.836531016700973E+00 0.107559837616293E+01 0.105741212524523E+01 0.873962637560358E+00 0.795818792863930E+00
 0.105815661150058E+01 0.875169691631901E+00 0.797392606814435E+00 0.797391501473443E+00 0.875176092920893E+00
 0.105813981560051E+01 0.107705852010667E+01 0.836735605415753E+00 0.729274060222937E+00 0.729270092934811E+00
 0.836722714083957E+00 0.107705337751442E+01 0.105815661150058E+01 0.875169691631901E+00 0.797392606814291E+00
 0.105892589194108E+01 0.876389887496633E+00 0.798978801646392E+00 0.798977705329769E+00 0.876396334141624E+00
 0.105890867275211E+01 0.107854816036571E+01 0.836948316275085E+00 0.728882079131297E+00 0.728878095200242E+00
 0.836936728781778E+00 0.107854358352246E+01 0.105892589194108E+01 0.876389887496633E+00 0.798978801646337E+00
 0.105971795154316E+01 0.877622367503574E+00 0.800576801051834E+00 0.800575713908460E+00 0.877628858099185E+00
 0.105970029960092E+01 0.108007133455536E+01 0.837181625064344E+00 0.728506066348199E+00 0.728502065411375E+00
 0.837171335105141E+00 0.108006734007808E+01 0.105971795154316E+01 0.877622367503574E+00 0.800576801051898E+00
 0.106053106793486E+01 0.878867182464140E+00 0.802186152566722E+00 0.802185074679984E+00 0.878873716106907E+00
 0.106051297675271E+01 0.108162661245989E+01 0.837434038546916E+00 0.728147882491278E+00 0.728143864624278E+00
 0.837425040031545E+00 0.108162321716401E+01 0.106053106793486E+01 0.878867182464140E+00 0.802186152566652E+00
 0.106136374545093E+01 0.880124350195880E+00 0.803806618894546E+00 0.803805550346460E+00 0.880130925775730E+00
 0.106134520767495E+01 0.108321276362036E+01 0.837704264107185E+00 0.727805989380494E+00 0.727801955383731E+00
 0.837696552639491E+00 0.108320998460654E+01 0.106136374545093E+01 0.880124350195880E+00 0.803806618894615E+00
 0.106221676918341E+01 0.881393137554827E+00 0.805437808081092E+00 0.805436749004524E+00 0.881399753552747E+00
 0.106219777283822E+01 0.108482877289634E+01 0.837993809684992E+00 0.727479062555424E+00 0.727475011633088E+00
 0.837987373954419E+00 0.108482662717498E+01 0.106221676918341E+01 0.881393137554827E+00 0.805437808081155E+00
 0.106309117774327E+01 0.882672906663600E+00 0.807079355823956E+00 0.807078306261850E+00 0.882679562684687E+00
 0.106307171836673E+01 0.108647759472459E+01 0.838307056729817E+00 0.727165945971271E+00 0.727161878091269E+00
 0.838301891026401E+00 0.108647610142541E+01 0.106309117774327E+01 0.882672906663600E+00 0.807079355824083E+00
 0.106398556288104E+01 0.883963108801826E+00 0.808730948884767E+00 0.808729908920578E+00 0.883969803930405E+00
 0.106396563114287E+01 0.108816077387856E+01 0.838642621554382E+00 0.726866553984990E+00 0.726862469158476E+00
 0.838638718990976E+00 0.108815995099706E+01 0.106398556288104E+01 0.883963108801826E+00 0.808730948884767E+00
 0.106489872742281E+01 0.885262812199731E+00 0.810391996193776E+00 0.810390966004231E+00 0.885269545415349E+00
 0.106487831339757E+01 0.108987721027753E+01 0.838999126701255E+00 0.726584969073281E+00 0.726580866444269E+00
 0.838996480274068E+00 0.108987707641934E+01 0.106489872742281E+01 0.885262812199731E+00 0.810391996193723E+00
 0.106582961644231E+01 0.886571147707432E+00 0.812060837261315E+00 0.812059816995060E+00 0.886577917857735E+00
 0.106580871156618E+01 0.109162594369694E+01 0.839375356866420E+00 0.726320631983538E+00 0.726316512209625E+00
 0.839373960565018E+00 0.109162651762636E+01 0.106582961644231E+01 0.886571147707432E+00 0.812060837261294E+00
 0.106677762875917E+01 0.887887810139091E+00 0.813737223993526E+00 0.813736213770343E+00 0.887894615856159E+00
 0.106675622295806E+01 0.109340613916243E+01 0.839770231179583E+00 0.726072281274585E+00 0.726068144810133E+00
 0.839770080343786E+00 0.109340744018564E+01 0.106677762875917E+01 0.887887810139091E+00 0.813737223993579E+00
 0.106774297757125E+01 0.889212529414489E+00 0.815421103725706E+00 0.815420103631765E+00 0.889219369768623E+00
 0.106772106492906E+01 0.109521708001323E+01 0.840185732714170E+00 0.725838815894321E+00 0.725834661851341E+00
 0.840186815330813E+00 0.109521912715872E+01 0.106774297757125E+01 0.889212529414489E+00 0.815421103725705E+00
 0.106872489385308E+01 0.890545066175174E+00 0.817112429824824E+00 0.817111439940637E+00 0.890551940288061E+00
 0.106870246817370E+01 0.109706029411759E+01 0.840625816324264E+00 0.725619262875411E+00 0.725615091203253E+00
 0.840628127433033E+00 0.109706310788638E+01 0.106872489385308E+01 0.890545066175174E+00 0.817112429824742E+00
 0.106972263482321E+01 0.891883367971646E+00 0.818810428482814E+00 0.818809449078010E+00 0.891890275628876E+00
 0.106969968817715E+01 0.109893736329909E+01 0.841089245937176E+00 0.725416510668390E+00 0.725412321122245E+00
 0.841092779341850E+00 0.109894096328036E+01 0.106972263482321E+01 0.891883367971646E+00 0.818810428482860E+00
 0.107073556001481E+01 0.893225414602294E+00 0.820511655154882E+00 0.820510686431847E+00 0.893232355467926E+00
 0.107071208412140E+01 0.110084758649404E+01 0.841574843126357E+00 0.725232511369279E+00 0.725228303754256E+00
 0.841579592623232E+00 0.110085199300702E+01 0.107073556001481E+01 0.893225414602294E+00 0.820511655154706E+00
 0.107176293500194E+01 0.894571325625452E+00 0.822215936853960E+00 0.822214978817801E+00 0.894578300069401E+00
 0.107173892253097E+01 0.110279034607334E+01 0.842081552243009E+00 0.725066043022667E+00 0.725061818637088E+00
 0.842087513114888E+00 0.110279557993822E+01 0.107176293500194E+01 0.894571325625452E+00 0.822215936853967E+00
 0.107280264314120E+01 0.895921204195423E+00 0.823923548889464E+00 0.823922601567785E+00 0.895928212230213E+00
 0.107277807886025E+01 0.110476511080710E+01 0.842608417109223E+00 0.724916005231701E+00 0.724911764208382E+00
 0.842615584847316E+00 0.110477119376658E+01 0.107280264314120E+01 0.895921204195423E+00 0.823923548889474E+00
 0.107385391410678E+01 0.897275146829702E+00 0.825634739760609E+00 0.825633803223582E+00 0.897282187962203E+00
 0.107382877707919E+01 0.110677143331785E+01 0.843159028897699E+00 0.724781425388558E+00 0.724777167092447E+00
 0.843167391476362E+00 0.110677838651902E+01 0.107385391410678E+01 0.897275146829702E+00 0.825634739760646E+00
 0.107491646351733E+01 0.898630834278327E+00 0.827348859691228E+00 0.827347934257650E+00 0.898637909002782E+00
 0.107489073220565E+01 0.110881166446195E+01 0.843736577923907E+00 0.724663052563169E+00 0.724658777291312E+00
 0.843746133486421E+00 0.110881951264807E+01 0.107491646351733E+01 0.898630834278327E+00 0.827348859691155E+00
 0.107599006173142E+01 0.899985897431226E+00 0.829062084227960E+00 0.829061170248723E+00 0.899993005725942E+00
 0.107596371618595E+01 0.111088873307070E+01 0.844339809492102E+00 0.724565675813742E+00 0.724561382370417E+00
 0.844350553304233E+00 0.111089749912396E+01 0.107599006173142E+01 0.899985897431226E+00 0.829062084228062E+00
 0.107707457333208E+01 0.901340779776004E+00 0.830774428784322E+00 0.830773526400627E+00 0.901347922308408E+00
 0.107704759437834E+01 0.111300226837371E+01 0.844967628990874E+00 0.724488595769993E+00 0.724484284830432E+00
 0.844979557311548E+00 0.111301197634017E+01 0.107707457333208E+01 0.901340779776004E+00 0.830774428784312E+00
 0.107817307906020E+01 0.902695900026196E+00 0.832486428112972E+00 0.832485537375775E+00 0.902703078475183E+00
 0.107814545229740E+01 0.111515197379057E+01 0.845619069850216E+00 0.724430679644066E+00 0.724426352276113E+00
 0.845632181195806E+00 0.111516264843981E+01 0.107817307906020E+01 0.902695900026196E+00 0.832486428112972E+00
 0.107928717128956E+01 0.904051649459462E+00 0.834198582898208E+00 0.834197703754860E+00 0.904058866380340E+00
 0.107925889135612E+01 0.111733763379005E+01 0.846293738442833E+00 0.724390930629155E+00 0.724386585745197E+00
 0.846308026858298E+00 0.111734930241582E+01 0.107928717128956E+01 0.904051649459462E+00 0.834198582898061E+00
 0.108041626694937E+01 0.905409368611948E+00 0.835911432059747E+00 0.835910564614489E+00 0.905416623111180E+00
 0.108038731300923E+01 0.111955912694854E+01 0.847000726325566E+00 0.724368936290069E+00 0.724364572856957E+00
 0.847016179806575E+00 0.111957181127106E+01 0.108041626694937E+01 0.905409368611948E+00 0.835911432059765E+00
 0.108155992619954E+01 0.906770365280111E+00 0.837625712365376E+00 0.837624857203377E+00 0.906777652870832E+00
 0.108153027266262E+01 0.112182627598293E+01 0.847742553925850E+00 0.724371470943045E+00 0.724367088411682E+00
 0.847759177601697E+00 0.112184001098524E+01 0.108155992619954E+01 0.906770365280111E+00 0.837625712365295E+00
 0.108271782467142E+01 0.908134886929854E+00 0.839341908748933E+00 0.839341066635529E+00 0.908142201447175E+00
 0.108268744988129E+01 0.112414878913485E+01 0.848517835323305E+00 0.724400051823066E+00 0.724395649706559E+00
 0.848535626657215E+00 0.112416360211351E+01 0.108271782467142E+01 0.908134886929854E+00 0.839341908748852E+00
 0.108389716344109E+01 0.909503245862931E+00 0.841060488911621E+00 0.841059660454697E+00 0.909510583365569E+00
 0.108386604000494E+01 0.112652617039311E+01 0.849325412821755E+00 0.724453493576676E+00 0.724449073745792E+00
 0.849344372352753E+00 0.112654209146345E+01 0.108389716344109E+01 0.909503245862931E+00 0.841060488911543E+00
 0.108510929234420E+01 0.910875755413655E+00 0.842781916660302E+00 0.842781102075749E+00 0.910883116177645E+00
 0.108507742834887E+01 0.112895806620293E+01 0.850164277677207E+00 0.724530743279140E+00 0.724526306243286E+00
 0.850184407534052E+00 0.112897512699114E+01 0.108510929234420E+01 0.910875755413655E+00 0.842781916660305E+00
 0.108635295747217E+01 0.912257726966832E+00 0.844507978375367E+00 0.844507177608666E+00 0.912265108439705E+00
 0.108632034218856E+01 0.113144426128245E+01 0.851037176780947E+00 0.724630897012470E+00 0.724626440854571E+00
 0.851058464293910E+00 0.113146249501224E+01 0.108635295747217E+01 0.912257726966832E+00 0.844507978375364E+00
 0.108762695688672E+01 0.913654097008612E+00 0.846244010220456E+00 0.846243223722917E+00 0.913661493982436E+00
 0.108759355888931E+01 0.113398497248398E+01 0.851957312169883E+00 0.724759597435241E+00 0.724755121153909E+00
 0.851979751975540E+00 0.113400431412001E+01 0.108762695688672E+01 0.913654097008612E+00 0.846244010220447E+00
 0.108893029957920E+01 0.915064626270830E+00 0.847990627808694E+00 0.847989856623474E+00 0.915072028519159E+00
 0.108889609089871E+01 0.113659937928988E+01 0.852924541019757E+00 0.724921935723700E+00 0.724917438261804E+00
 0.852948139641981E+00 0.113661971539504E+01 0.108893029957920E+01 0.915064626270830E+00 0.847990627808693E+00
 0.109026841712707E+01 0.916489207398563E+00 0.849748000300731E+00 0.849747245329532E+00 0.916496607164932E+00
 0.109023335922490E+01 0.113929880319082E+01 0.853937503768082E+00 0.725116722849285E+00 0.725112205454269E+00
 0.853962260237699E+00 0.113932000846101E+01 0.109026841712707E+01 0.916489207398563E+00 0.849748000300673E+00
 0.109166241396045E+01 0.917927821777934E+00 0.851516355420574E+00 0.851515616983871E+00 0.917935217832872E+00
 0.109162651652447E+01 0.114208266608072E+01 0.854995080243358E+00 0.725342906269337E+00 0.725338370982696E+00
 0.855020998225673E+00 0.114210461540052E+01 0.109166241396045E+01 0.917927821777934E+00 0.851516355420674E+00
 0.109311204142814E+01 0.919389597731635E+00 0.853299004662427E+00 0.853298282377319E+00 0.919396986551555E+00
 0.109307530279143E+01 0.114495061348626E+01 0.856096356399455E+00 0.725599587333167E+00 0.725595032658959E+00
 0.856123434495581E+00 0.114497318150776E+01 0.109311204142814E+01 0.919389597731635E+00 0.853299004662437E+00
 0.109461528099047E+01 0.920881935102848E+00 0.855105118627625E+00 0.855104412752676E+00 0.920889311771523E+00
 0.109457766645934E+01 0.114790253869719E+01 0.857252978892147E+00 0.725890331376797E+00 0.725885755481424E+00
 0.857281197397824E+00 0.114792559087593E+01 0.109461528099047E+01 0.920881935102848E+00 0.855105118627625E+00
 0.109617041540321E+01 0.922404022323195E+00 0.856935034214171E+00 0.856934345976029E+00 0.922411373429536E+00
 0.109613188840610E+01 0.115094108604154E+01 0.858472961660065E+00 0.726223008664325E+00 0.726218410041780E+00
 0.858502328336555E+00 0.115096449495971E+01 0.109617041540321E+01 0.922404022323195E+00 0.856935034214256E+00
 0.109777987415945E+01 0.923955239811655E+00 0.858788536987135E+00 0.858787867574860E+00 0.923962553678507E+00
 0.109774038561396E+01 0.115409470959902E+01 0.859754907902042E+00 0.726596785780859E+00 0.726592165098664E+00
 0.859785424443935E+00 0.115411834206090E+01 0.109777987415945E+01 0.923955239811655E+00 0.858788536987135E+00
 0.109947181457014E+01 0.925535190054342E+00 0.860665506734835E+00 0.860664856605847E+00 0.925542463217234E+00
 0.109943136903959E+01 0.115737087619173E+01 0.861097727679410E+00 0.727010689113876E+00 0.727006048582011E+00
 0.861129395340163E+00 0.115739459619003E+01 0.109947181457014E+01 0.925535190054342E+00 0.860665506734750E+00
 0.110124962334511E+01 0.927157393000481E+00 0.862571686235242E+00 0.862571054613843E+00 0.927164621106824E+00
 0.110120822632129E+01 0.116076935286789E+01 0.862500555002981E+00 0.727463914725808E+00 0.727459254507167E+00
 0.862533378509919E+00 0.116079302345123E+01 0.110124962334511E+01 0.927157393000481E+00 0.862571686235300E+00
 0.110311064152111E+01 0.928830580612848E+00 0.864519193900518E+00 0.864518580828843E+00 0.928837759957187E+00
 0.110306825734008E+01 0.116429027590275E+01 0.863967691073274E+00 0.727958931400108E+00 0.727954249143988E+00
 0.864001654323933E+00 0.116431375604592E+01 0.110311064152111E+01 0.928830580612848E+00 0.864519193900425E+00
 0.110505258437874E+01 0.930553392549980E+00 0.866507760277620E+00 0.866507167035742E+00 0.930560507764632E+00
 0.110500916724282E+01 0.116793411751030E+01 0.865514997361751E+00 0.728504647098573E+00 0.728499940603440E+00
 0.865550092506730E+00 0.116795725509991E+01 0.110505258437874E+01 0.930553392549980E+00 0.866507760277612E+00
 0.110707544873957E+01 0.932324722749608E+00 0.868536794644838E+00 0.868536222625587E+00 0.932331758974273E+00
 0.110703094049042E+01 0.117171264326509E+01 0.867142736382244E+00 0.729100879902755E+00 0.729096149758573E+00
 0.867178971883916E+00 0.117173530351535E+01 0.110707544873957E+01 0.932324722749608E+00 0.868536794644838E+00
 0.110921113035366E+01 0.934144105879015E+00 0.870605828524469E+00 0.870605278303639E+00 0.934151057060886E+00
 0.110916552683136E+01 0.117565775505300E+01 0.868850095541522E+00 0.729746856245040E+00 0.729742104189250E+00
 0.868887470818183E+00 0.117567978554549E+01 0.110921113035366E+01 0.934144105879015E+00 0.870605828524466E+00
 0.111146877519900E+01 0.936030349937788E+00 0.872724843010723E+00 0.872724313291278E+00 0.936037211180675E+00
 0.111142208607990E+01 0.117977191270205E+01 0.870636567808285E+00 0.730441980418603E+00 0.730437207855516E+00
 0.870675087304286E+00 0.117979316279557E+01 0.111146877519900E+01 0.936030349937788E+00 0.872724843010787E+00
 0.111384543401738E+01 0.937992062044409E+00 0.874907110470266E+00 0.874906601248506E+00 0.937998830050687E+00
 0.111379762117694E+01 0.118405616434825E+01 0.872503446569816E+00 0.731188577762587E+00 0.731183782816828E+00
 0.872543101942068E+00 0.118407648038088E+01 0.111384543401738E+01 0.937992062044409E+00 0.874907110470439E+00
 0.111633860823619E+01 0.940027477796113E+00 0.877151680893641E+00 0.877151193500176E+00 0.940034135254801E+00
 0.111628961654724E+01 0.118851201565269E+01 0.874467302112994E+00 0.731995617871096E+00 0.731990797241239E+00
 0.874508074172374E+00 0.118853123365325E+01 0.111633860823619E+01 0.940027477796113E+00 0.877151680893612E+00
 0.111894715684738E+01 0.942135144198302E+00 0.879457680559267E+00 0.879457216541445E+00 0.942141673561662E+00
 0.111889691992369E+01 0.119314216886967E+01 0.876532316149286E+00 0.732863376136040E+00 0.732858530062033E+00
 0.876574212148450E+00 0.119316013356889E+01 0.111894715684738E+01 0.942135144198302E+00 0.879457680559277E+00
 0.112170517067973E+01 0.944315555641296E+00 0.881824546041985E+00 0.881824105916807E+00 0.944321947729149E+00
 0.112165367680615E+01 0.119797984352594E+01 0.878698323472628E+00 0.733791429197029E+00 0.733786558986656E+00
 0.878741343610364E+00 0.119799639156675E+01 0.112170517067973E+01 0.944315555641296E+00 0.881824546041972E+00
 0.112462808814784E+01 0.946593685894549E+00 0.884269477650131E+00 0.884269059695278E+00 0.946599936699320E+00
 0.112457534267428E+01 0.120304352862610E+01 0.880965522983765E+00 0.734779535754555E+00 0.734774642703860E+00
 0.881009669191089E+00 0.120305849527025E+01 0.112462808814784E+01 0.946593685894549E+00 0.884269477650215E+00
 0.112771327562352E+01 0.948976322227420E+00 0.886803586190246E+00 0.886803190248348E+00 0.948982428847938E+00
 0.112765923134084E+01 0.120833621977324E+01 0.883334963189399E+00 0.735830831795634E+00 0.735825914716771E+00
 0.883380230850702E+00 0.120834943722915E+01 0.112771327562352E+01 0.948976322227420E+00 0.886803586190393E+00
 0.113095859433854E+01 0.951461572199517E+00 0.889425710480465E+00 0.889425337778376E+00 0.951467516485884E+00
 0.113090323372629E+01 0.121386156061187E+01 0.885822107848940E+00 0.736953743721990E+00 0.736948799899385E+00
 0.885868476145608E+00 0.121387285369024E+01 0.113095859433854E+01 0.951461572199517E+00 0.889425710480532E+00
 0.113436305100945E+01 0.954047911643893E+00 0.892134899483814E+00 0.892134551478337E+00 0.954053675396907E+00
 0.113430655841819E+01 0.121962382806090E+01 0.888434323157725E+00 0.738148715480875E+00 0.738143745637278E+00
 0.888481795081009E+00 0.121963302011769E+01 0.113436305100945E+01 0.954047911643893E+00 0.892134899483814E+00
 0.113796461856166E+01 0.956739376943040E+00 0.894932539180504E+00 0.894932215744179E+00 0.956744948896429E+00
 0.113790727994244E+01 0.122564401628112E+01 0.891172557706790E+00 0.739415845924413E+00 0.739410852050587E+00
 0.891221135753258E+00 0.122565094235334E+01 0.113796461856166E+01 0.956739376943040E+00 0.894932539180351E+00
 0.114178317069593E+01 0.959566772396904E+00 0.897843942921487E+00 0.897843642670935E+00 0.959572146714983E+00
 0.114172529121241E+01 0.123196032873855E+01 0.894038190929545E+00 0.740755433425726E+00 0.740750417400756E+00
 0.894087875926985E+00 0.123196499377625E+01 0.114178317069593E+01 0.959566772396904E+00 0.897843942921563E+00
 0.114581730582106E+01 0.962533586891284E+00 0.900875697138400E+00 0.900875420261387E+00 0.962538755256932E+00
 0.114575915067735E+01 0.123858016146205E+01 0.897033517053029E+00 0.742172537013127E+00 0.742167497343016E+00
 0.897084304927843E+00 0.123858266058892E+01 0.114581730582106E+01 0.962533586891284E+00 0.900875697138377E+00
 0.115006631073366E+01 0.965638257041013E+00 0.904026857760112E+00 0.904026605885384E+00 0.965643196228154E+00
 0.115000813989128E+01 0.124551099852287E+01 0.900173993030736E+00 0.743673972203424E+00 0.743668903954566E+00
 0.900225861179602E+00 0.124551142394983E+01 0.115006631073366E+01 0.965638257041013E+00 0.904026857760023E+00
 0.115453198722602E+01 0.968879648249523E+00 0.907296756148556E+00 0.907296531002786E+00 0.968884336441667E+00
 0.115447407474114E+01 0.125276132110801E+01 0.903467837235687E+00 0.745260458906023E+00 0.745255360767341E+00
 0.903520783422670E+00 0.125275976790774E+01 0.115453198722602E+01 0.968879648249523E+00 0.907296756148554E+00
 0.115926040012022E+01 0.972271237138244E+00 0.910694276446761E+00 0.910694076942911E+00 0.972275661069468E+00
 0.115920309897222E+01 0.126034981225072E+01 0.906917763002001E+00 0.746932834508924E+00 0.746927705958693E+00
 0.906971785716963E+00 0.126034638539528E+01 0.115926040012022E+01 0.972271237138244E+00 0.910694276446731E+00
 0.116427162763099E+01 0.975845057633552E+00 0.914248727737554E+00 0.914248551739023E+00 0.975849220758843E+00
 0.116421528026443E+01 0.126832461019171E+01 0.910527017096380E+00 0.748692453924663E+00 0.748687294063703E+00
 0.910582113811476E+00 0.126831941031733E+01 0.116427162763099E+01 0.975845057633552E+00 0.914248727737556E+00
 0.116956706050151E+01 0.979601340605242E+00 0.917961825938022E+00 0.917961672577136E+00 0.979605238603905E+00
 0.116951197554667E+01 0.127670241634191E+01 0.914300891617183E+00 0.750547242463516E+00 0.750542047332621E+00
 0.914357052753890E+00 0.127669554337611E+01 0.116956706050151E+01 0.979601340605242E+00 0.917961825937996E+00
 0.117514900843355E+01 0.983539594053434E+00 0.921833419352355E+00 0.921833289049240E+00 0.983543210883912E+00
 0.117509550333108E+01 0.128549746084838E+01 0.918257497257380E+00 0.752501455098144E+00 0.752496220807404E+00
 0.918314717397320E+00 0.128548901685869E+01 0.117514900843355E+01 0.983539594053434E+00 0.921833419352341E+00
 0.118102769290886E+01 0.987660394029978E+00 0.925863977483849E+00 0.925863870273565E+00 0.987663716315947E+00
 0.118097612085129E+01 0.129472561268628E+01 0.922404868090054E+00 0.754556723251862E+00 0.754551449247642E+00
 0.922463162719699E+00 0.129471570363570E+01 0.118102769290886E+01 0.987660394029978E+00 0.925863977483908E+00
 0.118726192004395E+01 0.991998153350279E+00 0.930081921395405E+00 0.930081835660985E+00 0.992001159919220E+00
 0.118721270332508E+01 0.130441319763372E+01 0.926748316134076E+00 0.756714907762320E+00 0.756709593752132E+00
 0.926807697662216E+00 0.130440193618613E+01 0.118726192004395E+01 0.991998153350279E+00 0.930081921395398E+00
 0.119386842222261E+01 0.996573427670559E+00 0.934506871841829E+00 0.934506808481405E+00 0.996576097836688E+00
 0.119382194879103E+01 0.131461556518224E+01 0.931293873879232E+00 0.758979837813746E+00 0.758974483229202E+00
 0.931354348159803E+00 0.131460305609801E+01 0.119386842222261E+01 0.996573427670559E+00 0.934506871841848E+00
 0.120085374477254E+01 0.100138717051706E+01 0.939139864532114E+00 0.939139825579439E+00 0.100138946963886E+01
 0.120081021515694E+01 0.132535935097988E+01 0.936050403730063E+00 0.761358608552751E+00 0.761353216512624E+00
 0.936111960790289E+00 0.132534570328666E+01 0.120085374477254E+01 0.100138717051706E+01 0.939139864532115E+00
 0.120822579298877E+01 0.100644111180221E+01 0.943982472642009E+00 0.943982460796277E+00 0.100644300015351E+01
 0.120818512259655E+01 0.133667004901053E+01 0.941030549594087E+00 0.763854205747525E+00 0.763848778798092E+00
 0.941093144682636E+00 0.133665537051404E+01 0.120822579298877E+01 0.100644111180221E+01 0.943982472642119E+00
 0.121601055725499E+01 0.101174771598132E+01 0.949046274850997E+00 0.949046290514748E+00 0.101174915778334E+01
 0.121597270966792E+01 0.134857599318297E+01 0.946243202699922E+00 0.766469598317013E+00 0.766464139153351E+00
 0.946306792665507E+00 0.134856039394429E+01 0.121601055725499E+01 0.101174771598132E+01 0.949046274850837E+00
 0.122425352192849E+01 0.101734432132250E+01 0.954364715766803E+00 0.954364757012542E+00 0.101734530291269E+01
 0.122421851788089E+01 0.136110534143441E+01 0.951697893450578E+00 0.769207631224846E+00 0.769202142906264E+00
 0.951762440459223E+00 0.136108893808758E+01 0.122425352192849E+01 0.101734432132250E+01 0.954364715766820E+00
 0.123296893866584E+01 0.102323744092679E+01 0.959943310176469E+00 0.959943375485758E+00 0.102323794992801E+01
 0.123293677118820E+01 0.137428575078001E+01 0.957404009812947E+00 0.772066758333721E+00 0.772061238246409E+00
 0.957469482702449E+00 0.137426866656114E+01 0.123296893866584E+01 0.102323744092679E+01 0.959943310176479E+00
 0.124217187367815E+01 0.102943160827570E+01 0.965785854401183E+00 0.965785942768834E+00 0.102943162615144E+01
 0.124214251715361E+01 0.138815381795703E+01 0.963359610235960E+00 0.775049269398161E+00 0.775043712752584E+00
 0.963426018699399E+00 0.138813617651128E+01 0.124217187367815E+01 0.102943160827570E+01 0.965785854401114E+00
 0.125187814690212E+01 0.103593236372051E+01 0.971897183888774E+00 0.971897294347946E+00 0.103593186996460E+01
 0.125185156134205E+01 0.140275025754868E+01 0.969572647332660E+00 0.778159228944329E+00 0.778153628437063E+00
 0.969639994036293E+00 0.140273218142144E+01 0.125187814690212E+01 0.103593236372051E+01 0.971897183888773E+00
 0.126209305042033E+01 0.104274767295075E+01 0.978285876344743E+00 0.978286006329851E+00 0.104274666490619E+01
 0.126206919255373E+01 0.141811684671316E+01 0.976056067872983E+00 0.781400935216292E+00 0.781395283603667E+00
 0.976124355993280E+00 0.141809845781933E+01 0.126209305042033E+01 0.104274767295075E+01 0.978285876344642E+00
 0.127283348233291E+01 0.104988522913633E+01 0.984958618825550E+00 0.984958765204095E+00 0.104988371304440E+01
 0.127281232814409E+01 0.143425357056139E+01 0.982823676770093E+00 0.784777027991189E+00 0.784771320483836E+00
 0.982892911673235E+00 0.143423498897232E+01 0.127283348233291E+01 0.104988522913633E+01 0.984958618825501E+00
 0.128412226792574E+01 0.105735302667113E+01 0.991921920080524E+00 0.991922079124439E+00 0.105735101268806E+01
 0.128410378311465E+01 0.145119497230948E+01 0.989882084244462E+00 0.788291236048956E+00 0.788285469393149E+00
 0.989952265777712E+00 0.145117632261273E+01 0.128412226792574E+01 0.105735302667113E+01 0.991921920080533E+00
 0.129598350027738E+01 0.106515852554588E+01 0.999180415463142E+00 0.999180584168652E+00 0.106515602137586E+01
 0.129596762218353E+01 0.146899650414831E+01 0.997241519085164E+00 0.791948627228771E+00 0.791942796920646E+00
 0.997312627900629E+00 0.146897790603961E+01 0.129598350027738E+01 0.106515852554588E+01 0.999180415463225E+00
 0.130838328397164E+01 0.107327329706989E+01 0.100670710407868E+01 0.100670728080374E+01 0.107327031208872E+01
 0.130836992333779E+01 0.148771922367273E+01 0.100491867982507E+01 0.795754691939725E+00 0.795748793735958E+00
 0.100499069574534E+01 0.148770079883995E+01 0.130838328397164E+01 0.107327329706989E+01 0.100670710407859E+01
 0.132131348362475E+01 0.108169020506512E+01 0.101449891049181E+01 0.101449909234476E+01 0.108168674879251E+01
 0.132130260470816E+01 0.150736870772412E+01 0.101293140438467E+01 0.799719913178466E+00 0.799713944141639E+00
 0.101300430900367E+01 0.150735057300796E+01 0.132131348362475E+01 0.108169020506512E+01 0.101449891049178E+01
 0.133480236147532E+01 0.109041959851418E+01 0.102256410224287E+01 0.102256428518849E+01 0.109041568995787E+01
 0.133479392459987E+01 0.152796717138638E+01 0.102129641053212E+01 0.803852784227985E+00 0.803846742095805E+00
 0.102137018540756E+01 0.152794945044351E+01 0.133480236147532E+01 0.109041959851418E+01 0.102256410224295E+01
 0.134887695203139E+01 0.109946548463103E+01 0.103089965246229E+01 0.103089983401203E+01 0.109946114360415E+01
 0.134887087696164E+01 0.154958809875170E+01 0.103003289156885E+01 0.808159731302800E+00 0.808153612370511E+00
 0.103010750545547E+01 0.154957090453993E+01 0.134887695203139E+01 0.109946548463103E+01 0.103089965246225E+01
 0.136345718102869E+01 0.110875818150490E+01 0.103944077252092E+01 0.103944095079320E+01 0.110875343032107E+01
 0.136345336469180E+01 0.157231170079554E+01 0.103916318179102E+01 0.812649106326140E+00 0.812642908281309E+00
 0.103923861294928E+01 0.157229515798738E+01 0.136345718102869E+01 0.110875818150490E+01 0.103944077252094E+01
 0.137851833424034E+01 0.111828464730779E+01 0.104818243723916E+01 0.104818260832617E+01 0.111827950998951E+01
 0.137851673592206E+01 0.159613664677875E+01 0.104871171442505E+01 0.817340745398504E+00 0.817334452596582E+00
 0.104878793338031E+01 0.159612086920098E+01 0.137851833424034E+01 0.111828464730779E+01 0.104818243723911E+01
 0.139408877734049E+01 0.112805480529622E+01 0.105713235957761E+01 0.105713251826282E+01 0.112804931563947E+01
 0.139408933354364E+01 0.162109691222880E+01 0.105870891528369E+01 0.822245388254857E+00 0.822238982873131E+00
 0.105878589930058E+01 0.162108201727915E+01 0.139408877734049E+01 0.112805480529622E+01 0.105713235957741E+01
 0.141016332360398E+01 0.113803277178656E+01 0.106623785517169E+01 0.106623800173620E+01 0.113802696306886E+01
 0.141016592239414E+01 0.164728826421006E+01 0.106918473451762E+01 0.827371601130194E+00 0.827365066630078E+00
 0.106926246472642E+01 0.164727437568286E+01 0.141016332360398E+01 0.113803277178656E+01 0.106623785517151E+01
 0.142659711447333E+01 0.114811788879277E+01 0.107542264716320E+01 0.107542278091689E+01 0.114811177104630E+01
 0.142660165503250E+01 0.167479482367352E+01 0.108017045903379E+01 0.832739856322001E+00 0.832733186354793E+00
 0.108024891520839E+01 0.167478206069296E+01 0.142659711447333E+01 0.114811788879277E+01 0.107542264716328E+01
 0.144338778117413E+01 0.115831200175609E+01 0.108469089743052E+01 0.108469101608263E+01 0.115830559528786E+01
 0.144339418377397E+01 0.170359255046127E+01 0.109170676568267E+01 0.838375915830580E+00 0.838369116973155E+00
 0.109178588695392E+01 0.170358104015727E+01 0.144338778117413E+01 0.115831200175609E+01 0.108469089743043E+01
 0.146054978595002E+01 0.116859987797912E+01 0.109400947533653E+01 0.109400957817044E+01 0.116859321665990E+01
 0.146055791752400E+01 0.173377080332293E+01 0.110384143900449E+01 0.844291247560941E+00 0.844284327658531E+00
 0.110392111202293E+01 0.173376066852155E+01 0.146054978595002E+01 0.116859987797912E+01 0.109400947533653E+01
 0.147790503680130E+01 0.117882897676456E+01 0.110324122889707E+01 0.110324131125340E+01 0.117882213166021E+01
 0.147791484920491E+01 0.176545046405493E+01 0.111661722540396E+01 0.850504885537661E+00 0.850497851587921E+00
 0.111669732895026E+01 0.176544183678404E+01 0.147790503680130E+01 0.117882897676456E+01 0.110324122889716E+01
 0.149536783629831E+01 0.118896953005445E+01 0.111237363802780E+01 0.111237369209813E+01 0.118896258686701E+01
 0.149537939030154E+01 0.179862439163487E+01 0.113008347904432E+01 0.857052313425897E+00 0.857045165315782E+00
 0.113016387634093E+01 0.179861743206284E+01 0.149536783629831E+01 0.118896953005445E+01 0.111237363802767E+01
 0.151294088001327E+01 0.119900789780288E+01 0.112137754790995E+01 0.112137756922737E+01 0.119900094650141E+01
 0.151295418654636E+01 0.183334939450065E+01 0.114430003769907E+01 0.863950750533434E+00 0.863943487425413E+00
 0.114438056649788E+01 0.183334427272866E+01 0.151294088001327E+01 0.119900789780288E+01 0.112137754790994E+01
 0.153052063556911E+01 0.120882993050593E+01 0.113014156895679E+01 0.113014156288228E+01 0.120882298572450E+01
 0.153053558449911E+01 0.186977005040725E+01 0.115932692432514E+01 0.871223515123804E+00 0.871216137137902E+00
 0.115940741255747E+01 0.186976695824517E+01 0.153052063556911E+01 0.120882993050593E+01 0.113014156895661E+01
 0.154804956373686E+01 0.121841255064796E+01 0.113865528296342E+01 0.113865525490860E+01 0.121840560956211E+01
 0.154806603989929E+01 0.190806116463470E+01 0.117524038806131E+01 0.878907696223484E+00 0.878900206521928E+00
 0.117532066571069E+01 0.190806032640421E+01 0.154804956373686E+01 0.121841255064796E+01 0.113865528296355E+01
 0.156554581534529E+01 0.122776833995911E+01 0.114692518876939E+01 0.114692514181538E+01 0.122776140117479E+01
 0.156556370332556E+01 0.194842382802576E+01 0.119213720081163E+01 0.887026996767923E+00 0.887019399954267E+00
 0.119221711819581E+01 0.194842551148777E+01 0.156554581534529E+01 0.122776833995911E+01 0.114692518876956E+01
 0.158314735371498E+01 0.123692949006356E+01 0.115496184825787E+01 0.115496178356566E+01 0.123692253660279E+01
 0.158316643661874E+01 0.199113067617655E+01 0.121010963226662E+01 0.895624275090638E+00 0.895616574628485E+00
 0.121018901409550E+01 0.199113518495547E+01 0.158314735371498E+01 0.123692949006356E+01 0.115496184825799E+01
 0.160090408526554E+01 0.124591346047384E+01 0.116278707467981E+01 0.116278699356558E+01 0.124590646566345E+01
 0.160092421002155E+01 0.203679568619494E+01 0.122931059130744E+01 0.904745458340311E+00 0.904737658869249E+00
 0.122938921811158E+01 0.203680332928411E+01 0.160090408526554E+01 0.124591346047384E+01 0.116278707467979E+01
 0.161906027692947E+01 0.125486768836930E+01 0.117052099796995E+01 0.117052089724603E+01 0.125486063209253E+01
 0.161908124467855E+01 0.208588362973825E+01 0.124989440170265E+01 0.914435073754643E+00 0.914427171707874E+00
 0.124997202576723E+01 0.208589473027306E+01 0.161906027692947E+01 0.125486768836930E+01 0.117052099796988E+01
 0.163789630873009E+01 0.126386271471683E+01 0.117820598010292E+01 0.117820585890587E+01 0.126385556591416E+01
 0.163791797515452E+01 0.213931721195038E+01 0.127205938573246E+01 0.924764391384484E+00 0.924756353664839E+00
 0.127213577816655E+01 0.213933208189660E+01 0.163789630873009E+01 0.126386271471683E+01 0.117820598010295E+01
 0.165770369422190E+01 0.127309880444040E+01 0.118603402776823E+01 0.118603388166418E+01 0.127309151597742E+01
 0.165772590225699E+01 0.219816899880007E+01 0.129606899691101E+01 0.935794890488013E+00 0.935786689572975E+00
 0.129614400601749E+01 0.219818790139571E+01 0.165770369422190E+01 0.127309880444040E+01 0.118603402776837E+01
 0.167902483749879E+01 0.128275004451194E+01 0.119411030002869E+01 0.119411012806319E+01 0.128274255187466E+01
 0.167904741836852E+01 0.226379423236062E+01 0.132219956963410E+01 0.947621613633771E+00 0.947613265030331E+00
 0.132227288681766E+01 0.226381638834852E+01 0.167902483749879E+01 0.128275004451194E+01 0.119411030002871E+01
 0.170227756705478E+01 0.129305845123453E+01 0.120267092090461E+01 0.120267071479391E+01 0.129305069795425E+01
 0.170230033775555E+01 0.233805004348759E+01 0.135081481240238E+01 0.960321418386172E+00 0.960312945895166E+00
 0.135088586743110E+01 0.233807413314960E+01 0.170227756705478E+01 0.129305845123453E+01 0.120267092090473E+01
 0.172808139257947E+01 0.130424661721105E+01 0.121186652018737E+01 0.121186627167690E+01 0.130423855852180E+01
 0.172810410645168E+01 0.242279936779341E+01 0.138220030393052E+01 0.973964207790203E+00 0.973955644457161E+00
 0.138226841938085E+01 0.242282382566711E+01 0.172808139257947E+01 0.130424661721105E+01 0.121186652018738E+01
 0.175696385929725E+01 0.131658201050632E+01 0.122194194197429E+01 0.122194163843161E+01 0.131657363595789E+01
 0.175698632247704E+01 0.252030460309212E+01 0.141666498181186E+01 0.988568338640959E+00 0.988559708465396E+00
 0.141672942365076E+01 0.252032763137849E+01 0.175696385929725E+01 0.131658201050632E+01 0.122194194197440E+01
 0.178947905371172E+01 0.133028078381962E+01 0.123307334058191E+01 0.123307296860645E+01 0.133027210410294E+01
 0.178950114034632E+01 0.263264995060777E+01 0.145432344226534E+01 0.100412139219084E+01 0.100411271092719E+01
 0.145438353869598E+01 0.263266960089877E+01 0.178947905371172E+01 0.133028078381962E+01 0.123307334058192E+01
 0.182623770451891E+01 0.134562193033788E+01 0.124549715854855E+01 0.124549670482659E+01 0.134561297789373E+01
 0.182625934702226E+01 0.276222164482470E+01 0.149523010255512E+01 0.102053434715630E+01 0.102052561358721E+01
 0.149528518430184E+01 0.276223593679999E+01 0.182623770451891E+01 0.134562193033788E+01 0.124549715854874E+01
 0.186796744031133E+01 0.136289947472296E+01 0.125946321974006E+01 0.125946267019988E+01 0.136289030318199E+01
 0.186798868843241E+01 0.291198552734449E+01 0.153940665822303E+01 0.103772040987531E+01 0.103771162744584E+01
 0.153945600106972E+01 0.291199261425091E+01 0.186796744031133E+01 0.136289947472296E+01 0.125946321974007E+01
 0.191560211717914E+01 0.138245080198867E+01 0.127524281557486E+01 0.127524215586753E+01 0.138244148979601E+01
 0.191562316100511E+01 0.308602138503415E+01 0.158690474850739E+01 0.105561286043624E+01 0.105560403476510E+01
 0.158694749830722E+01 0.308601982389888E+01 0.191560211717914E+01 0.138245080198867E+01 0.127524281557490E+01
 0.197036899226016E+01 0.140467020676228E+01 0.129313785123043E+01 0.129313706669093E+01 0.140466086511365E+01
 0.197039025747454E+01 0.329050869338694E+01 0.163793928993646E+01 0.107419879886854E+01 0.107418994182583E+01
 0.163797444479003E+01 0.329049847939599E+01 0.197036899226016E+01 0.140467020676228E+01 0.129313785123046E+01
 0.203390280525498E+01 0.143002025551663E+01 0.131348643296896E+01 0.131348550756210E+01 0.143001103901245E+01
 0.203392504584020E+01 0.353497955436650E+01 0.169296319866770E+01 0.109353975065975E+01 0.109353086814523E+01
 0.169298964106265E+01 0.353495971326301E+01 0.203390280525498E+01 0.143002025551663E+01 0.131348643296906E+01
 0.210840671752553E+01 0.145906057059413E+01 0.133667609702409E+01 0.133667501210992E+01 0.145905164853876E+01
 0.210843040530760E+01 0.383444740693403E+01 0.175277351888770E+01 0.111379500359862E+01 0.111378590952117E+01
 0.175278973392661E+01 0.383440950846428E+01 0.210840671752553E+01 0.145906057059413E+01 0.133667609702419E+01
 0.875176744989357E+00 0.875176744989357E+00 0.875176744989357E+00 0.875176744989357E+00 0.875176744989357E+00
 0.875176744989357E+00 0.875176744989357E+00 0.875176744989357E+00 0.875176744989357E+00 0.875176744989357E+00
 0.875176744989357E+00 0.875176744989357E+00 0.875176744989357E+00 0.875176744989357E+00 0.875176744989357E+00
 0.934158657228610E+00 0.785608760180106E+00 0.743687385177015E+00 0.785612592846988E+00 0.934128028588563E+00
 0.111127563056206E+01 0.933716485741238E+00 0.783481880368979E+00 0.741321068906323E+00 0.783504081850990E+00
 0.933673232699649E+00 0.111128139979410E+01 0.934158657228635E+00 0.785608760180106E+00 0.743687385177015E+00
 0.934493566538190E+00 0.786656715595635E+00 0.744929176757627E+00 0.786659896287961E+00 0.934462220932752E+00
 0.111148798982733E+01 0.933703251937647E+00 0.782669903901066E+00 0.740294700668245E+00 0.782691899555532E+00
 0.933658977549351E+00 0.111149365035049E+01 0.934493566538194E+00 0.786656715595635E+00 0.744929176757627E+00
 0.934828935244214E+00 0.787703266556616E+00 0.746171269204375E+00 0.787706232288143E+00 0.934797456407867E+00
 0.111170043067596E+01 0.933689539144643E+00 0.781857567159213E+00 0.739267976711144E+00 0.781879502018349E+00
 0.933644669090105E+00 0.111170599158486E+01 0.934828935244211E+00 0.787703266556616E+00 0.746171269204374E+00
 0.935164359481242E+00 0.788749173237409E+00 0.747413720733925E+00 0.788752032977410E+00 0.935132893953689E+00
 0.111191299944128E+01 0.933676114638921E+00 0.781044499245901E+00 0.738240901747468E+00 0.781066408607562E+00
 0.933630778426008E+00 0.111191847368267E+01 0.935164359481243E+00 0.788749173237409E+00 0.747413720733925E+00
 0.935499763266587E+00 0.789794592317921E+00 0.748656548287430E+00 0.789797389693622E+00 0.935468370193811E+00
 0.111212570783021E+01 0.933663131559430E+00 0.780230620952166E+00 0.737213472817255E+00 0.780252518178245E+00
 0.933617402872188E+00 0.111213110953592E+01 0.935499763266683E+00 0.789794592317921E+00 0.748656548287430E+00
 0.935858318351882E+00 0.790852728974552E+00 0.749909221182622E+00 0.790855486063904E+00 0.935827026887553E+00
 0.111234197468876E+01 0.933651221350928E+00 0.779416286026625E+00 0.736190206036953E+00 0.779438177462472E+00
 0.933605156148749E+00 0.111234732366785E+01 0.935858318351916E+00 0.790852728974552E+00 0.749909221182621E+00
 0.936249377874955E+00 0.791929635575060E+00 0.751179624708604E+00 0.791932368244782E+00 0.936218216857907E+00
 0.111262399699961E+01 0.933649378993044E+00 0.778641344892900E+00 0.735212790003362E+00 0.778663240329872E+00
 0.933603030864883E+00 0.111262931710647E+01 0.936249377874922E+00 0.791929635575060E+00 0.751179624708604E+00
 0.936662311837217E+00 0.793020885839723E+00 0.752464017873850E+00 0.793023603805620E+00 0.936631302073842E+00
 0.111296945353234E+01 0.933721097107867E+00 0.777919331145288E+00 0.734273905547791E+00 0.777941238151682E+00
 0.933674512033182E+00 0.111297475641828E+01 0.936662311837251E+00 0.793020885839723E+00 0.752464017873850E+00
 0.937092644723029E+00 0.794124328359692E+00 0.753760418350214E+00 0.794127038052043E+00 0.937061801422330E+00
 0.111335737478056E+01 0.933856030957665E+00 0.777230324084173E+00 0.733360612542984E+00 0.777252245916754E+00
 0.933809243045214E+00 0.111336267412067E+01 0.937092644723029E+00 0.794124328359692E+00 0.753760418350214E+00
 0.937536765965977E+00 0.795237797391289E+00 0.755066842529121E+00 0.795240503298341E+00 0.937506100590591E+00
 0.111377530644979E+01 0.934032696381352E+00 0.776563145073032E+00 0.732465147703081E+00 0.776585083117218E+00
 0.933985740861147E+00 0.111378061764430E+01 0.937536765966019E+00 0.795237797391289E+00 0.755066842529121E+00
 0.938003393218805E+00 0.796365529213570E+00 0.756385023341513E+00 0.796368234586125E+00 0.937972909709085E+00
 0.111421542303690E+01 0.934238579773315E+00 0.775911090658223E+00 0.731582595114248E+00 0.775933045297379E+00
 0.934191492909971E+00 0.111422076315433E+01 0.938003393218805E+00 0.796365529213570E+00 0.756385023341513E+00
 0.938499869090338E+00 0.797510265420639E+00 0.757718749480058E+00 0.797512974185434E+00 0.938469566931107E+00
 0.111467840116179E+01 0.934466539092818E+00 0.775270379517866E+00 0.730718352700347E+00 0.775292351083661E+00
 0.934419358093592E+00 0.111468379213487E+01 0.938499869090343E+00 0.797510265420639E+00 0.757718749480058E+00
 0.939018440117717E+00 0.798668544922253E+00 0.759065398611727E+00 0.798671260076435E+00 0.938988319929149E+00
 0.111519367407577E+01 0.934712461289080E+00 0.774658818261956E+00 0.729889361036374E+00 0.774680806632367E+00
 0.934665223974795E+00 0.111519913546919E+01 0.939018440117717E+00 0.798668544922253E+00 0.759065398611727E+00
 0.939554642139207E+00 0.799838375291935E+00 0.760423330082835E+00 0.799841099121449E+00 0.939524703875412E+00
 0.111575545975730E+01 0.934984557560490E+00 0.774083186292459E+00 0.729088381851499E+00 0.774105192915236E+00
 0.934937304345683E+00 0.111576100932526E+01 0.939554642139113E+00 0.799838375291935E+00 0.760423330082836E+00
 0.940105875096779E+00 0.801018576281360E+00 0.761791553664565E+00 0.801021310602100E+00 0.940076118590976E+00
 0.111635457613403E+01 0.935304922730366E+00 0.773535281038523E+00 0.728309520048820E+00 0.773557306044278E+00
 0.935257688693705E+00 0.111636023220457E+01 0.940105875096817E+00 0.801018576281360E+00 0.761791553664565E+00
 0.940677567932381E+00 0.802213325185856E+00 0.763171840358389E+00 0.802216070457921E+00 0.940647990603620E+00
 0.111698439951003E+01 0.935665243469969E+00 0.773009308976880E+00 0.727548508788275E+00 0.773031352109718E+00
 0.935618063129087E+00 0.111699018161401E+01 0.940677567932382E+00 0.802213325185856E+00 0.763171840358389E+00
 0.941277446438295E+00 0.803426200814630E+00 0.764569215413964E+00 0.803428958156431E+00 0.941248051049328E+00
 0.111764010789176E+01 0.936058405848289E+00 0.772501131916709E+00 0.726802317470471E+00 0.772523192619917E+00
 0.936011314751904E+00 0.111764603436145E+01 0.941277446438342E+00 0.803426200814630E+00 0.764569215413964E+00
 0.941900483745334E+00 0.804654541669976E+00 0.765981747391907E+00 0.804657311859477E+00 0.941871270607610E+00
 0.111832519205133E+01 0.936479313928606E+00 0.772008016836886E+00 0.726078170451575E+00 0.772030095077440E+00
 0.936432348427894E+00 0.111833129253925E+01 0.941900483745369E+00 0.804654541669976E+00 0.765981747391907E+00
 0.942542921542207E+00 0.805896375861238E+00 0.767407713220476E+00 0.805899159557203E+00 0.942513891887417E+00
 0.111905465484063E+01 0.936924202270501E+00 0.771539338587571E+00 0.725378514965041E+00 0.771561432740695E+00
 0.936877399241832E+00 0.111906094821997E+01 0.942542921542237E+00 0.805896375861238E+00 0.767407713220476E+00
 0.943202026951802E+00 0.807150226080067E+00 0.768845808347197E+00 0.807153023844777E+00 0.943173182257805E+00
 0.111982292199758E+01 0.937390606239382E+00 0.771096912729133E+00 0.724699348857036E+00 0.771119024748608E+00
 0.937344003360559E+00 0.111982943046192E+01 0.943202026951891E+00 0.807150226080067E+00 0.768845808347197E+00
 0.943880223153050E+00 0.808418546368803E+00 0.770296540874915E+00 0.808421358071930E+00 0.943851562001152E+00
 0.112062470534450E+01 0.937890003032988E+00 0.770676525922887E+00 0.724037605767752E+00 0.770698655676784E+00
 0.937843638460731E+00 0.112063145145439E+01 0.943880223153050E+00 0.808418546368803E+00 0.770296540874916E+00
 0.944583945401660E+00 0.809704115421256E+00 0.771763734832514E+00 0.809706942007536E+00 0.944555473581154E+00
 0.112145596458911E+01 0.938425009999445E+00 0.770274998425162E+00 0.723390940590845E+00 0.770297145875148E+00
 0.938378919651185E+00 0.112146297237688E+01 0.944583945401660E+00 0.809704115421256E+00 0.771763734832514E+00
 0.945309926877441E+00 0.811005070741690E+00 0.773246206346142E+00 0.811007912587232E+00 0.945281642038704E+00
 0.112231347364619E+01 0.938991384978960E+00 0.769889815819000E+00 0.722758973411240E+00 0.769911980681086E+00
 0.938945605191782E+00 0.112232076354635E+01 0.945309926877442E+00 0.811005070741690E+00 0.773246206346142E+00
 0.946055341394673E+00 0.812319891174739E+00 0.774742620243313E+00 0.812322748859374E+00 0.946027245530281E+00
 0.112320290112492E+01 0.939585749187069E+00 0.769519573506318E+00 0.722147925891522E+00 0.769541756412066E+00
 0.939540316804206E+00 0.112321050881264E+01 0.946055341394577E+00 0.812319891174739E+00 0.774742620243313E+00
 0.946817943534796E+00 0.813647343243862E+00 0.776251886841559E+00 0.813650217205226E+00 0.946790037043660E+00
 0.112413051493020E+01 0.940205380118151E+00 0.769171189505658E+00 0.721556276620521E+00 0.769193389072606E+00
 0.940160332226241E+00 0.112413846317232E+01 0.946817943534796E+00 0.813647343243862E+00 0.776251886841559E+00
 0.947598416048364E+00 0.814988766304469E+00 0.777773907670297E+00 0.814991656394936E+00 0.947570697116369E+00
 0.112509219703876E+01 0.940848077389586E+00 0.768844641765573E+00 0.720981643381673E+00 0.768866860549571E+00
 0.940803451388947E+00 0.112510051313167E+01 0.947598416048347E+00 0.814988766304469E+00 0.777773907670297E+00
 0.948401600297379E+00 0.816346076175366E+00 0.779311265790913E+00 0.816348982944134E+00 0.948374072461785E+00
 0.112608460581642E+01 0.941515707535745E+00 0.768537310325075E+00 0.720422086644433E+00 0.768559548474941E+00
 0.941471541407812E+00 0.112609331791337E+01 0.948401600297288E+00 0.816346076175366E+00 0.779311265790913E+00
 0.949225384639991E+00 0.817717962551631E+00 0.780863261983977E+00 0.817720886171805E+00 0.949198046702815E+00
 0.112710503651662E+01 0.942215536523303E+00 0.768247093342492E+00 0.719876030456737E+00 0.768269350990478E+00
 0.942171867564416E+00 0.112711417166211E+01 0.949225384639991E+00 0.817717962551631E+00 0.780863261983977E+00
 0.950067697679208E+00 0.819103311269206E+00 0.782428926345571E+00 0.819106251975003E+00 0.950040549064611E+00
 0.112815149806183E+01 0.942945347863971E+00 0.767972236440313E+00 0.719345966510216E+00 0.767994513389982E+00
 0.942902213151291E+00 0.112816108763997E+01 0.950067697679306E+00 0.819103311269206E+00 0.782428926345570E+00
 0.950926795867193E+00 0.820501174087713E+00 0.784007429993683E+00 0.820504132130244E+00 0.950899836967640E+00
 0.112923015424441E+01 0.943702834950051E+00 0.767712470461222E+00 0.718834375447696E+00 0.767734767386705E+00
 0.943660271796501E+00 0.112924022843672E+01 0.950926795867193E+00 0.820501174087713E+00 0.784007429993683E+00
 0.951802436680809E+00 0.821912011368872E+00 0.785598393850351E+00 0.821914986603803E+00 0.951775665862285E+00
 0.113034200674478E+01 0.944486055197282E+00 0.767473131596947E+00 0.718339367034396E+00 0.767495445105830E+00
 0.944444101124679E+00 0.113035259402727E+01 0.951802436680844E+00 0.821912011368872E+00 0.785598393850351E+00
 0.952697725029167E+00 0.823336767778094E+00 0.787202997139412E+00 0.823339760432566E+00 0.952671143528075E+00
 0.113148443008836E+01 0.945293392015833E+00 0.767253240503267E+00 0.717859333638647E+00 0.767275571292189E+00
 0.945252084657833E+00 0.113149556031851E+01 0.952697725029167E+00 0.823336767778094E+00 0.787202997139412E+00
 0.953611310639527E+00 0.824774541394600E+00 0.788820783027886E+00 0.824777551619379E+00 0.953584919875015E+00
 0.113265520345288E+01 0.946124117773285E+00 0.767050955456590E+00 0.717392900402334E+00 0.767073302256400E+00
 0.946083495085114E+00 0.113266690747323E+01 0.953611310639523E+00 0.824774541394600E+00 0.788820783027886E+00
 0.954541690350441E+00 0.826224562152272E+00 0.790451103717941E+00 0.826227589920688E+00 0.954515487843402E+00
 0.113385244983945E+01 0.946983884204012E+00 0.766864730287239E+00 0.716939646177783E+00 0.766887091908070E+00
 0.946943983680434E+00 0.113386475654898E+01 0.954541690350441E+00 0.826224562152272E+00 0.790451103717941E+00
 0.955487591938840E+00 0.827686171729960E+00 0.792093403514048E+00 0.827689217174362E+00 0.955461578198912E+00
 0.113507554859153E+01 0.947872878988642E+00 0.766693241896166E+00 0.716503558282969E+00 0.766715617193545E+00
 0.947833737741915E+00 0.113508849679707E+01 0.955487591938931E+00 0.827686171729960E+00 0.792093403514047E+00
 0.956448342875284E+00 0.829159071611585E+00 0.793747214339397E+00 0.829162134665425E+00 0.956422516905350E+00
 0.113632885106841E+01 0.948789472969225E+00 0.766537661119533E+00 0.716084074729591E+00 0.766560049980917E+00
 0.948751128320260E+00 0.113634246054990E+01 0.956448342875323E+00 0.829159071611585E+00 0.793747214339397E+00
 0.957425173937464E+00 0.830643136312210E+00 0.795412238170396E+00 0.830646216958327E+00 0.957399535460536E+00
 0.113761143684219E+01 0.949732264925265E+00 0.766401979737637E+00 0.715679807348268E+00 0.766424378805530E+00
 0.949694754420622E+00 0.113762569228688E+01 0.957425173937495E+00 0.830643136312210E+00 0.795412238170396E+00
 0.958417264671450E+00 0.832137854542606E+00 0.797088112948156E+00 0.832140952808190E+00 0.958391815050191E+00
 0.113892160072867E+01 0.950700049632288E+00 0.766284783352886E+00 0.715289530373298E+00 0.766307193758684E+00
 0.950663410872198E+00 0.113893647804112E+01 0.958417264671450E+00 0.832137854542606E+00 0.797088112948156E+00
 0.959423602364134E+00 0.833642776666477E+00 0.798774497999771E+00 0.833645892420634E+00 0.959398339698201E+00
 0.114025785950687E+01 0.951691814902126E+00 0.766184632894963E+00 0.714912164523951E+00 0.766207053678565E+00
 0.951656085888707E+00 0.114027333053199E+01 0.959423602364134E+00 0.833642776666477E+00 0.798774497999771E+00
 0.960443328346083E+00 0.835157516517227E+00 0.800471100424644E+00 0.835160649715744E+00 0.960418251953928E+00
 0.114161892766105E+01 0.952711191606946E+00 0.766100289625476E+00 0.714550015753372E+00 0.766122719742586E+00
 0.952676410824226E+00 0.114163496187255E+01 0.960443328346062E+00 0.835157516517227E+00 0.800471100424644E+00
 0.961475725267224E+00 0.836681109051252E+00 0.802177486712314E+00 0.836684259776528E+00 0.961450835072588E+00
 0.114300534462274E+01 0.953760286507486E+00 0.766030700720270E+00 0.714205142993355E+00 0.766053139741559E+00
 0.953726492270852E+00 0.114302191138212E+01 0.961475725267224E+00 0.836681109051252E+00 0.802177486712314E+00
 0.962520283769307E+00 0.838212331087760E+00 0.803891930201039E+00 0.838215499284798E+00 0.962495579712651E+00
 0.114441918966686E+01 0.954837882070623E+00 0.765979282123638E+00 0.713876255326613E+00 0.766001729054814E+00
 0.954805112880482E+00 0.114443624790109E+01 0.962520283769314E+00 0.838212331087760E+00 0.803891930201038E+00
 0.963576415028462E+00 0.839751029859123E+00 0.805614033322152E+00 0.839754215488536E+00 0.963551897840200E+00
 0.114585929604761E+01 0.955942908589843E+00 0.765947910891199E+00 0.713562220037487E+00 0.765970362495145E+00
 0.955911203041655E+00 0.114587680587982E+01 0.963576415028596E+00 0.839751029859123E+00 0.805614033322153E+00
 0.964643569990901E+00 0.841297080189436E+00 0.807343765604012E+00 0.841300283159414E+00 0.964619239142954E+00
 0.114732455667422E+01 0.957074430748390E+00 0.765935209863373E+00 0.713262013923703E+00 0.765957667302438E+00
 0.957043827407700E+00 0.114734247300262E+01 0.964643569990894E+00 0.841297080189436E+00 0.807343765604012E+00
 0.965721271544557E+00 0.842850371408329E+00 0.809081100188981E+00 0.842853591634584E+00 0.965697126230729E+00
 0.114881399374011E+01 0.958231630535062E+00 0.765939958054507E+00 0.712975838109382E+00 0.765962420057851E+00
 0.958202168431869E+00 0.114883226776603E+01 0.965721271544475E+00 0.842850371408329E+00 0.809081100188982E+00
 0.966808912980210E+00 0.844409108553582E+00 0.810825633551788E+00 0.844412346276760E+00 0.966784953163844E+00
 0.115032676719472E+01 0.959416559719969E+00 0.765961087337246E+00 0.712707619624678E+00 0.765983552522287E+00
 0.959388277573952E+00 0.115034534795315E+01 0.966808912980103E+00 0.844409108553582E+00 0.810825633551788E+00
 0.967903823338291E+00 0.845970727207366E+00 0.812573855566338E+00 0.845973982314473E+00 0.967880049716451E+00
 0.115186299478608E+01 0.960632278005117E+00 0.765998486021338E+00 0.712456712650756E+00 0.766020954380714E+00
 0.960605214460881E+00 0.115188182713846E+01 0.967903823338294E+00 0.845970727207366E+00 0.812573855566338E+00
 0.969005207039255E+00 0.847535430630003E+00 0.814325186071975E+00 0.847538702866610E+00 0.968981617764919E+00
 0.115342242102444E+01 0.961877902143211E+00 0.766056872233997E+00 0.712222011035678E+00 0.766079339967105E+00
 0.961852096031994E+00 0.115344144701120E+01 0.969005207039168E+00 0.847535430630003E+00 0.814325186071975E+00
 0.970113012269169E+00 0.849103429880130E+00 0.816079922999389E+00 0.849106719056428E+00 0.970089606029800E+00
 0.115500435811310E+01 0.963152626049825E+00 0.766136044367648E+00 0.712002517825804E+00 0.766158508737187E+00
 0.963128116407248E+00 0.115502351537113E+01 0.970113012269139E+00 0.849103429880130E+00 0.816079922999389E+00
 0.971227188235281E+00 0.850674915401323E+00 0.817838335646395E+00 0.850678221399743E+00 0.971203964903647E+00
 0.115660819706388E+01 0.964455742316381E+00 0.766234779181126E+00 0.711797490316466E+00 0.766257240594897E+00
 0.964432568144246E+00 0.115662741894867E+01 0.971227188235281E+00 0.850674915401323E+00 0.817838335646395E+00
 0.972347594500366E+00 0.852247834334786E+00 0.819600243180272E+00 0.852251157607472E+00 0.972324554347929E+00
 0.115823340260045E+01 0.965786631157268E+00 0.766351994812068E+00 0.711610988289848E+00 0.766374450921109E+00
 0.965764832242102E+00 0.115825261945735E+01 0.972347594500371E+00 0.852247834334786E+00 0.819600243180272E+00
 0.973472164726012E+00 0.853819236532723E+00 0.821361888874481E+00 0.853822577376475E+00 0.973449303410348E+00
 0.115988043303514E+01 0.967148260118495E+00 0.766486726703555E+00 0.711444130041598E+00 0.766509176343601E+00
 0.967127875800069E+00 0.115989956873610E+01 0.973472164726012E+00 0.853819236532723E+00 0.821361888874480E+00
 0.974600209235544E+00 0.855389623223031E+00 0.823122805148189E+00 0.855392981717782E+00 0.974577518885613E+00
 0.116155352918489E+01 0.968546219129011E+00 0.766642369201971E+00 0.711295789136700E+00 0.766664811867924E+00
 0.968527289512858E+00 0.116157249581381E+01 0.974600209235409E+00 0.855389623223031E+00 0.823122805148189E+00
 0.975731888886988E+00 0.856959494917160E+00 0.824883536024034E+00 0.856962870961132E+00 0.975709359193635E+00
 0.116325269781755E+01 0.969979714564093E+00 0.766823382208204E+00 0.711164975798211E+00 0.766845812214312E+00
 0.969962280003635E+00 0.116327141683495E+01 0.975731888887028E+00 0.856959494917160E+00 0.824883536024032E+00
 0.976867395935487E+00 0.858529321998017E+00 0.826644590176797E+00 0.858532715365930E+00 0.976845014077904E+00
 0.116497734979238E+01 0.971447948853506E+00 0.767028483290273E+00 0.711050789770551E+00 0.767050901623879E+00
 0.971432050013101E+00 0.116499572985440E+01 0.976867395935277E+00 0.858529321998017E+00 0.826644590176798E+00
 0.978007073621370E+00 0.860099773521651E+00 0.828406488258634E+00 0.860103184568483E+00 0.977984831003607E+00
 0.116672698524681E+01 0.972950252267782E+00 0.767256468413626E+00 0.710956471293793E+00 0.767278876724700E+00
 0.972935929707774E+00 0.116674493175470E+01 0.978007073621370E+00 0.860099773521651E+00 0.828406488258633E+00
 0.979155846466494E+00 0.861671569632610E+00 0.830170030896610E+00 0.861674999618420E+00 0.979133738376100E+00
 0.116850120273785E+01 0.974486080927790E+00 0.767506315039886E+00 0.710886794356350E+00 0.767528711021271E+00
 0.974473377031755E+00 0.116851863131598E+01 0.979155846466358E+00 0.861671569632610E+00 0.830170030896610E+00
 0.980315878051633E+00 0.863245129329042E+00 0.831935750778658E+00 0.863248579667927E+00 0.980293906833886E+00
 0.117031063459744E+01 0.976062870257664E+00 0.767778604922295E+00 0.710840600995318E+00 0.767800990065951E+00
 0.976051825216382E+00 0.117032742346030E+01 0.980315878051599E+00 0.863245129329042E+00 0.831935750778658E+00
 0.981486885281580E+00 0.864820892874765E+00 0.833704116083094E+00 0.864824364575780E+00 0.981465048787275E+00
 0.117216701580765E+01 0.977692049555515E+00 0.768082633991393E+00 0.710816876017347E+00 0.768105004783162E+00
 0.977682705452904E+00 0.117218304972332E+01 0.981486885281580E+00 0.864820892874765E+00 0.833704116083093E+00
 0.982668714633949E+00 0.866399301732268E+00 0.835475589432201E+00 0.866402795250336E+00 0.982646998862306E+00
 0.117406910864587E+01 0.979372557741232E+00 0.768419039653539E+00 0.710814721406217E+00 0.768441391401468E+00
 0.979364955723196E+00 0.117408428083652E+01 0.982668714633949E+00 0.866399301732268E+00 0.835475589432200E+00
 0.983861441521846E+00 0.867984261012771E+00 0.837251305287214E+00 0.867987776575730E+00 0.983839833941066E+00
 0.117601583187744E+01 0.981103377968963E+00 0.768786512904441E+00 0.710835848961434E+00 0.768808850003890E+00
 0.981097560150383E+00 0.117603001367997E+01 0.983861441521846E+00 0.867984261012771E+00 0.837251305287213E+00
 0.985075295440133E+00 0.869579957361163E+00 0.839036678372997E+00 0.869583496505857E+00 0.985053788013775E+00
 0.117800621180851E+01 0.982883707588306E+00 0.769183916147039E+00 0.710887829153076E+00 0.769206239751870E+00
 0.982879715705585E+00 0.117801936131583E+01 0.985075295440135E+00 0.869579957361163E+00 0.839036678372997E+00
 0.986315881583720E+00 0.871186449026411E+00 0.840832891160452E+00 0.871190013897474E+00 0.986294482562743E+00
 0.118004286991119E+01 0.984712958653970E+00 0.769610356139519E+00 0.710970146575350E+00 0.769632666174425E+00
 0.984710833986481E+00 0.118005499331524E+01 0.986315881583729E+00 0.871186449026411E+00 0.840832891160452E+00
 0.987582192799755E+00 0.872803847956570E+00 0.842640118222071E+00 0.872807440211121E+00 0.987560906106920E+00
 0.118215190084985E+01 0.986605222373036E+00 0.770073986674026E+00 0.711081760548363E+00 0.770096283898233E+00
 0.986604932231046E+00 0.118216295892703E+01 0.987582192799757E+00 0.872803847956570E+00 0.842640118222071E+00
 0.988873477660528E+00 0.874432339487363E+00 0.844458589590786E+00 0.874435959893644E+00 0.988852288416825E+00
 0.118433731357337E+01 0.988572000726784E+00 0.770580191121847E+00 0.711221793129130E+00 0.770602469105625E+00
 0.988573481200372E+00 0.118434732339203E+01 0.988873477660573E+00 0.874432339487363E+00 0.844458589590786E+00
 0.990189257088703E+00 0.876079396857706E+00 0.846290228585112E+00 0.876083045325124E+00 0.990168148064690E+00
 0.118659738255447E+01 0.990612048813661E+00 0.771127705515388E+00 0.711390884651993E+00 0.771149965776123E+00
 0.990615234058979E+00 0.118660634084862E+01 0.990189257088601E+00 0.876079396857706E+00 0.846290228585112E+00
 0.991543526817120E+00 0.877751345384627E+00 0.848144629055993E+00 0.877755023533529E+00 0.991522483978499E+00
 0.118893065151153E+01 0.992724414283655E+00 0.771715392040933E+00 0.711597551318640E+00 0.771737640474518E+00
 0.992729239520010E+00 0.118893856243273E+01 0.991543526817120E+00 0.877751345384627E+00 0.848144629055993E+00
 0.992945448416317E+00 0.879447781889758E+00 0.850023052059837E+00 0.879451492372174E+00 0.992924484241195E+00
 0.119133593548297E+01 0.994908402662037E+00 0.772342317833820E+00 0.711842381320710E+00 0.772364555027277E+00
 0.994914805944776E+00 0.119134282821063E+01 0.992945448416282E+00 0.879447781889758E+00 0.850023052059836E+00
 0.994393266172733E+00 0.881168395717320E+00 0.851925298381663E+00 0.881172140747230E+00 0.994372391594028E+00
 0.119383336802555E+01 0.997165179500759E+00 0.773012879432312E+00 0.712124390756733E+00 0.773035107406517E+00
 0.997173095520672E+00 0.119383920011054E+01 0.994393266172761E+00 0.881168395717320E+00 0.851925298381664E+00
 0.995885546236026E+00 0.882913114131572E+00 0.853851259323100E+00 0.882916894673791E+00 0.995864747403635E+00
 0.119644606629949E+01 0.999516750384640E+00 0.773737042496471E+00 0.712442769250391E+00 0.773759257268494E+00
 0.999526116557315E+00 0.119645084671521E+01 0.995885546236039E+00 0.882913114131572E+00 0.853851259323101E+00
 0.997421235105765E+00 0.884693837557856E+00 0.855804335544113E+00 0.884697653271185E+00 0.997400491419800E+00
 0.119917199741686E+01 0.100196930132905E+01 0.774514077041233E+00 0.712797725222442E+00 0.774536277455751E+00
 0.100198005658517E+01 0.119917574362993E+01 0.997421235105864E+00 0.884693837557856E+00 0.855804335544113E+00
 0.999017684912077E+00 0.886517695139090E+00 0.857797891426819E+00 0.886521547503459E+00 0.998996974982643E+00
 0.120200943228858E+01 0.100452205265601E+01 0.775343020731759E+00 0.713197795644552E+00 0.775365212379481E+00
 0.100453413358014E+01 0.120201214705285E+01 0.999017684912045E+00 0.886517695139090E+00 0.857797891426820E+00
 0.100068732166108E+01 0.888383827832639E+00 0.859832688331308E+00 0.888387719733166E+00 0.100066665982705E+01
 0.120495700397016E+01 0.100717454811266E+01 0.776223092096121E+00 0.713644498720827E+00 0.776245280339141E+00
 0.100718789590170E+01 0.120495872059551E+01 0.100068732166105E+01 0.888383827832639E+00 0.859832688331308E+00
 0.100242777707069E+01 0.890291509704564E+00 0.861908162964173E+00 0.890295443713477E+00 0.100240717999396E+01
 0.120802187080324E+01 0.100992662723191E+01 0.777156695698138E+00 0.714137020521768E+00 0.777178882272858E+00
 0.100994118343719E+01 0.120802257361147E+01 0.100242777707070E+01 0.890291509704564E+00 0.861908162964174E+00
 0.100423704894053E+01 0.892240877266966E+00 0.864023870446957E+00 0.892244854348783E+00 0.100421650453778E+01
 0.121124317485938E+01 0.101278767699966E+01 0.778155316858664E+00 0.714674718795627E+00 0.778177500650268E+00
 0.101280338039103E+01 0.121124284839216E+01 0.100423704894053E+01 0.892240877266966E+00 0.864023870446957E+00
 0.100611366845038E+01 0.894249113463970E+00 0.866186178593820E+00 0.894253133121182E+00 0.100609315253314E+01
 0.121462457694799E+01 0.101578063291628E+01 0.779219488352097E+00 0.715257893586387E+00 0.779241666683819E+00
 0.101579742920507E+01 0.121462325889798E+01 0.100611366845038E+01 0.894249113463970E+00 0.866186178593820E+00
 0.100807908205824E+01 0.896322643390789E+00 0.868411127708120E+00 0.896326707022992E+00 0.100805856768042E+01
 0.121816466893580E+01 0.101890649579573E+01 0.780348614897039E+00 0.715894944307574E+00 0.780370793373211E+00
 0.101892432752175E+01 0.121816236787688E+01 0.100807908205823E+01 0.896322643390789E+00 0.868411127708119E+00
 0.101014787539590E+01 0.898460248809961E+00 0.870698531115219E+00 0.898464359455130E+00 0.101012737945510E+01
 0.122186250236734E+01 0.102216557403658E+01 0.781542267408926E+00 0.716587708231503E+00 0.781564453120142E+00
 0.102218438623249E+01 0.122185925025077E+01 0.101014787539588E+01 0.898460248809961E+00 0.870698531115218E+00
 0.101231733981882E+01 0.900660888617882E+00 0.873047555596509E+00 0.900665049071701E+00 0.101229688341584E+01
 0.122571915332624E+01 0.102555854661405E+01 0.782802397879029E+00 0.717335670128095E+00 0.782824594488087E+00
 0.102557828727397E+01 0.122571495919566E+01 0.101231733981882E+01 0.900660888617882E+00 0.873047555596509E+00
 0.101458519340325E+01 0.902926282103291E+00 0.875457524154214E+00 0.902930493121475E+00 0.101456476649255E+01
 0.122977531162067E+01 0.102908822472936E+01 0.784140585206602E+00 0.718138486289597E+00 0.784162793034219E+00
 0.102910884045418E+01 0.122977014568421E+01 0.101458519340340E+01 0.902926282103291E+00 0.875457524154214E+00
 0.101695011004584E+01 0.905279199977417E+00 0.877940755100268E+00 0.905283460902909E+00 0.101692968602582E+01
 0.123404842154377E+01 0.103278026006130E+01 0.785558353057044E+00 0.718997093745294E+00 0.785580570729380E+00
 0.103280170207200E+01 0.123404233488832E+01 0.101695011004580E+01 0.905279199977417E+00 0.877940755100269E+00
 0.101943955303689E+01 0.907723881536343E+00 0.880513165207613E+00 0.907728193594857E+00 0.101941910093455E+01
 0.123853835221755E+01 0.103664379501738E+01 0.787055684318717E+00 0.719919825861173E+00 0.787077918443157E+00
 0.103666601389494E+01 0.123853136385203E+01 0.101943955303676E+01 0.907723881536343E+00 0.880513165207613E+00
 0.102206816245547E+01 0.910258958499463E+00 0.883173721126325E+00 0.910263324600289E+00 0.102204769940882E+01
 0.124324556717805E+01 0.104068063850949E+01 0.788632736878279E+00 0.720908211537942E+00 0.788654995832470E+00
 0.104070358493199E+01 0.124323770935043E+01 0.102206816245540E+01 0.910258958499463E+00 0.883173721126325E+00
 0.102483333904361E+01 0.912883292907091E+00 0.885921525411318E+00 0.912887715687005E+00 0.102481288470984E+01
 0.124817114800661E+01 0.104489308133949E+01 0.790292294929719E+00 0.721962182643958E+00 0.790314584189155E+00
 0.104491670811814E+01 0.124816244235072E+01 0.102483333904356E+01 0.912883292907091E+00 0.885921525411316E+00
 0.102773299694931E+01 0.915603415464763E+00 0.888756452527545E+00 0.915607894988045E+00 0.102771253747382E+01
 0.125335052314724E+01 0.104928398175481E+01 0.792045720566370E+00 0.723081844321488E+00 0.792068039633909E+00
 0.104930824358259E+01 0.125334094166382E+01 0.102773299694932E+01 0.915603415464763E+00 0.888756452527545E+00
 0.103076762725171E+01 0.918446010925568E+00 0.891700822499335E+00 0.918450547103801E+00 0.103074713116708E+01
 0.125881774831420E+01 0.105387518450848E+01 0.793894894660229E+00 0.724269572936475E+00 0.793917242788988E+00
 0.105390003682369E+01 0.125880734910443E+01 0.103076762725172E+01 0.918446010925568E+00 0.891700822499334E+00
 0.103397298141623E+01 0.921412274589805E+00 0.894765581771915E+00 0.921416869223358E+00 0.103395242568054E+01
 0.126457545422891E+01 0.105868467738014E+01 0.795840636727844E+00 0.725533186742217E+00 0.795863019711712E+00
 0.105871007638896E+01 0.126456426645207E+01 0.103397298141642E+01 0.921412274589805E+00 0.894765581771914E+00
 0.103736091323351E+01 0.924501052421975E+00 0.897949850726697E+00 0.924505708822378E+00 0.103734032775579E+01
 0.127062711496010E+01 0.106371683884452E+01 0.797883978385400E+00 0.726873724789270E+00 0.797906403225809E+00
 0.106374273742684E+01 0.127061517446562E+01 0.103736091323351E+01 0.924501052421975E+00 0.897949850726697E+00
 0.104092964583101E+01 0.927711488376423E+00 0.901253027127141E+00 0.927716209462629E+00 0.104090905616319E+01
 0.127697709343928E+01 0.106897671200700E+01 0.800029865318089E+00 0.728291740054854E+00 0.800052338914245E+00
 0.106900306655563E+01 0.127696442388602E+01 0.104092964583104E+01 0.927711488376423E+00 0.901253027127142E+00
 0.104467804742971E+01 0.931061825920438E+00 0.904680137947833E+00 0.931066610441727E+00 0.104465744428375E+01
 0.128366069537005E+01 0.107447003533477E+01 0.802288418157691E+00 0.729787969375548E+00 0.802310945400469E+00
 0.107449681596376E+01 0.128364728648691E+01 0.104467804742983E+01 0.931061825920438E+00 0.904680137947833E+00
 0.104861306638915E+01 0.934575704932845E+00 0.908261478774682E+00 0.934580552147459E+00 0.104859242088003E+01
 0.129072372660124E+01 0.108021900431088E+01 0.804661708588946E+00 0.731367519352994E+00 0.804684296607397E+00
 0.108024620757349E+01 0.129070964220483E+01 0.104861306638915E+01 0.934575704932845E+00 0.908261478774683E+00
 0.105277849241534E+01 0.938252466362905E+00 0.912001473729729E+00 0.938257377085063E+00 0.105275777053213E+01
 0.129817419085512E+01 0.108624659057389E+01 0.807151748484053E+00 0.733036278249558E+00 0.807174408269606E+00
 0.108627420971774E+01 0.129815946525602E+01 0.105277849241541E+01 0.938252466362905E+00 0.912001473729729E+00
 0.105718114059029E+01 0.942091775244425E+00 0.915900048804567E+00 0.942096751244581E+00 0.105716034731658E+01
 0.130602123238324E+01 0.109256125431173E+01 0.809760883352085E+00 0.734795439335213E+00 0.809783628973200E+00
 0.109258928266581E+01 0.130600590236804E+01 0.105718114059019E+01 0.942091775244425E+00 0.915900048804567E+00
 0.106182120198212E+01 0.946096543945707E+00 0.919957507828849E+00 0.946101585666068E+00 0.106180032687972E+01
 0.131427539005792E+01 0.109917246674415E+01 0.812498927961445E+00 0.736646402812469E+00 0.812521769959984E+00
 0.109920089707241E+01 0.131425947164692E+01 0.106182120198209E+01 0.946096543945707E+00 0.919957507828848E+00
 0.106669971519587E+01 0.950302899939160E+00 0.924195595097785E+00 0.950308006960422E+00 0.106667871480683E+01
 0.132298603002213E+01 0.110609105678549E+01 0.815373792934806E+00 0.738591432741609E+00 0.815396736207968E+00
 0.110611988037845E+01 0.132296955004068E+01 0.106669971519604E+01 0.950302899939160E+00 0.924195595097785E+00
 0.107184147813949E+01 0.954722000695898E+00 0.928640430664431E+00 0.954727174869491E+00 0.107182031862645E+01
 0.133220384623934E+01 0.111334415715147E+01 0.818388822519194E+00 0.740637720470806E+00 0.818411871529984E+00
 0.111337335241524E+01 0.133218689505415E+01 0.107184147813937E+01 0.954722000695898E+00 0.928640430664429E+00
 0.107728857146189E+01 0.959354736584146E+00 0.933293188273067E+00 0.959359981344914E+00 0.107726729685969E+01
 0.134194593877498E+01 0.112095449463554E+01 0.821547740465574E+00 0.742788510647313E+00 0.821570903591982E+00
 0.112098404310963E+01 0.134192858064231E+01 0.107728857146185E+01 0.959354736584146E+00 0.933293188273068E+00
 0.108304469710072E+01 0.964202569477406E+00 0.938155530510348E+00 0.964207888578448E+00 0.108302336844997E+01
 0.135223166351348E+01 0.112893739281640E+01 0.824854581413463E+00 0.745046084708915E+00 0.824877865748970E+00
 0.112896727131516E+01 0.135221396673350E+01 0.108304469710076E+01 0.964202569477406E+00 0.938155530510349E+00
 0.108911390715159E+01 0.969285009265923E+00 0.943235419666355E+00 0.969290402139473E+00 0.108909256893606E+01
 0.136308387126293E+01 0.113730976406205E+01 0.828313639766051E+00 0.747412953562131E+00 0.828337045160743E+00
 0.113733994625354E+01 0.136306588759740E+01 0.108911390715159E+01 0.969285009265923E+00 0.943235419666356E+00
 0.109550375654315E+01 0.974632036940915E+00 0.948566765845458E+00 0.974637500769716E+00 0.109548243614307E+01
 0.137454626498950E+01 0.114608773674611E+01 0.831930009804521E+00 0.749889391810018E+00 0.831953535081031E+00
 0.114611819762850E+01 0.137452803584128E+01 0.109550375654315E+01 0.974632036940915E+00 0.948566765845459E+00
 0.110224862273185E+01 0.980247066154374E+00 0.954157469771315E+00 0.980252598857198E+00 0.110222736396758E+01
 0.138665354579816E+01 0.115527664743262E+01 0.835709273787439E+00 0.752476308808538E+00 0.835732914498778E+00
 0.115530735629201E+01 0.138663512217018E+01 0.110224862273185E+01 0.980247066154374E+00 0.954157469771315E+00
 0.110936402609911E+01 0.986133881257882E+00 0.960011421406398E+00 0.986139481355353E+00 0.110934289650375E+01
 0.139943662137812E+01 0.116489633603097E+01 0.839656978279144E+00 0.755176950847699E+00 0.839680730320004E+00
 0.116492725838264E+01 0.139941805782194E+01 0.110936402609898E+01 0.986133881257882E+00 0.960011421406398E+00
 0.111685861097252E+01 0.992298144924992E+00 0.966133291740717E+00 0.992303810376670E+00 0.111683768603788E+01
 0.141292993425600E+01 0.117497117525046E+01 0.843771888548030E+00 0.757994767084333E+00 0.843795761434629E+00
 0.117500227164469E+01 0.141291128943325E+01 0.111685861097252E+01 0.992298144924992E+00 0.966133291740728E+00
 0.112474224663941E+01 0.998750170649333E+00 0.972530403279125E+00 0.998755896587571E+00 0.112472160635518E+01
 0.142715352044443E+01 0.118552755100622E+01 0.848058008468342E+00 0.760931967174661E+00 0.848082018094883E+00
 0.118555877795670E+01 0.142713484626418E+01 0.112474224663942E+01 0.998750170649333E+00 0.972530403279125E+00
 0.113301282655153E+01 0.100549651774209E+01 0.979209481834162E+00 0.100550229876217E+01 0.113299252575541E+01
 0.144210833430552E+01 0.119656989438848E+01 0.852522485489159E+00 0.763989788383678E+00 0.852546642957971E+00
 0.119660120004750E+01 0.144208968815461E+01 0.113301282655153E+01 0.100549651774209E+01 0.979209481834163E+00
 0.114167139815981E+01 0.101254385909083E+01 0.986177106961009E+00 0.101254968962388E+01 0.114165146005620E+01
 0.145783596783915E+01 0.120811235328129E+01 0.857172900984331E+00 0.767172249479656E+00 0.857197216263801E+00
 0.120814368042473E+01 0.145781742456634E+01 0.114167139815981E+01 0.101254385909083E+01 0.986177106961009E+00
 0.115073128767011E+01 0.101989391890094E+01 0.993439468692448E+00 0.101989979466997E+01 0.115071174863317E+01
 0.147438386652519E+01 0.122018763085370E+01 0.862016991675564E+00 0.770483650593548E+00 0.862041473582409E+00
 0.122021891508331E+01 0.147436550844624E+01 0.115073128767028E+01 0.101989391890094E+01 0.993439468692447E+00
 0.116020705876731E+01 0.102751880469078E+01 0.100097143437595E+01 0.102752472180537E+01 0.116018797879492E+01
 0.149178388055692E+01 0.123283135765555E+01 0.867063132157978E+00 0.773930710010937E+00 0.867087789891999E+00
 0.123286253268772E+01 0.149176578626892E+01 0.116020705876729E+01 0.102751880469078E+01 0.100097143437594E+01
 0.117007271929814E+01 0.103542040649860E+01 0.100876544810191E+01 0.103542635961567E+01 0.117005415087535E+01
 0.150998825033619E+01 0.124606188658325E+01 0.872320388884720E+00 0.777522290909935E+00 0.872345229248356E+00
 0.124609287921110E+01 0.150997050300224E+01 0.117007271929829E+01 0.103542040649860E+01 0.100876544810191E+01
 0.118029593752457E+01 0.104360736493151E+01 0.101682978616345E+01 0.104361334821610E+01 0.118027789744514E+01
 0.152903678354425E+01 0.125989778479554E+01 0.877798785502726E+00 0.781263555131525E+00 0.877823816951563E+00
 0.125992851715301E+01 0.152901948126666E+01 0.118029593752472E+01 0.104360736493151E+01 0.101682978616345E+01
 0.119089239633813E+01 0.105206932104338E+01 0.102516590347325E+01 0.105207533128277E+01 0.119087491771937E+01
 0.154898793252667E+01 0.127438343815426E+01 0.883515512745418E+00 0.785159892461369E+00 0.883540737012426E+00
 0.127441381948657E+01 0.154897118910277E+01 0.119089239633814E+01 0.105206932104338E+01 0.102516590347325E+01
 0.120187723771419E+01 0.106074260663284E+01 0.103370976920115E+01 0.106074864007489E+01 0.120186038326820E+01
 0.156986844082522E+01 0.128956708887630E+01 0.889484233934105E+00 0.789225362479583E+00 0.889509654509195E+00
 0.128959703957866E+01 0.156985235869983E+01 0.120187723771406E+01 0.106074260663284E+01 0.103370976920115E+01
 0.121317485502396E+01 0.106962847780108E+01 0.104245039413720E+01 0.106963452867246E+01 0.121315864747638E+01
 0.159158811341062E+01 0.130547416791912E+01 0.895716934062233E+00 0.793473289860896E+00 0.895742550062605E+00
 0.130550358918772E+01 0.159157281012751E+01 0.121317485502381E+01 0.106962847780108E+01 0.104245039413720E+01
 0.122474554517488E+01 0.107873509962474E+01 0.105139541043648E+01 0.107874116216677E+01 0.122472996432544E+01
 0.161418936647657E+01 0.132214296632407E+01 0.902230583108187E+00 0.797910290884524E+00 0.902256402863529E+00
 0.132217175734644E+01 0.161417496014833E+01 0.122474554517489E+01 0.107873509962474E+01 0.105139541043648E+01
 0.123660334760386E+01 0.108799329509934E+01 0.106050367867822E+01 0.108799936936826E+01 0.123658840154701E+01
 0.163773602523838E+01 0.133963524511347E+01 0.909054317057088E+00 0.802546413050744E+00 0.909080369771505E+00
 0.133966330699746E+01 0.163772264502994E+01 0.123660334760375E+01 0.108799329509934E+01 0.106050367867821E+01
 0.124872461456876E+01 0.109734152875810E+01 0.106968858817243E+01 0.109734761111777E+01 0.124871034071445E+01
 0.166217229776722E+01 0.135801269068917E+01 0.916205100128036E+00 0.807407934378324E+00 0.916231412780405E+00
 0.135803991507480E+01 0.166216011717924E+01 0.124872461456875E+01 0.109734152875810E+01 0.106968858817244E+01
 0.126097119783880E+01 0.110678502298975E+01 0.107895241733716E+01 0.110679110920230E+01 0.126095764726762E+01
 0.168740921238524E+01 0.137731554016795E+01 0.923700617057502E+00 0.812506663171275E+00 0.923727218230625E+00
 0.137734180784008E+01 0.168739844408697E+01 0.126097119783880E+01 0.110678502298975E+01 0.107895241733716E+01
 0.127333568487632E+01 0.111627800535995E+01 0.108827123002168E+01 0.111628409636074E+01 0.127332292863119E+01
 0.171350027296547E+01 0.139761990911419E+01 0.931579615682595E+00 0.817852488657691E+00 0.931606498160707E+00
 0.139764509902910E+01 0.171349116238625E+01 0.127333568487632E+01 0.111627800535995E+01 0.108827123002169E+01
 0.128580825743892E+01 0.112568756170044E+01 0.109750515568618E+01 0.112569361322551E+01 0.128579638872867E+01
 0.174043844770667E+01 0.141901428026781E+01 0.939871714415666E+00 0.823475543554924E+00 0.939898850234800E+00
 0.141903827214815E+01 0.174043125520952E+01 0.128580825743886E+01 0.112568756170044E+01 0.109750515568619E+01
 0.129821545171665E+01 0.113500747238090E+01 0.110663491611661E+01 0.113501339966629E+01 0.129820436416147E+01
 0.176802541453432E+01 0.144155585956877E+01 0.948600259059915E+00 0.829397007816824E+00 0.948627622158323E+00
 0.144157857227461E+01 0.176802030856583E+01 0.129821545171665E+01 0.113500747238090E+01 0.110663491611662E+01
 0.131051094609908E+01 0.114419961445771E+01 0.111563824582008E+01 0.114420535417063E+01 0.131050048011138E+01
 0.179627004589022E+01 0.146533525529943E+01 0.957805773395378E+00 0.835630039401801E+00 0.957833350600358E+00
 0.146535662809799E+01 0.179626721766513E+01 0.131051094609905E+01 0.114419961445771E+01 0.111563824582008E+01
 0.132268582762253E+01 0.115315222632211E+01 0.112440429456041E+01 0.115315779047692E+01 0.132267585829815E+01
 0.182519282263101E+01 0.149047503210269E+01 0.967527001399768E+00 0.842205006224306E+00 0.967554785756128E+00
 0.149049500744882E+01 0.182519251506733E+01 0.132268582762244E+01 0.115315222632211E+01 0.112440429456041E+01
 0.133467191657754E+01 0.116185902320574E+01 0.113291821844401E+01 0.116186443124913E+01 0.133466233663595E+01
 0.185477384447732E+01 0.151711549773021E+01 0.977798256011276E+00 0.849146252668058E+00 0.977826242547165E+00
 0.151713402637435E+01 0.185477631624072E+01 0.133467191657757E+01 0.116185902320574E+01 0.113291821844401E+01
 0.134645777524481E+01 0.117032753382982E+01 0.114118683474720E+01 0.117033280600284E+01 0.134644845804281E+01
 0.188504701050471E+01 0.154541660816404E+01 0.988679638758974E+00 0.856475451046678E+00 0.988707811832641E+00
 0.154543363992330E+01 0.188505252528228E+01 0.134645777524470E+01 0.117032753382982E+01 0.114118683474719E+01
 0.135809581402975E+01 0.117856813916532E+01 0.114922313761138E+01 0.117857329801148E+01 0.135808666677130E+01
 0.191622647659842E+01 0.157558813703693E+01 0.100022350509323E+01 0.864235380761748E+00 0.100025184384887E+01
 0.157560362354659E+01 0.191623543562400E+01 0.135809581402969E+01 0.117856813916532E+01 0.114922313761138E+01
 0.136969115100723E+01 0.118660776975317E+01 0.115704541935790E+01 0.118661283639651E+01 0.136968213714503E+01
 0.194865315158196E+01 0.160797414894965E+01 0.101249454859605E+01 0.872455657448948E+00 0.101252303933690E+01
 0.160798809206647E+01 0.194866607149783E+01 0.136969115100716E+01 0.118660776975317E+01 0.115704541935790E+01
 0.138129596935356E+01 0.119457299329013E+01 0.116477291106688E+01 0.119457799030067E+01 0.138128700916486E+01
 0.198254242184605E+01 0.164287760262419E+01 0.102558593099674E+01 0.881184487125110E+00 0.102561456011137E+01
 0.164288999022833E+01 0.198255956345742E+01 0.138129596935359E+01 0.119457299329013E+01 0.116477291106688E+01
 0.139317280864048E+01 0.120250748021031E+01 0.117244994470907E+01 0.120251243146758E+01 0.139316385072041E+01
 0.201866870017483E+01 0.168083056101934E+01 0.103958164697516E+01 0.890473797819326E+00 0.103961041655315E+01
 0.168084137513552E+01 0.201868939885872E+01 0.139317280864065E+01 0.120250748021031E+01 0.117244994470907E+01
 0.140543336467456E+01 0.121061842344111E+01 0.118026052898080E+01 0.121062334876490E+01 0.140542428794057E+01
 0.205748738371483E+01 0.172239536207953E+01 0.105461763481543E+01 0.900381849247878E+00 0.105464661464189E+01
 0.172240453631065E+01 0.205751068475475E+01 0.140543336467456E+01 0.121061842344111E+01 0.118026052898079E+01
 0.141844810411349E+01 0.121901180031539E+01 0.118831609524369E+01 0.121901672253670E+01 0.141843888246634E+01
 0.210013780287280E+01 0.176834111293070E+01 0.107081692583647E+01 0.910984855533691E+00 0.107084618359483E+01
 0.176834858649783E+01 0.210016269100765E+01 0.141844810411349E+01 0.121901180031539E+01 0.118831609524369E+01
 0.143243119583455E+01 0.122794121705159E+01 0.119684328436455E+01 0.122794615055018E+01 0.143242175596603E+01
 0.214751380595734E+01 0.181959283146882E+01 0.108833476720502E+01 0.922342665195690E+00 0.108836428230912E+01
 0.181959853966030E+01 0.214753901346220E+01 0.143243119583449E+01 0.122794121705159E+01 0.119684328436454E+01
 0.144778495051458E+01 0.123756168223179E+01 0.120599719939736E+01 0.123756664270022E+01 0.144777530320355E+01
 0.220092028079187E+01 0.187704745001348E+01 0.110729581288878E+01 0.934520802418826E+00 0.110732554409813E+01
 0.187705136583546E+01 0.220094458264391E+01 0.144778495051444E+01 0.123756168223179E+01 0.120599719939737E+01
 0.146477871320151E+01 0.124812870386983E+01 0.121601905478784E+01 0.124813370458663E+01 0.146476883345076E+01
 0.226150498867295E+01 0.194172292303022E+01 0.112778281354614E+01 0.947511890418002E+00 0.112781268799091E+01
 0.194172505014706E+01 0.226152701282296E+01 0.146477871320150E+01 0.124812870386983E+01 0.121601905478784E+01
 0.148377313466573E+01 0.125982512554340E+01 0.122708466460312E+01 0.125983018066445E+01 0.148376298793258E+01
 0.233052993474203E+01 0.201437882817814E+01 0.114978002150961E+01 0.961305689272721E+00 0.114980997477959E+01
 0.201437913077798E+01 0.233054850447811E+01 0.148377313466562E+01 0.125982512554340E+01 0.122708466460312E+01
 0.150511891261907E+01 0.127289297972940E+01 0.123943213192459E+01 0.127289810655562E+01 0.150510876375095E+01
 0.240929488617744E+01 0.209568195703027E+01 0.117325698550808E+01 0.975815843171669E+00 0.117328698581783E+01
 0.209568033721745E+01 0.240931009319751E+01 0.150511891261884E+01 0.127289297972940E+01 0.123943213192459E+01
 0.152921932753934E+01 0.128759045085713E+01 0.125331083547149E+01 0.128759566967033E+01 0.152920948266951E+01
 0.249947534431898E+01 0.218633992443970E+01 0.119812141536100E+01 0.990949460742073E+00 0.119815146026479E+01
 0.218633617781355E+01 0.249948762285613E+01 0.152921932753928E+01 0.128759045085713E+01 0.125331083547149E+01
 0.155657432519396E+01 0.130420101072855E+01 0.126899172401795E+01 0.130420634558585E+01 0.155656488405425E+01
 0.260335570572950E+01 0.228726828796653E+01 0.122431717720339E+01 0.100663957256776E+01 0.122434727245773E+01
 0.228726211527756E+01 0.260336548106672E+01 0.155657432519406E+01 0.130420101072855E+01 0.126899172401794E+01
 0.158779060224491E+01 0.132304449307169E+01 0.128677560180243E+01 0.132304997181545E+01 0.158778119743058E+01
 0.272420620026774E+01 0.239990601423728E+01 0.125187422272754E+01 0.102286646232201E+01 0.125190440874174E+01
 0.239989716975984E+01 0.272421386697608E+01 0.158779060224510E+01 0.132304449307169E+01 0.128677560180242E+01
 0.162362162539408E+01 0.134448460047577E+01 0.130699802765288E+01 0.134449025377571E+01 0.162361184809475E+01
 0.286677624968900E+01 0.252648434474668E+01 0.128093267280239E+01 0.103967377664571E+01 0.128096303173482E+01
 0.252647345532249E+01 0.286678209231783E+01 0.162362162539403E+01 0.134448460047577E+01 0.130699802765288E+01
 0.166502108803729E+01 0.136894533172133E+01 0.133004214523154E+01 0.136895119242682E+01 0.166501040090640E+01
 0.303802786587064E+01 0.267041862937720E+01 0.131179368644010E+01 0.105718851455638E+01 0.131182399312455E+01
 0.267040988712928E+01 0.303803355320749E+01 0.166502108803729E+01 0.136894533172133E+01 0.133004214523154E+01
