    1    1 30600    1.00
  -8.1411435e-01    9.2774795e-01    3.0699253e+00
  -8.1435161e-01    9.2769742e-01    3.0658307e+00
  -8.1458886e-01    9.2764689e-01    3.0617362e+00
  -8.1482611e-01    9.2759636e-01    3.0576416e+00
  -8.1506337e-01    9.2754582e-01    3.0535470e+00
  -8.1530062e-01    9.2749529e-01    3.0494524e+00
  -8.1552788e-01    9.2744476e-01    3.0453574e+00
  -8.1576514e-01    9.2738422e-01    3.0412628e+00
  -8.1600239e-01    9.2733369e-01    3.0371682e+00
  -8.1623964e-01    9.2728316e-01    3.0330736e+00
  -8.1647690e-01    9.2723263e-01    3.0289790e+00
  -8.1671415e-01    9.2718209e-01    3.0248844e+00
  -8.1694141e-01    9.2713156e-01    3.0207895e+00
  -8.1717866e-01    9.2708103e-01    3.0166949e+00
  -8.1741592e-01    9.2703049e-01    3.0126003e+00
  -8.1765317e-01    9.2697996e-01    3.0085057e+00
  -8.1789042e-01    9.2691943e-01    3.0044111e+00
  -8.1813127e-01    9.2686961e-01    3.0002165e+00
  -8.1835853e-01    9.2681908e-01    2.9961216e+00
  -8.1859578e-01    9.2676855e-01    2.9920270e+00
  -8.1883304e-01    9.2671802e-01    2.9879324e+00
  -8.1907029e-01    9.2666748e-01    2.9838378e+00
  -8.1930754e-01    9.2661695e-01    2.9797432e+00
  -8.1954480e-01    9.2656642e-01    2.9756486e+00
  -8.1977206e-01    9.2651588e-01    2.9715537e+00
  -8.2000931e-01    9.2645535e-01    2.9674590e+00
  -8.2024657e-01    9.2640482e-01    2.9633644e+00
  -8.2048382e-01    9.2635429e-01    2.9592699e+00
  -8.2072107e-01    9.2630375e-01    2.9551753e+00
  -8.2095833e-01    9.2625322e-01    2.9510807e+00
  -8.2118559e-01    9.2620269e-01    2.9469857e+00
  -8.2142284e-01    9.2615215e-01    2.9428911e+00
  -8.2166009e-01    9.2610162e-01    2.9387966e+00
  -8.2189735e-01    9.2604109e-01    2.9347019e+00
  -8.2213460e-01    9.2599056e-01    2.9306073e+00
  -8.2237186e-01    9.2594002e-01    2.9265127e+00
  -8.2259912e-01    9.2588949e-01    2.9224178e+00
  -8.2283637e-01    9.2583896e-01    2.9183232e+00
  -8.2307362e-01    9.2578842e-01    2.9142286e+00
  -8.2331088e-01    9.2573789e-01    2.9101340e+00
  -8.2354813e-01    9.2568736e-01    2.9060394e+00
  -8.2378897e-01    9.2563754e-01    2.9018449e+00
  -8.2401624e-01    9.2557701e-01    2.8977499e+00
  -8.2425349e-01    9.2552648e-01    2.8936553e+00
  -8.2449074e-01    9.2547594e-01    2.8895607e+00
  -8.2472800e-01    9.2542541e-01    2.8854661e+00
  -8.2496525e-01    9.2537488e-01    2.8813715e+00
  -8.2520250e-01    9.2532435e-01    2.8772769e+00
  -8.2542976e-01    9.2527381e-01    2.8731820e+00
  -8.2566702e-01    9.2522328e-01    2.8690874e+00
  -8.2590427e-01    9.2517275e-01    2.8649928e+00
  -8.2614153e-01    9.2511221e-01    2.8608981e+00
  -8.2637878e-01    9.2506168e-01    2.8568036e+00
  -8.2661603e-01    9.2501115e-01    2.8527090e+00
  -8.2684329e-01    9.2496062e-01    2.8486140e+00
  -8.2708055e-01    9.2491008e-01    2.8445194e+00
  -8.2731780e-01    9.2485955e-01    2.8404248e+00
  -8.2755505e-01    9.2480902e-01    2.8363302e+00
  -8.2779231e-01    9.2475848e-01    2.8322357e+00
  -8.2802956e-01    9.2470795e-01    2.8281411e+00
  -8.2825682e-01    9.2464742e-01    2.8240461e+00
  -8.2849408e-01    9.2459689e-01    2.8199515e+00
  -8.2873133e-01    9.2454635e-01    2.8158569e+00
  -8.2896858e-01    9.2449582e-01    2.8117623e+00
  -8.2920943e-01    9.2444601e-01    2.8075678e+00
  -8.2944668e-01    9.2439547e-01    2.8034732e+00
  -8.2967394e-01    9.2434494e-01    2.7993782e+00
  -8.2991120e-01    9.2429441e-01    2.7952836e+00
  -8.3014845e-01    9.2424387e-01    2.7911890e+00
  -8.3038570e-01    9.2418334e-01    2.7870944e+00
  -8.3062296e-01    9.2413281e-01    2.7829998e+00
  -8.3086021e-01    9.2408228e-01    2.7789052e+00
  -8.3108747e-01    9.2403174e-01    2.7748103e+00
  -8.3132472e-01    9.2398121e-01    2.7707157e+00
  -8.3156198e-01    9.2393068e-01    2.7666211e+00
  -8.3179923e-01    9.2388014e-01    2.7625265e+00
  -8.3203648e-01    9.2382961e-01    2.7584319e+00
  -8.3227374e-01    9.2376908e-01    2.7543372e+00
  -8.3250100e-01    9.2371855e-01    2.7502423e+00
  -8.3273825e-01    9.2366801e-01    2.7461477e+00
  -8.3297551e-01    9.2361748e-01    2.7420531e+00
  -8.3321276e-01    9.2356695e-01    2.7379585e+00
  -8.3345001e-01    9.2351641e-01    2.7338639e+00
  -8.3367727e-01    9.2346588e-01    2.7297690e+00
  -8.3391453e-01    9.2341535e-01    2.7256744e+00
  -8.3415178e-01    9.2336481e-01    2.7215798e+00
  -8.3438904e-01    9.2330428e-01    2.7174852e+00
  -8.3462988e-01    9.2325447e-01    2.7132906e+00
  -8.3486714e-01    9.2320393e-01    2.7091960e+00
  -8.3509440e-01    9.2315340e-01    2.7051011e+00
  -8.3533165e-01    9.2310287e-01    2.7010065e+00
  -8.3556890e-01    9.2305234e-01    2.6969119e+00
  -8.3580616e-01    9.2300180e-01    2.6928173e+00
  -8.3604341e-01    9.2295127e-01    2.6887227e+00
  -8.3628066e-01    9.2290074e-01    2.6846282e+00
  -8.3650792e-01    9.2284020e-01    2.6805331e+00
  -8.3674518e-01    9.2278967e-01    2.6764385e+00
  -8.3698243e-01    9.2273914e-01    2.6723440e+00
  -8.3721968e-01    9.2268861e-01    2.6682494e+00
  -8.3745694e-01    9.2263807e-01    2.6641548e+00
  -8.3769419e-01    9.2258754e-01    2.6600602e+00
  -8.3792145e-01    9.2253701e-01    2.6559652e+00
  -8.3815870e-01    9.2248647e-01    2.6518707e+00
  -8.3839596e-01    9.2243594e-01    2.6477761e+00
  -8.3863321e-01    9.2237541e-01    2.6436814e+00
  -8.3887047e-01    9.2232488e-01    2.6395868e+00
  -8.3911772e-01    9.2225434e-01    2.6354924e+00
  -8.3939497e-01    9.2210381e-01    2.6313986e+00
  -8.3970222e-01    9.2188328e-01    2.6273053e+00
  -8.4004947e-01    9.2159276e-01    2.6232129e+00
  -8.4042671e-01    9.2123223e-01    2.6191211e+00
  -8.4083396e-01    9.2079171e-01    2.6150298e+00
  -8.4126761e-01    9.2028047e-01    2.6110391e+00
  -8.4174484e-01    9.1969995e-01    2.6069493e+00
  -8.4224848e-01    9.1904871e-01    2.6029600e+00
  -8.4278213e-01    9.1831748e-01    2.5989713e+00
  -8.4334577e-01    9.1751625e-01    2.5949831e+00
  -8.4394940e-01    9.1664502e-01    2.5909958e+00
  -8.4457304e-01    9.1570379e-01    2.5870088e+00
  -8.4523308e-01    9.1469184e-01    2.5831226e+00
  -8.4592312e-01    9.1360990e-01    2.5792370e+00
  -8.4664315e-01    9.1245796e-01    2.5753520e+00
  -8.4739319e-01    9.1123602e-01    2.5714676e+00
  -8.4817962e-01    9.0995336e-01    2.5676841e+00
  -8.4898606e-01    9.0859071e-01    2.5639007e+00
  -8.4982250e-01    9.0716805e-01    2.5601180e+00
  -8.5068534e-01    9.0567468e-01    2.5564358e+00
  -8.5158817e-01    9.0411131e-01    2.5527545e+00
  -8.5251101e-01    9.0247795e-01    2.5490735e+00
  -8.5346385e-01    9.0079458e-01    2.5453931e+00
  -8.5444309e-01    8.9903050e-01    2.5418132e+00
  -8.5543874e-01    8.9720570e-01    2.5383335e+00
  -8.5647438e-01    8.9532090e-01    2.5348549e+00
  -8.5753003e-01    8.9337611e-01    2.5313765e+00
  -8.5861208e-01    8.9136059e-01    2.5279986e+00
  -8.5972412e-01    8.8929508e-01    2.5246214e+00
  -8.6085617e-01    8.8715957e-01    2.5212445e+00
  -8.6201462e-01    8.8496335e-01    2.5179681e+00
  -8.6319948e-01    8.8271640e-01    2.5147924e+00
  -8.6440433e-01    8.8040946e-01    2.5116170e+00
  -8.6563919e-01    8.7804252e-01    2.5084422e+00
  -8.6689045e-01    8.7561486e-01    2.5053676e+00
  -8.6815812e-01    8.7313648e-01    2.5023934e+00
  -8.6945578e-01    8.7060811e-01    2.4994198e+00
  -8.7076986e-01    8.6801902e-01    2.4965465e+00
  -8.7211392e-01    8.6537993e-01    2.4936739e+00
  -8.7346441e-01    8.6269012e-01    2.4909012e+00
  -8.7484488e-01    8.5995031e-01    2.4881292e+00
  -8.7624176e-01    8.5715979e-01    2.4854576e+00
  -8.7765505e-01    8.5432855e-01    2.4828863e+00
  -8.7908834e-01    8.5143731e-01    2.4803153e+00
  -8.8053804e-01    8.4850535e-01    2.4778446e+00
  -8.8200414e-01    8.4553268e-01    2.4754743e+00
  -8.8349024e-01    8.4251000e-01    2.4731044e+00
  -8.8499274e-01    8.3944661e-01    2.4708348e+00
  -8.8650525e-01    8.3634322e-01    2.4685653e+00
  -8.8803417e-01    8.3319911e-01    2.4663962e+00
  -8.8957948e-01    8.3001429e-01    2.4643275e+00
  -8.9113121e-01    8.2679874e-01    2.4623588e+00
  -8.9270294e-01    8.2354320e-01    2.4603905e+00
  -8.9429107e-01    8.2024694e-01    2.4585226e+00
  -8.9588920e-01    8.1692068e-01    2.4566549e+00
  -8.9749015e-01    8.1355299e-01    2.4549871e+00
  -8.9910110e-01    8.1016529e-01    2.4533195e+00
  -9.0072845e-01    8.0674688e-01    2.4517523e+00
  -9.0236580e-01    8.0328847e-01    2.4501852e+00
  -9.0400597e-01    7.9980862e-01    2.4488182e+00
  -9.0565614e-01    7.9630877e-01    2.4474515e+00
  -9.0731272e-01    7.9277820e-01    2.4461847e+00
  -9.0898929e-01    7.8921764e-01    2.4449185e+00
  -9.1065868e-01    7.8564564e-01    2.4438521e+00
  -9.1232808e-01    7.8204364e-01    2.4427855e+00
  -9.1401387e-01    7.7843092e-01    2.4418194e+00
  -9.1569608e-01    7.7479748e-01    2.4409532e+00
  -9.1738828e-01    7.7114404e-01    2.4400871e+00
  -9.1908689e-01    7.6746988e-01    2.4393212e+00
  -9.2077192e-01    7.6379501e-01    2.4386549e+00
  -9.2247335e-01    7.6009942e-01    2.4380891e+00
  -9.2417118e-01    7.5639311e-01    2.4376231e+00
  -9.2586902e-01    7.5267680e-01    2.4371571e+00
  -9.2755968e-01    7.4894905e-01    2.4368909e+00
  -9.2926032e-01    7.4522130e-01    2.4366250e+00
  -9.3095098e-01    7.4148355e-01    2.4363587e+00
  -9.3264445e-01    7.3774437e-01    2.4362926e+00
  -9.3433432e-01    7.3400446e-01    2.4363265e+00
  -9.3601421e-01    7.3026456e-01    2.4363600e+00
  -9.3770049e-01    7.2651394e-01    2.4364937e+00
  -9.3937678e-01    7.2277332e-01    2.4366271e+00
  -9.4106306e-01    7.1903270e-01    2.4367609e+00
  -9.4273935e-01    7.1529207e-01    2.4368943e+00
  -9.4442563e-01    7.1154145e-01    2.4370280e+00
  -9.4610192e-01    7.0780083e-01    2.4371615e+00
  -9.4778821e-01    7.0406021e-01    2.4372953e+00
  -9.4946090e-01    7.0030887e-01    2.4375285e+00
  -9.5114719e-01    6.9656824e-01    2.4376623e+00
  -9.5282348e-01    6.9282762e-01    2.4377958e+00
  -9.5450976e-01    6.8908700e-01    2.4379295e+00
  -9.5618605e-01    6.8533638e-01    2.4380629e+00
  -9.5787233e-01    6.8159576e-01    2.4381967e+00
  -9.5952864e-01    6.7784514e-01    2.4383293e+00
  -9.6115496e-01    6.7407451e-01    2.4384607e+00
  -9.6273133e-01    6.7028389e-01    2.4385902e+00
  -9.6425773e-01    6.6647327e-01    2.4387178e+00
  -9.6576056e-01    6.6266193e-01    2.4389445e+00
  -9.6726698e-01    6.5884131e-01    2.4390712e+00
  -9.6877340e-01    6.5502069e-01    2.4391980e+00
  -9.7027981e-01    6.5120007e-01    2.4393247e+00
  -9.7178623e-01    6.4738945e-01    2.4394516e+00
  -9.7328266e-01    6.4356883e-01    2.4395779e+00
  -9.7479907e-01    6.3974821e-01    2.4397050e+00
  -9.7630549e-01    6.3593759e-01    2.4398319e+00
  -9.7781190e-01    6.3211697e-01    2.4399586e+00
  -9.7931832e-01    6.2829635e-01    2.4400854e+00
  -9.8082474e-01    6.2448573e-01    2.4402122e+00
  -9.8232757e-01    6.2066439e-01    2.4404388e+00
  -9.8384398e-01    6.1685377e-01    2.4405660e+00
  -9.8535040e-01    6.1303315e-01    2.4406928e+00
  -9.8685681e-01    6.0922253e-01    2.4408196e+00
  -9.8837322e-01    6.0540191e-01    2.4409467e+00
  -9.8987964e-01    6.0159129e-01    2.4410735e+00
  -9.9138606e-01    5.9777067e-01    2.4412003e+00
  -9.9289888e-01    5.9395933e-01    2.4414274e+00
  -9.9440530e-01    5.9013871e-01    2.4415541e+00
  -9.9592171e-01    5.8632809e-01    2.4416813e+00
  -9.9741813e-01    5.8250747e-01    2.4418077e+00
  -9.9891456e-01    5.7869685e-01    2.4419341e+00
  -1.0004074e+00    5.7487552e-01    2.4421604e+00
  -1.0020037e+00    5.7106489e-01    2.4422905e+00
  -1.0035002e+00    5.6725427e-01    2.4424170e+00
  -1.0049966e+00    5.6343365e-01    2.4425433e+00
  -1.0064894e+00    5.5962232e-01    2.4427697e+00
  -1.0079859e+00    5.5580170e-01    2.4428961e+00
  -1.0094823e+00    5.5199108e-01    2.4430226e+00
  -1.0110750e+00    5.4817974e-01    2.4432526e+00
  -1.0125715e+00    5.4435912e-01    2.4433789e+00
  -1.0140679e+00    5.4054850e-01    2.4435054e+00
  -1.0155607e+00    5.3672716e-01    2.4437317e+00
  -1.0170571e+00    5.3291654e-01    2.4438582e+00
  -1.0185500e+00    5.2909520e-01    2.4440845e+00
  -1.0200464e+00    5.2527458e-01    2.4442109e+00
  -1.0215392e+00    5.2145324e-01    2.4444372e+00
  -1.0230321e+00    5.1764190e-01    2.4446636e+00
  -1.0245285e+00    5.1382128e-01    2.4447900e+00
  -1.0260213e+00    5.0998994e-01    2.4450162e+00
  -1.0275142e+00    5.0616860e-01    2.4452425e+00
  -1.0290070e+00    5.0234727e-01    2.4454689e+00
  -1.0303999e+00    4.9851593e-01    2.4456915e+00
  -1.0318927e+00    4.9468459e-01    2.4459178e+00
  -1.0333820e+00    4.9085253e-01    2.4462439e+00
  -1.0347749e+00    4.8701119e-01    2.4464665e+00
  -1.0361678e+00    4.8316985e-01    2.4466891e+00
  -1.0376570e+00    4.7932780e-01    2.4470152e+00
  -1.0390463e+00    4.7547574e-01    2.4473377e+00
  -1.0404356e+00    4.7162369e-01    2.4476601e+00
  -1.0417250e+00    4.6776163e-01    2.4479789e+00
  -1.0431143e+00    4.6389957e-01    2.4483013e+00
  -1.0444001e+00    4.6002680e-01    2.4487199e+00
  -1.0456859e+00    4.5615402e-01    2.4491385e+00
  -1.0469753e+00    4.5227197e-01    2.4494572e+00
  -1.0482611e+00    4.4838919e-01    2.4498757e+00
  -1.0495469e+00    4.4450642e-01    2.4502943e+00
  -1.0507328e+00    4.4061364e-01    2.4507092e+00
  -1.0520186e+00    4.3671087e-01    2.4511276e+00
  -1.0532008e+00    4.3281738e-01    2.4516425e+00
  -1.0543867e+00    4.2891460e-01    2.4520573e+00
  -1.0555725e+00    4.2501183e-01    2.4524721e+00
  -1.0567584e+00    4.2109906e-01    2.4528869e+00
  -1.0579407e+00    4.1719556e-01    2.4534017e+00
  -1.0591265e+00    4.1328279e-01    2.4538164e+00
  -1.0603124e+00    4.0937002e-01    2.4542312e+00
  -1.0614983e+00    4.0545724e-01    2.4546460e+00
  -1.0625806e+00    4.0154375e-01    2.4551571e+00
  -1.0637665e+00    3.9763098e-01    2.4555718e+00
  -1.0649523e+00    3.9371820e-01    2.4559866e+00
  -1.0661382e+00    3.8980543e-01    2.4564013e+00
  -1.0672205e+00    3.8589194e-01    2.4569124e+00
  -1.0684064e+00    3.8196916e-01    2.4573271e+00
  -1.0695923e+00    3.7805639e-01    2.4577419e+00
  -1.0707781e+00    3.7414362e-01    2.4581567e+00
  -1.0718641e+00    3.7022084e-01    2.4585677e+00
  -1.0730499e+00    3.6630807e-01    2.4589825e+00
  -1.0742358e+00    3.6239530e-01    2.4593973e+00
  -1.0754217e+00    3.5847252e-01    2.4598120e+00
  -1.0765076e+00    3.5455975e-01    2.4602231e+00
  -1.0776935e+00    3.5063697e-01    2.4606378e+00
  -1.0788793e+00    3.4672420e-01    2.4610526e+00
  -1.0800652e+00    3.4281143e-01    2.4614673e+00
  -1.0811511e+00    3.3888865e-01    2.4618784e+00
  -1.0823370e+00    3.3497588e-01    2.4622932e+00
  -1.0835229e+00    3.3105311e-01    2.4627079e+00
  -1.0847087e+00    3.2714033e-01    2.4631226e+00
  -1.0858982e+00    3.2322828e-01    2.4634375e+00
  -1.0869841e+00    3.1930550e-01    2.4638486e+00
  -1.0881700e+00    3.1539273e-01    2.4642633e+00
  -1.0893558e+00    3.1147996e-01    2.4646781e+00
  -1.0905417e+00    3.0756718e-01    2.4650928e+00
  -1.0917312e+00    3.0364513e-01    2.4654076e+00
  -1.0929170e+00    2.9973236e-01    2.4658224e+00
  -1.0941029e+00    2.9581958e-01    2.4662371e+00
  -1.0952888e+00    2.9189681e-01    2.4666518e+00
  -1.0957853e+00    2.9018613e-01    2.4667574e+00
  -1.1011327e+00    2.7174583e-01    2.4683181e+00
  -1.1060020e+00    2.5313984e-01    2.4692599e+00
  -1.1101862e+00    2.3435673e-01    2.4697756e+00
  -1.1135817e+00    2.1538579e-01    2.4699613e+00
  -1.1157816e+00    1.9625556e-01    2.4700029e+00
  -1.1166860e+00    1.7702606e-01    2.4698972e+00
  -1.1160914e+00    1.5777656e-01    2.4697373e+00
  -1.1140976e+00    1.3862705e-01    2.4695280e+00
  -1.1106047e+00    1.1969754e-01    2.4692663e+00
  -1.1056128e+00    1.0109802e-01    2.4689531e+00
  -1.0992216e+00    8.2909489e-02    2.4685925e+00
  -1.0917310e+00    6.5183947e-02    2.4681957e+00
  -1.0834409e+00    4.7819395e-02    2.4677729e+00
  -1.0747509e+00    3.0614840e-02    2.4673367e+00
  -1.0662609e+00    1.3358285e-02    2.4669074e+00
  -1.0581706e+00   -4.1411628e-03    2.4664907e+00
  -1.0509799e+00   -2.2009801e-02    2.4661037e+00
  -1.0447886e+00   -4.0211331e-02    2.4657503e+00
  -1.0392969e+00   -5.8675855e-02    2.4654201e+00
  -1.0345048e+00   -7.7345372e-02    2.4651136e+00
  -1.0305122e+00   -9.6172886e-02    2.4648346e+00
  -1.0271193e+00   -1.1512640e-01    2.4645764e+00
  -1.0241262e+00   -1.3414591e-01    2.4643320e+00
  -1.0213329e+00   -1.5320541e-01    2.4640945e+00
  -1.0186396e+00   -1.7227492e-01    2.4638605e+00
  -1.0158463e+00   -1.9133443e-01    2.4636231e+00
  -1.0127532e+00   -2.1034394e-01    2.4633752e+00
  -1.0092604e+00   -2.2928345e-01    2.4631134e+00
  -1.0053677e+00   -2.4814296e-01    2.4628378e+00
  -1.0009754e+00   -2.6690248e-01    2.4625450e+00
  -9.9618334e-01   -2.8553200e-01    2.4622388e+00
  -9.9088155e-01   -3.0405152e-01    2.4619150e+00
  -9.8515999e-01   -3.2244104e-01    2.4615771e+00
  -9.7904866e-01   -3.4070057e-01    2.4612261e+00
  -9.7259751e-01   -3.5884010e-01    2.4608637e+00
  -9.6579656e-01   -3.7685964e-01    2.4604896e+00
  -9.5869577e-01   -3.9475918e-01    2.4601057e+00
  -9.5127516e-01   -4.1252872e-01    2.4597111e+00
  -9.4355470e-01   -4.3016826e-01    2.4593067e+00
  -9.3553440e-01   -4.4766781e-01    2.4588925e+00
  -9.2719427e-01   -4.6502736e-01    2.4584679e+00
  -9.1853431e-01   -4.8222692e-01    2.4580329e+00
  -9.0956451e-01   -4.9926648e-01    2.4575879e+00
  -9.0027486e-01   -5.1612604e-01    2.4571327e+00
  -8.9067538e-01   -5.3281561e-01    2.4566676e+00
  -8.8077604e-01   -5.4932518e-01    2.4561930e+00
  -8.7055686e-01   -5.6565476e-01    2.4557082e+00
  -8.6004781e-01   -5.8178435e-01    2.4552144e+00
  -8.4924890e-01   -5.9771393e-01    2.4547117e+00
  -8.3815014e-01   -6.1345353e-01    2.4541995e+00
  -8.2676150e-01   -6.2897313e-01    2.4536785e+00
  -8.1508300e-01   -6.4428273e-01    2.4531485e+00
  -8.0311463e-01   -6.5936234e-01    2.4526098e+00
  -7.9085638e-01   -6.7421196e-01    2.4520624e+00
  -7.7831826e-01   -6.8881158e-01    2.4515067e+00
  -7.6550025e-01   -7.0317121e-01    2.4509426e+00
  -7.5239236e-01   -7.1728085e-01    2.4503699e+00
  -7.3901458e-01   -7.3113049e-01    2.4497894e+00
  -7.2537689e-01   -7.4471014e-01    2.4492015e+00
  -7.1147931e-01   -7.5802979e-01    2.4486061e+00
  -6.9732183e-01   -7.7107946e-01    2.4480033e+00
  -6.8292443e-01   -7.8385913e-01    2.4473939e+00
  -6.6829711e-01   -7.9635880e-01    2.4467781e+00
  -6.5342987e-01   -8.0859849e-01    2.4461556e+00
  -6.3834271e-01   -8.2054818e-01    2.4455273e+00
  -6.2304561e-01   -8.3223788e-01    2.4448934e+00
  -6.0753857e-01   -8.4363758e-01    2.4442539e+00
  -5.9182159e-01   -8.5474730e-01    2.4436090e+00
  -5.7590467e-01   -8.6557702e-01    2.4429590e+00
  -5.5979780e-01   -8.7610674e-01    2.4423042e+00
  -5.4349098e-01   -8.8634648e-01    2.4416444e+00
  -5.2700419e-01   -8.9626622e-01    2.4409804e+00
  -5.1032745e-01   -9.0588598e-01    2.4403117e+00
  -4.9348073e-01   -9.1518574e-01    2.4396392e+00
  -4.7645405e-01   -9.2417550e-01    2.4389624e+00
  -4.5926739e-01   -9.3283528e-01    2.4382823e+00
  -4.4192075e-01   -9.4117506e-01    2.4375988e+00
  -4.2442412e-01   -9.4919486e-01    2.4369121e+00
  -4.0677751e-01   -9.5689466e-01    2.4362224e+00
  -3.8900090e-01   -9.6427447e-01    2.4355302e+00
  -3.7110429e-01   -9.7133429e-01    2.4348361e+00
  -3.5306768e-01   -9.7807411e-01    2.4341392e+00
  -3.3492106e-01   -9.8449395e-01    2.4334407e+00
  -3.1667442e-01   -9.9059379e-01    2.4327409e+00
  -2.9830777e-01   -9.9636364e-01    2.4320392e+00
  -2.7984112e-01   -1.0018435e+00    2.4313359e+00
  -2.6128442e-01   -1.0069434e+00    2.4306321e+00
  -2.4263768e-01   -1.0116432e+00    2.4299280e+00
  -2.2390092e-01   -1.0160431e+00    2.4292228e+00
  -2.0509413e-01   -1.0201430e+00    2.4285172e+00
  -1.8620729e-01   -1.0238429e+00    2.4278117e+00
  -1.6726040e-01   -1.0272428e+00    2.4271061e+00
  -1.4824346e-01   -1.0302428e+00    2.4264009e+00
  -1.2918647e-01   -1.0329427e+00    2.4256964e+00
  -1.1007940e-01   -1.0352426e+00    2.4249930e+00
  -9.0931264e-02   -1.0371426e+00    2.4242910e+00
  -7.1752066e-02   -1.0387425e+00    2.4235900e+00
  -5.2545808e-02   -1.0400425e+00    2.4228902e+00
  -3.3319460e-02   -1.0409425e+00    2.4221926e+00
  -1.4080017e-02   -1.0414425e+00    2.4214974e+00
   5.1665990e-03   -1.0416425e+00    2.4208040e+00
   2.4413118e-02   -1.0414425e+00    2.4201136e+00
   4.3652820e-02   -1.0409425e+00    2.4194255e+00
   6.2877660e-02   -1.0399425e+00    2.4187416e+00
   8.2081591e-02   -1.0386425e+00    2.4180606e+00
   1.0125762e-01   -1.0370426e+00    2.4173828e+00
   1.2040179e-01   -1.0349426e+00    2.4167097e+00
   1.3950005e-01   -1.0326427e+00    2.4160396e+00
   1.5854847e-01   -1.0298428e+00    2.4153750e+00
   1.7754700e-01   -1.0267429e+00    2.4147143e+00
   1.9649564e-01   -1.0233429e+00    2.4140576e+00
   2.1537440e-01   -1.0196430e+00    2.4134055e+00
   2.3417332e-01   -1.0155431e+00    2.4127592e+00
   2.5291237e-01   -1.0110433e+00    2.4121179e+00
   2.7155157e-01   -1.0062434e+00    2.4114824e+00
   2.9011090e-01   -1.0011435e+00    2.4108519e+00
   3.0857038e-01   -9.9570366e-01    2.4102274e+00
   3.2692003e-01   -9.8990381e-01    2.4096095e+00
   3.4516983e-01   -9.8375396e-01    2.4089976e+00
   3.6328981e-01   -9.7725413e-01    2.4083930e+00
   3.8127995e-01   -9.7042431e-01    2.4077954e+00
   3.9915026e-01   -9.6325449e-01    2.4072045e+00
   4.1687075e-01   -9.5574469e-01    2.4066215e+00
   4.3446142e-01   -9.4790489e-01    2.4060455e+00
   4.5189226e-01   -9.3974510e-01    2.4054776e+00
   4.6918328e-01   -9.3127532e-01    2.4049169e+00
   4.8631449e-01   -9.2248555e-01    2.4043643e+00
   5.0327588e-01   -9.1338578e-01    2.4038200e+00
   5.2007746e-01   -9.0398602e-01    2.4032836e+00
   5.3670922e-01   -8.9428628e-01    2.4027555e+00
   5.5316118e-01   -8.8428653e-01    2.4022359e+00
   5.6943332e-01   -8.7399680e-01    2.4017250e+00
   5.8551567e-01   -8.6340707e-01    2.4012230e+00
   6.0139823e-01   -8.5251735e-01    2.4007303e+00
   6.1707099e-01   -8.4134764e-01    2.4002473e+00
   6.3253397e-01   -8.2986794e-01    2.3997739e+00
   6.4777716e-01   -8.1810824e-01    2.3993105e+00
   6.6279058e-01   -8.0604855e-01    2.3988575e+00
   6.7756422e-01   -7.9370887e-01    2.3984152e+00
   6.9210809e-01   -7.8107920e-01    2.3979832e+00
   7.0639220e-01   -7.6817953e-01    2.3975625e+00
   7.2043653e-01   -7.5499987e-01    2.3971524e+00
   7.3422110e-01   -7.4155022e-01    2.3967535e+00
   7.4774590e-01   -7.2785057e-01    2.3963659e+00
   7.6101094e-01   -7.1389093e-01    2.3959894e+00
   7.7401621e-01   -6.9969130e-01    2.3956240e+00
   7.8675171e-01   -6.8525167e-01    2.3952700e+00
   7.9922745e-01   -6.7057205e-01    2.3949271e+00
   8.1142342e-01   -6.5567244e-01    2.3945958e+00
   8.2333963e-01   -6.4054283e-01    2.3942762e+00
   8.3496608e-01   -6.2520322e-01    2.3939686e+00
   8.4631278e-01   -6.0963363e-01    2.3936727e+00
   8.5736971e-01   -5.9386403e-01    2.3933886e+00
   8.6811689e-01   -5.7789445e-01    2.3931171e+00
   8.7857432e-01   -5.6171486e-01    2.3928575e+00
   8.8872199e-01   -5.4535529e-01    2.3926103e+00
   8.9856990e-01   -5.2880571e-01    2.3923753e+00
   9.0810806e-01   -5.1207615e-01    2.3921528e+00
   9.1734646e-01   -4.9517658e-01    2.3919422e+00
   9.2627510e-01   -4.7810702e-01    2.3917440e+00
   9.3489399e-01   -4.6088747e-01    2.3915580e+00
   9.4320311e-01   -4.4350792e-01    2.3913842e+00
   9.5120247e-01   -4.2598837e-01    2.3912227e+00
   9.5888207e-01   -4.0832882e-01    2.3910736e+00
   9.6625191e-01   -3.9053928e-01    2.3909366e+00
   9.7329199e-01   -3.7260975e-01    2.3908125e+00
   9.8001231e-01   -3.5456021e-01    2.3907007e+00
   9.8640288e-01   -3.3639068e-01    2.3906016e+00
   9.9246369e-01   -3.1811115e-01    2.3905152e+00
   9.9819473e-01   -2.9972163e-01    2.3904414e+00
   1.0035960e+00   -2.8124211e-01    2.3903801e+00
   1.0086276e+00   -2.6265259e-01    2.3903329e+00
   1.0134293e+00   -2.4398307e-01    2.3902946e+00
   1.0178313e+00   -2.2523355e-01    2.3902712e+00
   1.0218336e+00   -2.0640404e-01    2.3902627e+00
   1.0255361e+00   -1.8750453e-01    2.3902655e+00
   1.0289388e+00   -1.6854502e-01    2.3902795e+00
   1.0319417e+00   -1.4952551e-01    2.3903084e+00
   1.0346449e+00   -1.3044600e-01    2.3903484e+00
   1.0369484e+00   -1.1132649e-01    2.3904031e+00
   1.0388521e+00   -9.2166990e-02    2.3904724e+00
   1.0404560e+00   -7.2972485e-02    2.3905528e+00
   1.0416602e+00   -5.3751982e-02    2.3906477e+00
   1.0425646e+00   -3.4511479e-02    2.3907536e+00
   1.0429693e+00   -1.5257976e-02    2.3908775e+00
   1.0431741e+00    4.0004269e-03    2.3910086e+00
   1.0428793e+00    2.3258030e-02    2.3911577e+00
   1.0423846e+00    4.2509532e-02    2.3913140e+00
   1.0414902e+00    6.1746036e-02    2.3914844e+00
   1.0401960e+00    8.0964539e-02    2.3916692e+00
   1.0386019e+00    1.0015804e-01    2.3918645e+00
   1.0367081e+00    1.1931755e-01    2.3920704e+00
   1.0344145e+00    1.3844705e-01    2.3922904e+00
   1.0318211e+00    1.5752656e-01    2.3925208e+00
   1.0288280e+00    1.7655607e-01    2.3927653e+00
   1.0256350e+00    1.9553558e-01    2.3930166e+00
   1.0220422e+00    2.1445509e-01    2.3932818e+00
   1.0180496e+00    2.3330461e-01    2.3935609e+00
   1.0137572e+00    2.5208412e-01    2.3938502e+00
   1.0091650e+00    2.7078364e-01    2.3941498e+00
   1.0042730e+00    2.8940316e-01    2.3944595e+00
   9.9899121e-01    3.0792268e-01    2.3947826e+00
   9.9339958e-01    3.2635220e-01    2.3951161e+00
   9.8748813e-01    3.4467173e-01    2.3954604e+00
   9.8124687e-01    3.6289126e-01    2.3958158e+00
   9.7469578e-01    3.8100079e-01    2.3961815e+00
   9.6781487e-01    3.9899033e-01    2.3965582e+00
   9.6062413e-01    4.1684987e-01    2.3969452e+00
   9.5310357e-01    4.3457941e-01    2.3973430e+00
   9.4526318e-01    4.5215895e-01    2.3977513e+00
   9.3710295e-01    4.6959850e-01    2.3981701e+00
   9.2861291e-01    4.8688806e-01    2.3985996e+00
   9.1979302e-01    5.0399761e-01    2.3990397e+00
   9.1064331e-01    5.2094718e-01    2.3994905e+00
   9.0117376e-01    5.3770674e-01    2.3999515e+00
   8.9137437e-01    5.5427632e-01    2.4004229e+00
   8.8124514e-01    5.7065589e-01    2.4009048e+00
   8.7079607e-01    5.8682548e-01    2.4013967e+00
   8.6002715e-01    6.0278506e-01    2.4018986e+00
   8.4892838e-01    6.1851466e-01    2.4024108e+00
   8.3751976e-01    6.3402426e-01    2.4029324e+00
   8.2579128e-01    6.4929386e-01    2.4034638e+00
   8.1375294e-01    6.6431347e-01    2.4040046e+00
   8.0140473e-01    6.7909309e-01    2.4045548e+00
   7.8876664e-01    6.9360272e-01    2.4051135e+00
   7.7582869e-01    7.0786235e-01    2.4056811e+00
   7.6260085e-01    7.2185199e-01    2.4062573e+00
   7.4910311e-01    7.3558163e-01    2.4068412e+00
   7.3534548e-01    7.4904129e-01    2.4074326e+00
   7.2133794e-01    7.6225095e-01    2.4080311e+00
   7.0709048e-01    7.7519061e-01    2.4086364e+00
   6.9261311e-01    7.8788028e-01    2.4092481e+00
   6.7792581e-01    8.0031996e-01    2.4098655e+00
   6.6302859e-01    8.1251965e-01    2.4104888e+00
   6.4793142e-01    8.2445934e-01    2.4111174e+00
   6.3264432e-01    8.3615904e-01    2.4117511e+00
   6.1716728e-01    8.4760874e-01    2.4123898e+00
   6.0150029e-01    8.5878845e-01    2.4130334e+00
   5.8565334e-01    8.6970817e-01    2.4136816e+00
   5.6960646e-01    8.8034790e-01    2.4143350e+00
   5.5337961e-01    8.9069763e-01    2.4149927e+00
   5.3696281e-01    9.0074737e-01    2.4156552e+00
   5.2035605e-01    9.1047712e-01    2.4163221e+00
   5.0356933e-01    9.1989687e-01    2.4169933e+00
   4.8659264e-01    9.2896664e-01    2.4176688e+00
   4.6944597e-01    9.3770641e-01    2.4183481e+00
   4.5211933e-01    9.4609620e-01    2.4190313e+00
   4.3463271e-01    9.5413599e-01    2.4197177e+00
   4.1698609e-01    9.6182579e-01    2.4204074e+00
   3.9919948e-01    9.6916560e-01    2.4210996e+00
   3.8126287e-01    9.7614542e-01    2.4217946e+00
   3.6318626e-01    9.8277525e-01    2.4224921e+00
   3.4498963e-01    9.8905509e-01    2.4231914e+00
   3.2668299e-01    9.9497494e-01    2.4238921e+00
   3.0825632e-01    1.0005048e+00    2.4245943e+00
   2.8972966e-01    1.0058047e+00    2.4252984e+00
   2.7111292e-01    1.0106045e+00    2.4260022e+00
   2.5239617e-01    1.0151044e+00    2.4267074e+00
   2.3359937e-01    1.0192043e+00    2.4274126e+00
   2.1472255e-01    1.0230042e+00    2.4281185e+00
   1.9577567e-01    1.0264041e+00    2.4288241e+00
   1.7675873e-01    1.0294040e+00    2.4295293e+00
   1.5769171e-01    1.0320040e+00    2.4302334e+00
   1.3858465e-01    1.0343039e+00    2.4309368e+00
   1.1942749e-01    1.0361039e+00    2.4316384e+00
   1.0023627e-01    1.0376038e+00    2.4323391e+00
   8.1020970e-02    1.0387038e+00    2.4330378e+00
   6.1787600e-02    1.0395038e+00    2.4337350e+00
   4.2544108e-02    1.0398038e+00    2.4344289e+00
   2.3296541e-02    1.0398038e+00    2.4351208e+00
   4.0528178e-03    1.0394038e+00    2.4358097e+00
  -1.5179890e-02    1.0387038e+00    2.4364961e+00
  -3.4395761e-02    1.0376038e+00    2.4371790e+00
  -5.3586753e-02    1.0361039e+00    2.4378581e+00
  -7.2745842e-02    1.0343039e+00    2.4385339e+00
  -9.1866085e-02    1.0320040e+00    2.4392047e+00
  -1.1094541e-01    1.0295040e+00    2.4398726e+00
  -1.2996390e-01    1.0265041e+00    2.4405347e+00
  -1.4892250e-01    1.0232042e+00    2.4411925e+00
  -1.6781126e-01    1.0195043e+00    2.4418449e+00
  -1.8663016e-01    1.0154044e+00    2.4424920e+00
  -2.0535920e-01    1.0110045e+00    2.4431336e+00
  -2.2399840e-01    1.0062046e+00    2.4437691e+00
  -2.4253777e-01    1.0010048e+00    2.4443982e+00
  -2.6097728e-01    9.9548492e-01    2.4450214e+00
  -2.7929697e-01    9.8959507e-01    2.4456376e+00
  -2.9750682e-01    9.8335524e-01    2.4462474e+00
  -3.1559684e-01    9.7676541e-01    2.4468503e+00
  -3.3355703e-01    9.6983558e-01    2.4474461e+00
  -3.5139738e-01    9.6258577e-01    2.4480353e+00
  -3.6908791e-01    9.5501597e-01    2.4486168e+00
  -3.8665859e-01    9.4712617e-01    2.4491917e+00
  -4.0407946e-01    9.3893638e-01    2.4497591e+00
  -4.2135049e-01    9.3044660e-01    2.4503189e+00
  -4.3848170e-01    9.2166683e-01    2.4508716e+00
  -4.5546307e-01    9.1258706e-01    2.4514168e+00
  -4.7228463e-01    9.0321731e-01    2.4519541e+00
  -4.8894636e-01    8.9356755e-01    2.4524837e+00
  -5.0543827e-01    8.8362781e-01    2.4530050e+00
  -5.2175038e-01    8.7340807e-01    2.4535179e+00
  -5.3788267e-01    8.6289835e-01    2.4540223e+00
  -5.5381517e-01    8.5209863e-01    2.4545174e+00
  -5.6955786e-01    8.4101891e-01    2.4550036e+00
  -5.8510076e-01    8.2964920e-01    2.4554806e+00
  -6.0042388e-01    8.1798951e-01    2.4559476e+00
  -6.1553720e-01    8.0605981e-01    2.4564051e+00
  -6.3043073e-01    7.9385013e-01    2.4568527e+00
  -6.4509448e-01    7.8138045e-01    2.4572902e+00
  -6.5952845e-01    7.6864078e-01    2.4577175e+00
  -6.7374262e-01    7.5564112e-01    2.4581350e+00
  -6.8771702e-01    7.4239146e-01    2.4585420e+00
  -7.0145164e-01    7.2889181e-01    2.4589387e+00
  -7.1494647e-01    7.1516216e-01    2.4593251e+00
  -7.2820151e-01    7.0119252e-01    2.4597011e+00
  -7.4119679e-01    6.8699289e-01    2.4600662e+00
  -7.5394229e-01    6.7255326e-01    2.4604205e+00
  -7.6642801e-01    6.5789364e-01    2.4607639e+00
  -7.7864396e-01    6.4300402e-01    2.4610960e+00
  -7.9057017e-01    6.2788442e-01    2.4614160e+00
  -8.0221661e-01    6.1254481e-01    2.4617244e+00
  -8.1357329e-01    5.9699521e-01    2.4620208e+00
  -8.2462023e-01    5.8122562e-01    2.4623045e+00
  -8.3536741e-01    5.6524603e-01    2.4625760e+00
  -8.4581485e-01    5.4905645e-01    2.4628351e+00
  -8.5595253e-01    5.3268687e-01    2.4630818e+00
  -8.6578046e-01    5.1612730e-01    2.4633160e+00
  -8.7529863e-01    4.9938773e-01    2.4635378e+00
  -8.8451705e-01    4.8247817e-01    2.4637476e+00
  -8.9342571e-01    4.6539861e-01    2.4639450e+00
  -9.0202460e-01    4.4816906e-01    2.4641302e+00
  -9.1031374e-01    4.3078951e-01    2.4643032e+00
  -9.1828312e-01    4.1324996e-01    2.4644636e+00
  -9.2593275e-01    3.9558041e-01    2.4646115e+00
  -9.3325262e-01    3.7776087e-01    2.4647465e+00
  -9.4024274e-01    3.5981134e-01    2.4648687e+00
  -9.4689312e-01    3.4174180e-01    2.4649779e+00
  -9.5319375e-01    3.2354227e-01    2.4650735e+00
  -9.5916462e-01    3.0523275e-01    2.4651564e+00
  -9.6479574e-01    2.8681322e-01    2.4652264e+00
  -9.7007712e-01    2.6829370e-01    2.4652831e+00
  -9.7501873e-01    2.4967418e-01    2.4653268e+00
  -9.7962059e-01    2.3097467e-01    2.4653578e+00
  -9.8388269e-01    2.1219515e-01    2.4653760e+00
  -9.8780503e-01    1.9333564e-01    2.4653813e+00
  -9.9139760e-01    1.7441613e-01    2.4653744e+00
  -9.9465040e-01    1.5543662e-01    2.4653549e+00
  -9.9757343e-01    1.3639711e-01    2.4653230e+00
  -1.0000767e+00    1.1730760e-01    2.4652757e+00
  -1.0022803e+00    9.8171095e-02    2.4652173e+00
  -1.0041840e+00    7.9001590e-02    2.4651479e+00
  -1.0056880e+00    5.9800086e-02    2.4650639e+00
  -1.0067922e+00    4.0573582e-02    2.4649653e+00
  -1.0075967e+00    2.1329079e-02    2.4648558e+00
  -1.0079015e+00    2.0732767e-03    2.4647283e+00
  -1.0079064e+00   -1.7185926e-02    2.4645900e+00
  -1.0076116e+00   -3.6441429e-02    2.4644409e+00
  -1.0068171e+00   -5.5685932e-02    2.4642740e+00
  -1.0056228e+00   -7.4910435e-02    2.4640928e+00
  -1.0041287e+00   -9.4108939e-02    2.4639010e+00
  -1.0022349e+00   -1.1327644e-01    2.4636951e+00
  -9.9994135e-01   -1.3239595e-01    2.4634751e+00
  -9.9734795e-01   -1.5147546e-01    2.4632447e+00
  -9.9430483e-01   -1.7049497e-01    2.4629985e+00
  -9.9093191e-01   -1.8945448e-01    2.4627409e+00
  -9.8719920e-01   -2.0834399e-01    2.4624709e+00
  -9.8311670e-01   -2.2716350e-01    2.4621888e+00
  -9.7868440e-01   -2.4590302e-01    2.4618947e+00
  -9.7389232e-01   -2.6456254e-01    2.4615883e+00
  -9.6876043e-01   -2.8312206e-01    2.4612703e+00
  -9.6326874e-01   -3.0158158e-01    2.4609401e+00
  -9.5743725e-01   -3.1993111e-01    2.4605985e+00
  -9.5125596e-01   -3.3817064e-01    2.4602452e+00
  -9.4472485e-01   -3.5628017e-01    2.4598801e+00
  -9.3785394e-01   -3.7426970e-01    2.4595038e+00
  -9.3064321e-01   -3.9212924e-01    2.4591161e+00
  -9.2310266e-01   -4.0984879e-01    2.4587176e+00
  -9.1524228e-01   -4.2741833e-01    2.4583087e+00
  -9.0705207e-01   -4.4484788e-01    2.4578889e+00
  -8.9856202e-01   -4.6212744e-01    2.4574595e+00
  -8.8975214e-01   -4.7925699e-01    2.4570196e+00
  -8.8064240e-01   -4.9621656e-01    2.4565701e+00
  -8.7122282e-01   -5.1300612e-01    2.4561108e+00
  -8.6149340e-01   -5.2962569e-01    2.4556415e+00
  -8.5146413e-01   -5.4605527e-01    2.4551628e+00
  -8.4111501e-01   -5.6229485e-01    2.4546740e+00
  -8.3044604e-01   -5.7832443e-01    2.4541751e+00
  -8.1946722e-01   -5.9413403e-01    2.4536668e+00
  -8.0816854e-01   -6.0972362e-01    2.4531485e+00
  -7.9656001e-01   -6.2508323e-01    2.4526207e+00
  -7.8464161e-01   -6.4020284e-01    2.4520835e+00
  -7.7241335e-01   -6.5507245e-01    2.4515370e+00
  -7.5990521e-01   -6.6970208e-01    2.4509822e+00
  -7.4710720e-01   -6.8409170e-01    2.4504186e+00
  -7.3402930e-01   -6.9822134e-01    2.4498469e+00
  -7.2069149e-01   -7.1209098e-01    2.4492676e+00
  -7.0708381e-01   -7.2572063e-01    2.4486804e+00
  -6.9322621e-01   -7.3908028e-01    2.4480862e+00
  -6.7911870e-01   -7.5217995e-01    2.4474849e+00
  -6.6476129e-01   -7.6500961e-01    2.4468765e+00
  -6.5016397e-01   -7.7755929e-01    2.4462615e+00
  -6.3532672e-01   -7.8981897e-01    2.4456399e+00
  -6.2024955e-01   -8.0178866e-01    2.4450118e+00
  -6.0494245e-01   -8.1344836e-01    2.4443777e+00
  -5.8939543e-01   -8.2480807e-01    2.4437371e+00
  -5.7362846e-01   -8.3584778e-01    2.4430909e+00
  -5.5765155e-01   -8.4657751e-01    2.4424394e+00
  -5.4145470e-01   -8.5697724e-01    2.4417824e+00
  -5.2505790e-01   -8.6706698e-01    2.4411204e+00
  -5.0847114e-01   -8.7682673e-01    2.4404539e+00
  -4.9169441e-01   -8.8626648e-01    2.4397829e+00
  -4.7474772e-01   -8.9539625e-01    2.4391081e+00
  -4.5763105e-01   -9.0419602e-01    2.4384294e+00
  -4.4036440e-01   -9.1268580e-01    2.4377477e+00
  -4.2293777e-01   -9.2086559e-01    2.4370624e+00
  -4.0536115e-01   -9.2872539e-01    2.4363740e+00
  -3.8765453e-01   -9.3626519e-01    2.4356833e+00
  -3.6981792e-01   -9.4348500e-01    2.4349901e+00
  -3.5185131e-01   -9.5038483e-01    2.4342946e+00
  -3.3375470e-01   -9.5695466e-01    2.4335968e+00
  -3.1554807e-01   -9.6319450e-01    2.4328975e+00
  -2.9723142e-01   -9.6909434e-01    2.4321966e+00
  -2.7880477e-01   -9.7466420e-01    2.4314941e+00
  -2.6027808e-01   -9.7989406e-01    2.4307905e+00
  -2.4167137e-01   -9.8478394e-01    2.4300864e+00
  -2.2296462e-01   -9.8932382e-01    2.4293813e+00
  -2.0417784e-01   -9.9351371e-01    2.4286758e+00
  -1.8532101e-01   -9.9735361e-01    2.4279703e+00
  -1.6639414e-01   -1.0008435e+00    2.4272648e+00
  -1.4739721e-01   -1.0039434e+00    2.4265596e+00
  -1.2835024e-01   -1.0067434e+00    2.4258548e+00
  -1.0925320e-01   -1.0091433e+00    2.4251510e+00
  -9.0108079e-02   -1.0111433e+00    2.4244484e+00
  -7.0929880e-02   -1.0127432e+00    2.4237474e+00
  -5.1722597e-02   -1.0139432e+00    2.4230483e+00
  -3.2494250e-02   -1.0148432e+00    2.4223506e+00
  -1.3251783e-02   -1.0152432e+00    2.4216560e+00
   5.9950584e-03   -1.0153431e+00    2.4209634e+00
   2.5240404e-02   -1.0150432e+00    2.4202737e+00
   4.4476160e-02   -1.0143432e+00    2.4195872e+00
   6.3695004e-02   -1.0133432e+00    2.4189035e+00
   8.2891966e-02   -1.0119432e+00    2.4182235e+00
   1.0206105e-01   -1.0101433e+00    2.4175473e+00
   1.2119823e-01   -1.0080433e+00    2.4168745e+00
   1.4028652e-01   -1.0056434e+00    2.4162055e+00
   1.5933494e-01   -1.0028435e+00    2.4155409e+00
   1.7832347e-01   -9.9974355e-01    2.4148806e+00
   1.9726214e-01   -9.9627364e-01    2.4142247e+00
   2.1612094e-01   -9.9244374e-01    2.4135743e+00
   2.3490989e-01   -9.8826385e-01    2.4129289e+00
   2.5361898e-01   -9.8371397e-01    2.4122891e+00
   2.7222822e-01   -9.7881409e-01    2.4116553e+00
   2.9074762e-01   -9.7354423e-01    2.4110275e+00
   3.0915718e-01   -9.6792437e-01    2.4104061e+00
   3.2745690e-01   -9.6195453e-01    2.4097912e+00
   3.4564679e-01   -9.5563469e-01    2.4091827e+00
   3.6370684e-01   -9.4897486e-01    2.4085814e+00
   3.8163707e-01   -9.4198504e-01    2.4079871e+00
   3.9943746e-01   -9.3465523e-01    2.4073999e+00
   4.1710802e-01   -9.2700543e-01    2.4068197e+00
   4.3462877e-01   -9.1903564e-01    2.4062471e+00
   4.5199969e-01   -9.1073585e-01    2.4056824e+00
   4.6921080e-01   -9.0211607e-01    2.4051256e+00
   4.8626210e-01   -8.9316630e-01    2.4045770e+00
   5.0313359e-01   -8.8390654e-01    2.4040371e+00
   5.1983528e-01   -8.7431679e-01    2.4035057e+00
   5.3633718e-01   -8.6440705e-01    2.4029837e+00
   5.5264929e-01   -8.5417731e-01    2.4024709e+00
   5.6876160e-01   -8.4363758e-01    2.4019674e+00
   5.8465414e-01   -8.3276786e-01    2.4014743e+00
   6.0033690e-01   -8.2159815e-01    2.4009908e+00
   6.1578989e-01   -8.1010845e-01    2.4005180e+00
   6.3101310e-01   -7.9831875e-01    2.4000555e+00
   6.4600654e-01   -7.8623907e-01    2.3996034e+00
   6.6075021e-01   -7.7385939e-01    2.3991624e+00
   6.7526410e-01   -7.6120971e-01    2.3987316e+00
   6.8952823e-01   -7.4827005e-01    2.3983119e+00
   7.0355258e-01   -7.3507039e-01    2.3979026e+00
   7.1731717e-01   -7.2161073e-01    2.3975046e+00
   7.3083198e-01   -7.0790109e-01    2.3971174e+00
   7.4409702e-01   -6.9393145e-01    2.3967410e+00
   7.5709230e-01   -6.7972182e-01    2.3963760e+00
   7.6980782e-01   -6.6527219e-01    2.3960228e+00
   7.8225358e-01   -6.5057257e-01    2.3956811e+00
   7.9441958e-01   -6.3564295e-01    2.3953511e+00
   8.0627584e-01   -6.2047335e-01    2.3950340e+00
   8.1783235e-01   -6.0506374e-01    2.3947294e+00
   8.2907913e-01   -5.8943415e-01    2.3944374e+00
   8.4001616e-01   -5.7357456e-01    2.3941583e+00
   8.5062346e-01   -5.5751497e-01    2.3938925e+00
   8.6092101e-01   -5.4123539e-01    2.3936394e+00
   8.7089882e-01   -5.2476582e-01    2.3933991e+00
   8.8056688e-01   -5.0810625e-01    2.3931714e+00
   8.8991519e-01   -4.9127668e-01    2.3929564e+00
   8.9896374e-01   -4.7426712e-01    2.3927534e+00
   9.0770253e-01   -4.5710757e-01    2.3925626e+00
   9.1613156e-01   -4.3978801e-01    2.3923842e+00
   9.2425082e-01   -4.2232846e-01    2.3922179e+00
   9.3206033e-01   -4.0471892e-01    2.3920638e+00
   9.3954008e-01   -3.8697938e-01    2.3919225e+00
   9.4670007e-01   -3.6909984e-01    2.3917936e+00
   9.5352032e-01   -3.5109030e-01    2.3916780e+00
   9.6001081e-01   -3.3295077e-01    2.3915751e+00
   9.6615156e-01   -3.1470124e-01    2.3914856e+00
   9.7195256e-01   -2.9633172e-01    2.3914091e+00
   9.7740381e-01   -2.7786219e-01    2.3913460e+00
   9.8250532e-01   -2.5928267e-01    2.3912962e+00
   9.8725707e-01   -2.4062316e-01    2.3912596e+00
   9.9165907e-01   -2.2187364e-01    2.3912362e+00
   9.9572131e-01   -2.0304413e-01    2.3912256e+00
   9.9942380e-01   -1.8414461e-01    2.3912284e+00
   1.0027765e+00   -1.6518510e-01    2.3912442e+00
   1.0057595e+00   -1.4615560e-01    2.3912738e+00
   1.0084627e+00   -1.2707609e-01    2.3913138e+00
   1.0106662e+00   -1.0795658e-01    2.3913721e+00
   1.0126699e+00   -8.8791077e-02    2.3914379e+00
   1.0141739e+00   -6.9595573e-02    2.3915219e+00
   1.0153781e+00   -5.0374069e-02    2.3916168e+00
   1.0162824e+00   -3.1132566e-02    2.3917227e+00
   1.0166872e+00   -1.1879063e-02    2.3918466e+00
   1.0168920e+00    7.3793396e-03    2.3919777e+00
   1.0165972e+00    2.6636942e-02    2.3921268e+00
   1.0160025e+00    4.5887445e-02    2.3922866e+00
   1.0151081e+00    6.5122948e-02    2.3924571e+00
   1.0138139e+00    8.4337452e-02    2.3926418e+00
   1.0121199e+00    1.0351796e-01    2.3928407e+00
   1.0100262e+00    1.2266746e-01    2.3930536e+00
   1.0076327e+00    1.4177697e-01    2.3932771e+00
   1.0048394e+00    1.6082648e-01    2.3935145e+00
   1.0016464e+00    1.7982599e-01    2.3937659e+00
   9.9810358e-01    1.9875550e-01    2.3940294e+00
   9.9418098e-01    2.1760501e-01    2.3943060e+00
   9.8989860e-01    2.3638453e-01    2.3945950e+00
   9.8525643e-01    2.5507404e-01    2.3948963e+00
   9.8026446e-01    2.7367356e-01    2.3952095e+00
   9.7492269e-01    2.9217308e-01    2.3955346e+00
   9.6925110e-01    3.1057261e-01    2.3958708e+00
   9.6322972e-01    3.2887214e-01    2.3962188e+00
   9.5688851e-01    3.4705167e-01    2.3965775e+00
   9.5021749e-01    3.6511120e-01    2.3969472e+00
   9.4321665e-01    3.8305074e-01    2.3973279e+00
   9.3589598e-01    4.0086028e-01    2.3977191e+00
   9.2824548e-01    4.1852982e-01    2.3981212e+00
   9.2026517e-01    4.3605937e-01    2.3985342e+00
   9.1197501e-01    4.5342892e-01    2.3989571e+00
   9.0335503e-01    4.7064848e-01    2.3993908e+00
   8.9441521e-01    4.8770804e-01    2.3998349e+00
   8.8515555e-01    5.0458760e-01    2.4002891e+00
   8.7558605e-01    5.2129717e-01    2.4007533e+00
   8.6570670e-01    5.3781674e-01    2.4012273e+00
   8.5551750e-01    5.5415632e-01    2.4017111e+00
   8.4501845e-01    5.7029590e-01    2.4022045e+00
   8.3422954e-01    5.8624549e-01    2.4027071e+00
   8.2314077e-01    6.0197508e-01    2.4032188e+00
   8.1175214e-01    6.1750468e-01    2.4037399e+00
   8.0008363e-01    6.3281429e-01    2.4042695e+00
   7.8812525e-01    6.4790390e-01    2.4048079e+00
   7.7588700e-01    6.6276351e-01    2.4053547e+00
   7.6335887e-01    6.7738314e-01    2.4059102e+00
   7.5056085e-01    6.9176277e-01    2.4064737e+00
   7.3748295e-01    7.0589240e-01    2.4070454e+00
   7.2413515e-01    7.1977204e-01    2.4076251e+00
   7.1051746e-01    7.3337169e-01    2.4082124e+00
   6.9663987e-01    7.4671135e-01    2.4088072e+00
   6.8249239e-01    7.5977101e-01    2.4094097e+00
   6.6808499e-01    7.7254068e-01    2.4100195e+00
   6.5341769e-01    7.8501036e-01    2.4106365e+00
   6.3851046e-01    7.9718004e-01    2.4112599e+00
   6.2335332e-01    8.0904974e-01    2.4118901e+00
   6.0795625e-01    8.2059944e-01    2.4125267e+00
   5.9231925e-01    8.3182915e-01    2.4131696e+00
   5.7646231e-01    8.4273887e-01    2.4138180e+00
   5.6037544e-01    8.5331859e-01    2.4144724e+00
   5.4408861e-01    8.6356833e-01    2.4151316e+00
   5.2759182e-01    8.7348807e-01    2.4157960e+00
   5.1089508e-01    8.8306783e-01    2.4164651e+00
   4.9401837e-01    8.9230759e-01    2.4171383e+00
   4.7695170e-01    9.0121736e-01    2.4178159e+00
   4.5971504e-01    9.0977714e-01    2.4184971e+00
   4.4230841e-01    9.1799692e-01    2.4191819e+00
   4.2474179e-01    9.2586672e-01    2.4198700e+00
   4.0702518e-01    9.3337653e-01    2.4205609e+00
   3.8915857e-01    9.4054634e-01    2.4212548e+00
   3.7115196e-01    9.4734617e-01    2.4219510e+00
   3.5301534e-01    9.5379600e-01    2.4226493e+00
   3.3475871e-01    9.5989584e-01    2.4233495e+00
   3.1639205e-01    9.6562569e-01    2.4240510e+00
   2.9790538e-01    9.7099555e-01    2.4247542e+00
   2.7931868e-01    9.7600543e-01    2.4254584e+00
   2.6064195e-01    9.8065531e-01    2.4261632e+00
   2.4188517e-01    9.8494519e-01    2.4268683e+00
   2.2303836e-01    9.8887509e-01    2.4275741e+00
   2.0413150e-01    9.9244500e-01    2.4282795e+00
   1.8515458e-01    9.9565492e-01    2.4289847e+00
   1.6611762e-01    9.9850484e-01    2.4296896e+00
   1.4703059e-01    1.0010048e+00    2.4303937e+00
   1.2790349e-01    1.0031047e+00    2.4310964e+00
   1.0872632e-01    1.0048047e+00    2.4317980e+00
   8.9532076e-02    1.0062046e+00    2.4324981e+00
   7.0310750e-02    1.0072046e+00    2.4331963e+00
   5.1073331e-02    1.0078046e+00    2.4338922e+00
   3.1827815e-02    1.0080046e+00    2.4345855e+00
   1.2580521e-02    1.0079046e+00    2.4352767e+00
  -6.6604791e-03    1.0074046e+00    2.4359647e+00
  -2.5887292e-02    1.0065046e+00    2.4366495e+00
  -4.5094221e-02    1.0052047e+00    2.4373306e+00
  -6.4274245e-02    1.0036047e+00    2.4380086e+00
  -8.3418396e-02    1.0016048e+00    2.4386824e+00
  -1.0251865e-01    9.9930482e-01    2.4393525e+00
  -1.2157706e-01    9.9653490e-01    2.4400177e+00
  -1.4056560e-01    9.9342498e-01    2.4406779e+00
  -1.5950426e-01    9.8994507e-01    2.4413337e+00
  -1.7836307e-01    9.8609516e-01    2.4419840e+00
  -1.9714204e-01    9.8186527e-01    2.4426287e+00
  -2.1583115e-01    9.7727539e-01    2.4432675e+00
  -2.3443042e-01    9.7230552e-01    2.4439004e+00
  -2.5292985e-01    9.6697566e-01    2.4445271e+00
  -2.7131944e-01    9.6129581e-01    2.4451473e+00
  -2.8959919e-01    9.5525596e-01    2.4457610e+00
  -3.0775911e-01    9.4887613e-01    2.4463680e+00
  -3.2579919e-01    9.4215630e-01    2.4469681e+00
  -3.4370944e-01    9.3510648e-01    2.4475613e+00
  -3.6148987e-01    9.2771667e-01    2.4481473e+00
  -3.7912047e-01    9.1999687e-01    2.4487256e+00
  -3.9661125e-01    9.1195708e-01    2.4492966e+00
  -4.1395221e-01    9.0358730e-01    2.4498598e+00
  -4.3113336e-01    8.9489752e-01    2.4504149e+00
  -4.4814470e-01    8.8587775e-01    2.4509616e+00
  -4.6497624e-01    8.7653799e-01    2.4514995e+00
  -4.8163797e-01    8.6688824e-01    2.4520291e+00
  -4.9809991e-01    8.5691850e-01    2.4525492e+00
  -5.1438206e-01    8.4662877e-01    2.4530605e+00
  -5.3045441e-01    8.3603904e-01    2.4535621e+00
  -5.4632697e-01    8.2513932e-01    2.4540543e+00
  -5.6198975e-01    8.1393961e-01    2.4545368e+00
  -5.7744274e-01    8.0244991e-01    2.4550097e+00
  -5.9266595e-01    7.9067021e-01    2.4554723e+00
  -6.0766937e-01    7.7860052e-01    2.4559248e+00
  -6.2245301e-01    7.6626084e-01    2.4563675e+00
  -6.3699688e-01    7.5364117e-01    2.4567996e+00
  -6.5131096e-01    7.4076150e-01    2.4572216e+00
  -6.6537527e-01    7.2761184e-01    2.4576326e+00
  -6.7919980e-01    7.1421219e-01    2.4580332e+00
  -6.9277456e-01    7.0055254e-01    2.4584230e+00
  -7.0608956e-01    6.8664290e-01    2.4588016e+00
  -7.1914478e-01    6.7248326e-01    2.4591691e+00
  -7.3193024e-01    6.5808364e-01    2.4595252e+00
  -7.4443595e-01    6.4343401e-01    2.4598694e+00
  -7.5665190e-01    6.2855440e-01    2.4602015e+00
  -7.6857811e-01    6.1343479e-01    2.4605215e+00
  -7.8021455e-01    5.9808518e-01    2.4608294e+00
  -7.9154126e-01    5.8251559e-01    2.4611247e+00
  -8.0255822e-01    5.6672599e-01    2.4614072e+00
  -8.1327544e-01    5.5071641e-01    2.4616773e+00
  -8.2367291e-01    5.3451683e-01    2.4619346e+00
  -8.3377062e-01    5.1811725e-01    2.4621796e+00
  -8.4355858e-01    5.0152768e-01    2.4624122e+00
  -8.5303679e-01    4.8476811e-01    2.4626324e+00
  -8.6221524e-01    4.6782855e-01    2.4628405e+00
  -8.7107393e-01    4.5073899e-01    2.4630361e+00
  -8.7964286e-01    4.3347944e-01    2.4632200e+00
  -8.8789202e-01    4.1607989e-01    2.4633914e+00
  -8.9582143e-01    3.9853034e-01    2.4635503e+00
  -9.0344108e-01    3.8084080e-01    2.4636970e+00
  -9.1072099e-01    3.6301126e-01    2.4638305e+00
  -9.1767114e-01    3.4505172e-01    2.4639512e+00
  -9.2428154e-01    3.2696219e-01    2.4640587e+00
  -9.3054220e-01    3.0874266e-01    2.4641527e+00
  -9.3644313e-01    2.9041313e-01    2.4642331e+00
  -9.4198431e-01    2.7197361e-01    2.4642997e+00
  -9.4716576e-01    2.5341409e-01    2.4643525e+00
  -9.5197747e-01    2.3477457e-01    2.4643914e+00
  -9.5642943e-01    2.1603505e-01    2.4644167e+00
  -9.6052165e-01    1.9721554e-01    2.4644284e+00
  -9.6424413e-01    1.7831603e-01    2.4644263e+00
  -9.6760686e-01    1.5935651e-01    2.4644109e+00
  -9.7060983e-01    1.4032701e-01    2.4643820e+00
  -9.7324306e-01    1.2124750e-01    2.4643394e+00
  -9.7550654e-01    1.0212799e-01    2.4642833e+00
  -9.7741026e-01    8.2957488e-02    2.4642139e+00
  -9.7893424e-01    6.3757984e-02    2.4641306e+00
  -9.8008846e-01    4.4533480e-02    2.4640338e+00
  -9.8086293e-01    2.5289977e-02    2.4639233e+00
  -9.8126764e-01    6.0346744e-03    2.4637994e+00
  -9.8130260e-01   -1.3225028e-02    2.4636621e+00
  -9.8095779e-01   -3.2480531e-02    2.4635112e+00
  -9.8025322e-01   -5.1727034e-02    2.4633475e+00
  -9.7916889e-01   -7.0955537e-02    2.4631702e+00
  -9.7772478e-01   -9.0160041e-02    2.4629802e+00
  -9.7592090e-01   -1.0933655e-01    2.4627775e+00
  -9.7374725e-01   -1.2846605e-01    2.4625618e+00
  -9.7120383e-01   -1.4755556e-01    2.4623331e+00
  -9.6830062e-01   -1.6659507e-01    2.4620918e+00
  -9.6502764e-01   -1.8557458e-01    2.4618376e+00
  -9.6137488e-01   -2.0448409e-01    2.4615703e+00
  -9.5734235e-01   -2.2331360e-01    2.4612899e+00
  -9.5294004e-01   -2.4206312e-01    2.4609968e+00
  -9.4814795e-01   -2.6071264e-01    2.4606905e+00
  -9.4298608e-01   -2.7926216e-01    2.4603715e+00
  -9.3743443e-01   -2.9770168e-01    2.4600393e+00
  -9.3152298e-01   -3.1603121e-01    2.4596950e+00
  -9.2523175e-01   -3.3423074e-01    2.4593380e+00
  -9.1859071e-01   -3.5231027e-01    2.4589692e+00
  -9.1159986e-01   -3.7024981e-01    2.4585889e+00
  -9.0426919e-01   -3.8804935e-01    2.4581973e+00
  -8.9659871e-01   -4.0571889e-01    2.4577945e+00
  -8.8859841e-01   -4.2322844e-01    2.4573810e+00
  -8.8027827e-01   -4.4059799e-01    2.4569570e+00
  -8.7162830e-01   -4.5779755e-01    2.4565224e+00
  -8.6266849e-01   -4.7483711e-01    2.4560777e+00
  -8.5337885e-01   -4.9170667e-01    2.4556225e+00
  -8.4377936e-01   -5.0839624e-01    2.4551573e+00
  -8.3384004e-01   -5.2488581e-01    2.4546815e+00
  -8.2359087e-01   -5.4118539e-01    2.4541958e+00
  -8.1301186e-01   -5.5727498e-01    2.4536998e+00
  -8.0210301e-01   -5.7313457e-01    2.4531936e+00
  -7.9088430e-01   -5.8878416e-01    2.4526777e+00
  -7.7934573e-01   -6.0419377e-01    2.4521521e+00
  -7.6749730e-01   -6.1936338e-01    2.4516171e+00
  -7.5533902e-01   -6.3430299e-01    2.4510726e+00
  -7.4289085e-01   -6.4898261e-01    2.4505195e+00
  -7.3016280e-01   -6.6342224e-01    2.4499581e+00
  -7.1714488e-01   -6.7761187e-01    2.4493881e+00
  -7.0384706e-01   -6.9153151e-01    2.4488100e+00
  -6.9028935e-01   -7.0520116e-01    2.4482243e+00
  -6.7647174e-01   -7.1859081e-01    2.4476313e+00
  -6.6238423e-01   -7.3172047e-01    2.4470304e+00
  -6.4803681e-01   -7.4456014e-01    2.4464223e+00
  -6.3344948e-01   -7.5710982e-01    2.4458077e+00
  -6.1860224e-01   -7.6936950e-01    2.4451858e+00
  -6.0351507e-01   -7.8132919e-01    2.4445574e+00
  -5.8819798e-01   -7.9297889e-01    2.4439230e+00
  -5.7264095e-01   -8.0430860e-01    2.4432822e+00
  -5.5685400e-01   -8.1532831e-01    2.4426355e+00
  -5.4084710e-01   -8.2602804e-01    2.4419831e+00
  -5.2463025e-01   -8.3639777e-01    2.4413256e+00
  -5.0821345e-01   -8.4643751e-01    2.4406632e+00
  -4.9159670e-01   -8.5615726e-01    2.4399959e+00
  -4.7479997e-01   -8.6554702e-01    2.4393246e+00
  -4.5781328e-01   -8.7459678e-01    2.4386489e+00
  -4.4064663e-01   -8.8331656e-01    2.4379690e+00
  -4.2332998e-01   -8.9170634e-01    2.4372862e+00
  -4.0584335e-01   -8.9974613e-01    2.4365997e+00
  -3.8820674e-01   -9.0746593e-01    2.4359102e+00
  -3.7043013e-01   -9.1484574e-01    2.4352181e+00
  -3.5252351e-01   -9.2189556e-01    2.4345237e+00
  -3.3448690e-01   -9.2860539e-01    2.4338270e+00
  -3.1633028e-01   -9.3499522e-01    2.4331284e+00
  -2.9805365e-01   -9.4104507e-01    2.4324278e+00
  -2.7967700e-01   -9.4677492e-01    2.4317260e+00
  -2.6120033e-01   -9.5216478e-01    2.4310231e+00
  -2.4263363e-01   -9.5722465e-01    2.4303192e+00
  -2.2397689e-01   -9.6193453e-01    2.4296147e+00
  -2.0523013e-01   -9.6630442e-01    2.4289093e+00
  -1.8640333e-01   -9.7031431e-01    2.4282037e+00
  -1.6750648e-01   -9.7397422e-01    2.4274980e+00
  -1.4853958e-01   -9.7725413e-01    2.4267926e+00
  -1.2951262e-01   -9.8016406e-01    2.4260877e+00
  -1.1043560e-01   -9.8268399e-01    2.4253838e+00
  -9.1308504e-02   -9.8482394e-01    2.4246808e+00
  -7.2140335e-02   -9.8656389e-01    2.4239792e+00
  -5.2940086e-02   -9.8791386e-01    2.4232793e+00
  -3.3716746e-02   -9.8885383e-01    2.4225815e+00
  -1.4476314e-02   -9.8939382e-01    2.4218859e+00
   4.7699552e-03   -9.8954382e-01    2.4211930e+00
   2.4015851e-02   -9.8928382e-01    2.4205030e+00
   4.3252593e-02   -9.8863384e-01    2.4198161e+00
   6.2471447e-02   -9.8759387e-01    2.4191327e+00
   8.1666415e-02   -9.8617390e-01    2.4184529e+00
   1.0082950e-01   -9.8437395e-01    2.4177769e+00
   1.1995571e-01   -9.8220400e-01    2.4171050e+00
   1.3903404e-01   -9.7966407e-01    2.4164374e+00
   1.5806250e-01   -9.7677415e-01    2.4157741e+00
   1.7704108e-01   -9.7352423e-01    2.4151152e+00
   1.9594979e-01   -9.6991432e-01    2.4144614e+00
   2.1477865e-01   -9.6596442e-01    2.4138130e+00
   2.3354764e-01   -9.6164454e-01    2.4131693e+00
   2.5221679e-01   -9.5697466e-01    2.4125318e+00
   2.7079609e-01   -9.5195479e-01    2.4119000e+00
   2.8927554e-01   -9.4656493e-01    2.4112744e+00
   3.0765516e-01   -9.4081507e-01    2.4106550e+00
   3.2590495e-01   -9.3470523e-01    2.4100429e+00
   3.4403491e-01   -9.2823540e-01    2.4094377e+00
   3.6203504e-01   -9.2142557e-01    2.4088396e+00
   3.7990535e-01   -9.1425576e-01    2.4082487e+00
   3.9763584e-01   -9.0674595e-01    2.4076654e+00
   4.1521651e-01   -8.9890616e-01    2.4070897e+00
   4.3264736e-01   -8.9073637e-01    2.4065219e+00
   4.4992839e-01   -8.8224659e-01    2.4059617e+00
   4.6703961e-01   -8.7342681e-01    2.4054100e+00
   4.8398103e-01   -8.6428705e-01    2.4048667e+00
   5.0075264e-01   -8.5482729e-01    2.4043318e+00
   5.1733446e-01   -8.4503755e-01    2.4038061e+00
   5.3371649e-01   -8.3493781e-01    2.4032898e+00
   5.4989873e-01   -8.2449808e-01    2.4027832e+00
   5.6587119e-01   -8.1374836e-01    2.4022863e+00
   5.8162388e-01   -8.0267864e-01    2.4017996e+00
   5.9714679e-01   -7.9128894e-01    2.4013235e+00
   6.1243994e-01   -7.7958924e-01    2.4008579e+00
   6.2749331e-01   -7.6757955e-01    2.4004031e+00
   6.4230692e-01   -7.5527987e-01    2.3999590e+00
   6.5687077e-01   -7.4269019e-01    2.3995260e+00
   6.7119484e-01   -7.2982052e-01    2.3991036e+00
   6.8525915e-01   -7.1667086e-01    2.3986926e+00
   6.9906370e-01   -7.0325121e-01    2.3982928e+00
   7.1260849e-01   -6.8956156e-01    2.3979044e+00
   7.2587353e-01   -6.7560192e-01    2.3975279e+00
   7.3886881e-01   -6.6139229e-01    2.3971629e+00
   7.5156435e-01   -6.4691266e-01    2.3968107e+00
   7.6396015e-01   -6.3217304e-01    2.3964710e+00
   7.7604621e-01   -6.1718343e-01    2.3961444e+00
   7.8782254e-01   -6.0195382e-01    2.3958305e+00
   7.9927914e-01   -5.8647422e-01    2.3955300e+00
   8.1042600e-01   -5.7076463e-01    2.3952423e+00
   8.2124313e-01   -5.5483504e-01    2.3949680e+00
   8.3174052e-01   -5.3868546e-01    2.3947067e+00
   8.4192816e-01   -5.2234588e-01    2.3944580e+00
   8.5180605e-01   -5.0581631e-01    2.3942218e+00
   8.6137419e-01   -4.8909674e-01    2.3939980e+00
   8.7063257e-01   -4.7221718e-01    2.3937866e+00
   8.7959119e-01   -4.5515762e-01    2.3935872e+00
   8.8822006e-01   -4.3794806e-01    2.3934008e+00
   8.9653918e-01   -4.2057851e-01    2.3932267e+00
   9.0452854e-01   -4.0305896e-01    2.3930654e+00
   9.1218816e-01   -3.8537942e-01    2.3929172e+00
   9.1948805e-01   -3.6755988e-01    2.3927829e+00
   9.2643820e-01   -3.4960034e-01    2.3926623e+00
   9.3302862e-01   -3.3150081e-01    2.3925555e+00
   9.3925930e-01   -3.1328128e-01    2.3924625e+00
   9.4512026e-01   -2.9493175e-01    2.3923838e+00
   9.5062147e-01   -2.7647223e-01    2.3923188e+00
   9.5575295e-01   -2.5791271e-01    2.3922678e+00
   9.6053468e-01   -2.3925319e-01    2.3922301e+00
   9.6495667e-01   -2.2050368e-01    2.3922060e+00
   9.6902890e-01   -2.0168416e-01    2.3921949e+00
   9.7274139e-01   -1.8278465e-01    2.3921974e+00
   9.7611411e-01   -1.6382514e-01    2.3922125e+00
   9.7913707e-01   -1.4480563e-01    2.3922406e+00
   9.8179028e-01   -1.2572612e-01    2.3922824e+00
   9.8409374e-01   -1.0660662e-01    2.3923371e+00
   9.8601744e-01   -8.7442112e-02    2.3924057e+00
   9.8757140e-01   -6.8244607e-02    2.3924879e+00
   9.8874561e-01   -4.9021104e-02    2.3925840e+00
   9.8954007e-01   -2.9778601e-02    2.3926938e+00
   9.8995477e-01   -1.0523298e-02    2.3928174e+00
   9.8997973e-01    8.7359046e-03    2.3929550e+00
   9.8963493e-01    2.7991907e-02    2.3931058e+00
   9.8890038e-01    4.7237410e-02    2.3932706e+00
   9.8779606e-01    6.6464914e-02    2.3934486e+00
   9.8632197e-01    8.5666418e-02    2.3936397e+00
   9.8447812e-01    1.0483792e-01    2.3938438e+00
   9.8226449e-01    1.2396743e-01    2.3940610e+00
   9.7969108e-01    1.4305694e-01    2.3942908e+00
   9.7674790e-01    1.6208644e-01    2.3945334e+00
   9.7344493e-01    1.8105595e-01    2.3947886e+00
   9.6978218e-01    1.9996547e-01    2.3950563e+00
   9.6575965e-01    2.1879498e-01    2.3953363e+00
   9.6136733e-01    2.3754450e-01    2.3956290e+00
   9.5661522e-01    2.5620401e-01    2.3959340e+00
   9.5149333e-01    2.7477353e-01    2.3962517e+00
   9.4602163e-01    2.9323306e-01    2.3965811e+00
   9.4018014e-01    3.1158258e-01    2.3969231e+00
   9.3397886e-01    3.2981211e-01    2.3972771e+00
   9.2741778e-01    3.4792165e-01    2.3976432e+00
   9.2050688e-01    3.6589118e-01    2.3980209e+00
   9.1323618e-01    3.8372072e-01    2.3984105e+00
   9.0562567e-01    4.0141026e-01    2.3988113e+00
   8.9765535e-01    4.1893981e-01    2.3992239e+00
   8.8934520e-01    4.3630936e-01    2.3996475e+00
   8.8068524e-01    4.5350892e-01    2.4000825e+00
   8.7169545e-01    4.7053848e-01    2.4005281e+00
   8.6237582e-01    4.8737804e-01    2.4009843e+00
   8.5271636e-01    5.0403761e-01    2.4014513e+00
   8.4272707e-01    5.2049719e-01    2.4019288e+00
   8.3242792e-01    5.3676677e-01    2.4024160e+00
   8.2179893e-01    5.5281635e-01    2.4029136e+00
   8.1086009e-01    5.6865594e-01    2.4034207e+00
   7.9960140e-01    5.8428554e-01    2.4039378e+00
   7.8805284e-01    5.9968514e-01    2.4044637e+00
   7.7619442e-01    6.1485475e-01    2.4049991e+00
   7.6404613e-01    6.2978437e-01    2.4055432e+00
   7.5160796e-01    6.4448399e-01    2.4060961e+00
   7.3889990e-01    6.5894361e-01    2.4066569e+00
   7.2591196e-01    6.7315325e-01    2.4072260e+00
   7.1264414e-01    6.8710289e-01    2.4078032e+00
   6.9912641e-01    7.0080253e-01    2.4083877e+00
   6.8533879e-01    7.1424219e-01    2.4089800e+00
   6.7130126e-01    7.2741185e-01    2.4095793e+00
   6.5701382e-01    7.4031151e-01    2.4101857e+00
   6.4246647e-01    7.5293119e-01    2.4107994e+00
   6.2768921e-01    7.6526087e-01    2.4114193e+00
   6.1266202e-01    7.7729056e-01    2.4120460e+00
   5.9740491e-01    7.8902025e-01    2.4126789e+00
   5.8190787e-01    8.0044996e-01    2.4133182e+00
   5.6619089e-01    8.1155967e-01    2.4139631e+00
   5.5024398e-01    8.2233939e-01    2.4146139e+00
   5.3408712e-01    8.3279912e-01    2.4152699e+00
   5.1772031e-01    8.4292886e-01    2.4159311e+00
   5.0114354e-01    8.5271861e-01    2.4165974e+00
   4.8436682e-01    8.6215837e-01    2.4172684e+00
   4.6741012e-01    8.7124813e-01    2.4179434e+00
   4.5025346e-01    8.7998790e-01    2.4186230e+00
   4.3292682e-01    8.8836769e-01    2.4193061e+00
   4.1544019e-01    8.9639748e-01    2.4199925e+00
   3.9778357e-01    9.0406728e-01    2.4206824e+00
   3.7997696e-01    9.1137709e-01    2.4213751e+00
   3.6202036e-01    9.1831692e-01    2.4220705e+00
   3.4393374e-01    9.2489675e-01    2.4227680e+00
   3.2571711e-01    9.3110658e-01    2.4234675e+00
   3.0738047e-01    9.3695643e-01    2.4241688e+00
   2.8893380e-01    9.4242629e-01    2.4248712e+00
   2.7037710e-01    9.4753616e-01    2.4255751e+00
   2.5172038e-01    9.5227604e-01    2.4262798e+00
   2.3297362e-01    9.5664593e-01    2.4269852e+00
   2.1414681e-01    9.6063582e-01    2.4276907e+00
   1.9524995e-01    9.6426573e-01    2.4283961e+00
   1.7627305e-01    9.6752564e-01    2.4291017e+00
   1.5724609e-01    9.7041557e-01    2.4298065e+00
   1.3816906e-01    9.7293550e-01    2.4305104e+00
   1.1904197e-01    9.7508545e-01    2.4312135e+00
   9.9875814e-02    9.7686540e-01    2.4319153e+00
   8.0679573e-02    9.7825537e-01    2.4326154e+00
   6.1459249e-02    9.7926534e-01    2.4333136e+00
   4.2221836e-02    9.7988533e-01    2.4340096e+00
   2.2975327e-02    9.8011532e-01    2.4347031e+00
   3.7291829e-03    9.7993532e-01    2.4353937e+00
  -1.5509013e-02    9.7934534e-01    2.4360811e+00
  -3.4731849e-02    9.7836536e-01    2.4367650e+00
  -5.3928810e-02    9.7696540e-01    2.4374451e+00
  -7.3093893e-02    9.7517545e-01    2.4381212e+00
  -9.2217104e-02    9.7299550e-01    2.4387929e+00
  -1.1129045e-01    9.7042557e-01    2.4394601e+00
  -1.3031892e-01    9.6747565e-01    2.4401230e+00
  -1.4927753e-01    9.6415573e-01    2.4407806e+00
  -1.6816628e-01    9.6046583e-01    2.4414331e+00
  -1.8698517e-01    9.5640593e-01    2.4420804e+00
  -2.0571422e-01    9.5198605e-01    2.4427219e+00
  -2.2435342e-01    9.4718617e-01    2.4433575e+00
  -2.4290277e-01    9.4201630e-01    2.4439871e+00
  -2.6133230e-01    9.3646645e-01    2.4446097e+00
  -2.7965200e-01    9.3054660e-01    2.4452257e+00
  -2.9783188e-01    9.2423676e-01    2.4458339e+00
  -3.1589194e-01    9.1755693e-01    2.4464351e+00
  -3.3380220e-01    9.1049712e-01    2.4470282e+00
  -3.5156264e-01    9.0307731e-01    2.4476133e+00
  -3.6917328e-01    8.9530751e-01    2.4481905e+00
  -3.8662410e-01    8.8717772e-01    2.4487594e+00
  -4.0391512e-01    8.7870794e-01    2.4493200e+00
  -4.2103634e-01    8.6990817e-01    2.4498722e+00
  -4.3799774e-01    8.6078840e-01    2.4504164e+00
  -4.5476934e-01    8.5134864e-01    2.4509514e+00
  -4.7137114e-01    8.4158890e-01    2.4514781e+00
  -4.8777315e-01    8.3151916e-01    2.4519953e+00
  -5.0399535e-01    8.2113942e-01    2.4525038e+00
  -5.2000777e-01    8.1044970e-01    2.4530025e+00
  -5.3582039e-01    7.9946998e-01    2.4534920e+00
  -5.5141324e-01    7.8818028e-01    2.4539714e+00
  -5.6679629e-01    7.7659058e-01    2.4544410e+00
  -5.8194957e-01    7.6472088e-01    2.4549004e+00
  -5.9688307e-01    7.5256120e-01    2.4553498e+00
  -6.1157679e-01    7.4012152e-01    2.4557886e+00
  -6.2604073e-01    7.2740185e-01    2.4562171e+00
  -6.4025490e-01    7.1442218e-01    2.4566347e+00
  -6.5422930e-01    7.0117252e-01    2.4570418e+00
  -6.6795393e-01    6.8766287e-01    2.4574380e+00
  -6.8140879e-01    6.7388323e-01    2.4578226e+00
  -6.9459390e-01    6.5985359e-01    2.4581957e+00
  -7.0749926e-01    6.4556396e-01    2.4585569e+00
  -7.2012486e-01    6.3102433e-01    2.4589062e+00
  -7.3245072e-01    6.1623472e-01    2.4592429e+00
  -7.4448683e-01    6.0119510e-01    2.4595674e+00
  -7.5620321e-01    5.8591550e-01    2.4598787e+00
  -7.6760985e-01    5.7040590e-01    2.4601773e+00
  -7.7870675e-01    5.5466631e-01    2.4604630e+00
  -7.8949390e-01    5.3870672e-01    2.4607360e+00
  -7.9996132e-01    5.2253714e-01    2.4609960e+00
  -8.1010899e-01    5.0617756e-01    2.4612432e+00
  -8.1993692e-01    4.8961799e-01    2.4614774e+00
  -8.2945510e-01    4.7286842e-01    2.4616991e+00
  -8.3864353e-01    4.5594886e-01    2.4619077e+00
  -8.4752222e-01    4.3884930e-01    2.4621039e+00
  -8.5606116e-01    4.2158974e-01    2.4622868e+00
  -8.6428035e-01    4.0417019e-01    2.4624570e+00
  -8.7215980e-01    3.8660065e-01    2.4626139e+00
  -8.7968951e-01    3.6888110e-01    2.4627571e+00
  -8.8688948e-01    3.5101157e-01    2.4628875e+00
  -8.9372971e-01    3.3301203e-01    2.4630039e+00
  -9.0023020e-01    3.1488250e-01    2.4631072e+00
  -9.0637095e-01    2.9662297e-01    2.4631967e+00
  -9.1217194e-01    2.7826344e-01    2.4632732e+00
  -9.1761320e-01    2.5978392e-01    2.4633359e+00
  -9.2270471e-01    2.4121440e-01    2.4633854e+00
  -9.2744647e-01    2.2254488e-01    2.4634216e+00
  -9.3183848e-01    2.0378537e-01    2.4634446e+00
  -9.3586075e-01    1.8495585e-01    2.4634537e+00
  -9.3953326e-01    1.6604634e-01    2.4634498e+00
  -9.4282604e-01    1.4707683e-01    2.4634317e+00
  -9.4574907e-01    1.2803732e-01    2.4633999e+00
  -9.4829236e-01    1.0894782e-01    2.4633540e+00
  -9.5043592e-01    8.9805311e-02    2.4632934e+00
  -9.5218974e-01    7.0625806e-02    2.4632186e+00
  -9.5353383e-01    5.1413302e-02    2.4631287e+00
  -9.5447819e-01    3.2176799e-02    2.4630243e+00
  -9.5502282e-01    1.2925296e-02    2.4629054e+00
  -9.5515771e-01   -6.3334062e-03    2.4627718e+00
  -9.5491284e-01   -2.5590709e-02    2.4626245e+00
  -9.5426823e-01   -4.4839212e-02    2.4624629e+00
  -9.5323386e-01   -6.4070715e-02    2.4622874e+00
  -9.5182973e-01   -8.3278219e-02    2.4620988e+00
  -9.5004584e-01   -1.0245672e-01    2.4618968e+00
  -9.4790217e-01   -1.2159623e-01    2.4616821e+00
  -9.4538873e-01   -1.4068574e-01    2.4614544e+00
  -9.4249551e-01   -1.5972524e-01    2.4612135e+00
  -9.3925251e-01   -1.7870475e-01    2.4609604e+00
  -9.3562974e-01   -1.9762427e-01    2.4606941e+00
  -9.3163719e-01   -2.1646378e-01    2.4604151e+00
  -9.2726485e-01   -2.3521330e-01    2.4601231e+00
  -9.2252274e-01   -2.5388281e-01    2.4598184e+00
  -9.1740084e-01   -2.7244233e-01    2.4595008e+00
  -9.1189917e-01   -2.9090186e-01    2.4591703e+00
  -9.0601770e-01   -3.0924138e-01    2.4588269e+00
  -8.9976645e-01   -3.2745091e-01    2.4584713e+00
  -8.9315539e-01   -3.4553045e-01    2.4581036e+00
  -8.8616454e-01   -3.6347998e-01    2.4577232e+00
  -8.7882388e-01   -3.8127952e-01    2.4573313e+00
  -8.7111342e-01   -3.9892907e-01    2.4569272e+00
  -8.6306314e-01   -4.1641862e-01    2.4565120e+00
  -8.5467304e-01   -4.3374817e-01    2.4560858e+00
  -8.4593312e-01   -4.5090773e-01    2.4556482e+00
  -8.3686336e-01   -4.6788729e-01    2.4552000e+00
  -8.2745378e-01   -4.8468685e-01    2.4547410e+00
  -8.1771436e-01   -5.0129642e-01    2.4542714e+00
  -8.0763511e-01   -5.1770600e-01    2.4537911e+00
  -7.9723602e-01   -5.3390558e-01    2.4533007e+00
  -7.8649708e-01   -5.4988517e-01    2.4527998e+00
  -7.7541831e-01   -5.6563476e-01    2.4522882e+00
  -7.6400968e-01   -5.8114436e-01    2.4517666e+00
  -7.5228120e-01   -5.9640397e-01    2.4512352e+00
  -7.4022287e-01   -6.1141358e-01    2.4506938e+00
  -7.2783468e-01   -6.2615320e-01    2.4501424e+00
  -7.1514661e-01   -6.4063283e-01    2.4495822e+00
  -7.0215867e-01   -6.5484246e-01    2.4490131e+00
  -6.8888085e-01   -6.6877210e-01    2.4484356e+00
  -6.7532314e-01   -6.8244175e-01    2.4478499e+00
  -6.6148554e-01   -6.9583140e-01    2.4472562e+00
  -6.4739803e-01   -7.0895106e-01    2.4466554e+00
  -6.3306061e-01   -7.2180073e-01    2.4460476e+00
  -6.1848327e-01   -7.3436041e-01    2.4454332e+00
  -6.0365602e-01   -7.4665009e-01    2.4448118e+00
  -5.8859884e-01   -7.5863978e-01    2.4441843e+00
  -5.7331174e-01   -7.7033948e-01    2.4435506e+00
  -5.5780470e-01   -7.8172918e-01    2.4429113e+00
  -5.4206773e-01   -7.9281890e-01    2.4422658e+00
  -5.2611082e-01   -8.0357862e-01    2.4416148e+00
  -5.0993397e-01   -8.1402835e-01    2.4409581e+00
  -4.9355716e-01   -8.2413809e-01    2.4402967e+00
  -4.7698039e-01   -8.3391783e-01    2.4396304e+00
  -4.6020367e-01   -8.4335759e-01    2.4389594e+00
  -4.4324697e-01   -8.5245736e-01    2.4382844e+00
  -4.2611031e-01   -8.6121713e-01    2.4376054e+00
  -4.0879367e-01   -8.6963691e-01    2.4369223e+00
  -3.9131704e-01   -8.7769670e-01    2.4362361e+00
  -3.7369042e-01   -8.8541650e-01    2.4355469e+00
  -3.5590381e-01   -8.9277631e-01    2.4348546e+00
  -3.3797720e-01   -8.9978613e-01    2.4341598e+00
  -3.1992058e-01   -9.0643596e-01    2.4334628e+00
  -3.0173396e-01   -9.1273580e-01    2.4327637e+00
  -2.8342732e-01   -9.1867565e-01    2.4320629e+00
  -2.6500066e-01   -9.2426550e-01    2.4313603e+00
  -2.4648397e-01   -9.2949537e-01    2.4306570e+00
  -2.2785726e-01   -9.3436524e-01    2.4299524e+00
  -2.0915051e-01   -9.3886512e-01    2.4292476e+00
  -1.9035372e-01   -9.4301502e-01    2.4285420e+00
  -1.7147689e-01   -9.4677492e-01    2.4278364e+00
  -1.5253000e-01   -9.5016483e-01    2.4271309e+00
  -1.3352306e-01   -9.5317475e-01    2.4264260e+00
  -1.1445605e-01   -9.5578469e-01    2.4257218e+00
  -9.5334974e-02   -9.5800463e-01    2.4250184e+00
  -7.6173819e-02   -9.5981458e-01    2.4243166e+00
  -5.6978582e-02   -9.6122455e-01    2.4236164e+00
  -3.7757256e-02   -9.6222452e-01    2.4229182e+00
  -1.8519840e-02   -9.6283451e-01    2.4222223e+00
   7.2657581e-04   -9.6303450e-01    2.4215289e+00
   1.9973290e-02   -9.6285450e-01    2.4208383e+00
   3.9212013e-02   -9.6227452e-01    2.4201509e+00
   5.8435843e-02   -9.6131454e-01    2.4194667e+00
   7.7636786e-02   -9.5997458e-01    2.4187861e+00
   9.6807845e-02   -9.5826462e-01    2.4181092e+00
   1.1594502e-01   -9.5617468e-01    2.4174363e+00
   1.3503333e-01   -9.5372474e-01    2.4167677e+00
   1.5407176e-01   -9.5089481e-01    2.4161037e+00
   1.7305032e-01   -9.4770490e-01    2.4154444e+00
   1.9196903e-01   -9.4413499e-01    2.4147899e+00
   2.1080788e-01   -9.4019509e-01    2.4141410e+00
   2.2957686e-01   -9.3589520e-01    2.4134972e+00
   2.4824601e-01   -9.3121532e-01    2.4128598e+00
   2.6681532e-01   -9.2615545e-01    2.4122286e+00
   2.8528479e-01   -9.2073559e-01    2.4116036e+00
   3.0364443e-01   -9.1493574e-01    2.4109853e+00
   3.2187425e-01   -9.0875590e-01    2.4103744e+00
   3.3998425e-01   -9.0221607e-01    2.4097704e+00
   3.5794443e-01   -8.9529625e-01    2.4091746e+00
   3.7576480e-01   -8.8801644e-01    2.4085863e+00
   3.9343536e-01   -8.8036663e-01    2.4080061e+00
   4.1094612e-01   -8.7236684e-01    2.4074341e+00
   4.2828708e-01   -8.6401706e-01    2.4068708e+00
   4.4546822e-01   -8.5532728e-01    2.4063156e+00
   4.6246958e-01   -8.4628751e-01    2.4057695e+00
   4.7929113e-01   -8.3692776e-01    2.4052320e+00
   4.9592289e-01   -8.2723801e-01    2.4047038e+00
   5.1237485e-01   -8.1722827e-01    2.4041844e+00
   5.2862702e-01   -8.0689853e-01    2.4036744e+00
   5.4466940e-01   -7.9626881e-01    2.4031742e+00
   5.6050201e-01   -7.8530909e-01    2.4026838e+00
   5.7612482e-01   -7.7404938e-01    2.4022032e+00
   5.9150788e-01   -7.6247968e-01    2.4017334e+00
   6.0666116e-01   -7.5059999e-01    2.4012741e+00
   6.2157467e-01   -7.3841030e-01    2.4008256e+00
   6.3621844e-01   -7.2592062e-01    2.4003890e+00
   6.5061245e-01   -7.1313095e-01    2.3999635e+00
   6.6473671e-01   -7.0003129e-01    2.3995500e+00
   6.7857123e-01   -6.8665164e-01    2.3991489e+00
   6.9213600e-01   -6.7298199e-01    2.3987595e+00
   7.0541103e-01   -6.5903235e-01    2.3983826e+00
   7.1838632e-01   -6.4480272e-01    2.3980185e+00
   7.3107187e-01   -6.3031309e-01    2.3976667e+00
   7.4344769e-01   -6.1556347e-01    2.3973279e+00
   7.5551377e-01   -6.0055386e-01    2.3970021e+00
   7.6727012e-01   -5.8529425e-01    2.3966892e+00
   7.7869674e-01   -5.6980465e-01    2.3963898e+00
   7.8981362e-01   -5.5407506e-01    2.3961033e+00
   8.0059079e-01   -5.3811547e-01    2.3958306e+00
   8.1104821e-01   -5.2194589e-01    2.3955710e+00
   8.2118589e-01   -5.0556631e-01    2.3953243e+00
   8.3098384e-01   -4.8899674e-01    2.3950913e+00
   8.4047205e-01   -4.7222717e-01    2.3948708e+00
   8.4962051e-01   -4.5528761e-01    2.3946637e+00
   8.5845923e-01   -4.3817805e-01    2.3944690e+00
   8.6696819e-01   -4.2089850e-01    2.3942874e+00
   8.7516740e-01   -4.0346895e-01    2.3941180e+00
   8.8302687e-01   -3.8588940e-01    2.3939619e+00
   8.9056657e-01   -3.6816986e-01    2.3938183e+00
   8.9776654e-01   -3.5030032e-01    2.3936879e+00
   9.0462676e-01   -3.3231079e-01    2.3935707e+00
   9.1112724e-01   -3.1418126e-01    2.3934674e+00
   9.1727798e-01   -2.9592173e-01    2.3933776e+00
   9.2304900e-01   -2.7755220e-01    2.3933022e+00
   9.2845029e-01   -2.5906268e-01    2.3932410e+00
   9.3346186e-01   -2.4047316e-01    2.3931945e+00
   9.3809370e-01   -2.2177364e-01    2.3931625e+00
   9.4233581e-01   -2.0298413e-01    2.3931451e+00
   9.4618820e-01   -1.8411462e-01    2.3931423e+00
   9.4965085e-01   -1.6517510e-01    2.3931541e+00
   9.5273377e-01   -1.4615560e-01    2.3931800e+00
   9.5541697e-01   -1.2708609e-01    2.3932207e+00
   9.5771043e-01   -1.0796658e-01    2.3932757e+00
   9.5961415e-01   -8.8801077e-02    2.3933451e+00
   9.6112813e-01   -6.9601572e-02    2.3934288e+00
   9.6226237e-01   -5.0375069e-02    2.3935263e+00
   9.6299686e-01   -3.1129566e-02    2.3936383e+00
   9.6334162e-01   -1.1873063e-02    2.3937644e+00
   9.6329662e-01    7.3860395e-03    2.3939045e+00
   9.6285188e-01    2.6639942e-02    2.3940589e+00
   9.6202739e-01    4.5881445e-02    2.3942269e+00
   9.6082313e-01    6.5101949e-02    2.3944085e+00
   9.5921912e-01    8.4294453e-02    2.3946041e+00
   9.5725534e-01    1.0344796e-01    2.3948125e+00
   9.5491179e-01    1.2256746e-01    2.3950342e+00
   9.5219847e-01    1.4163697e-01    2.3952689e+00
   9.4911538e-01    1.6064648e-01    2.3955164e+00
   9.4568249e-01    1.7959599e-01    2.3957761e+00
   9.4187982e-01    1.9847550e-01    2.3960486e+00
   9.3771737e-01    2.1727502e-01    2.3963334e+00
   9.3320512e-01    2.3599454e-01    2.3966302e+00
   9.2832309e-01    2.5462405e-01    2.3969397e+00
   9.2308126e-01    2.7315358e-01    2.3972614e+00
   9.1747964e-01    2.9158310e-01    2.3975953e+00
   9.1150822e-01    3.0988263e-01    2.3979416e+00
   9.0516702e-01    3.2807216e-01    2.3983004e+00
   8.9845602e-01    3.4612169e-01    2.3986714e+00
   8.9137522e-01    3.6402123e-01    2.3990547e+00
   8.8392462e-01    3.8178077e-01    2.3994502e+00
   8.7610421e-01    3.9937032e-01    2.3998579e+00
   8.6792400e-01    4.1679987e-01    2.4002773e+00
   8.5937398e-01    4.3405942e-01    2.4007088e+00
   8.5047414e-01    4.5113898e-01    2.4011515e+00
   8.4123448e-01    4.6802854e-01    2.4016051e+00
   8.3164498e-01    4.8471811e-01    2.4020699e+00
   8.2171566e-01    5.0121769e-01    2.4025455e+00
   8.1146649e-01    5.1751727e-01    2.4030311e+00
   8.0088748e-01    5.3360685e-01    2.4035272e+00
   7.8998862e-01    5.4947644e-01    2.4040331e+00
   7.7877991e-01    5.6513604e-01    2.4045486e+00
   7.6727132e-01    5.8055564e-01    2.4050732e+00
   7.5545288e-01    5.9575525e-01    2.4056074e+00
   7.4332458e-01    6.1071486e-01    2.4061510e+00
   7.3090641e-01    6.2542448e-01    2.4067032e+00
   7.1819835e-01    6.3988411e-01    2.4072640e+00
   7.0519042e-01    6.5408374e-01    2.4078337e+00
   6.9190260e-01    6.6800338e-01    2.4084115e+00
   6.7832490e-01    6.8165303e-01    2.4089978e+00
   6.6445731e-01    6.9501268e-01    2.4095924e+00
   6.5032981e-01    7.0808234e-01    2.4101942e+00
   6.3592241e-01    7.2085201e-01    2.4108040e+00
   6.2125511e-01    7.3331169e-01    2.4114209e+00
   6.0632789e-01    7.4546138e-01    2.4120449e+00
   5.9114076e-01    7.5730107e-01    2.4126760e+00
   5.7571370e-01    7.6881078e-01    2.4133133e+00
   5.6005670e-01    7.8000049e-01    2.4139566e+00
   5.4415977e-01    7.9086021e-01    2.4146062e+00
   5.2804290e-01    8.0137993e-01    2.4152612e+00
   5.1170609e-01    8.1155967e-01    2.4159217e+00
   4.9515932e-01    8.2139942e-01    2.4165873e+00
   4.7841259e-01    8.3088917e-01    2.4172576e+00
   4.6146589e-01    8.4001894e-01    2.4179325e+00
   4.4433922e-01    8.4878871e-01    2.4186112e+00
   4.2702258e-01    8.5720849e-01    2.4192943e+00
   4.0953595e-01    8.6524829e-01    2.4199807e+00
   3.9188934e-01    8.7292809e-01    2.4206703e+00
   3.7408273e-01    8.8023790e-01    2.4213630e+00
   3.5612612e-01    8.8716772e-01    2.4220584e+00
   3.3802950e-01    8.9371755e-01    2.4227560e+00
   3.1980287e-01    8.9989739e-01    2.4234557e+00
   3.0144622e-01    9.0568724e-01    2.4241572e+00
   2.8297955e-01    9.1109710e-01    2.4248600e+00
   2.6440285e-01    9.1612697e-01    2.4255640e+00
   2.4572611e-01    9.2078685e-01    2.4262689e+00
   2.2695934e-01    9.2505674e-01    2.4269742e+00
   2.0811252e-01    9.2895664e-01    2.4276798e+00
   1.8918566e-01    9.3247655e-01    2.4283855e+00
   1.7019873e-01    9.3561647e-01    2.4290906e+00
   1.5115175e-01    9.3838640e-01    2.4297953e+00
   1.3205470e-01    9.4077634e-01    2.4304990e+00
   1.1290759e-01    9.4278628e-01    2.4312017e+00
   9.3734398e-02    9.4441624e-01    2.4319027e+00
   7.4527125e-02    9.4565621e-01    2.4326021e+00
   5.5298765e-02    9.4650619e-01    2.4332994e+00
   3.6056311e-02    9.4695618e-01    2.4339944e+00
   1.6809756e-02    9.4700617e-01    2.4346867e+00
  -2.4347086e-03    9.4663618e-01    2.4353758e+00
  -2.1666685e-02    9.4586620e-01    2.4360617e+00
  -4.0877583e-02    9.4467623e-01    2.4367437e+00
  -6.0057610e-02    9.4306628e-01    2.4374216e+00
  -7.9197773e-02    9.4102633e-01    2.4380950e+00
  -9.8287075e-02    9.3857639e-01    2.4387636e+00
  -1.1732552e-01    9.3571647e-01    2.4394275e+00
  -1.3629411e-01    9.3243655e-01    2.4400858e+00
  -1.5518286e-01    9.2875665e-01    2.4407383e+00
  -1.7399177e-01    9.2467675e-01    2.4413852e+00
  -1.9272082e-01    9.2022687e-01    2.4420264e+00
  -2.1136002e-01    9.1539699e-01    2.4426618e+00
  -2.2988940e-01    9.1020712e-01    2.4432906e+00
  -2.4832892e-01    9.0466727e-01    2.4439136e+00
  -2.6665860e-01    8.9878742e-01    2.4445302e+00
  -2.8487843e-01    8.9258758e-01    2.4451406e+00
  -3.0298842e-01    8.8604775e-01    2.4457446e+00
  -3.2097857e-01    8.7919793e-01    2.4463421e+00
  -3.3883889e-01    8.7201811e-01    2.4469325e+00
  -3.5656937e-01    8.6450830e-01    2.4475159e+00
  -3.7415004e-01    8.5666851e-01    2.4480915e+00
  -3.9158090e-01    8.4849872e-01    2.4486594e+00
  -4.0884195e-01    8.3996894e-01    2.4492186e+00
  -4.2592321e-01    8.3108917e-01    2.4497688e+00
  -4.4281468e-01    8.2185941e-01    2.4503096e+00
  -4.5950638e-01    8.1225965e-01    2.4508406e+00
  -4.7598831e-01    8.0230991e-01    2.4513616e+00
  -4.9224047e-01    7.9199018e-01    2.4518716e+00
  -5.0827287e-01    7.8133045e-01    2.4523713e+00
  -5.2407551e-01    7.7032074e-01    2.4528602e+00
  -5.3962839e-01    7.5898103e-01    2.4533377e+00
  -5.5495151e-01    7.4732133e-01    2.4538047e+00
  -5.7002486e-01    7.3535164e-01    2.4542605e+00
  -5.8486845e-01    7.2307196e-01    2.4547058e+00
  -5.9946226e-01    7.1051228e-01    2.4551401e+00
  -6.1380632e-01    6.9767261e-01    2.4555635e+00
  -6.2791059e-01    6.8456295e-01    2.4559762e+00
  -6.4176510e-01    6.7119330e-01    2.4563781e+00
  -6.5536983e-01    6.5755365e-01    2.4567691e+00
  -6.6871480e-01    6.4367401e-01    2.4571490e+00
  -6.8179000e-01    6.2954437e-01    2.4575174e+00
  -6.9460544e-01    6.1517474e-01    2.4578748e+00
  -7.0714112e-01    6.0055512e-01    2.4582203e+00
  -7.1938705e-01    5.8569550e-01    2.4585537e+00
  -7.3134322e-01    5.7059589e-01    2.4588749e+00
  -7.4299966e-01    5.5526629e-01    2.4591837e+00
  -7.5434635e-01    5.3970669e-01    2.4594797e+00
  -7.6536331e-01    5.2391710e-01    2.4597622e+00
  -7.7606054e-01    5.0789751e-01    2.4600315e+00
  -7.8641804e-01    4.9166793e-01    2.4602872e+00
  -7.9644581e-01    4.7521836e-01    2.4605293e+00
  -8.0611387e-01    4.5856879e-01    2.4607572e+00
  -8.1543220e-01    4.4171922e-01    2.4609710e+00
  -8.2440082e-01    4.2466966e-01    2.4611708e+00
  -8.3300971e-01    4.0744011e-01    2.4613564e+00
  -8.4124888e-01    3.9003056e-01    2.4615273e+00
  -8.4913832e-01    3.7246101e-01    2.4616846e+00
  -8.5665805e-01    3.5473147e-01    2.4618274e+00
  -8.6380805e-01    3.3685193e-01    2.4619559e+00
  -8.7060831e-01    3.1883240e-01    2.4620708e+00
  -8.7703885e-01    3.0068287e-01    2.4621714e+00
  -8.8310965e-01    2.8240334e-01    2.4622582e+00
  -8.8881072e-01    2.6400381e-01    2.4623308e+00
  -8.9414206e-01    2.4549429e-01    2.4623894e+00
  -8.9911365e-01    2.2689477e-01    2.4624343e+00
  -9.0371551e-01    2.0818525e-01    2.4624652e+00
  -9.0793764e-01    1.8939574e-01    2.4624819e+00
  -9.1178003e-01    1.7052623e-01    2.4624843e+00
  -9.1523270e-01    1.5157672e-01    2.4624721e+00
  -9.1830562e-01    1.3256721e-01    2.4624459e+00
  -9.2098882e-01    1.1348770e-01    2.4624052e+00
  -9.2328228e-01    9.4369193e-02    2.4623501e+00
  -9.2516601e-01    7.5202688e-02    2.4622800e+00
  -9.2666001e-01    5.6000184e-02    2.4621956e+00
  -9.2774428e-01    3.6771681e-02    2.4620963e+00
  -9.2843880e-01    1.7525178e-02    2.4619829e+00
  -9.2872359e-01   -1.7324050e-03    2.4618546e+00
  -9.2859865e-01   -2.0990828e-02    2.4617116e+00
  -9.2808395e-01   -4.0243331e-02    2.4615547e+00
  -9.2715952e-01   -5.9480834e-02    2.4613831e+00
  -9.2584533e-01   -7.8694338e-02    2.4611977e+00
  -9.2413140e-01   -9.7876842e-02    2.4609981e+00
  -9.2202770e-01   -1.1701635e-01    2.4607849e+00
  -9.1953425e-01   -1.3611585e-01    2.4605579e+00
  -9.1664103e-01   -1.5515536e-01    2.4603169e+00
  -9.1336805e-01   -1.7413487e-01    2.4600628e+00
  -9.0970530e-01   -1.9304438e-01    2.4597951e+00
  -9.0565278e-01   -2.1186390e-01    2.4595141e+00
  -9.0122049e-01   -2.3060341e-01    2.4592200e+00
  -8.9640841e-01   -2.4925293e-01    2.4589129e+00
  -8.9121656e-01   -2.6779245e-01    2.4585929e+00
  -8.8564492e-01   -2.8623198e-01    2.4582600e+00
  -8.7970349e-01   -3.0454151e-01    2.4579148e+00
  -8.7338227e-01   -3.2274104e-01    2.4575567e+00
  -8.6669126e-01   -3.4079057e-01    2.4571863e+00
  -8.5964044e-01   -3.5871011e-01    2.4568040e+00
  -8.5221983e-01   -3.7647965e-01    2.4564094e+00
  -8.4442941e-01   -3.9408919e-01    2.4560027e+00
  -8.3628917e-01   -4.1153874e-01    2.4555846e+00
  -8.2777913e-01   -4.2880830e-01    2.4551545e+00
  -8.1890928e-01   -4.4589785e-01    2.4547128e+00
  -8.0967961e-01   -4.6279742e-01    2.4542594e+00
  -8.0010011e-01   -4.7949699e-01    2.4537950e+00
  -7.9015080e-01   -4.9598656e-01    2.4533187e+00
  -7.7986164e-01   -5.1225614e-01    2.4528318e+00
  -7.6921267e-01   -5.2829573e-01    2.4523337e+00
  -7.5822385e-01   -5.4410532e-01    2.4518249e+00
  -7.4689519e-01   -5.5967492e-01    2.4513057e+00
  -7.3524668e-01   -5.7500452e-01    2.4507767e+00
  -7.2326831e-01   -5.9007413e-01    2.4502378e+00
  -7.1098007e-01   -6.0489375e-01    2.4496894e+00
  -6.9839197e-01   -6.1946337e-01    2.4491321e+00
  -6.8550399e-01   -6.3376300e-01    2.4485660e+00
  -6.7232612e-01   -6.4779264e-01    2.4479914e+00
  -6.5885838e-01   -6.6156229e-01    2.4474082e+00
  -6.4512074e-01   -6.7504194e-01    2.4468174e+00
  -6.3110320e-01   -6.8824160e-01    2.4462186e+00
  -6.1682576e-01   -7.0114126e-01    2.4456125e+00
  -6.0226842e-01   -7.1374094e-01    2.4449986e+00
  -5.8746116e-01   -7.2604062e-01    2.4443779e+00
  -5.7239399e-01   -7.3802031e-01    2.4437501e+00
  -5.5707689e-01   -7.4968001e-01    2.4431156e+00
  -5.4151987e-01   -7.6101972e-01    2.4424748e+00
  -5.2573291e-01   -7.7201943e-01    2.4418282e+00
  -5.0971601e-01   -7.8269916e-01    2.4411756e+00
  -4.9348917e-01   -7.9304889e-01    2.4405178e+00
  -4.7705238e-01   -8.0306863e-01    2.4398549e+00
  -4.6041563e-01   -8.1275838e-01    2.4391871e+00
  -4.4359891e-01   -8.2211814e-01    2.4385153e+00
  -4.2659222e-01   -8.3113791e-01    2.4378390e+00
  -4.0942556e-01   -8.3982768e-01    2.4371594e+00
  -3.9207892e-01   -8.4818747e-01    2.4364757e+00
  -3.7458230e-01   -8.5620726e-01    2.4357891e+00
  -3.5692568e-01   -8.6387706e-01    2.4350992e+00
  -3.3912907e-01   -8.7118687e-01    2.4344068e+00
  -3.2118246e-01   -8.7814669e-01    2.4337116e+00
  -3.0309584e-01   -8.8473652e-01    2.4330140e+00
  -2.8487922e-01   -8.9095636e-01    2.4323145e+00
  -2.6654257e-01   -8.9678621e-01    2.4316133e+00
  -2.4807590e-01   -9.0222607e-01    2.4309104e+00
  -2.2950920e-01   -9.0726594e-01    2.4302067e+00
  -2.1082247e-01   -9.1191582e-01    2.4295015e+00
  -1.9205568e-01   -9.1614571e-01    2.4287964e+00
  -1.7318886e-01   -9.1997561e-01    2.4280906e+00
  -1.5425197e-01   -9.2338552e-01    2.4273854e+00
  -1.3523503e-01   -9.2639545e-01    2.4266801e+00
  -1.1616802e-01   -9.2900538e-01    2.4259759e+00
  -9.7050944e-02   -9.3121532e-01    2.4252727e+00
  -7.7885792e-02   -9.3302527e-01    2.4245708e+00
  -5.8692559e-02   -9.3445524e-01    2.4238705e+00
  -3.9473242e-02   -9.3549521e-01    2.4231721e+00
  -2.0237838e-02   -9.3615519e-01    2.4224759e+00
  -9.9234436e-04   -9.3644519e-01    2.4217820e+00
   1.8255249e-02   -9.3634519e-01    2.4210907e+00
   3.7495942e-02   -9.3587520e-01    2.4204024e+00
   5.6724743e-02   -9.3501522e-01    2.4197174e+00
   7.5932656e-02   -9.3377526e-01    2.4190358e+00
   9.5109692e-02   -9.3213530e-01    2.4183582e+00
   1.1425286e-01   -9.3008535e-01    2.4176848e+00
   1.3334116e-01   -9.2764541e-01    2.4170161e+00
   1.5237960e-01   -9.2478549e-01    2.4163523e+00
   1.7134819e-01   -9.2152557e-01    2.4156938e+00
   1.9024693e-01   -9.1785567e-01    2.4150408e+00
   2.0905583e-01   -9.1378577e-01    2.4143939e+00
   2.2777490e-01   -9.0930589e-01    2.4137532e+00
   2.4640412e-01   -9.0443601e-01    2.4131186e+00
   2.6492351e-01   -8.9918615e-01    2.4124906e+00
   2.8332308e-01   -8.9355629e-01    2.4118696e+00
   3.0161282e-01   -8.8754645e-01    2.4112553e+00
   3.1977274e-01   -8.8116661e-01    2.4106484e+00
   3.3780284e-01   -8.7441679e-01    2.4100488e+00
   3.5570311e-01   -8.6731697e-01    2.4094563e+00
   3.7344358e-01   -8.5985716e-01    2.4088722e+00
   3.9103423e-01   -8.5203737e-01    2.4082961e+00
   4.0847508e-01   -8.4387758e-01    2.4077278e+00
   4.2574612e-01   -8.3536780e-01    2.4071681e+00
   4.4283737e-01   -8.2651803e-01    2.4066174e+00
   4.5975881e-01   -8.1733826e-01    2.4060751e+00
   4.7650045e-01   -8.0781851e-01    2.4055417e+00
   4.9304231e-01   -7.9796876e-01    2.4050179e+00
   5.0938438e-01   -7.8779903e-01    2.4045035e+00
   5.2552667e-01   -7.7729930e-01    2.4039988e+00
   5.4144918e-01   -7.6646958e-01    2.4035042e+00
   5.5714193e-01   -7.5531986e-01    2.4030203e+00
   5.7260490e-01   -7.4385016e-01    2.4025469e+00
   5.8782811e-01   -7.3206046e-01    2.4020844e+00
   6.0279158e-01   -7.1994078e-01    2.4016337e+00
   6.1749529e-01   -7.0751110e-01    2.4011945e+00
   6.3191927e-01   -6.9475143e-01    2.4007677e+00
   6.4605352e-01   -6.8168177e-01    2.4003536e+00
   6.5990803e-01   -6.6830211e-01    2.3999518e+00
   6.7346280e-01   -6.5462246e-01    2.3995629e+00
   6.8670786e-01   -6.4065283e-01    2.3991872e+00
   6.9964319e-01   -6.2639319e-01    2.3988247e+00
   7.1226879e-01   -6.1185357e-01    2.3984754e+00
   7.2458466e-01   -5.9704395e-01    2.3981392e+00
   7.3659079e-01   -5.8198434e-01    2.3978159e+00
   7.4826721e-01   -5.6667474e-01    2.3975062e+00
   7.5963388e-01   -5.5113514e-01    2.3972093e+00
   7.7068082e-01   -5.3535554e-01    2.3969257e+00
   7.8140802e-01   -5.1936596e-01    2.3966550e+00
   7.9181549e-01   -5.0315638e-01    2.3963975e+00
   8.0188322e-01   -4.8674680e-01    2.3961536e+00
   8.1163122e-01   -4.7013723e-01    2.3959226e+00
   8.2104947e-01   -4.5333766e-01    2.3957048e+00
   8.3012800e-01   -4.3634810e-01    2.3955006e+00
   8.3885679e-01   -4.1918854e-01    2.3953103e+00
   8.4724585e-01   -4.0184899e-01    2.3951334e+00
   8.5528518e-01   -3.8434944e-01    2.3949702e+00
   8.6297478e-01   -3.6668990e-01    2.3948208e+00
   8.7030464e-01   -3.4888036e-01    2.3946854e+00
   8.7727478e-01   -3.3092082e-01    2.3945639e+00
   8.8387519e-01   -3.1283129e-01    2.3944568e+00
   8.9010587e-01   -2.9461176e-01    2.3943638e+00
   8.9595684e-01   -2.7626224e-01    2.3942854e+00
   9.0141808e-01   -2.5779271e-01    2.3942219e+00
   9.0649960e-01   -2.3921319e-01    2.3941729e+00
   9.1118140e-01   -2.2053367e-01    2.3941389e+00
   9.1546349e-01   -2.0175416e-01    2.3941200e+00
   9.1934585e-01   -1.8288465e-01    2.3941161e+00
   9.2282850e-01   -1.6394514e-01    2.3941271e+00
   9.2590142e-01   -1.4493563e-01    2.3941534e+00
   9.2857462e-01   -1.2585612e-01    2.3941945e+00
   9.3084810e-01   -1.0673661e-01    2.3942503e+00
   9.3271184e-01   -8.7566108e-02    2.3943211e+00
   9.3417586e-01   -6.8361604e-02    2.3944066e+00
   9.3524014e-01   -4.9132101e-02    2.3945066e+00
   9.3590469e-01   -2.9883598e-02    2.3946212e+00
   9.3616949e-01   -1.0626495e-02    2.3947501e+00
   9.3602456e-01    8.6322073e-03    2.3948938e+00
   9.3548988e-01    2.7883910e-02    2.3950515e+00
   9.3454546e-01    4.7119413e-02    2.3952238e+00
   9.3320129e-01    6.6331917e-02    2.3954103e+00
   9.3146736e-01    8.5512422e-02    2.3956105e+00
   9.2934368e-01    1.0464793e-01    2.3958245e+00
   9.2682024e-01    1.2374743e-01    2.3960526e+00
   9.2392703e-01    1.4278694e-01    2.3962935e+00
   9.2064406e-01    1.6176645e-01    2.3965480e+00
   9.1699130e-01    1.8066596e-01    2.3968152e+00
   9.1296876e-01    1.9950548e-01    2.3970953e+00
   9.0855646e-01    2.1824499e-01    2.3973887e+00
   9.0377437e-01    2.3690451e-01    2.3976948e+00
   8.9862249e-01    2.5545403e-01    2.3980134e+00
   8.9308083e-01    2.7389356e-01    2.3983452e+00
   8.8714940e-01    2.9222308e-01    2.3986903e+00
   8.8084817e-01    3.1041261e-01    2.3990476e+00
   8.7415715e-01    3.2847215e-01    2.3994180e+00
   8.6708635e-01    3.4638169e-01    2.3998010e+00
   8.5963575e-01    3.6414123e-01    2.4001965e+00
   8.5182534e-01    3.8174077e-01    2.4006039e+00
   8.4365512e-01    3.9917032e-01    2.4010229e+00
   8.3512509e-01    4.1643988e-01    2.4014538e+00
   8.2626523e-01    4.3352943e-01    2.4018952e+00
   8.1705555e-01    4.5044900e-01    2.4023479e+00
   8.0752603e-01    4.6716857e-01    2.4028107e+00
   7.9765668e-01    4.8370814e-01    2.4032845e+00
   7.8746748e-01    5.0003772e-01    2.4037682e+00
   7.7694844e-01    5.1616730e-01    2.4042623e+00
   7.6609956e-01    5.3207689e-01    2.4047667e+00
   7.5492082e-01    5.4774648e-01    2.4052813e+00
   7.4342224e-01    5.6318609e-01    2.4058057e+00
   7.3159381e-01    5.7837569e-01    2.4063401e+00
   7.1943552e-01    5.9330531e-01    2.4068846e+00
   7.0696736e-01    6.0797493e-01    2.4074383e+00
   6.9418933e-01    6.2237456e-01    2.4080012e+00
   6.8109144e-01    6.3648419e-01    2.4085735e+00
   6.6770366e-01    6.5032384e-01    2.4091543e+00
   6.5402600e-01    6.6386349e-01    2.4097434e+00
   6.4006844e-01    6.7711314e-01    2.4103404e+00
   6.2583098e-01    6.9007281e-01    2.4109454e+00
   6.1132362e-01    7.0272248e-01    2.4115579e+00
   5.9654636e-01    7.1507216e-01    2.4121779e+00
   5.8151917e-01    7.2709185e-01    2.4128046e+00
   5.6623207e-01    7.3880155e-01    2.4134384e+00
   5.5070503e-01    7.5017126e-01    2.4140783e+00
   5.3493807e-01    7.6121097e-01    2.4147245e+00
   5.1894117e-01    7.7191070e-01    2.4153765e+00
   5.0271433e-01    7.8227043e-01    2.4160343e+00
   4.8626753e-01    7.9227017e-01    2.4166975e+00
   4.6961079e-01    8.0191992e-01    2.4173657e+00
   4.5275408e-01    8.1121968e-01    2.4180385e+00
   4.3570740e-01    8.2014945e-01    2.4187156e+00
   4.1848074e-01    8.2872923e-01    2.4193965e+00
   4.0106411e-01    8.3692902e-01    2.4200816e+00
   3.8348749e-01    8.4476881e-01    2.4207698e+00
   3.6574088e-01    8.5223862e-01    2.4214615e+00
   3.4785426e-01    8.5931844e-01    2.4221554e+00
   3.2980765e-01    8.6601827e-01    2.4228524e+00
   3.1162103e-01    8.7232810e-01    2.4235515e+00
   2.9330439e-01    8.7824795e-01    2.4242526e+00
   2.7486773e-01    8.8376781e-01    2.4249550e+00
   2.5632103e-01    8.8888768e-01    2.4256586e+00
   2.3765430e-01    8.9359755e-01    2.4263635e+00
   2.1889753e-01    8.9790744e-01    2.4270688e+00
   2.0005071e-01    9.0180734e-01    2.4277744e+00
   1.8112384e-01    9.0529725e-01    2.4284798e+00
   1.6212691e-01    9.0837717e-01    2.4291849e+00
   1.4305992e-01    9.1105710e-01    2.4298896e+00
   1.2395284e-01    9.1331704e-01    2.4305927e+00
   1.0479570e-01    9.1517700e-01    2.4312948e+00
   8.5601472e-02    9.1662696e-01    2.4319952e+00
   6.6382155e-02    9.1766693e-01    2.4326936e+00
   4.7144742e-02    9.1828692e-01    2.4333896e+00
   2.7899230e-02    9.1850691e-01    2.4340831e+00
   8.6528105e-03    9.1830692e-01    2.4347735e+00
  -1.0585120e-02    9.1769693e-01    2.4354607e+00
  -2.9804969e-02    9.1667696e-01    2.4361443e+00
  -4.8998945e-02    9.1522699e-01    2.4368239e+00
  -6.8157051e-02    9.1336704e-01    2.4374992e+00
  -8.7270291e-02    9.1109710e-01    2.4381700e+00
  -1.0632967e-01    9.0841717e-01    2.4388359e+00
  -1.2532820e-01    9.0532725e-01    2.4394966e+00
  -1.4425687e-01    9.0183734e-01    2.4401520e+00
  -1.6311569e-01    8.9795744e-01    2.4408020e+00
  -1.8188467e-01    8.9368755e-01    2.4414460e+00
  -2.0056381e-01    8.8903767e-01    2.4420841e+00
  -2.1914311e-01    8.8400780e-01    2.4427158e+00
  -2.3762256e-01    8.7861794e-01    2.4433414e+00
  -2.5599218e-01    8.7285809e-01    2.4439603e+00
  -2.7424198e-01    8.6673825e-01    2.4445724e+00
  -2.9236195e-01    8.6024841e-01    2.4451771e+00
  -3.1036209e-01    8.5340859e-01    2.4457750e+00
  -3.2821242e-01    8.4620878e-01    2.4463649e+00
  -3.4591294e-01    8.3863897e-01    2.4469468e+00
  -3.6346365e-01    8.3071918e-01    2.4475207e+00
  -3.8083457e-01    8.2243939e-01    2.4480857e+00
  -3.9804568e-01    8.1379961e-01    2.4486423e+00
  -4.1506701e-01    8.0480985e-01    2.4491895e+00
  -4.3189855e-01    7.9547009e-01    2.4497274e+00
  -4.4854031e-01    7.8578034e-01    2.4502560e+00
  -4.6497228e-01    7.7575060e-01    2.4507746e+00
  -4.8120447e-01    7.6539086e-01    2.4512836e+00
  -4.9720690e-01    7.5469114e-01    2.4517819e+00
  -5.1299955e-01    7.4367143e-01    2.4522704e+00
  -5.2855243e-01    7.3233172e-01    2.4527479e+00
  -5.4387555e-01    7.2067202e-01    2.4532149e+00
  -5.5895890e-01    7.0870233e-01    2.4536711e+00
  -5.7378249e-01    6.9642265e-01    2.4541157e+00
  -5.8836632e-01    6.8383297e-01    2.4545494e+00
  -6.0268041e-01    6.7095330e-01    2.4549713e+00
  -6.1672474e-01    6.5778364e-01    2.4553815e+00
  -6.3049931e-01    6.4433399e-01    2.4557800e+00
  -6.4399414e-01    6.3060435e-01    2.4561664e+00
  -6.5721922e-01    6.1659471e-01    2.4565410e+00
  -6.7014456e-01    6.0232508e-01    2.4569031e+00
  -6.8278015e-01    5.8779545e-01    2.4572528e+00
  -6.9511600e-01    5.7301583e-01    2.4575900e+00
  -7.0715211e-01    5.5797622e-01    2.4579145e+00
  -7.1886849e-01    5.4269662e-01    2.4582258e+00
  -7.3027513e-01    5.2717702e-01    2.4585243e+00
  -7.4135205e-01    5.1142742e-01    2.4588092e+00
  -7.5209923e-01    4.9544784e-01    2.4590806e+00
  -7.6250670e-01    4.7923825e-01    2.4593382e+00
  -7.7256444e-01    4.6281868e-01    2.4595817e+00
  -7.8227247e-01    4.4618911e-01    2.4598111e+00
  -7.9163077e-01    4.2934954e-01    2.4600264e+00
  -8.0061937e-01    4.1231998e-01    2.4602271e+00
  -8.0924824e-01    3.9511043e-01    2.4604135e+00
  -8.1750740e-01    3.7771088e-01    2.4605853e+00
  -8.2539684e-01    3.6014133e-01    2.4607425e+00
  -8.3291657e-01    3.4241179e-01    2.4608854e+00
  -8.4005658e-01    3.2452225e-01    2.4610134e+00
  -8.4681687e-01    3.0648272e-01    2.4611267e+00
  -8.5319744e-01    2.8831318e-01    2.4612254e+00
  -8.5918830e-01    2.7001366e-01    2.4613091e+00
  -8.6479944e-01    2.5158413e-01    2.4613783e+00
  -8.7002085e-01    2.3304461e-01    2.4614327e+00
  -8.7486254e-01    2.1440509e-01    2.4614727e+00
  -8.7931451e-01    1.9566558e-01    2.4614980e+00
  -8.8338674e-01    1.7684606e-01    2.4615090e+00
  -8.8705925e-01    1.5793655e-01    2.4615051e+00
  -8.9035203e-01    1.3896704e-01    2.4614870e+00
  -8.9325507e-01    1.1992753e-01    2.4614545e+00
  -8.9576838e-01    1.0082803e-01    2.4614075e+00
  -8.9788196e-01    8.1683521e-02    2.4613458e+00
  -8.9959581e-01    6.2501016e-02    2.4612694e+00
  -9.0090993e-01    4.3285512e-02    2.4611785e+00
  -9.0180432e-01    2.4048009e-02    2.4610723e+00
  -9.0229897e-01    4.7945064e-03    2.4609516e+00
  -9.0237390e-01   -1.4464996e-02    2.4608158e+00
  -9.0202910e-01   -3.3720499e-02    2.4606649e+00
  -9.0126456e-01   -5.2964002e-02    2.4604991e+00
  -9.0008030e-01   -7.2186506e-02    2.4603183e+00
  -8.9847629e-01   -9.1379010e-02    2.4601226e+00
  -8.9645254e-01   -1.1052652e-01    2.4599121e+00
  -8.9401905e-01   -1.2963602e-01    2.4596872e+00
  -8.9117581e-01   -1.4868553e-01    2.4594480e+00
  -8.8793281e-01   -1.6766504e-01    2.4591949e+00
  -8.8428005e-01   -1.8657455e-01    2.4589277e+00
  -8.8022754e-01   -2.0540407e-01    2.4586466e+00
  -8.7578525e-01   -2.2413358e-01    2.4583522e+00
  -8.7094319e-01   -2.4277310e-01    2.4580441e+00
  -8.6572135e-01   -2.6131262e-01    2.4577230e+00
  -8.6011973e-01   -2.7973215e-01    2.4573892e+00
  -8.5412833e-01   -2.9804167e-01    2.4570421e+00
  -8.4776713e-01   -3.1621120e-01    2.4566828e+00
  -8.4102615e-01   -3.3425074e-01    2.4563107e+00
  -8.3390537e-01   -3.5214028e-01    2.4559261e+00
  -8.2640480e-01   -3.6987982e-01    2.4555289e+00
  -8.1854441e-01   -3.8744936e-01    2.4551200e+00
  -8.1030423e-01   -4.0485891e-01    2.4546985e+00
  -8.0168425e-01   -4.2207847e-01    2.4542648e+00
  -7.9270445e-01   -4.3910803e-01    2.4538196e+00
  -7.8334484e-01   -4.5592760e-01    2.4533621e+00
  -7.7361542e-01   -4.7254717e-01    2.4528929e+00
  -7.6352617e-01   -4.8894674e-01    2.4524122e+00
  -7.5306711e-01   -5.0510633e-01    2.4519200e+00
  -7.4224821e-01   -5.2103591e-01    2.4514165e+00
  -7.3108947e-01   -5.3672551e-01    2.4509026e+00
  -7.1958089e-01   -5.5215511e-01    2.4503779e+00
  -7.0773247e-01   -5.6733472e-01    2.4498428e+00
  -6.9556418e-01   -5.8225433e-01    2.4492981e+00
  -6.8308603e-01   -5.9691395e-01    2.4487441e+00
  -6.7028801e-01   -6.1129358e-01    2.4481806e+00
  -6.5720011e-01   -6.2541322e-01    2.4476085e+00
  -6.4382233e-01   -6.3925286e-01    2.4470281e+00
  -6.3015466e-01   -6.5281251e-01    2.4464393e+00
  -6.1620710e-01   -6.6608217e-01    2.4458424e+00
  -6.0198964e-01   -6.7906183e-01    2.4452380e+00
  -5.8751226e-01   -6.9174151e-01    2.4446264e+00
  -5.7276499e-01   -7.0412119e-01    2.4440072e+00
  -5.5775779e-01   -7.1617088e-01    2.4433810e+00
  -5.4250068e-01   -7.2791057e-01    2.4427481e+00
  -5.2699364e-01   -7.3931028e-01    2.4421087e+00
  -5.1123668e-01   -7.5037999e-01    2.4414627e+00
  -4.9525978e-01   -7.6110971e-01    2.4408111e+00
  -4.7905293e-01   -7.7148945e-01    2.4401539e+00
  -4.6262613e-01   -7.8152919e-01    2.4394912e+00
  -4.4599937e-01   -7.9121894e-01    2.4388238e+00
  -4.2916266e-01   -8.0055870e-01    2.4381513e+00
  -4.1214597e-01   -8.0953846e-01    2.4374750e+00
  -3.9493932e-01   -8.1816824e-01    2.4367944e+00
  -3.7756268e-01   -8.2644803e-01    2.4361102e+00
  -3.6001606e-01   -8.3435782e-01    2.4354226e+00
  -3.4229945e-01   -8.4189763e-01    2.4347314e+00
  -3.2444284e-01   -8.4905744e-01    2.4340380e+00
  -3.0642623e-01   -8.5584727e-01    2.4333415e+00
  -2.8826961e-01   -8.6223710e-01    2.4326429e+00
  -2.6998297e-01   -8.6823695e-01    2.4319423e+00
  -2.5156631e-01   -8.7382680e-01    2.4312401e+00
  -2.3302962e-01   -8.7900667e-01    2.4305365e+00
  -2.1438290e-01   -8.8377655e-01    2.4298318e+00
  -1.9563613e-01   -8.8813643e-01    2.4291266e+00
  -1.7679932e-01   -8.9209633e-01    2.4284209e+00
  -1.5788246e-01   -8.9564624e-01    2.4277154e+00
  -1.3889554e-01   -8.9879616e-01    2.4270101e+00
  -1.1984856e-01   -9.0155609e-01    2.4263056e+00
  -1.0075151e-01   -9.0393603e-01    2.4256020e+00
  -8.1608386e-02   -9.0592597e-01    2.4248995e+00
  -6.2430193e-02   -9.0754593e-01    2.4241984e+00
  -4.3222920e-02   -9.0878590e-01    2.4234990e+00
  -2.3994560e-02   -9.0963588e-01    2.4228017e+00
  -4.7529103e-03   -9.1010587e-01    2.4221066e+00
   1.4494439e-02   -9.1017586e-01    2.4214141e+00
   3.3739093e-02   -9.0984587e-01    2.4207247e+00
   5.2971861e-02   -9.0910589e-01    2.4200386e+00
   7.2184750e-02   -9.0794592e-01    2.4193563e+00
   9.1366770e-02   -9.0635596e-01    2.4186781e+00
   1.1051193e-01   -9.0433602e-01    2.4180044e+00
   1.2960023e-01   -9.0189608e-01    2.4173358e+00
   1.4862868e-01   -8.9901615e-01    2.4166724e+00
   1.6759728e-01   -8.9572624e-01    2.4160142e+00
   1.8648604e-01   -8.9200633e-01    2.4153619e+00
   2.0528496e-01   -8.8787644e-01    2.4147158e+00
   2.2399405e-01   -8.8333656e-01    2.4140759e+00
   2.4259331e-01   -8.7840669e-01    2.4134427e+00
   2.6109273e-01   -8.7308682e-01    2.4128160e+00
   2.7948233e-01   -8.6737697e-01    2.4121959e+00
   2.9774211e-01   -8.6128713e-01    2.4115833e+00
   3.1587206e-01   -8.5482729e-01    2.4109780e+00
   3.3387220e-01   -8.4799747e-01    2.4103801e+00
   3.5173253e-01   -8.4079766e-01    2.4097898e+00
   3.6943304e-01   -8.3323785e-01    2.4092078e+00
   3.8697376e-01   -8.2531806e-01    2.4086342e+00
   4.0435467e-01   -8.1703827e-01    2.4080690e+00
   4.2156579e-01   -8.0839849e-01    2.4075124e+00
   4.3858711e-01   -7.9940873e-01    2.4069651e+00
   4.5541866e-01   -7.9005897e-01    2.4064273e+00
   4.7205042e-01   -7.8035922e-01    2.4058991e+00
   4.8847241e-01   -7.7030948e-01    2.4053811e+00
   5.0467463e-01   -7.5991975e-01    2.4048733e+00
   5.2065708e-01   -7.4918002e-01    2.4043760e+00
   5.3639977e-01   -7.3810031e-01    2.4038898e+00
   5.5190271e-01   -7.2668060e-01    2.4034146e+00
   5.6715589e-01   -7.1493091e-01    2.4029508e+00
   5.8215932e-01   -7.0285122e-01    2.4024983e+00
   5.9689300e-01   -6.9046154e-01    2.4020577e+00
   6.1135695e-01   -6.7775187e-01    2.4016291e+00
   6.2554115e-01   -6.6473220e-01    2.4012129e+00
   6.3944561e-01   -6.5141255e-01    2.4008088e+00
   6.5306033e-01   -6.3779290e-01    2.4004173e+00
   6.6637532e-01   -6.2388326e-01    2.4000387e+00
   6.7938059e-01   -6.0968362e-01    2.3996733e+00
   6.9207613e-01   -5.9520400e-01    2.3993210e+00
   7.0446194e-01   -5.8045438e-01    2.3989819e+00
   7.1650804e-01   -5.6543477e-01    2.3986568e+00
   7.2822442e-01   -5.5014516e-01    2.3983456e+00
   7.3960109e-01   -5.3460556e-01    2.3980484e+00
   7.5062804e-01   -5.1882597e-01    2.3977654e+00
   7.6129529e-01   -5.0279639e-01    2.3974972e+00
   7.7162282e-01   -4.8653681e-01    2.3972429e+00
   7.8159064e-01   -4.7005723e-01    2.3970031e+00
   7.9119875e-01   -4.5336766e-01    2.3967777e+00
   8.0044714e-01   -4.3647810e-01    2.3965667e+00
   8.0934580e-01   -4.1939854e-01    2.3963696e+00
   8.1789474e-01   -4.0213898e-01    2.3961864e+00
   8.2608395e-01   -3.8470943e-01    2.3960174e+00
   8.3392344e-01   -3.6710989e-01    2.3958621e+00
   8.4140319e-01   -3.4937035e-01    2.3957208e+00
   8.4852321e-01   -3.3147081e-01    2.3955936e+00
   8.5528350e-01   -3.1344128e-01    2.3954802e+00
   8.6168406e-01   -2.9527174e-01    2.3953808e+00
   8.6770490e-01   -2.7698222e-01    2.3952959e+00
   8.7333602e-01   -2.5856269e-01    2.3952259e+00
   8.7858742e-01   -2.4003317e-01    2.3951704e+00
   8.8343910e-01   -2.2139365e-01    2.3951300e+00
   8.8788107e-01   -2.0265414e-01    2.3951051e+00
   8.9191333e-01   -1.8382462e-01    2.3950955e+00
   8.9553588e-01   -1.6490511e-01    2.3951014e+00
   8.9874871e-01   -1.4591560e-01    2.3951224e+00
   9.0155182e-01   -1.2685609e-01    2.3951587e+00
   9.0392523e-01   -1.0774659e-01    2.3952108e+00
   9.0589890e-01   -8.8588082e-02    2.3952777e+00
   9.0745286e-01   -6.9391578e-02    2.3953599e+00
   9.0860708e-01   -5.0166074e-02    2.3954566e+00
   9.0934158e-01   -3.0921571e-02    2.3955686e+00
   9.0966634e-01   -1.1665069e-02    2.3956954e+00
   9.0957138e-01    7.5944341e-03    2.3958373e+00
   9.0906668e-01    2.6846937e-02    2.3959939e+00
   9.0815224e-01    4.6083440e-02    2.3961651e+00
   9.0680807e-01    6.5295944e-02    2.3963516e+00
   9.0505416e-01    8.4474449e-02    2.3965526e+00
   9.0288051e-01    1.0360795e-01    2.3967683e+00
   9.0029711e-01    1.2269746e-01    2.3969985e+00
   8.9730395e-01    1.4171697e-01    2.3972429e+00
   8.9390105e-01    1.6067648e-01    2.3975015e+00
   8.9008839e-01    1.7954599e-01    2.3977743e+00
   8.8588596e-01    1.9834551e-01    2.3980606e+00
   8.8127377e-01    2.1704503e-01    2.3983608e+00
   8.7628180e-01    2.3563455e-01    2.3986740e+00
   8.7089006e-01    2.5412407e-01    2.3990008e+00
   8.6511853e-01    2.7249359e-01    2.3993404e+00
   8.5895722e-01    2.9074312e-01    2.3996931e+00
   8.5241613e-01    3.0885265e-01    2.4000585e+00
   8.4549524e-01    3.2682219e-01    2.4004365e+00
   8.3818457e-01    3.4464173e-01    2.4008274e+00
   8.3050409e-01    3.6229127e-01    2.4012305e+00
   8.2245381e-01    3.7978082e-01    2.4016456e+00
   8.1402373e-01    3.9710038e-01    2.4020732e+00
   8.0522383e-01    4.1421993e-01    2.4025127e+00
   7.9604414e-01    4.3114950e-01    2.4029645e+00
   7.8651462e-01    4.4787906e-01    2.4034273e+00
   7.7661528e-01    4.6438864e-01    2.4039019e+00
   7.6635611e-01    4.8068822e-01    2.4043880e+00
   7.5574712e-01    4.9674780e-01    2.4048848e+00
   7.4478829e-01    5.1258739e-01    2.4053927e+00
   7.3349961e-01    5.2817699e-01    2.4059106e+00
   7.2187108e-01    5.4352659e-01    2.4064390e+00
   7.0993270e-01    5.5862620e-01    2.4069768e+00
   6.9766445e-01    5.7346582e-01    2.4075245e+00
   6.8509634e-01    5.8804544e-01    2.4080812e+00
   6.7221835e-01    6.0235507e-01    2.4086470e+00
   6.5904049e-01    6.1639471e-01    2.4092217e+00
   6.4557275e-01    6.3014436e-01    2.4098048e+00
   6.3180512e-01    6.4360401e-01    2.4103965e+00
   6.1775759e-01    6.5675367e-01    2.4109960e+00
   6.0341018e-01    6.6960334e-01    2.4116042e+00
   5.8878286e-01    6.8211301e-01    2.4122200e+00
   5.7388563e-01    6.9430270e-01    2.4128432e+00
   5.5870849e-01    7.0614239e-01    2.4134740e+00
   5.4327143e-01    7.1764210e-01    2.4141116e+00
   5.2757445e-01    7.2878181e-01    2.4147560e+00
   5.1163753e-01    7.3957153e-01    2.4154065e+00
   4.9546068e-01    7.5000126e-01    2.4160630e+00
   4.7905388e-01    7.6007100e-01    2.4167253e+00
   4.6243712e-01    7.6978075e-01    2.4173924e+00
   4.4561040e-01    7.7913051e-01    2.4180646e+00
   4.2858372e-01    7.8812028e-01    2.4187413e+00
   4.1137706e-01    7.9674005e-01    2.4194219e+00
   3.9399043e-01    8.0498984e-01    2.4201062e+00
   3.7642381e-01    8.1286964e-01    2.4207944e+00
   3.5869720e-01    8.2036944e-01    2.4214856e+00
   3.4082058e-01    8.2747926e-01    2.4221793e+00
   3.2278397e-01    8.3419909e-01    2.4228760e+00
   3.0459735e-01    8.4051892e-01    2.4235753e+00
   2.8628071e-01    8.4642877e-01    2.4242762e+00
   2.6783404e-01    8.5192863e-01    2.4249789e+00
   2.4927734e-01    8.5700850e-01    2.4256825e+00
   2.3060061e-01    8.6165838e-01    2.4263874e+00
   2.1182383e-01    8.6588827e-01    2.4270928e+00
   1.9295700e-01    8.6969817e-01    2.4277985e+00
   1.7401012e-01    8.7308808e-01    2.4285039e+00
   1.5499317e-01    8.7606801e-01    2.4292090e+00
   1.3591615e-01    8.7862794e-01    2.4299132e+00
   1.1678906e-01    8.8077788e-01    2.4306163e+00
   9.7624896e-02    8.8252784e-01    2.4313178e+00
   7.8423642e-02    8.8385781e-01    2.4320176e+00
   5.9199300e-02    8.8478778e-01    2.4327154e+00
   3.9958860e-02    8.8529777e-01    2.4334107e+00
   2.0711316e-02    8.8538777e-01    2.4341033e+00
   1.4673592e-03    8.8504777e-01    2.4347926e+00
  -1.7765117e-02    8.8427779e-01    2.4354785e+00
  -3.6974021e-02    8.8306783e-01    2.4361603e+00
  -5.6150063e-02    8.8140787e-01    2.4368377e+00
  -7.5283247e-02    8.7930792e-01    2.4375105e+00
  -9.4362579e-02    8.7676799e-01    2.4381781e+00
  -1.1338406e-01    8.7379806e-01    2.4388405e+00
  -1.3232270e-01    8.7039815e-01    2.4394969e+00
  -1.5120149e-01    8.6659825e-01    2.4401482e+00
  -1.6998044e-01    8.6240836e-01    2.4407932e+00
  -1.8867955e-01    8.5782848e-01    2.4414324e+00
  -2.0728880e-01    8.5288860e-01    2.4420659e+00
  -2.2579821e-01    8.4759874e-01    2.4426932e+00
  -2.4419778e-01    8.4196889e-01    2.4433142e+00
  -2.6249751e-01    8.3598904e-01    2.4439290e+00
  -2.8067740e-01    8.2965920e-01    2.4445371e+00
  -2.9873746e-01    8.2298938e-01    2.4451383e+00
  -3.1665770e-01    8.1595956e-01    2.4457320e+00
  -3.3443812e-01    8.0857975e-01    2.4463181e+00
  -3.5205874e-01    8.0082995e-01    2.4468958e+00
  -3.6950957e-01    7.9270016e-01    2.4474647e+00
  -3.8678061e-01    7.8420038e-01    2.4480244e+00
  -4.0386187e-01    7.7532061e-01    2.4485746e+00
  -4.2074336e-01    7.6606085e-01    2.4491149e+00
  -4.3741507e-01    7.5643110e-01    2.4496450e+00
  -4.5387702e-01    7.4644135e-01    2.4501649e+00
  -4.7010921e-01    7.3609162e-01    2.4506740e+00
  -4.8611164e-01    7.2539190e-01    2.4511723e+00
  -5.0189430e-01    7.1435218e-01    2.4516603e+00
  -5.1743719e-01    7.0299248e-01    2.4521374e+00
  -5.3273033e-01    6.9130278e-01    2.4526031e+00
  -5.4778371e-01    6.7929309e-01    2.4530579e+00
  -5.6258733e-01    6.6697341e-01    2.4535014e+00
  -5.7712121e-01    6.5434373e-01    2.4539331e+00
  -5.9138533e-01    6.4141407e-01    2.4543529e+00
  -6.0537971e-01    6.2818441e-01    2.4547608e+00
  -6.1908435e-01    6.1466476e-01    2.4551562e+00
  -6.3249926e-01    6.0084511e-01    2.4555391e+00
  -6.4560444e-01    5.8673548e-01    2.4559088e+00
  -6.5839989e-01    5.7235585e-01    2.4562653e+00
  -6.7088561e-01    5.5769623e-01    2.4566088e+00
  -6.8305161e-01    5.4276661e-01    2.4569387e+00
  -6.9488789e-01    5.2757701e-01    2.4572550e+00
  -7.0639445e-01    5.1212740e-01    2.4575575e+00
  -7.1756129e-01    4.9643781e-01    2.4578461e+00
  -7.2837841e-01    4.8050822e-01    2.4581205e+00
  -7.3884583e-01    4.6433864e-01    2.4583805e+00
  -7.4896353e-01    4.4795906e-01    2.4586264e+00
  -7.5871152e-01    4.3134949e-01    2.4588574e+00
  -7.6809980e-01    4.1452993e-01    2.4590739e+00
  -7.7712836e-01    3.9752036e-01    2.4592762e+00
  -7.8577722e-01    3.8031081e-01    2.4594633e+00
  -7.9404638e-01    3.6292126e-01    2.4596355e+00
  -8.0193582e-01    3.4535171e-01    2.4597928e+00
  -8.0944555e-01    3.2762217e-01    2.4599352e+00
  -8.1657557e-01    3.0972263e-01    2.4600628e+00
  -8.2331587e-01    2.9168310e-01    2.4601754e+00
  -8.2966647e-01    2.7350357e-01    2.4602730e+00
  -8.3562735e-01    2.5518404e-01    2.4603555e+00
  -8.4118852e-01    2.3674452e-01    2.4604228e+00
  -8.4634998e-01    2.1819500e-01    2.4604750e+00
  -8.5111173e-01    1.9953548e-01    2.4605120e+00
  -8.5546376e-01    1.8076596e-01    2.4605334e+00
  -8.5940609e-01    1.6191645e-01    2.4605396e+00
  -8.6292870e-01    1.4298694e-01    2.4605301e+00
  -8.6604160e-01    1.2397743e-01    2.4605053e+00
  -8.6874478e-01    1.0490792e-01    2.4604653e+00
  -8.7102825e-01    8.5784415e-02    2.4604099e+00
  -8.7289200e-01    6.6614910e-02    2.4603391e+00
  -8.7434602e-01    4.7410406e-02    2.4602532e+00
  -8.7538032e-01    2.8178903e-02    2.4601521e+00
  -8.7599490e-01    8.9291996e-03    2.4600358e+00
  -8.7617975e-01   -1.0329103e-02    2.4599039e+00
  -8.7594488e-01   -2.9586606e-02    2.4597570e+00
  -8.7528028e-01   -4.8834109e-02    2.4595947e+00
  -8.7418596e-01   -6.8061612e-02    2.4594171e+00
  -8.7265191e-01   -8.7259116e-02    2.4592239e+00
  -8.7067813e-01   -1.0641662e-01    2.4590151e+00
  -8.6826463e-01   -1.2552613e-01    2.4587909e+00
  -8.6540140e-01   -1.4456564e-01    2.4585511e+00
  -8.6211842e-01   -1.6354515e-01    2.4582966e+00
  -8.5839570e-01   -1.8243466e-01    2.4580269e+00
  -8.5425324e-01   -2.0124417e-01    2.4577427e+00
  -8.4969102e-01   -2.1995369e-01    2.4574442e+00
  -8.4473903e-01   -2.3856321e-01    2.4571323e+00
  -8.3938726e-01   -2.5706273e-01    2.4568069e+00
  -8.3365572e-01   -2.7545226e-01    2.4564686e+00
  -8.2755438e-01   -2.9371178e-01    2.4561180e+00
  -8.2107325e-01   -3.1184132e-01    2.4557546e+00
  -8.1421233e-01   -3.2984085e-01    2.4553785e+00
  -8.0699160e-01   -3.4769039e-01    2.4549906e+00
  -7.9938109e-01   -3.6537993e-01    2.4545898e+00
  -7.9140077e-01   -3.8289948e-01    2.4541769e+00
  -7.8302066e-01   -4.0023903e-01    2.4537510e+00
  -7.7426075e-01   -4.1737859e-01    2.4533128e+00
  -7.6511104e-01   -4.3431815e-01    2.4528620e+00
  -7.5556153e-01   -4.5104772e-01    2.4523984e+00
  -7.4563220e-01   -4.6753730e-01    2.4519229e+00
  -7.3533306e-01   -4.8380688e-01    2.4514357e+00
  -7.2465409e-01   -4.9982646e-01    2.4509366e+00
  -7.1362530e-01   -5.1560605e-01    2.4504266e+00
  -7.0223666e-01   -5.3112565e-01    2.4499056e+00
  -6.9051818e-01   -5.4640526e-01    2.4493745e+00
  -6.7846984e-01   -5.6142487e-01    2.4488333e+00
  -6.6610164e-01   -5.7617449e-01    2.4482826e+00
  -6.5342357e-01   -5.9066412e-01    2.4477227e+00
  -6.4043563e-01   -6.0487375e-01    2.4471536e+00
  -6.2714781e-01   -6.1879339e-01    2.4465758e+00
  -6.1355012e-01   -6.3243304e-01    2.4459889e+00
  -5.9966254e-01   -6.4576269e-01    2.4453938e+00
  -5.8548506e-01   -6.5878236e-01    2.4447905e+00
  -5.7101768e-01   -6.7148203e-01    2.4441791e+00
  -5.5628040e-01   -6.8386171e-01    2.4435603e+00
  -5.4126321e-01   -6.9591140e-01    2.4429338e+00
  -5.2599610e-01   -7.0763110e-01    2.4423007e+00
  -5.1046907e-01   -7.1901080e-01    2.4416607e+00
  -4.9470211e-01   -7.3005052e-01    2.4410145e+00
  -4.7870521e-01   -7.4075024e-01    2.4403624e+00
  -4.6247837e-01   -7.5110997e-01    2.4397046e+00
  -4.4603157e-01   -7.6110971e-01    2.4390415e+00
  -4.2937482e-01   -7.7074947e-01    2.4383733e+00
  -4.1250812e-01   -7.8002923e-01    2.4377003e+00
  -3.9544144e-01   -7.8892900e-01    2.4370227e+00
  -3.7818479e-01   -7.9744878e-01    2.4363411e+00
  -3.6073816e-01   -8.0558857e-01    2.4356554e+00
  -3.4312154e-01   -8.1332837e-01    2.4349664e+00
  -3.2532493e-01   -8.2066818e-01    2.4342739e+00
  -3.0737832e-01   -8.2760800e-01    2.4335788e+00
  -2.8927170e-01   -8.3414783e-01    2.4328809e+00
  -2.7102507e-01   -8.4028767e-01    2.4321808e+00
  -2.5265842e-01   -8.4601752e-01    2.4314793e+00
  -2.3416175e-01   -8.5136738e-01    2.4307759e+00
  -2.1556504e-01   -8.5630726e-01    2.4300719e+00
  -1.9686829e-01   -8.6086714e-01    2.4293670e+00
  -1.7808151e-01   -8.6503703e-01    2.4286616e+00
  -1.5920468e-01   -8.6881693e-01    2.4279558e+00
  -1.4025779e-01   -8.7221685e-01    2.4272503e+00
  -1.2125084e-01   -8.7520677e-01    2.4265455e+00
  -1.0217384e-01   -8.7780670e-01    2.4258410e+00
  -8.3055755e-02   -8.8000664e-01    2.4251379e+00
  -6.3890592e-02   -8.8177660e-01    2.4244362e+00
  -4.4691342e-02   -8.8312656e-01    2.4237363e+00
  -2.5465998e-02   -8.8404654e-01    2.4230386e+00
  -6.2245486e-03   -8.8451653e-01    2.4223435e+00
   1.3022614e-02   -8.8453653e-01    2.4216514e+00
   3.2264695e-02   -8.8410654e-01    2.4209628e+00
   5.1492505e-02   -8.8321656e-01    2.4202780e+00
   7.0694445e-02   -8.8188660e-01    2.4195973e+00
   8.9860520e-02   -8.8012664e-01    2.4189209e+00
   1.0897974e-01   -8.7792670e-01    2.4182494e+00
   1.2805809e-01   -8.7531677e-01    2.4175824e+00
   1.4706659e-01   -8.7229684e-01    2.4169207e+00
   1.6600524e-01   -8.6888693e-01    2.4162644e+00
   1.8487403e-01   -8.6507703e-01    2.4156135e+00
   2.0366298e-01   -8.6089714e-01    2.4149682e+00
   2.2236208e-01   -8.5631726e-01    2.4143289e+00
   2.4096135e-01   -8.5135738e-01    2.4136959e+00
   2.5945079e-01   -8.4600752e-01    2.4130697e+00
   2.7782041e-01   -8.4024767e-01    2.4124508e+00
   2.9606022e-01   -8.3408783e-01    2.4118394e+00
   3.1415023e-01   -8.2750800e-01    2.4112364e+00
   3.3209045e-01   -8.2052818e-01    2.4106417e+00
   3.4986088e-01   -8.1312837e-01    2.4100561e+00
   3.6746153e-01   -8.0532857e-01    2.4094794e+00
   3.8488239e-01   -7.9712878e-01    2.4089121e+00
   4.0211348e-01   -7.8855901e-01    2.4083543e+00
   4.1916478e-01   -7.7960924e-01    2.4078057e+00
   4.3602628e-01   -7.7031948e-01    2.4072664e+00
   4.5268801e-01   -7.6067973e-01    2.4067367e+00
   4.6915995e-01   -7.5070998e-01    2.4062163e+00
   4.8543210e-01   -7.4041025e-01    2.4057054e+00
   5.0149446e-01   -7.2980052e-01    2.4052043e+00
   5.1733706e-01   -7.1886081e-01    2.4047134e+00
   5.3294988e-01   -7.0759110e-01    2.4042332e+00
   5.4831296e-01   -6.9599140e-01    2.4037643e+00
   5.6342628e-01   -6.8405170e-01    2.4033069e+00
   5.7825987e-01   -6.7178202e-01    2.4028619e+00
   5.9279374e-01   -6.5915235e-01    2.4024302e+00
   6.0703789e-01   -6.4619268e-01    2.4020114e+00
   6.2096233e-01   -6.3289303e-01    2.4016064e+00
   6.3456706e-01   -6.1927338e-01    2.4012153e+00
   6.4785208e-01   -6.0532374e-01    2.4008381e+00
   6.6079740e-01   -5.9107411e-01    2.4004752e+00
   6.7342300e-01   -5.7653448e-01    2.4001259e+00
   6.8570890e-01   -5.6170486e-01    2.3997908e+00
   6.9767507e-01   -5.4661525e-01    2.3994692e+00
   7.0930152e-01   -5.3126565e-01    2.3991616e+00
   7.2058826e-01   -5.1566605e-01    2.3988680e+00
   7.3154528e-01   -4.9982646e-01    2.3985881e+00
   7.4215258e-01   -4.8374688e-01    2.3983224e+00
   7.5241017e-01   -4.6744730e-01    2.3980709e+00
   7.6230804e-01   -4.5093772e-01    2.3978338e+00
   7.7184620e-01   -4.3419816e-01    2.3976113e+00
   7.8101465e-01   -4.1726859e-01    2.3974034e+00
   7.8981339e-01   -4.0013904e-01    2.3972103e+00
   7.9824242e-01   -3.8281948e-01    2.3970318e+00
   8.0628175e-01   -3.6531994e-01    2.3968687e+00
   8.1395136e-01   -3.4765039e-01    2.3967200e+00
   8.2124126e-01   -3.2982085e-01    2.3965862e+00
   8.2814145e-01   -3.1184132e-01    2.3964674e+00
   8.3467191e-01   -2.9372178e-01    2.3963630e+00
   8.4080267e-01   -2.7547226e-01    2.3962738e+00
   8.4655370e-01   -2.5709273e-01    2.3961993e+00
   8.5190503e-01   -2.3858321e-01    2.3961400e+00
   8.5686663e-01   -2.1997369e-01    2.3960955e+00
   8.6141852e-01   -2.0126417e-01    2.3960664e+00
   8.6555071e-01   -1.8245466e-01    2.3960531e+00
   8.6926320e-01   -1.6355515e-01    2.3960556e+00
   8.7255597e-01   -1.4457564e-01    2.3960737e+00
   8.7540905e-01   -1.2552613e-01    2.3961081e+00
   8.7783242e-01   -1.0642662e-01    2.3961583e+00
   8.7980610e-01   -8.7265116e-02    2.3962252e+00
   8.8134007e-01   -6.8066612e-02    2.3963081e+00
   8.8243433e-01   -4.8838109e-02    2.3964070e+00
   8.8307888e-01   -2.9589606e-02    2.3965223e+00
   8.8327373e-01   -1.0331503e-02    2.3966538e+00
   8.8303886e-01    8.9261997e-03    2.3968007e+00
   8.8236427e-01    2.8172903e-02    2.3969634e+00
   8.8124996e-01    4.7400406e-02    2.3971417e+00
   8.7971591e-01    6.6597910e-02    2.3973349e+00
   8.7776212e-01    8.5756416e-02    2.3975429e+00
   8.7537860e-01    1.0486792e-01    2.3977661e+00
   8.7259532e-01    1.2392743e-01    2.3980032e+00
   8.6939229e-01    1.4291694e-01    2.3982549e+00
   8.6578951e-01    1.6182645e-01    2.3985204e+00
   8.6178696e-01    1.8066596e-01    2.3987998e+00
   8.5738465e-01    1.9941548e-01    2.3990928e+00
   8.5258257e-01    2.1806500e-01    2.3993996e+00
   8.4739071e-01    2.3660452e-01    2.3997196e+00
   8.4179908e-01    2.5503404e-01    2.4000531e+00
   8.3581768e-01    2.7334357e-01    2.4003998e+00
   8.2944649e-01    2.9151310e-01    2.4007595e+00
   8.2268551e-01    3.0954264e-01    2.4011322e+00
   8.1552475e-01    3.2741217e-01    2.4015181e+00
   8.0796422e-01    3.4513172e-01    2.4019174e+00
   8.0001388e-01    3.6266126e-01    2.4023292e+00
   7.9166376e-01    3.8001082e-01    2.4027542e+00
   7.8292383e-01    3.9717037e-01    2.4031918e+00
   7.7378412e-01    4.1411994e-01    2.4036422e+00
   7.6426459e-01    4.3084950e-01    2.4041047e+00
   7.5436525e-01    4.4736908e-01    2.4045794e+00
   7.4408610e-01    4.6364866e-01    2.4050660e+00
   7.3344711e-01    4.7968824e-01    2.4055638e+00
   7.2244830e-01    4.9549783e-01    2.4060729e+00
   7.1109965e-01    5.1105743e-01    2.4065927e+00
   6.9943114e-01    5.2635704e-01    2.4071222e+00
   6.8742279e-01    5.4140665e-01    2.4076622e+00
   6.7509457e-01    5.5619627e-01    2.4082117e+00
   6.6246648e-01    5.7072589e-01    2.4087701e+00
   6.4951853e-01    5.8497552e-01    2.4093381e+00
   6.3626070e-01    5.9893516e-01    2.4099151e+00
   6.2271298e-01    6.1261481e-01    2.4105005e+00
   6.0886538e-01    6.2598446e-01    2.4110944e+00
   5.9471789e-01    6.3904413e-01    2.4116969e+00
   5.8029050e-01    6.5177380e-01    2.4123071e+00
   5.6557322e-01    6.6418348e-01    2.4129254e+00
   5.5057602e-01    6.7625317e-01    2.4135514e+00
   5.3530891e-01    6.8798286e-01    2.4141845e+00
   5.1978188e-01    6.9936257e-01    2.4148246e+00
   5.0400492e-01    7.1039228e-01    2.4154710e+00
   4.8798803e-01    7.2106201e-01    2.4161236e+00
   4.7173119e-01    7.3136174e-01    2.4167820e+00
   4.5523441e-01    7.4129149e-01    2.4174465e+00
   4.3852767e-01    7.5085124e-01    2.4181158e+00
   4.2160097e-01    7.6002100e-01    2.4187903e+00
   4.0447430e-01    7.6879078e-01    2.4194690e+00
   3.8714766e-01    7.7716056e-01    2.4201521e+00
   3.6962104e-01    7.8513035e-01    2.4208394e+00
   3.5191443e-01    7.9268016e-01    2.4215303e+00
   3.3403782e-01    7.9981998e-01    2.4222243e+00
   3.1600120e-01    8.0652980e-01    2.4229209e+00
   2.9781457e-01    8.1281964e-01    2.4236199e+00
   2.7947793e-01    8.1867949e-01    2.4243212e+00
   2.6102126e-01    8.2412935e-01    2.4250239e+00
   2.4244456e-01    8.2914922e-01    2.4257278e+00
   2.2375782e-01    8.3375910e-01    2.4264327e+00
   2.0497104e-01    8.3794899e-01    2.4271382e+00
   1.8609421e-01    8.4171889e-01    2.4278439e+00
   1.6713731e-01    8.4505881e-01    2.4285494e+00
   1.4812035e-01    8.4797873e-01    2.4292541e+00
   1.2903333e-01    8.5047867e-01    2.4299582e+00
   1.0989622e-01    8.5253861e-01    2.4306610e+00
   9.0717028e-02    8.5415857e-01    2.4313621e+00
   7.1505743e-02    8.5533854e-01    2.4320612e+00
   5.2272355e-02    8.5606852e-01    2.4327579e+00
   3.3027861e-02    8.5635852e-01    2.4334518e+00
   1.3781049e-02    8.5618852e-01    2.4341424e+00
  -5.4564845e-03    8.5556854e-01    2.4348295e+00
  -2.4674347e-02    8.5449856e-01    2.4355127e+00
  -4.3862343e-02    8.5298860e-01    2.4361916e+00
  -6.3010481e-02    8.5102865e-01    2.4368659e+00
  -8.2108762e-02    8.4863871e-01    2.4375353e+00
  -1.0114919e-01    8.4580879e-01    2.4381994e+00
  -1.2011778e-01    8.4256887e-01    2.4388580e+00
  -1.3901652e-01    8.3890897e-01    2.4395111e+00
  -1.5783541e-01    8.3483907e-01    2.4401583e+00
  -1.7655447e-01    8.3037919e-01    2.4407992e+00
  -1.9518369e-01    8.2552931e-01    2.4414340e+00
  -2.1371307e-01    8.2029945e-01    2.4420625e+00
  -2.3213262e-01    8.1469959e-01    2.4426844e+00
  -2.5043235e-01    8.0871975e-01    2.4432992e+00
  -2.6860225e-01    8.0238991e-01    2.4439069e+00
  -2.8665232e-01    7.9569008e-01    2.4445076e+00
  -3.0456257e-01    7.8864026e-01    2.4451007e+00
  -3.2233301e-01    7.8122046e-01    2.4456862e+00
  -3.3993365e-01    7.7344066e-01    2.4462630e+00
  -3.5738448e-01    7.6529087e-01    2.4468317e+00
  -3.7464553e-01    7.5677109e-01    2.4473909e+00
  -3.9171681e-01    7.4787132e-01    2.4479406e+00
  -4.0858830e-01    7.3860156e-01    2.4484805e+00
  -4.2525003e-01    7.2895181e-01    2.4490100e+00
  -4.4168201e-01    7.1892206e-01    2.4495286e+00
  -4.5788423e-01    7.0852233e-01    2.4500363e+00
  -4.7383671e-01    6.9774261e-01    2.4505322e+00
  -4.8953945e-01    6.8659290e-01    2.4510165e+00
  -5.0498244e-01    6.7510320e-01    2.4514891e+00
  -5.2016569e-01    6.6326350e-01    2.4519497e+00
  -5.3507921e-01    6.5108382e-01    2.4523983e+00
  -5.4973297e-01    6.3859414e-01    2.4528352e+00
  -5.6411699e-01    6.2578447e-01    2.4532602e+00
  -5.7822126e-01    6.1267481e-01    2.4536730e+00
  -5.9204579e-01    5.9928515e-01    2.4540736e+00
  -6.0560057e-01    5.8559551e-01    2.4544625e+00
  -6.1885562e-01    5.7163587e-01    2.4548386e+00
  -6.3182092e-01    5.5739624e-01    2.4552023e+00
  -6.4448649e-01    5.4288661e-01    2.4555532e+00
  -6.5683233e-01    5.2810699e-01    2.4558908e+00
  -6.6885845e-01    5.1306738e-01    2.4562149e+00
  -6.8055485e-01    4.9776778e-01    2.4565254e+00
  -6.9191153e-01    4.8221818e-01    2.4568218e+00
  -7.0291850e-01    4.6641859e-01    2.4571039e+00
  -7.1357576e-01    4.5037900e-01    2.4573716e+00
  -7.2386332e-01    4.3409942e-01    2.4576244e+00
  -7.3379117e-01    4.1759985e-01    2.4578626e+00
  -7.4333933e-01    4.0087028e-01    2.4580856e+00
  -7.5250778e-01    3.8394072e-01    2.4582934e+00
  -7.6129653e-01    3.6680116e-01    2.4584861e+00
  -7.6968559e-01    3.4946161e-01    2.4586630e+00
  -7.7767495e-01    3.3194206e-01    2.4588242e+00
  -7.8526463e-01    3.1423252e-01    2.4589697e+00
  -7.9244461e-01    2.9636298e-01    2.4590993e+00
  -7.9920490e-01    2.7833344e-01    2.4592127e+00
  -8.0555549e-01    2.6015391e-01    2.4593102e+00
  -8.1147640e-01    2.4182439e-01    2.4593912e+00
  -8.1697762e-01    2.2336486e-01    2.4594563e+00
  -8.2204914e-01    2.0478534e-01    2.4595050e+00
  -8.2670097e-01    1.8609582e-01    2.4595378e+00
  -8.3091310e-01    1.6730631e-01    2.4595541e+00
  -8.3470553e-01    1.4841680e-01    2.4595546e+00
  -8.3805826e-01    1.2945729e-01    2.4595388e+00
  -8.4098129e-01    1.1041778e-01    2.4595069e+00
  -8.4346462e-01    9.1321272e-02    2.4594589e+00
  -8.4552824e-01    7.2170766e-02    2.4593953e+00
  -8.4714215e-01    5.2980262e-02    2.4593153e+00
  -8.4832635e-01    3.3756758e-02    2.4592197e+00
  -8.4908084e-01    1.4512255e-02    2.4591084e+00
  -8.4939561e-01   -4.7444473e-03    2.4589812e+00
  -8.4928066e-01   -2.4003750e-02    2.4588386e+00
  -8.4872599e-01   -4.3254253e-02    2.4586802e+00
  -8.4773160e-01   -6.2487756e-02    2.4585061e+00
  -8.4630749e-01   -8.1694260e-02    2.4583168e+00
  -8.4445364e-01   -1.0086277e-01    2.4581123e+00
  -8.4216006e-01   -1.1998627e-01    2.4578924e+00
  -8.3942675e-01   -1.3904578e-01    2.4576570e+00
  -8.3626370e-01   -1.5804529e-01    2.4574067e+00
  -8.3266091e-01   -1.7696480e-01    2.4571411e+00
  -8.2861839e-01   -1.9579431e-01    2.4568604e+00
  -8.2413613e-01   -2.1452383e-01    2.4565646e+00
  -8.1922411e-01   -2.3314335e-01    2.4562541e+00
  -8.1388234e-01   -2.5164287e-01    2.4559290e+00
  -8.0812081e-01   -2.7001240e-01    2.4555898e+00
  -8.0193951e-01   -2.8825193e-01    2.4552364e+00
  -7.9533845e-01   -3.0634146e-01    2.4548690e+00
  -7.8834760e-01   -3.2428100e-01    2.4544887e+00
  -7.8095697e-01   -3.4206054e-01    2.4540952e+00
  -7.7316655e-01   -3.5967008e-01    2.4536885e+00
  -7.6499633e-01   -3.7710963e-01    2.4532693e+00
  -7.5644631e-01   -3.9435919e-01    2.4528379e+00
  -7.4751649e-01   -4.1141875e-01    2.4523942e+00
  -7.3819686e-01   -4.2826831e-01    2.4519380e+00
  -7.2850742e-01   -4.4490788e-01    2.4514700e+00
  -7.1842817e-01   -4.6131746e-01    2.4509897e+00
  -7.0797909e-01   -4.7747704e-01    2.4504979e+00
  -6.9714021e-01   -4.9339663e-01    2.4499937e+00
  -6.8593149e-01   -5.0905622e-01    2.4494782e+00
  -6.7436294e-01   -5.2443583e-01    2.4489517e+00
  -6.6242455e-01   -5.3954544e-01    2.4484139e+00
  -6.5014632e-01   -5.5437505e-01    2.4478658e+00
  -6.3752822e-01   -5.6891468e-01    2.4473077e+00
  -6.2459026e-01   -5.8316431e-01    2.4467401e+00
  -6.1133243e-01   -5.9712395e-01    2.4461631e+00
  -5.9776472e-01   -6.1078360e-01    2.4455771e+00
  -5.8390713e-01   -6.2414325e-01    2.4449829e+00
  -5.6976963e-01   -6.3720291e-01    2.4443807e+00
  -5.5534225e-01   -6.4995259e-01    2.4437704e+00
  -5.4064495e-01   -6.6238226e-01    2.4431527e+00
  -5.2566775e-01   -6.7447195e-01    2.4425273e+00
  -5.1042064e-01   -6.8623165e-01    2.4418946e+00
  -4.9491360e-01   -6.9763135e-01    2.4412552e+00
  -4.7915663e-01   -7.0868107e-01    2.4406093e+00
  -4.6313974e-01   -7.1936079e-01    2.4399567e+00
  -4.4688290e-01   -7.2967053e-01    2.4392982e+00
  -4.3039612e-01   -7.3961027e-01    2.4386340e+00
  -4.1368938e-01   -7.4916002e-01    2.4379647e+00
  -3.9677268e-01   -7.5833979e-01    2.4372906e+00
  -3.7964601e-01   -7.6712956e-01    2.4366117e+00
  -3.6232937e-01   -7.7553934e-01    2.4359287e+00
  -3.4483274e-01   -7.8355913e-01    2.4352420e+00
  -3.2716613e-01   -7.9118894e-01    2.4345521e+00
  -3.0932952e-01   -7.9842875e-01    2.4338588e+00
  -2.9134290e-01   -8.0526857e-01    2.4331630e+00
  -2.7320628e-01   -8.1170841e-01    2.4324647e+00
  -2.5492965e-01   -8.1773825e-01    2.4317643e+00
  -2.3652299e-01   -8.2335811e-01    2.4310622e+00
  -2.1798631e-01   -8.2856797e-01    2.4303584e+00
  -1.9934958e-01   -8.3335785e-01    2.4296540e+00
  -1.8060282e-01   -8.3773774e-01    2.4289486e+00
  -1.6176601e-01   -8.4169763e-01    2.4282429e+00
  -1.4284915e-01   -8.4522754e-01    2.4275375e+00
  -1.2386222e-01   -8.4834746e-01    2.4268325e+00
  -1.0479523e-01   -8.5103739e-01    2.4261277e+00
  -8.5686152e-02   -8.5328733e-01    2.4254246e+00
  -6.6526002e-02   -8.5511729e-01    2.4247227e+00
  -4.7328759e-02   -8.5649725e-01    2.4240226e+00
  -2.8104419e-02   -8.5743723e-01    2.4233248e+00
  -8.8629748e-03   -8.5792721e-01    2.4226295e+00
   1.0384085e-02   -8.5795721e-01    2.4219374e+00
   2.9627261e-02   -8.5754722e-01    2.4212486e+00
   4.8855063e-02   -8.5668725e-01    2.4205636e+00
   6.8058994e-02   -8.5538728e-01    2.4198826e+00
   8.7228061e-02   -8.5364732e-01    2.4192060e+00
   1.0634827e-01   -8.5146738e-01    2.4185343e+00
   1.2542662e-01   -8.4886745e-01    2.4178672e+00
   1.4443512e-01   -8.4584753e-01    2.4172055e+00
   1.6337378e-01   -8.4239762e-01    2.4165495e+00
   1.8223259e-01   -8.3854771e-01    2.4158993e+00
   2.0100157e-01   -8.3427782e-01    2.4152553e+00
   2.1967072e-01   -8.2959795e-01    2.4146178e+00
   2.3824004e-01   -8.2450808e-01    2.4139868e+00
   2.5668954e-01   -8.1901822e-01    2.4133631e+00
   2.7500924e-01   -8.1310837e-01    2.4127470e+00
   2.9318913e-01   -8.0678853e-01    2.4121389e+00
   3.1122921e-01   -8.0006871e-01    2.4115387e+00
   3.2911949e-01   -7.9294889e-01    2.4109468e+00
   3.4683999e-01   -7.8542909e-01    2.4103638e+00
   3.6439070e-01   -7.7751929e-01    2.4097898e+00
   3.8176162e-01   -7.6921951e-01    2.4092250e+00
   3.9894276e-01   -7.6053973e-01    2.4086698e+00
   4.1592414e-01   -7.5147996e-01    2.4081245e+00
   4.3270574e-01   -7.4204021e-01    2.4075891e+00
   4.4927756e-01   -7.3224046e-01    2.4070638e+00
   4.6562963e-01   -7.2207072e-01    2.4065491e+00
   4.8175193e-01   -7.1154099e-01    2.4060453e+00
   4.9763449e-01   -7.0066128e-01    2.4055526e+00
   5.1326729e-01   -6.8942157e-01    2.4050714e+00
   5.2864036e-01   -6.7783187e-01    2.4046021e+00
   5.4375367e-01   -6.6590217e-01    2.4041446e+00
   5.5858726e-01   -6.5363249e-01    2.4036996e+00
   5.7314112e-01   -6.4101282e-01    2.4032672e+00
   5.8739526e-01   -6.2807315e-01    2.4028478e+00
   6.0133968e-01   -6.1480349e-01    2.4024419e+00
   6.1497439e-01   -6.0120384e-01    2.4020496e+00
   6.2828938e-01   -5.8729420e-01    2.4016710e+00
   6.4126467e-01   -5.7306457e-01    2.4013069e+00
   6.5390027e-01   -5.5853495e-01    2.4009571e+00
   6.6619615e-01   -5.4370533e-01    2.4006217e+00
   6.7813235e-01   -5.2859572e-01    2.4003013e+00
   6.8970885e-01   -5.1320612e-01    2.3999958e+00
   7.0092564e-01   -4.9755652e-01    2.3997051e+00
   7.1178274e-01   -4.8164693e-01    2.3994292e+00
   7.2228013e-01   -4.6550735e-01    2.3991679e+00
   7.3241781e-01   -4.4912777e-01    2.3989213e+00
   7.4218579e-01   -4.3253820e-01    2.3986895e+00
   7.5160405e-01   -4.1573863e-01    2.3984717e+00
   7.6065259e-01   -3.9873907e-01    2.3982687e+00
   7.6934142e-01   -3.8154952e-01    2.3980799e+00
   7.7765054e-01   -3.6417997e-01    2.3979061e+00
   7.8558995e-01   -3.4663042e-01    2.3977469e+00
   7.9314964e-01   -3.2891088e-01    2.3976026e+00
   8.0030963e-01   -3.1104134e-01    2.3974737e+00
   8.0707992e-01   -2.9300180e-01    2.3973601e+00
   8.1344051e-01   -2.7482227e-01    2.3972621e+00
   8.1938140e-01   -2.5650275e-01    2.3971803e+00
   8.2489261e-01   -2.3805322e-01    2.3971149e+00
   8.2997413e-01   -2.1947370e-01    2.3970658e+00
   8.3462595e-01   -2.0078418e-01    2.3970330e+00
   8.3882809e-01   -1.8199467e-01    2.3970170e+00
   8.4259054e-01   -1.6310516e-01    2.3970176e+00
   8.4591330e-01   -1.4412565e-01    2.3970347e+00
   8.4877637e-01   -1.2508614e-01    2.3970687e+00
   8.5119974e-01   -1.0597663e-01    2.3971190e+00
   8.5317342e-01   -8.6819128e-02    2.3971858e+00
   8.5469739e-01   -6.7620624e-02    2.3972691e+00
   8.5578166e-01   -4.8391120e-02    2.3973684e+00
   8.5641622e-01   -2.9142617e-02    2.3974840e+00
   8.5661107e-01   -9.8839145e-03    2.3976155e+00
   8.5635621e-01    9.3733882e-03    2.3977631e+00
   8.5567163e-01    2.8619891e-02    2.3979262e+00
   8.5453733e-01    4.7846395e-02    2.3981052e+00
   8.5297330e-01    6.7040899e-02    2.3982995e+00
   8.5095954e-01    8.6194404e-02    2.3985096e+00
   8.4851606e-01    1.0529791e-01    2.3987348e+00
   8.4563284e-01    1.2433742e-01    2.3989754e+00
   8.4231988e-01    1.4330693e-01    2.3992309e+00
   8.3856718e-01    1.6219644e-01    2.3995016e+00
   8.3439474e-01    1.8099596e-01    2.3997868e+00
   8.2979254e-01    1.9969547e-01    2.4000868e+00
   8.2477059e-01    2.1828499e-01    2.4004010e+00
   8.1932887e-01    2.3675452e-01    2.4007294e+00
   8.1347739e-01    2.5510404e-01    2.4010717e+00
   8.0721614e-01    2.7331357e-01    2.4014278e+00
   8.0056511e-01    2.9138311e-01    2.4017968e+00
   7.9350430e-01    3.0930264e-01    2.4021795e+00
   7.8605370e-01    3.2705218e-01    2.4025750e+00
   7.7821331e-01    3.4464173e-01    2.4029833e+00
   7.6997313e-01    3.6205128e-01    2.4034048e+00
   7.6134315e-01    3.7926084e-01    2.4038388e+00
   7.5233336e-01    3.9628040e-01    2.4042850e+00
   7.4293378e-01    4.1307996e-01    2.4047438e+00
   7.3314438e-01    4.2965953e-01    2.4052149e+00
   7.2297518e-01    4.4600911e-01    2.4056980e+00
   7.1243615e-01    4.6211870e-01    2.4061928e+00
   7.0152729e-01    4.7798829e-01    2.4066990e+00
   6.9024861e-01    4.9358788e-01    2.4072167e+00
   6.7863008e-01    5.0893749e-01    2.4077447e+00
   6.6666171e-01    5.2402710e-01    2.4082835e+00
   6.5436348e-01    5.3883672e-01    2.4088321e+00
   6.4174538e-01    5.5336634e-01    2.4093902e+00
   6.2879743e-01    5.6761597e-01    2.4099581e+00
   6.1554959e-01    5.8158561e-01    2.4105348e+00
   6.0198189e-01    5.9524526e-01    2.4111208e+00
   5.8812429e-01    6.0860491e-01    2.4117151e+00
   5.7395681e-01    6.2164458e-01    2.4123181e+00
   5.5949943e-01    6.3435425e-01    2.4129293e+00
   5.4475215e-01    6.4671393e-01    2.4135483e+00
   5.2970498e-01    6.5873362e-01    2.4141757e+00
   5.1438788e-01    6.7038332e-01    2.4148101e+00
   4.9878087e-01    6.8165303e-01    2.4154522e+00
   4.8291394e-01    6.9255275e-01    2.4161009e+00
   4.6678707e-01    7.0306247e-01    2.4167563e+00
   4.5042026e-01    7.1318221e-01    2.4174174e+00
   4.3381350e-01    7.2291196e-01    2.4180844e+00
   4.1697679e-01    7.3225172e-01    2.4187568e+00
   3.9993011e-01    7.4119149e-01    2.4194339e+00
   3.8268345e-01    7.4972127e-01    2.4201152e+00
   3.6523682e-01    7.5785106e-01    2.4208009e+00
   3.4760021e-01    7.6557086e-01    2.4214904e+00
   3.2979360e-01    7.7287067e-01    2.4221830e+00
   3.1180699e-01    7.7973049e-01    2.4228790e+00
   2.9367036e-01    7.8616033e-01    2.4235772e+00
   2.7537373e-01    7.9214017e-01    2.4242779e+00
   2.5693706e-01    7.9767003e-01    2.4249805e+00
   2.3837037e-01    8.0273990e-01    2.4256844e+00
   2.1968363e-01    8.0734978e-01    2.4263893e+00
   2.0088684e-01    8.1149967e-01    2.4270949e+00
   1.8199999e-01    8.1517958e-01    2.4278003e+00
   1.6302309e-01    8.1840950e-01    2.4285057e+00
   1.4397610e-01    8.2116942e-01    2.4292103e+00
   1.2486904e-01    8.2347936e-01    2.4299137e+00
   1.0571190e-01    8.2533932e-01    2.4306158e+00
   8.6517660e-02    8.2674928e-01    2.4313159e+00
   6.7294325e-02    8.2770926e-01    2.4320139e+00
   4.8053882e-02    8.2820924e-01    2.4327092e+00
   2.8806328e-02    8.2825924e-01    2.4334015e+00
   9.5633547e-03    8.2785925e-01    2.4340903e+00
  -9.6651469e-03    8.2699927e-01    2.4347754e+00
  -2.8868081e-02    8.2568931e-01    2.4354563e+00
  -4.8035158e-02    8.2391935e-01    2.4361326e+00
  -6.7155378e-02    8.2170941e-01    2.4368041e+00
  -8.6219748e-02    8.1905948e-01    2.4374703e+00
  -1.0521428e-01    8.1596956e-01    2.4381309e+00
  -1.2414296e-01    8.1244965e-01    2.4387861e+00
  -1.4298181e-01    8.0851975e-01    2.4394351e+00
  -1.6174081e-01    8.0418986e-01    2.4400783e+00
  -1.8039998e-01    7.9945998e-01    2.4407150e+00
  -1.9895931e-01    7.9434012e-01    2.4413454e+00
  -2.1740881e-01    7.8884026e-01    2.4419691e+00
  -2.3573849e-01    7.8297041e-01    2.4425858e+00
  -2.5394834e-01    7.7672057e-01    2.4431955e+00
  -2.7201838e-01    7.7010074e-01    2.4437975e+00
  -2.8995860e-01    7.6311092e-01    2.4443921e+00
  -3.0773902e-01    7.5574111e-01    2.4449783e+00
  -3.2536963e-01    7.4799131e-01    2.4455564e+00
  -3.4282046e-01    7.3987152e-01    2.4461253e+00
  -3.6009150e-01    7.3137174e-01    2.4466851e+00
  -3.7717276e-01    7.2249197e-01    2.4472353e+00
  -3.9405424e-01    7.1323221e-01    2.4477755e+00
  -4.1072596e-01    7.0360246e-01    2.4483056e+00
  -4.2717792e-01    6.9361272e-01    2.4488252e+00
  -4.4341011e-01    6.8325299e-01    2.4493342e+00
  -4.5941254e-01    6.7254326e-01    2.4498325e+00
  -4.7517521e-01    6.6148355e-01    2.4503196e+00
  -4.9068814e-01    6.5008384e-01    2.4507953e+00
  -5.0595131e-01    6.3835415e-01    2.4512596e+00
  -5.2095474e-01    6.2628446e-01    2.4517122e+00
  -5.3568842e-01    6.1388478e-01    2.4521527e+00
  -5.5014237e-01    6.0116511e-01    2.4525808e+00
  -5.6430660e-01    5.8811544e-01    2.4529961e+00
  -5.7817109e-01    5.7475579e-01    2.4533985e+00
  -5.9171588e-01    5.6107614e-01    2.4537870e+00
  -6.0495094e-01    5.4708650e-01    2.4541622e+00
  -6.1784631e-01    5.3278687e-01    2.4545229e+00
  -6.3040197e-01    5.1818725e-01    2.4548693e+00
  -6.4261792e-01    5.0329763e-01    2.4552014e+00
  -6.5447419e-01    4.8811802e-01    2.4555184e+00
  -6.6596076e-01    4.7266842e-01    2.4558202e+00
  -6.7708763e-01    4.5694883e-01    2.4561072e+00
  -6.8784481e-01    4.4097924e-01    2.4563791e+00
  -6.9823229e-01    4.2475966e-01    2.4566358e+00
  -7.0824008e-01    4.0830009e-01    2.4568772e+00
  -7.1786817e-01    3.9162052e-01    2.4571034e+00
  -7.2710656e-01    3.7473095e-01    2.4573140e+00
  -7.3596526e-01    3.5762139e-01    2.4575095e+00
  -7.4442427e-01    3.4032184e-01    2.4576891e+00
  -7.5248358e-01    3.2283229e-01    2.4578531e+00
  -7.6014320e-01    3.0516275e-01    2.4580014e+00
  -7.6738313e-01    2.8731321e-01    2.4581333e+00
  -7.7420338e-01    2.6930368e-01    2.4582489e+00
  -7.8059395e-01    2.5113414e-01    2.4583480e+00
  -7.8654483e-01    2.3281462e-01    2.4584302e+00
  -7.9205604e-01    2.1436509e-01    2.4584956e+00
  -7.9711757e-01    1.9578557e-01    2.4585440e+00
  -8.0171943e-01    1.7707606e-01    2.4585749e+00
  -8.0587161e-01    1.5827654e-01    2.4585889e+00
  -8.0957410e-01    1.3937703e-01    2.4585861e+00
  -8.1282690e-01    1.2038752e-01    2.4585665e+00
  -8.1563002e-01    1.0133801e-01    2.4585303e+00
  -8.1797344e-01    8.2219507e-02    2.4584770e+00
  -8.1988716e-01    6.3055002e-02    2.4584080e+00
  -8.2135117e-01    4.3850498e-02    2.4583225e+00
  -8.2237548e-01    2.4618994e-02    2.4582210e+00
  -8.2295008e-01    5.3680916e-03    2.4581033e+00
  -8.2308497e-01   -1.3891011e-02    2.4579696e+00
  -8.2278014e-01   -3.3147514e-02    2.4578202e+00
  -8.2202560e-01   -5.2391017e-02    2.4576547e+00
  -8.2081135e-01   -7.1611520e-02    2.4574728e+00
  -8.1913739e-01   -9.0798025e-02    2.4572746e+00
  -8.1701371e-01   -1.0993653e-01    2.4570606e+00
  -8.1442031e-01   -1.2902604e-01    2.4568301e+00
  -8.1136720e-01   -1.4803555e-01    2.4565837e+00
  -8.0785436e-01   -1.6697506e-01    2.4563212e+00
  -8.0389178e-01   -1.8581457e-01    2.4560433e+00
  -7.9947948e-01   -2.0456409e-01    2.4557498e+00
  -7.9461743e-01   -2.2319361e-01    2.4554411e+00
  -7.8931564e-01   -2.4171313e-01    2.4551173e+00
  -7.8358409e-01   -2.6009265e-01    2.4547791e+00
  -7.7743278e-01   -2.7834218e-01    2.4544267e+00
  -7.7085171e-01   -2.9644171e-01    2.4540599e+00
  -7.6386086e-01   -3.1438125e-01    2.4536796e+00
  -7.5645024e-01   -3.3215079e-01    2.4532854e+00
  -7.4862983e-01   -3.4975034e-01    2.4528777e+00
  -7.4039965e-01   -3.6714989e-01    2.4524567e+00
  -7.3176967e-01   -3.8436944e-01    2.4520227e+00
  -7.2272990e-01   -4.0136900e-01    2.4515755e+00
  -7.1331032e-01   -4.1815857e-01    2.4511161e+00
  -7.0349094e-01   -4.3471814e-01    2.4506440e+00
  -6.9329175e-01   -4.5105772e-01    2.4501599e+00
  -6.8272274e-01   -4.6714731e-01    2.4496642e+00
  -6.7177390e-01   -4.8298690e-01    2.4491567e+00
  -6.6046523e-01   -4.9856649e-01    2.4486381e+00
  -6.4879673e-01   -5.1388610e-01    2.4481085e+00
  -6.3678837e-01   -5.2892571e-01    2.4475687e+00
  -6.2442017e-01   -5.4368533e-01    2.4470179e+00
  -6.1172211e-01   -5.5814496e-01    2.4464574e+00
  -5.9868419e-01   -5.7231459e-01    2.4458868e+00
  -5.8531641e-01   -5.8616423e-01    2.4453067e+00
  -5.7161875e-01   -5.9969388e-01    2.4447170e+00
  -5.5761121e-01   -6.1289354e-01    2.4441185e+00
  -5.4328378e-01   -6.2575321e-01    2.4435110e+00
  -5.2865646e-01   -6.3826289e-01    2.4428952e+00
  -5.1373924e-01   -6.5043257e-01    2.4422714e+00
  -4.9854211e-01   -6.6224227e-01    2.4416401e+00
  -4.8306507e-01   -6.7369197e-01    2.4410014e+00
  -4.6733809e-01   -6.8479169e-01    2.4403562e+00
  -4.5135119e-01   -6.9552141e-01    2.4397044e+00
  -4.3513435e-01   -7.0589114e-01    2.4390468e+00
  -4.1868755e-01   -7.1589088e-01    2.4383837e+00
  -4.0202081e-01   -7.2551063e-01    2.4377153e+00
  -3.8514410e-01   -7.3477039e-01    2.4370420e+00
  -3.6806742e-01   -7.4364017e-01    2.4363644e+00
  -3.5078078e-01   -7.5211995e-01    2.4356820e+00
  -3.3331415e-01   -7.6019974e-01    2.4349960e+00
  -3.1566753e-01   -7.6787954e-01    2.4343064e+00
  -2.9784092e-01   -7.7514935e-01    2.4336132e+00
  -2.7985431e-01   -7.8198918e-01    2.4329174e+00
  -2.6170769e-01   -7.8839901e-01    2.4322190e+00
  -2.4341105e-01   -7.9436886e-01    2.4315183e+00
  -2.2497439e-01   -7.9990871e-01    2.4308157e+00
  -2.0641769e-01   -8.0498858e-01    2.4301121e+00
  -1.8773096e-01   -8.0963846e-01    2.4294069e+00
  -1.6895417e-01   -8.1383835e-01    2.4287017e+00
  -1.5007734e-01   -8.1758826e-01    2.4279961e+00
  -1.3111044e-01   -8.2089817e-01    2.4272905e+00
  -1.1208347e-01   -8.2376810e-01    2.4265858e+00
  -9.2989436e-02   -8.2619803e-01    2.4258820e+00
  -7.3844314e-02   -8.2817798e-01    2.4251795e+00
  -5.4659102e-02   -8.2970794e-01    2.4244788e+00
  -3.5442797e-02   -8.3079791e-01    2.4237802e+00
  -1.6206388e-02   -8.3143790e-01    2.4230840e+00
   3.0401361e-03   -8.3160789e-01    2.4223909e+00
   2.2285777e-02   -8.3132790e-01    2.4217011e+00
   4.1518545e-02   -8.3058792e-01    2.4210150e+00
   6.0728446e-02   -8.2938795e-01    2.4203331e+00
   7.9904491e-02   -8.2771799e-01    2.4196557e+00
   9.9036678e-02   -8.2560805e-01    2.4189831e+00
   1.1811801e-01   -8.2305811e-01    2.4183155e+00
   1.3712650e-01   -8.2006819e-01    2.4176537e+00
   1.5607515e-01   -8.1664828e-01    2.4169971e+00
   1.7493396e-01   -8.1281838e-01    2.4163467e+00
   1.9371292e-01   -8.0858849e-01    2.4157020e+00
   2.1239205e-01   -8.0394861e-01    2.4150639e+00
   2.3097135e-01   -7.9891874e-01    2.4144322e+00
   2.4944082e-01   -7.9348888e-01    2.4138073e+00
   2.6779048e-01   -7.8764903e-01    2.4131896e+00
   2.8600033e-01   -7.8141919e-01    2.4125798e+00
   3.0406038e-01   -7.7476936e-01    2.4119784e+00
   3.2197064e-01   -7.6769954e-01    2.4113854e+00
   3.3970112e-01   -7.6020974e-01    2.4108018e+00
   3.5725183e-01   -7.5228994e-01    2.4102279e+00
   3.7460277e-01   -7.4395016e-01    2.4096641e+00
   3.9174396e-01   -7.3519038e-01    2.4091109e+00
   4.0866541e-01   -7.2601062e-01    2.4085686e+00
   4.2536709e-01   -7.1642087e-01    2.4080372e+00
   4.4182904e-01   -7.0644113e-01    2.4075171e+00
   4.5805124e-01   -6.9607139e-01    2.4070086e+00
   4.7402370e-01   -6.8532167e-01    2.4065117e+00
   4.8974641e-01   -6.7421196e-01    2.4060264e+00
   5.0520939e-01   -6.6274225e-01    2.4055530e+00
   5.2041262e-01   -6.5092256e-01    2.4050914e+00
   5.3533613e-01   -6.3875287e-01    2.4046425e+00
   5.4996991e-01   -6.2624320e-01    2.4042064e+00
   5.6431396e-01   -6.1339353e-01    2.4037831e+00
   5.7834830e-01   -6.0021387e-01    2.4033734e+00
   5.9206293e-01   -5.8670422e-01    2.4029775e+00
   6.0544786e-01   -5.7285458e-01    2.4025959e+00
   6.1850309e-01   -5.5869494e-01    2.4022284e+00
   6.3119863e-01   -5.4422532e-01    2.4018761e+00
   6.4355446e-01   -5.2944570e-01    2.4015382e+00
   6.5555061e-01   -5.1438609e-01    2.4012153e+00
   6.6718705e-01   -4.9904648e-01    2.4009073e+00
   6.7847379e-01   -4.8343689e-01    2.4006138e+00
   6.8940083e-01   -4.6757729e-01    2.4003350e+00
   6.9995817e-01   -4.5147771e-01    2.4000713e+00
   7.1016580e-01   -4.3514813e-01    2.3998218e+00
   7.1999373e-01   -4.1857856e-01    2.3995876e+00
   7.2944196e-01   -4.0179899e-01    2.3993686e+00
   7.3850050e-01   -3.8480943e-01    2.3991652e+00
   7.4715935e-01   -3.6759988e-01    2.3989777e+00
   7.5540852e-01   -3.5020033e-01    2.3988062e+00
   7.6322802e-01   -3.3260078e-01    2.3986517e+00
   7.7062783e-01   -3.1482124e-01    2.3985135e+00
   7.7758797e-01   -2.9686170e-01    2.3983925e+00
   7.8411844e-01   -2.7874217e-01    2.3982880e+00
   7.9020922e-01   -2.6047264e-01    2.3982005e+00
   7.9587032e-01   -2.4206312e-01    2.3981293e+00
   8.0110173e-01   -2.2353360e-01    2.3980745e+00
   8.0591344e-01   -2.0488408e-01    2.3980357e+00
   8.1030545e-01   -1.8612456e-01    2.3980127e+00
   8.1426776e-01   -1.6727505e-01    2.3980058e+00
   8.1780037e-01   -1.4834554e-01    2.3980150e+00
   8.2089328e-01   -1.2933603e-01    2.3980405e+00
   8.2354650e-01   -1.1025652e-01    2.3980823e+00
   8.2574002e-01   -9.1127016e-02    2.3981410e+00
   8.2747386e-01   -7.1946512e-02    2.3982166e+00
   8.2873801e-01   -5.2728008e-02    2.3983094e+00
   8.2952247e-01   -3.3484505e-02    2.3984196e+00
   8.2982725e-01   -1.4228002e-02    2.3985471e+00
   8.2966233e-01    5.0308003e-03    2.3986915e+00
   8.2902772e-01    2.4279003e-02    2.3988528e+00
   8.2794338e-01    4.3507507e-02    2.3990300e+00
   8.2639934e-01    6.2705011e-02    2.3992236e+00
   8.2442556e-01    8.1861516e-02    2.3994323e+00
   8.2201206e-01    1.0096802e-01    2.3996565e+00
   8.1916882e-01    1.2001753e-01    2.3998957e+00
   8.1588584e-01    1.3899704e-01    2.4001502e+00
   8.1218311e-01    1.5788655e-01    2.4004191e+00
   8.0804065e-01    1.7669607e-01    2.4007033e+00
   8.0345844e-01    1.9540558e-01    2.4010026e+00
   7.9843649e-01    2.1399510e-01    2.4013168e+00
   7.9296479e-01    2.3245463e-01    2.4016463e+00
   7.8704335e-01    2.5077415e-01    2.4019909e+00
   7.8067216e-01    2.6895368e-01    2.4023506e+00
   7.7387121e-01    2.8696322e-01    2.4027246e+00
   7.6663050e-01    3.0481276e-01    2.4031133e+00
   7.5898000e-01    3.2247230e-01    2.4035153e+00
   7.5090973e-01    3.3996185e-01    2.4039312e+00
   7.4243967e-01    3.5725140e-01    2.4043600e+00
   7.3357981e-01    3.7435096e-01    2.4048015e+00
   7.2434014e-01    3.9124053e-01    2.4052551e+00
   7.1471067e-01    4.0792010e-01    2.4057212e+00
   7.0472138e-01    4.2436967e-01    2.4061986e+00
   6.9435227e-01    4.4059925e-01    2.4066881e+00
   6.8362333e-01    4.5658884e-01    2.4071888e+00
   6.7252456e-01    4.7231843e-01    2.4077009e+00
   6.6106596e-01    4.8778803e-01    2.4082241e+00
   6.4923752e-01    5.0297764e-01    2.4087585e+00
   6.3705924e-01    5.1788726e-01    2.4093035e+00
   6.2452112e-01    5.3249688e-01    2.4098593e+00
   6.1164313e-01    5.4680651e-01    2.4104252e+00
   5.9841529e-01    5.6079615e-01    2.4110013e+00
   5.8485758e-01    5.7446579e-01    2.4115870e+00
   5.7097999e-01    5.8780545e-01    2.4121818e+00
   5.5678252e-01    6.0080511e-01    2.4127857e+00
   5.4228515e-01    6.1346479e-01    2.4133979e+00
   5.2748789e-01    6.2577447e-01    2.4140183e+00
   5.1240073e-01    6.3772416e-01    2.4146466e+00
   4.9702365e-01    6.4931386e-01    2.4152828e+00
   4.8138665e-01    6.6053357e-01    2.4159256e+00
   4.6548972e-01    6.7138329e-01    2.4165751e+00
   4.4933286e-01    6.8184302e-01    2.4172311e+00
   4.3292607e-01    6.9192276e-01    2.4178934e+00
   4.1628931e-01    7.0160251e-01    2.4185611e+00
   3.9942260e-01    7.1088227e-01    2.4192342e+00
   3.8234593e-01    7.1975204e-01    2.4199118e+00
   3.6505928e-01    7.2821182e-01    2.4205941e+00
   3.4757265e-01    7.3626162e-01    2.4212806e+00
   3.2989604e-01    7.4388142e-01    2.4219709e+00
   3.1203943e-01    7.5106123e-01    2.4226644e+00
   2.9401282e-01    7.5780106e-01    2.4233609e+00
   2.7582619e-01    7.6409090e-01    2.4240599e+00
   2.5747954e-01    7.6991075e-01    2.4247613e+00
   2.3898287e-01    7.7525061e-01    2.4254647e+00
   2.2035616e-01    7.8010048e-01    2.4261692e+00
   2.0160939e-01    7.8445037e-01    2.4268744e+00
   1.8275256e-01    7.8830027e-01    2.4275799e+00
   1.6379567e-01    7.9165019e-01    2.4282855e+00
   1.4475870e-01    7.9448011e-01    2.4289902e+00
   1.2566164e-01    7.9681005e-01    2.4296935e+00
   1.0649449e-01    7.9863001e-01    2.4303956e+00
   8.7295234e-02    7.9994997e-01    2.4310953e+00
   6.8066871e-02    8.0078995e-01    2.4317925e+00
   4.8822395e-02    8.0114994e-01    2.4324869e+00
   2.9575799e-02    8.0103994e-01    2.4331780e+00
   1.0336682e-02    8.0047996e-01    2.4338656e+00
  -8.8837666e-03    7.9945998e-01    2.4345493e+00
  -2.8076746e-02    7.9800002e-01    2.4352287e+00
  -4.7230862e-02    7.9611007e-01    2.4359037e+00
  -6.6338122e-02    7.9378013e-01    2.4365738e+00
  -8.5389523e-02    7.9104020e-01    2.4372390e+00
  -1.0437208e-01    7.8788028e-01    2.4378987e+00
  -1.2329078e-01    7.8430038e-01    2.4385530e+00
  -1.4211965e-01    7.8031048e-01    2.4392012e+00
  -1.6085868e-01    7.7591059e-01    2.4398432e+00
  -1.7949788e-01    7.7111072e-01    2.4404787e+00
  -1.9802726e-01    7.6590085e-01    2.4411074e+00
  -2.1644681e-01    7.6028100e-01    2.4417291e+00
  -2.3472656e-01    7.5427115e-01    2.4423430e+00
  -2.5287649e-01    7.4785132e-01    2.4429493e+00
  -2.7088662e-01    7.4103149e-01    2.4435477e+00
  -2.8873695e-01    7.3382168e-01    2.4441376e+00
  -3.0641750e-01    7.2622188e-01    2.4447185e+00
  -3.2393824e-01    7.1823208e-01    2.4452909e+00
  -3.4126921e-01    7.0986230e-01    2.4458538e+00
  -3.5842039e-01    7.0111252e-01    2.4464074e+00
  -3.7536181e-01    6.9198276e-01    2.4469508e+00
  -3.9211344e-01    6.8247301e-01    2.4474846e+00
  -4.0863532e-01    6.7260326e-01    2.4480075e+00
  -4.2493744e-01    6.6236352e-01    2.4485199e+00
  -4.4100980e-01    6.5175380e-01    2.4490214e+00
  -4.5683241e-01    6.4078408e-01    2.4495113e+00
  -4.7240528e-01    6.2945437e-01    2.4499897e+00
  -4.8770841e-01    6.1777468e-01    2.4504558e+00
  -5.0273182e-01    6.0573499e-01    2.4509093e+00
  -5.1747549e-01    5.9335531e-01    2.4513503e+00
  -5.3192944e-01    5.8062564e-01    2.4517784e+00
  -5.4608367e-01    5.6757597e-01    2.4521933e+00
  -5.5992819e-01    5.5419632e-01    2.4525948e+00
  -5.7346298e-01    5.4049667e-01    2.4529828e+00
  -5.8667807e-01    5.2648703e-01    2.4533572e+00
  -5.9956344e-01    5.1217740e-01    2.4537175e+00
  -6.1210911e-01    4.9756778e-01    2.4540634e+00
  -6.2430508e-01    4.8266817e-01    2.4543947e+00
  -6.3615135e-01    4.6747856e-01    2.4547113e+00
  -6.4761794e-01    4.5201896e-01    2.4550123e+00
  -6.5870485e-01    4.3626936e-01    2.4552976e+00
  -6.6940208e-01    4.2024978e-01    2.4555670e+00
  -6.7968964e-01    4.0398020e-01    2.4558198e+00
  -6.8957752e-01    3.8745062e-01    2.4560564e+00
  -6.9903575e-01    3.7067106e-01    2.4562757e+00
  -7.0807430e-01    3.5367150e-01    2.4564784e+00
  -7.1669318e-01    3.3644194e-01    2.4566643e+00
  -7.2488240e-01    3.1901239e-01    2.4568334e+00
  -7.3264194e-01    3.0139285e-01    2.4569856e+00
  -7.3997180e-01    2.8358331e-01    2.4571211e+00
  -7.4688198e-01    2.6560377e-01    2.4572402e+00
  -7.5335249e-01    2.4746424e-01    2.4573423e+00
  -7.5940331e-01    2.2917471e-01    2.4574283e+00
  -7.6500445e-01    2.1075519e-01    2.4574972e+00
  -7.7017590e-01    1.9219567e-01    2.4575496e+00
  -7.7489768e-01    1.7352615e-01    2.4575851e+00
  -7.7914978e-01    1.5474663e-01    2.4576029e+00
  -7.8294221e-01    1.3585712e-01    2.4576034e+00
  -7.8626497e-01    1.1688761e-01    2.4575865e+00
  -7.8910805e-01    9.7839104e-02    2.4575517e+00
  -7.9147146e-01    7.8725597e-02    2.4574992e+00
  -7.9336519e-01    5.9559092e-02    2.4574294e+00
  -7.9476925e-01    4.0350588e-02    2.4573418e+00
  -7.9571361e-01    2.1115085e-02    2.4572374e+00
  -7.9619827e-01    1.8613821e-03    2.4571163e+00
  -7.9623322e-01   -1.7397920e-02    2.4569791e+00
  -7.9581846e-01   -3.6652423e-02    2.4568257e+00
  -7.9497398e-01   -5.5892926e-02    2.4566570e+00
  -7.9368977e-01   -7.5109430e-02    2.4564726e+00
  -7.9197584e-01   -9.4290935e-02    2.4562731e+00
  -7.8981218e-01   -1.1342644e-01    2.4560577e+00
  -7.8720879e-01   -1.3250595e-01    2.4558269e+00
  -7.8413568e-01   -1.5151546e-01    2.4555797e+00
  -7.8059286e-01   -1.7044497e-01    2.4553162e+00
  -7.7656034e-01   -1.8928448e-01    2.4550358e+00
  -7.7203809e-01   -2.0800400e-01    2.4547386e+00
  -7.6702613e-01   -2.2659352e-01    2.4544247e+00
  -7.6151446e-01   -2.4504304e-01    2.4540939e+00
  -7.5551306e-01   -2.6334257e-01    2.4537466e+00
  -7.4903193e-01   -2.8147210e-01    2.4533832e+00
  -7.4208106e-01   -2.9943164e-01    2.4530042e+00
  -7.3468044e-01   -3.1721118e-01    2.4526103e+00
  -7.2686003e-01   -3.3480072e-01    2.4522026e+00
  -7.1860986e-01   -3.5220027e-01    2.4517809e+00
  -7.0995989e-01   -3.6940983e-01    2.4513462e+00
  -7.0092012e-01   -3.8640939e-01    2.4508990e+00
  -6.9150055e-01   -4.0319896e-01    2.4504396e+00
  -6.8169116e-01   -4.1976853e-01    2.4499678e+00
  -6.7151196e-01   -4.3610811e-01    2.4494844e+00
  -6.6095294e-01   -4.5220769e-01    2.4489890e+00
  -6.5002409e-01   -4.6805728e-01    2.4484822e+00
  -6.3871543e-01   -4.8364688e-01    2.4479635e+00
  -6.2704692e-01   -4.9895648e-01    2.4474340e+00
  -6.1500858e-01   -5.1397610e-01    2.4468932e+00
  -6.0261039e-01   -5.2870572e-01    2.4463416e+00
  -5.8985236e-01   -5.4312534e-01    2.4457792e+00
  -5.7675446e-01   -5.5723498e-01    2.4452069e+00
  -5.6331670e-01   -5.7101462e-01    2.4446248e+00
  -5.4954907e-01   -5.8446428e-01    2.4440331e+00
  -5.3545157e-01   -5.9758394e-01    2.4434320e+00
  -5.2105417e-01   -6.1036361e-01    2.4428225e+00
  -5.0634688e-01   -6.2278329e-01    2.4422045e+00
  -4.9134968e-01   -6.3484298e-01    2.4415786e+00
  -4.7606258e-01   -6.4654267e-01    2.4409449e+00
  -4.6049556e-01   -6.5786238e-01    2.4403039e+00
  -4.4465862e-01   -6.6881210e-01    2.4396559e+00
  -4.2856174e-01   -6.7936183e-01    2.4390013e+00
  -4.1221493e-01   -6.8953156e-01    2.4383405e+00
  -3.9563816e-01   -6.9930131e-01    2.4376744e+00
  -3.7882144e-01   -7.0867107e-01    2.4370024e+00
  -3.6178476e-01   -7.1764084e-01    2.4363255e+00
  -3.4454811e-01   -7.2620062e-01    2.4356443e+00
  -3.2711148e-01   -7.3435041e-01    2.4349589e+00
  -3.0949486e-01   -7.4209021e-01    2.4342699e+00
  -2.9168825e-01   -7.4941002e-01    2.4335771e+00
  -2.7372164e-01   -7.5630984e-01    2.4328817e+00
  -2.5559502e-01   -7.6277967e-01    2.4321835e+00
  -2.3731838e-01   -7.6881952e-01    2.4314830e+00
  -2.1891172e-01   -7.7441937e-01    2.4307811e+00
  -2.0036503e-01   -7.7956924e-01    2.4300773e+00
  -1.8169830e-01   -7.8426912e-01    2.4293725e+00
  -1.6292153e-01   -7.8850901e-01    2.4286670e+00
  -1.4405469e-01   -7.9227891e-01    2.4279616e+00
  -1.2508779e-01   -7.9557882e-01    2.4272561e+00
  -1.0605082e-01   -7.9840875e-01    2.4265513e+00
  -8.6948768e-02   -8.0076869e-01    2.4258477e+00
  -6.7794627e-02   -8.0264864e-01    2.4251456e+00
  -4.8599390e-02   -8.0405861e-01    2.4244454e+00
  -2.9375053e-02   -8.0500858e-01    2.4237475e+00
  -1.0134606e-02   -8.0548857e-01    2.4230524e+00
   9.1129563e-03   -8.0550857e-01    2.4223603e+00
   2.8355640e-02   -8.0506858e-01    2.4216717e+00
   4.7581456e-02   -8.0415860e-01    2.4209871e+00
   6.6781406e-02   -8.0279864e-01    2.4203067e+00
   8.5942496e-02   -8.0098868e-01    2.4196309e+00
   1.0505274e-01   -7.9870874e-01    2.4189603e+00
   1.2411114e-01   -7.9596881e-01    2.4182949e+00
   1.4308971e-01   -7.9276890e-01    2.4176356e+00
   1.6198844e-01   -7.8911899e-01    2.4169825e+00
   1.8079735e-01   -7.8501910e-01    2.4163358e+00
   1.9949645e-01   -7.8047921e-01    2.4156963e+00
   2.1809572e-01   -7.7548934e-01    2.4150635e+00
   2.3656519e-01   -7.7008948e-01    2.4144384e+00
   2.5491484e-01   -7.6425963e-01    2.4138207e+00
   2.7312469e-01   -7.5802979e-01    2.4132109e+00
   2.9119473e-01   -7.5137997e-01    2.4126091e+00
   3.0911497e-01   -7.4434015e-01    2.4120155e+00
   3.2686543e-01   -7.3689034e-01    2.4114310e+00
   3.4443611e-01   -7.2903054e-01    2.4108558e+00
   3.6181702e-01   -7.2076076e-01    2.4102905e+00
   3.7899817e-01   -7.1207098e-01    2.4097353e+00
   3.9595957e-01   -7.0296122e-01    2.4091911e+00
   4.1269122e-01   -6.9343146e-01    2.4086582e+00
   4.2917314e-01   -6.8349172e-01    2.4081371e+00
   4.4540534e-01   -6.7312199e-01    2.4076282e+00
   4.6135781e-01   -6.6236226e-01    2.4071321e+00
   4.7705056e-01   -6.5119255e-01    2.4066483e+00
   4.9245360e-01   -6.3964285e-01    2.4061776e+00
   5.0756692e-01   -6.2771316e-01    2.4057201e+00
   5.2239051e-01   -6.1543348e-01    2.4052755e+00
   5.3692439e-01   -6.0279380e-01    2.4048440e+00
   5.5114856e-01   -5.8981414e-01    2.4044260e+00
   5.6506301e-01   -5.7650448e-01    2.4040215e+00
   5.7865775e-01   -5.6287483e-01    2.4036308e+00
   5.9192278e-01   -5.4891519e-01    2.4032543e+00
   6.0484812e-01   -5.3463556e-01    2.4028923e+00
   6.1741378e-01   -5.2004594e-01    2.4025455e+00
   6.2962973e-01   -5.0515632e-01    2.4022135e+00
   6.4146601e-01   -4.8996672e-01    2.4018972e+00
   6.5292261e-01   -4.7449712e-01    2.4015966e+00
   6.6399952e-01   -4.5873752e-01    2.4013117e+00
   6.7468676e-01   -4.4271794e-01    2.4010428e+00
   6.8498431e-01   -4.2644836e-01    2.4007896e+00
   6.9488219e-01   -4.0992878e-01    2.4005526e+00
   7.0439037e-01   -3.9317922e-01    2.4003312e+00
   7.1349887e-01   -3.7620965e-01    2.4001258e+00
   7.2219769e-01   -3.5903010e-01    2.3999366e+00
   7.3049682e-01   -3.4165055e-01    2.3997633e+00
   7.3838626e-01   -3.2408100e-01    2.3996060e+00
   7.4585602e-01   -3.0633146e-01    2.3994651e+00
   7.5290610e-01   -2.8840192e-01    2.3993406e+00
   7.5951651e-01   -2.7031239e-01    2.3992331e+00
   7.6569723e-01   -2.5207286e-01    2.3991420e+00
   7.7143827e-01   -2.3369333e-01    2.3990678e+00
   7.7672963e-01   -2.1517381e-01    2.3990108e+00
   7.8157132e-01   -1.9653429e-01    2.3989708e+00
   7.8595334e-01   -1.7777478e-01    2.3989482e+00
   7.8988567e-01   -1.5892527e-01    2.3989424e+00
   7.9334833e-01   -1.3997575e-01    2.3989542e+00
   7.9634131e-01   -1.2094625e-01    2.3989834e+00
   7.9887460e-01   -1.0185674e-01    2.3990296e+00
   8.0092823e-01   -8.2708234e-02    2.3990935e+00
   8.0250217e-01   -6.3513730e-02    2.3991750e+00
   8.0359643e-01   -4.4285226e-02    2.3992739e+00
   8.0421100e-01   -2.5035723e-02    2.3993902e+00
   8.0433590e-01   -5.7767206e-03    2.3995243e+00
   8.0398110e-01    1.3479282e-02    2.3996755e+00
   8.0313662e-01    3.2719785e-02    2.3998442e+00
   8.0182243e-01    5.1933289e-02    2.4000296e+00
   8.0001855e-01    7.1106794e-02    2.4002324e+00
   7.9773497e-01    9.0230300e-02    2.4004520e+00
   7.9498167e-01    1.0928781e-01    2.4006880e+00
   7.9175866e-01    1.2827732e-01    2.4009404e+00
   7.8807592e-01    1.4717683e-01    2.4012087e+00
   7.8392346e-01    1.6598634e-01    2.4014933e+00
   7.7930128e-01    1.8467586e-01    2.4017938e+00
   7.7422935e-01    2.0325538e-01    2.4021098e+00
   7.6869769e-01    2.2169491e-01    2.4024412e+00
   7.6270629e-01    2.4000443e-01    2.4027883e+00
   7.5625514e-01    2.5814396e-01    2.4031507e+00
   7.4935425e-01    2.7612350e-01    2.4035280e+00
   7.4200359e-01    2.9392304e-01    2.4039203e+00
   7.3421317e-01    3.1153259e-01    2.4043270e+00
   7.2598299e-01    3.2894214e-01    2.4047480e+00
   7.1733302e-01    3.4614169e-01    2.4051827e+00
   7.0826326e-01    3.6312125e-01    2.4056308e+00
   6.9878372e-01    3.7988082e-01    2.4060921e+00
   6.8891436e-01    3.9641039e-01    2.4065658e+00
   6.7865520e-01    4.1270997e-01    2.4070518e+00
   6.6802621e-01    4.2875956e-01    2.4075493e+00
   6.5701741e-01    4.4455915e-01    2.4080587e+00
   6.4565876e-01    4.6009875e-01    2.4085788e+00
   6.3395027e-01    4.7537835e-01    2.4091096e+00
   6.2189194e-01    4.9038797e-01    2.4096510e+00
   6.0949375e-01    5.0511759e-01    2.4102026e+00
   5.9676570e-01    5.1955721e-01    2.4107640e+00
   5.8369780e-01    5.3369685e-01    2.4113355e+00
   5.7031002e-01    5.4752649e-01    2.4119162e+00
   5.5658237e-01    5.6103614e-01    2.4125069e+00
   5.4254484e-01    5.7419580e-01    2.4131061e+00
   5.2816744e-01    5.8700547e-01    2.4137151e+00
   5.1348014e-01    5.9944515e-01    2.4143326e+00
   4.9848294e-01    6.1150484e-01    2.4149584e+00
   4.8318584e-01    6.2319454e-01    2.4155924e+00
   4.6760883e-01    6.3450424e-01    2.4162337e+00
   4.5178188e-01    6.4545396e-01    2.4168814e+00
   4.3571500e-01    6.5605369e-01    2.4175352e+00
   4.1942817e-01    6.6632342e-01    2.4181945e+00
   4.0295138e-01    6.7627317e-01    2.4188584e+00
   3.8629463e-01    6.8591292e-01    2.4195265e+00
   3.6944792e-01    6.9523268e-01    2.4201992e+00
   3.5242124e-01    7.0419244e-01    2.4208757e+00
   3.3517459e-01    7.1274222e-01    2.4215572e+00
   3.1768796e-01    7.2078202e-01    2.4222436e+00
   2.9993135e-01    7.2821182e-01    2.4229354e+00
   2.8187473e-01    7.3488165e-01    2.4236324e+00
   2.6351809e-01    7.4066150e-01    2.4243339e+00
   2.4486135e-01    7.4537138e-01    2.4250385e+00
   2.2594449e-01    7.4892129e-01    2.4257440e+00
   2.0682742e-01    7.5117123e-01    2.4264474e+00
   1.8760008e-01    7.5209121e-01    2.4271453e+00
   1.6836241e-01    7.5172122e-01    2.4278342e+00
   1.4918438e-01    7.5009126e-01    2.4285119e+00
   1.3013596e-01    7.4730133e-01    2.4291766e+00
   1.1127715e-01    7.4345143e-01    2.4298268e+00
   9.2605003e-02    7.3879155e-01    2.4304646e+00
   7.4006733e-02    7.3382168e-01    2.4310974e+00
   5.5377516e-02    7.2898180e-01    2.4317323e+00
   3.6693388e-02    7.2435192e-01    2.4323707e+00
   1.7962146e-02    7.1989348e-01    2.4328118e+00
  -8.1381049e-04    7.1559718e-01    2.4329556e+00
  -1.9638463e-02    7.1152304e-01    2.4328025e+00
  -3.8513201e-02    7.0773032e-01    2.4324531e+00
  -5.7433221e-02    7.0420047e-01    2.4317069e+00
  -7.6375961e-02    7.0086278e-01    2.4306627e+00
  -9.5326443e-02    6.9767723e-01    2.4293197e+00
  -1.1427209e-01    6.9459312e-01    2.4277771e+00
  -1.3321691e-01    6.9158045e-01    2.4260349e+00
  -1.5215531e-01    6.8862849e-01    2.4241928e+00
  -1.7110728e-01    6.8575725e-01    2.4222517e+00
  -1.9007562e-01    6.8297529e-01    2.4204119e+00
  -2.0907672e-01    6.8032189e-01    2.4187743e+00
  -2.2813336e-01    6.7782561e-01    2.4175402e+00
  -2.4722915e-01    6.7548717e-01    2.4166087e+00
  -2.6635331e-01    6.7329441e-01    2.4162798e+00
  -2.8549946e-01    6.7118806e-01    2.4164526e+00
  -3.0463763e-01    6.6914811e-01    2.4171259e+00
  -3.2378218e-01    6.6715744e-01    2.4178999e+00
  -3.4292035e-01    6.6511750e-01    2.4185732e+00
  -3.6201864e-01    6.6266756e-01    2.4192421e+00
  -3.8098723e-01    6.5941764e-01    2.4199007e+00
  -3.9974622e-01    6.5511775e-01    2.4205441e+00
  -4.1821569e-01    6.4969789e-01    2.4211691e+00
  -4.3629572e-01    6.4309807e-01    2.4217716e+00
  -4.5390635e-01    6.3532827e-01    2.4223488e+00
  -4.7096763e-01    6.2640850e-01    2.4228980e+00
  -4.8741959e-01    6.1639875e-01    2.4234174e+00
  -5.0324220e-01    6.0543904e-01    2.4239074e+00
  -5.1845543e-01    5.9363934e-01    2.4243694e+00
  -5.3310919e-01    5.8114967e-01    2.4248064e+00
  -5.4726342e-01    5.6810000e-01    2.4252214e+00
  -5.6098804e-01    5.5459035e-01    2.4256176e+00
  -5.7433301e-01    5.4070071e-01    2.4259975e+00
  -5.8735826e-01    5.2652108e-01    2.4263637e+00
  -6.0009376e-01    5.1208145e-01    2.4267177e+00
  -6.1255950e-01    4.9740183e-01    2.4270603e+00
  -6.2475547e-01    4.8250221e-01    2.4273915e+00
  -6.3665170e-01    4.6736260e-01    2.4277103e+00
  -6.4823819e-01    4.5197300e-01    2.4280162e+00
  -6.5947498e-01    4.3633341e-01    2.4283076e+00
  -6.7034206e-01    4.2043382e-01    2.4285840e+00
  -6.8080948e-01    4.0427423e-01    2.4288440e+00
  -6.9085723e-01    3.8784466e-01    2.4290871e+00
  -7.0047533e-01    3.7115509e-01    2.4293128e+00
  -7.0965378e-01    3.5422553e-01    2.4295210e+00
  -7.1839256e-01    3.3706597e-01    2.4297118e+00
  -7.2670169e-01    3.1968642e-01    2.4298855e+00
  -7.3456115e-01    3.0210687e-01    2.4300416e+00
  -7.4197096e-01    2.8433733e-01    2.4301802e+00
  -7.4894109e-01    2.6637779e-01    2.4303016e+00
  -7.5545157e-01    2.4825826e-01    2.4304054e+00
  -7.6149239e-01    2.2996873e-01    2.4304910e+00
  -7.6706356e-01    2.1152921e-01    2.4305587e+00
  -7.7215507e-01    1.9294969e-01    2.4306081e+00
  -7.7675693e-01    1.7425017e-01    2.4306390e+00
  -7.8086913e-01    1.5544066e-01    2.4306516e+00
  -7.8449168e-01    1.3652115e-01    2.4306458e+00
  -7.8763456e-01    1.1752164e-01    2.4306221e+00
  -7.9030776e-01    9.8447131e-02    2.4305810e+00
  -7.9251128e-01    7.9313625e-02    2.4305227e+00
  -7.9426510e-01    6.0134120e-02    2.4304478e+00
  -7.9555923e-01    4.0918616e-02    2.4303561e+00
  -7.9642364e-01    2.1678113e-02    2.4302488e+00
  -7.9683835e-01    2.4233105e-03    2.4301253e+00
  -7.9681334e-01   -1.6835892e-02    2.4299859e+00
  -7.9634862e-01   -3.6089395e-02    2.4298307e+00
  -7.9543418e-01   -5.5326898e-02    2.4296595e+00
  -7.9407002e-01   -7.4536402e-02    2.4294723e+00
  -7.9224615e-01   -9.3708907e-02    2.4292688e+00
  -7.8996257e-01   -1.1283241e-01    2.4290492e+00
  -7.8721926e-01   -1.3189192e-01    2.4288135e+00
  -7.8401624e-01   -1.5088143e-01    2.4285618e+00
  -7.8036348e-01   -1.6979094e-01    2.4282945e+00
  -7.7626100e-01   -1.8861046e-01    2.4280117e+00
  -7.7172876e-01   -2.0731997e-01    2.4277142e+00
  -7.6675678e-01   -2.2592949e-01    2.4274017e+00
  -7.6136503e-01   -2.4440902e-01    2.4270750e+00
  -7.5555353e-01   -2.6276854e-01    2.4267340e+00
  -7.4932226e-01   -2.8098807e-01    2.4263790e+00
  -7.4267123e-01   -2.9906760e-01    2.4260099e+00
  -7.3559043e-01   -3.1697714e-01    2.4256265e+00
  -7.2808986e-01   -3.3470668e-01    2.4252294e+00
  -7.2014952e-01   -3.5224623e-01    2.4248178e+00
  -7.1175941e-01   -3.6957578e-01    2.4243916e+00
  -7.0292954e-01   -3.8668534e-01    2.4239511e+00
  -6.9362990e-01   -4.0355491e-01    2.4234955e+00
  -6.8389049e-01   -4.2016448e-01    2.4230259e+00
  -6.7371128e-01   -4.3650405e-01    2.4225425e+00
  -6.6309229e-01   -4.5256364e-01    2.4220453e+00
  -6.5206349e-01   -4.6834323e-01    2.4215353e+00
  -6.4064487e-01   -4.8384283e-01    2.4210134e+00
  -6.2883643e-01   -4.9905244e-01    2.4204795e+00
  -6.1667814e-01   -5.1397205e-01    2.4199351e+00
  -6.0417000e-01   -5.2861168e-01    2.4193802e+00
  -5.9135199e-01   -5.4297130e-01    2.4188161e+00
  -5.7820412e-01   -5.5704094e-01    2.4182423e+00
  -5.6476636e-01   -5.7082059e-01    2.4176601e+00
  -5.5101872e-01   -5.8430024e-01    2.4170690e+00
  -5.3698119e-01   -5.9746990e-01    2.4164696e+00
  -5.2265376e-01   -6.1031957e-01    2.4158622e+00
  -5.0802644e-01   -6.2282924e-01    2.4152464e+00
  -4.9309923e-01   -6.3499893e-01    2.4146223e+00
  -4.7789210e-01   -6.4679862e-01    2.4139907e+00
  -4.6239506e-01   -6.5821833e-01    2.4133515e+00
  -4.4662810e-01   -6.6924804e-01    2.4127054e+00
  -4.3059121e-01   -6.7989777e-01    2.4120523e+00
  -4.1428438e-01   -6.9012750e-01    2.4113925e+00
  -3.9773761e-01   -6.9995725e-01    2.4107270e+00
  -3.8095089e-01   -7.0937701e-01    2.4100558e+00
  -3.6394420e-01   -7.1838677e-01    2.4093796e+00
  -3.4671754e-01   -7.2696655e-01    2.4086986e+00
  -3.2928092e-01   -7.3512634e-01    2.4080131e+00
  -3.1165430e-01   -7.4285614e-01    2.4073239e+00
  -2.9383769e-01   -7.5013595e-01    2.4066311e+00
  -2.7584108e-01   -7.5697578e-01    2.4059349e+00
  -2.5769445e-01   -7.6336561e-01    2.4052366e+00
  -2.3937782e-01   -7.6930546e-01    2.4045354e+00
  -2.2093115e-01   -7.7477532e-01    2.4038330e+00
  -2.0234445e-01   -7.7978519e-01    2.4031288e+00
  -1.8364770e-01   -7.8433507e-01    2.4024239e+00
  -1.6484091e-01   -7.8843497e-01    2.4017184e+00
  -1.4594406e-01   -7.9207487e-01    2.4010129e+00
  -1.2695715e-01   -7.9527479e-01    2.4003073e+00
  -1.0791016e-01   -7.9802472e-01    2.3996028e+00
  -8.8804098e-02   -8.0033466e-01    2.3988994e+00
  -6.9648955e-02   -8.0220461e-01    2.3981973e+00
  -5.0454723e-02   -8.0363457e-01    2.3974970e+00
  -3.1232395e-02   -8.0462455e-01    2.3967989e+00
  -1.1992962e-02   -8.0516453e-01    2.3961034e+00
   7.2537849e-03   -8.0524453e-01    2.3954109e+00
   2.6497250e-02   -8.0487454e-01    2.3947218e+00
   4.5727043e-02   -8.0404456e-01    2.3940365e+00
   6.4930974e-02   -8.0274460e-01    2.3933555e+00
   8.4098048e-02   -8.0098464e-01    2.3926791e+00
   1.0321328e-01   -7.9875470e-01    2.3920079e+00
   1.2227166e-01   -7.9605477e-01    2.3913422e+00
   1.4126021e-01   -7.9290485e-01    2.3906823e+00
   1.6016893e-01   -7.8928494e-01    2.3900286e+00
   1.7898783e-01   -7.8522505e-01    2.3893812e+00
   1.9769691e-01   -7.8070517e-01    2.3887412e+00
   2.1629618e-01   -7.7574529e-01    2.3881082e+00
   2.3476564e-01   -7.7033543e-01    2.3874832e+00
   2.5310531e-01   -7.6448558e-01    2.3868660e+00
   2.7130517e-01   -7.5820575e-01    2.3862569e+00
   2.8934526e-01   -7.5148592e-01    2.3856567e+00
   3.0721556e-01   -7.4432611e-01    2.3850657e+00
   3.2490610e-01   -7.3674630e-01    2.3844843e+00
   3.4241686e-01   -7.2872651e-01    2.3839125e+00
   3.5971786e-01   -7.2029673e-01    2.3833512e+00
   3.7681910e-01   -7.1145695e-01    2.3828000e+00
   3.9370058e-01   -7.0220719e-01    2.3822596e+00
   4.1037231e-01   -6.9255744e-01    2.3817297e+00
   4.2680428e-01   -6.8252770e-01    2.3812111e+00
   4.4299651e-01   -6.7211797e-01    2.3807039e+00
   4.5894899e-01   -6.6133825e-01    2.3802079e+00
   4.7464174e-01   -6.5018854e-01    2.3797240e+00
   4.9008473e-01   -6.3868883e-01    2.3792515e+00
   5.0525800e-01   -6.2682914e-01    2.3787913e+00
   5.2015153e-01   -6.1462945e-01    2.3783437e+00
   5.3475534e-01   -6.0207978e-01    2.3779089e+00
   5.4904943e-01   -5.8919011e-01    2.3774878e+00
   5.6304381e-01   -5.7596045e-01    2.3770798e+00
   5.7671848e-01   -5.6240080e-01    2.3766858e+00
   5.9006345e-01   -5.4852116e-01    2.3763058e+00
   6.0307871e-01   -5.3432153e-01    2.3759401e+00
   6.1573428e-01   -5.1981190e-01    2.3755895e+00
   6.2804016e-01   -5.0500229e-01    2.3752536e+00
   6.3997635e-01   -4.8989268e-01    2.3749332e+00
   6.5155285e-01   -4.7449307e-01    2.3746277e+00
   6.6273968e-01   -4.5882348e-01    2.3743383e+00
   6.7353682e-01   -4.4287389e-01    2.3740648e+00
   6.8394428e-01   -4.2667431e-01    2.3738072e+00
   6.9394208e-01   -4.1021473e-01    2.3735662e+00
   7.0354019e-01   -3.9351516e-01    2.3733412e+00
   7.1271864e-01   -3.7658560e-01    2.3731330e+00
   7.2147741e-01   -3.5943604e-01    2.3729415e+00
   7.2981651e-01   -3.4207649e-01    2.3727665e+00
   7.3773593e-01   -3.2451695e-01    2.3726081e+00
   7.4522568e-01   -3.0677740e-01    2.3724664e+00
   7.5230573e-01   -2.8886787e-01    2.3723407e+00
   7.5894611e-01   -2.7078833e-01    2.3722320e+00
   7.6515681e-01   -2.5255880e-01    2.3721398e+00
   7.7092783e-01   -2.3417928e-01    2.3720646e+00
   7.7625917e-01   -2.1566976e-01    2.3720060e+00
   7.8113083e-01   -1.9704024e-01    2.3719649e+00
   7.8555282e-01   -1.7829072e-01    2.3719407e+00
   7.8949515e-01   -1.5944121e-01    2.3719346e+00
   7.9295780e-01   -1.4050170e-01    2.3719463e+00
   7.9594079e-01   -1.2147219e-01    2.3719759e+00
   7.9843412e-01   -1.0237268e-01    2.3720236e+00
   8.0044776e-01   -8.3219178e-02    2.3720890e+00
   8.0197174e-01   -6.4020674e-02    2.3721722e+00
   8.0301603e-01   -4.4789170e-02    2.3722730e+00
   8.0359063e-01   -2.5538667e-02    2.3723908e+00
   8.0368555e-01   -6.2794647e-03    2.3725259e+00
   8.0332076e-01    1.2976338e-02    2.3726775e+00
   8.0248627e-01    3.2216841e-02    2.3728458e+00
   8.0120206e-01    5.1432345e-02    2.3730302e+00
   7.9944815e-01    7.0611850e-02    2.3732312e+00
   7.9723452e-01    8.9742356e-02    2.3734483e+00
   7.9456118e-01    1.0881186e-01    2.3736816e+00
   7.9141812e-01    1.2781137e-01    2.3739312e+00
   7.8781533e-01    1.4673088e-01    2.3741968e+00
   7.8373283e-01    1.6555040e-01    2.3744789e+00
   7.7919060e-01    1.8426991e-01    2.3747768e+00
   7.7418863e-01    2.0285943e-01    2.3750903e+00
   7.6872693e-01    2.2132896e-01    2.3754194e+00
   7.6280549e-01    2.3964848e-01    2.3757640e+00
   7.5645429e-01    2.5782801e-01    2.3761231e+00
   7.4966333e-01    2.7584755e-01    2.3764968e+00
   7.4244261e-01    2.9369709e-01    2.3768847e+00
   7.3480211e-01    3.1137663e-01    2.3772865e+00
   7.2674184e-01    3.2886618e-01    2.3777021e+00
   7.1826178e-01    3.4615573e-01    2.3781313e+00
   7.0938193e-01    3.6323529e-01    2.3785733e+00
   7.0008229e-01    3.8009486e-01    2.3790289e+00
   6.9037286e-01    3.9672443e-01    2.3794975e+00
   6.8026362e-01    4.1310400e-01    2.3799787e+00
   6.6975458e-01    4.2923359e-01    2.3804725e+00
   6.5884573e-01    4.4510318e-01    2.3809788e+00
   6.4755704e-01    4.6069278e-01    2.3814967e+00
   6.3587854e-01    4.7600238e-01    2.3820266e+00
   6.2383021e-01    4.9102199e-01    2.3825678e+00
   6.1143202e-01    5.0575161e-01    2.3831194e+00
   5.9867399e-01    5.2017124e-01    2.3836817e+00
   5.8558609e-01    5.3429088e-01    2.3842537e+00
   5.7217832e-01    5.4809052e-01    2.3848350e+00
   5.5844067e-01    5.6158017e-01    2.3854258e+00
   5.4439315e-01    5.7474983e-01    2.3860255e+00
   5.3005573e-01    5.8758950e-01    2.3866333e+00
   5.1541841e-01    6.0008918e-01    2.3872494e+00
   5.0049120e-01    6.1224886e-01    2.3878734e+00
   4.8528407e-01    6.2404856e-01    2.3885050e+00
   4.6980702e-01    6.3548826e-01    2.3891436e+00
   4.5406005e-01    6.4655798e-01    2.3897893e+00
   4.3805315e-01    6.5724770e-01    2.3904416e+00
   4.2179632e-01    6.6755743e-01    2.3911002e+00
   4.0528954e-01    6.7746718e-01    2.3917648e+00
   3.8856281e-01    6.8698693e-01    2.3924346e+00
   3.7160611e-01    6.9609670e-01    2.3931097e+00
   3.5443945e-01    7.0479647e-01    2.3937893e+00
   3.3707281e-01    7.1309626e-01    2.3944733e+00
   3.1951619e-01    7.2097605e-01    2.3951611e+00
   3.0176958e-01    7.2843586e-01    2.3958528e+00
   2.8385297e-01    7.3547568e-01    2.3965475e+00
   2.6577635e-01    7.4208551e-01    2.3972448e+00
   2.4754972e-01    7.4826535e-01    2.3979445e+00
   2.2918307e-01    7.5401520e-01    2.3986461e+00
   2.1068640e-01    7.5933506e-01    2.3993493e+00
   1.9206968e-01    7.6422494e-01    2.4000537e+00
   1.7335293e-01    7.6869482e-01    2.4007587e+00
   1.5453613e-01    7.7273472e-01    2.4014642e+00
   1.3562928e-01    7.7635462e-01    2.4021699e+00
   1.1665237e-01    7.7957454e-01    2.4028752e+00
   9.7611391e-02    7.8238447e-01    2.4035800e+00
   7.8515346e-02    7.8478441e-01    2.4042837e+00
   5.9372228e-02    7.8678435e-01    2.4049862e+00
   4.0192028e-02    7.8837431e-01    2.4056872e+00
   2.0981745e-02    7.8956428e-01    2.4063863e+00
   1.7498664e-03    7.9033426e-01    2.4070832e+00
  -1.7494110e-02    7.9069425e-01    2.4077776e+00
  -3.6741693e-02    7.9063426e-01    2.4084691e+00
  -5.5982391e-02    7.9014427e-01    2.4091573e+00
  -7.5208212e-02    7.8921429e-01    2.4098417e+00
  -9.4407159e-02    7.8786433e-01    2.4105222e+00
  -1.1356725e-01    7.8607437e-01    2.4111981e+00
  -1.3269547e-01    7.8384443e-01    2.4118697e+00
  -1.5175384e-01    7.8118450e-01    2.4125357e+00
  -1.7075237e-01    7.7809458e-01    2.4131964e+00
  -1.8967106e-01    7.7456467e-01    2.4138512e+00
  -2.0850991e-01    7.7060477e-01    2.4144999e+00
  -2.2724895e-01    7.6620489e-01    2.4151419e+00
  -2.4587816e-01    7.6136501e-01    2.4157768e+00
  -2.6438757e-01    7.5607515e-01    2.4164042e+00
  -2.8276718e-01    7.5034530e-01    2.4170237e+00
  -3.0099701e-01    7.4415546e-01    2.4176345e+00
  -3.1906705e-01    7.3752563e-01    2.4182364e+00
  -3.3696731e-01    7.3044581e-01    2.4188290e+00
  -3.5468781e-01    7.2291600e-01    2.4194119e+00
  -3.7221854e-01    7.1496621e-01    2.4199849e+00
  -3.8954951e-01    7.0658643e-01    2.4205477e+00
  -4.0668072e-01    6.9779665e-01    2.4211003e+00
  -4.2359217e-01    6.8860689e-01    2.4216422e+00
  -4.4028387e-01    6.7900714e-01    2.4221732e+00
  -4.5674581e-01    6.6902740e-01    2.4226932e+00
  -4.7296801e-01    6.5864766e-01    2.4232017e+00
  -4.8893048e-01    6.4787794e-01    2.4236981e+00
  -5.0462323e-01    6.3672823e-01    2.4241820e+00
  -5.2002626e-01    6.2517853e-01    2.4246527e+00
  -5.3512959e-01    6.1323884e-01    2.4251098e+00
  -5.4991323e-01    6.0089916e-01    2.4255525e+00
  -5.6436718e-01    5.8817948e-01    2.4259806e+00
  -5.7847145e-01    5.7507982e-01    2.4263935e+00
  -5.9222605e-01    5.6160017e-01    2.4267910e+00
  -6.0562097e-01    5.4776053e-01    2.4271730e+00
  -6.1864622e-01    5.3358089e-01    2.4275393e+00
  -6.3130180e-01    5.1907127e-01    2.4278899e+00
  -6.4359769e-01    5.0424165e-01    2.4282252e+00
  -6.5552389e-01    4.8912204e-01    2.4285452e+00
  -6.6709040e-01    4.7372244e-01    2.4288503e+00
  -6.7827722e-01    4.5805284e-01    2.4291398e+00
  -6.8910434e-01    4.4213326e-01    2.4294145e+00
  -6.9956176e-01    4.2595367e-01    2.4296741e+00
  -7.0962950e-01    4.0953410e-01    2.4299179e+00
  -7.1930755e-01    3.9289453e-01    2.4301462e+00
  -7.2858592e-01    3.7601496e-01    2.4303583e+00
  -7.3745461e-01    3.5891540e-01    2.4305542e+00
  -7.4590362e-01    3.4161585e-01    2.4307335e+00
  -7.5393296e-01    3.2410630e-01    2.4308962e+00
  -7.6152263e-01    3.0640676e-01    2.4310418e+00
  -7.6867263e-01    2.8852722e-01    2.4311702e+00
  -7.7539295e-01    2.7047769e-01    2.4312820e+00
  -7.8166360e-01    2.5226816e-01    2.4313765e+00
  -7.8750457e-01    2.3390863e-01    2.4314544e+00
  -7.9291585e-01    2.1542911e-01    2.4315161e+00
  -7.9788745e-01    1.9681959e-01    2.4315610e+00
  -8.0241936e-01    1.7810007e-01    2.4315893e+00
  -8.0653156e-01    1.5929056e-01    2.4316018e+00
  -8.1020407e-01    1.4038105e-01    2.4315978e+00
  -8.1343689e-01    1.2139154e-01    2.4315775e+00
  -8.1623001e-01    1.0234203e-01    2.4315409e+00
  -8.1858343e-01    8.3222524e-02    2.4314880e+00
  -8.2049714e-01    6.4058019e-02    2.4314190e+00
  -8.2195117e-01    4.4853515e-02    2.4313332e+00
  -8.2295549e-01    2.5620011e-02    2.4312310e+00
  -8.2350011e-01    6.3687086e-03    2.4311121e+00
  -8.2359502e-01   -1.2889994e-02    2.4309770e+00
  -8.2322024e-01   -3.2145497e-02    2.4308251e+00
  -8.2239574e-01   -5.1387000e-02    2.4306570e+00
  -8.2112153e-01   -7.0603504e-02    2.4304730e+00
  -8.1938761e-01   -8.9784008e-02    2.4302728e+00
  -8.1720396e-01   -1.0892251e-01    2.4300566e+00
  -8.1458058e-01   -1.2800202e-01    2.4298251e+00
  -8.1151747e-01   -1.4701153e-01    2.4295783e+00
  -8.0801463e-01   -1.6595104e-01    2.4293162e+00
  -8.0409203e-01   -1.8480055e-01    2.4290396e+00
  -7.9972970e-01   -2.0356007e-01    2.4287479e+00
  -7.9494761e-01   -2.2220959e-01    2.4284419e+00
  -7.8975575e-01   -2.4075911e-01    2.4281218e+00
  -7.8413414e-01   -2.5916863e-01    2.4277873e+00
  -7.7809277e-01   -2.7745816e-01    2.4274386e+00
  -7.7163163e-01   -2.9559769e-01    2.4270759e+00
  -7.6475072e-01   -3.1358723e-01    2.4266992e+00
  -7.5746003e-01   -3.3140677e-01    2.4263089e+00
  -7.4974957e-01   -3.4904631e-01    2.4259049e+00
  -7.4161933e-01   -3.6650586e-01    2.4254871e+00
  -7.3307931e-01   -3.8376542e-01    2.4250560e+00
  -7.2413949e-01   -4.0081498e-01    2.4246120e+00
  -7.1478987e-01   -4.1764454e-01    2.4241548e+00
  -7.0506045e-01   -4.3426411e-01    2.4236856e+00
  -6.9493123e-01   -4.5063369e-01    2.4232037e+00
  -6.8443218e-01   -4.6677327e-01    2.4227102e+00
  -6.7355331e-01   -4.8266286e-01    2.4222049e+00
  -6.6231461e-01   -4.9829246e-01    2.4216884e+00
  -6.5070607e-01   -5.1365206e-01    2.4211607e+00
  -6.3874769e-01   -5.2873167e-01    2.4206223e+00
  -6.2642947e-01   -5.4353129e-01    2.4200731e+00
  -6.1377140e-01   -5.5804092e-01    2.4195137e+00
  -6.0077346e-01   -5.7223055e-01    2.4189444e+00
  -5.8743567e-01   -5.8612019e-01    2.4183650e+00
  -5.7376800e-01   -5.9967984e-01    2.4177762e+00
  -5.5979045e-01   -6.1291950e-01    2.4171785e+00
  -5.4550301e-01   -6.2581917e-01    2.4165721e+00
  -5.3091568e-01   -6.3837884e-01    2.4159574e+00
  -5.1604844e-01   -6.5059853e-01    2.4153351e+00
  -5.0089130e-01   -6.6247822e-01    2.4147048e+00
  -4.8547423e-01   -6.7399792e-01    2.4140677e+00
  -4.6979724e-01   -6.8515763e-01    2.4134239e+00
  -4.5386033e-01   -6.9595735e-01    2.4127733e+00
  -4.3768347e-01   -7.0638708e-01    2.4121167e+00
  -4.2126667e-01   -7.1643683e-01    2.4114543e+00
  -4.0461992e-01   -7.2609658e-01    2.4107864e+00
  -3.8774321e-01   -7.3536634e-01    2.4101131e+00
  -3.7065654e-01   -7.4422611e-01    2.4094351e+00
  -3.5335990e-01   -7.5267589e-01    2.4087525e+00
  -3.3587327e-01   -7.6070568e-01    2.4080662e+00
  -3.1818665e-01   -7.6830549e-01    2.4073757e+00
  -3.0033004e-01   -7.7548530e-01    2.4066822e+00
  -2.8231343e-01   -7.8224513e-01    2.4059859e+00
  -2.6412681e-01   -7.8855496e-01    2.4052867e+00
  -2.4580017e-01   -7.9444481e-01    2.4045855e+00
  -2.2734349e-01   -7.9988467e-01    2.4038829e+00
  -2.0875679e-01   -8.0489454e-01    2.4031787e+00
  -1.9006005e-01   -8.0946442e-01    2.4024737e+00
  -1.7126326e-01   -8.1359432e-01    2.4017683e+00
  -1.5237642e-01   -8.1729422e-01    2.4010627e+00
  -1.3340951e-01   -8.2054414e-01    2.4003575e+00
  -1.1436254e-01   -8.2336406e-01    2.3996525e+00
  -9.5269489e-02   -8.2575400e-01    2.3989490e+00
  -7.6122366e-02   -8.2772395e-01    2.3982465e+00
  -5.6937157e-02   -8.2926391e-01    2.3975457e+00
  -3.7722857e-02   -8.3038388e-01    2.3968470e+00
  -1.8488463e-02   -8.3108386e-01    2.3961505e+00
   7.5653627e-04   -8.3135386e-01    2.3954567e+00
   2.0003645e-02   -8.3119386e-01    2.3947659e+00
   3.9241371e-02   -8.3060388e-01    2.3940786e+00
   5.8461225e-02   -8.2956390e-01    2.3933952e+00
   7.7650217e-02   -8.2806394e-01    2.3927161e+00
   9.6798355e-02   -8.2610399e-01    2.3920419e+00
   1.1588865e-01   -8.2367406e-01    2.3913731e+00
   1.3491711e-01   -8.2077413e-01    2.3907099e+00
   1.5387573e-01   -8.1740422e-01    2.3900526e+00
   1.7273454e-01   -8.1356432e-01    2.3894022e+00
   1.9149354e-01   -8.0926443e-01    2.3887588e+00
   2.1015271e-01   -8.0452455e-01    2.3881221e+00
   2.2869207e-01   -7.9934468e-01    2.3874929e+00
   2.4711162e-01   -7.9374483e-01    2.3868710e+00
   2.6540136e-01   -7.8773498e-01    2.3862567e+00
   2.8355129e-01   -7.8133515e-01    2.3856503e+00
   3.0156141e-01   -7.7452533e-01    2.3850518e+00
   3.1941174e-01   -7.6732551e-01    2.3844619e+00
   3.3710228e-01   -7.5973571e-01    2.3838805e+00
   3.5462302e-01   -7.5175591e-01    2.3833081e+00
   3.7195399e-01   -7.4336613e-01    2.3827454e+00
   3.8908520e-01   -7.3458636e-01    2.3821927e+00
   4.0599665e-01   -7.2539659e-01    2.3816508e+00
   4.2269834e-01   -7.1580684e-01    2.3811194e+00
   4.3916028e-01   -7.0582710e-01    2.3805994e+00
   4.5538248e-01   -6.9545737e-01    2.3800908e+00
   4.7135494e-01   -6.8470764e-01    2.3795939e+00
   4.8707766e-01   -6.7358793e-01    2.3791086e+00
   5.0253064e-01   -6.6211823e-01    2.3786356e+00
   5.1773387e-01   -6.5029853e-01    2.3781741e+00
   5.3267736e-01   -6.3814885e-01    2.3777242e+00
   5.4734111e-01   -6.2567917e-01    2.3772868e+00
   5.6172512e-01   -6.1287950e-01    2.3768617e+00
   5.7582940e-01   -5.9976984e-01    2.3764490e+00
   5.8963395e-01   -5.8635018e-01    2.3760492e+00
   6.0313877e-01   -5.7262054e-01    2.3756625e+00
   6.1632388e-01   -5.5858090e-01    2.3752895e+00
   6.2917929e-01   -5.4424127e-01    2.3749305e+00
   6.4169498e-01   -5.2961165e-01    2.3745857e+00
   6.5386098e-01   -5.1468204e-01    2.3742557e+00
   6.6566728e-01   -4.9947243e-01    2.3739407e+00
   6.7710390e-01   -4.8398283e-01    2.3736410e+00
   6.8817082e-01   -4.6822324e-01    2.3733565e+00
   6.9886805e-01   -4.5220365e-01    2.3730871e+00
   7.0916560e-01   -4.3593407e-01    2.3728339e+00
   7.1907347e-01   -4.1941450e-01    2.3725966e+00
   7.2858165e-01   -4.0267493e-01    2.3723751e+00
   7.3769015e-01   -3.8569537e-01    2.3721698e+00
   7.4636899e-01   -3.6850581e-01    2.3719814e+00
   7.5463814e-01   -3.5111626e-01    2.3718092e+00
   7.6247762e-01   -3.3352671e-01    2.3716539e+00
   7.6988743e-01   -3.1574717e-01    2.3715154e+00
   7.7685756e-01   -2.9779764e-01    2.3713939e+00
   7.8340801e-01   -2.7967810e-01    2.3712887e+00
   7.8951878e-01   -2.6141858e-01    2.3712003e+00
   7.9519987e-01   -2.4301905e-01    2.3711284e+00
   8.0046126e-01   -2.2448953e-01    2.3710726e+00
   8.0529295e-01   -2.0584001e-01    2.3710330e+00
   8.0970494e-01   -1.8710050e-01    2.3710091e+00
   8.1369724e-01   -1.6825098e-01    2.3710012e+00
   8.1725982e-01   -1.4933147e-01    2.3710092e+00
   8.2039271e-01   -1.3032196e-01    2.3710332e+00
   8.2309589e-01   -1.1125245e-01    2.3710732e+00
   8.2535937e-01   -9.2128948e-02    2.3711294e+00
   8.2717315e-01   -7.2955443e-02    2.3712020e+00
   8.2853723e-01   -5.3743939e-02    2.3712912e+00
   8.2945161e-01   -3.4506436e-02    2.3713966e+00
   8.2990629e-01   -1.5252933e-02    2.3715187e+00
   8.2990127e-01    4.0064696e-03    2.3716574e+00
   8.2943655e-01    2.3260072e-02    2.3718126e+00
   8.2850212e-01    4.2496576e-02    2.3719845e+00
   8.2710798e-01    6.1704080e-02    2.3721728e+00
   8.2525413e-01    8.0873585e-02    2.3723773e+00
   8.2293057e-01    9.9992091e-02    2.3725983e+00
   8.2015729e-01    1.1905160e-01    2.3728351e+00
   8.1693427e-01    1.3803111e-01    2.3730874e+00
   8.1325154e-01    1.5694062e-01    2.3733558e+00
   8.0912906e-01    1.7575013e-01    2.3736392e+00
   8.0456684e-01    1.9445965e-01    2.3739378e+00
   7.9956488e-01    2.1305917e-01    2.3742514e+00
   7.9413316e-01    2.3152869e-01    2.3745795e+00
   7.8828168e-01    2.4987822e-01    2.3749218e+00
   7.8200044e-01    2.6807775e-01    2.3752784e+00
   7.7528944e-01    2.8612728e-01    2.3756495e+00
   7.6817865e-01    3.0401682e-01    2.3760338e+00
   7.6063810e-01    3.2173636e-01    2.3764323e+00
   7.5268777e-01    3.3927591e-01    2.3768442e+00
   7.4431765e-01    3.5661546e-01    2.3772698e+00
   7.3554775e-01    3.7375502e-01    2.3777083e+00
   7.2635806e-01    3.9068458e-01    2.3781604e+00
   7.1676856e-01    4.0737415e-01    2.3786252e+00
   7.0677927e-01    4.2383373e-01    2.3791027e+00
   6.9640016e-01    4.4005331e-01    2.3795924e+00
   6.8563124e-01    4.5601290e-01    2.3800943e+00
   6.7449249e-01    4.7171249e-01    2.3806076e+00
   6.6299391e-01    4.8716209e-01    2.3811321e+00
   6.5114548e-01    5.0233170e-01    2.3816671e+00
   6.3895721e-01    5.1723132e-01    2.3822124e+00
   6.2643907e-01    5.3186094e-01    2.3827677e+00
   6.1359108e-01    5.4620057e-01    2.3833326e+00
   6.0043321e-01    5.6025020e-01    2.3839067e+00
   5.8696546e-01    5.7399985e-01    2.3844897e+00
   5.7318783e-01    5.8744950e-01    2.3850817e+00
   5.5912031e-01    6.0058916e-01    2.3856819e+00
   5.4475291e-01    6.1340883e-01    2.3862906e+00
   5.3010559e-01    6.2588851e-01    2.3869069e+00
   5.1516838e-01    6.3802820e-01    2.3875312e+00
   4.9995125e-01    6.4982789e-01    2.3881631e+00
   4.8447421e-01    6.6126760e-01    2.3888017e+00
   4.6872724e-01    6.7233731e-01    2.3894474e+00
   4.5273034e-01    6.8304703e-01    2.3900995e+00
   4.3649350e-01    6.9338677e-01    2.3907576e+00
   4.2002671e-01    7.0334651e-01    2.3914211e+00
   4.0332997e-01    7.1293626e-01    2.3920903e+00
   3.8642327e-01    7.2213602e-01    2.3927643e+00
   3.6931659e-01    7.3094580e-01    2.3934426e+00
   3.5200995e-01    7.3936558e-01    2.3941253e+00
   3.3451332e-01    7.4738537e-01    2.3948119e+00
   3.1683671e-01    7.5501518e-01    2.3955023e+00
   2.9899010e-01    7.6222499e-01    2.3961957e+00
   2.8099349e-01    7.6903481e-01    2.3968916e+00
   2.6283686e-01    7.7541465e-01    2.3975902e+00
   2.4453023e-01    7.8137449e-01    2.3982911e+00
   2.2610356e-01    7.8691435e-01    2.3989934e+00
   2.0754687e-01    7.9203422e-01    2.3996973e+00
   1.8888014e-01    7.9672410e-01    2.4004021e+00
   1.7011336e-01    8.0098399e-01    2.4011074e+00
   1.5125654e-01    8.0483389e-01    2.4018129e+00
   1.3230966e-01    8.0826380e-01    2.4025187e+00
   1.1330272e-01    8.1128372e-01    2.4032237e+00
   9.4235712e-02    8.1389365e-01    2.4039279e+00
   7.5115631e-02    8.1609360e-01    2.4046311e+00
   5.5952474e-02    8.1789355e-01    2.4053329e+00
   3.6757235e-02    8.1929352e-01    2.4060330e+00
   1.7535910e-02    8.2029349e-01    2.4067312e+00
  -1.7024085e-03    8.2089347e-01    2.4074271e+00
  -2.0949030e-02    8.2107347e-01    2.4081203e+00
  -4.0194655e-02    8.2085347e-01    2.4088106e+00
  -5.9431392e-02    8.2022349e-01    2.4094976e+00
  -7.8650251e-02    8.1916352e-01    2.4101808e+00
  -9.7839239e-02    8.1768356e-01    2.4108600e+00
  -1.1699736e-01    8.1576361e-01    2.4115349e+00
  -1.3609563e-01    8.1341367e-01    2.4122046e+00
  -1.5514404e-01    8.1063374e-01    2.4128693e+00
  -1.7412262e-01    8.0740382e-01    2.4135284e+00
  -1.9301137e-01    8.0373392e-01    2.4141810e+00
  -2.1182028e-01    7.9961402e-01    2.4148275e+00
  -2.3051938e-01    7.9506414e-01    2.4154670e+00
  -2.4910866e-01    7.9006427e-01    2.4160993e+00
  -2.6757813e-01    7.8463441e-01    2.4167242e+00
  -2.8591780e-01    7.7877456e-01    2.4173414e+00
  -3.0410767e-01    7.7249472e-01    2.4179501e+00
  -3.2215775e-01    7.6579490e-01    2.4185508e+00
  -3.4004803e-01    7.5868508e-01    2.4191428e+00
  -3.5776852e-01    7.5116527e-01    2.4197258e+00
  -3.7531923e-01    7.4325548e-01    2.4202998e+00
  -3.9269016e-01    7.3494569e-01    2.4208645e+00
  -4.0986131e-01    7.2625592e-01    2.4214193e+00
  -4.2684268e-01    7.1718615e-01    2.4219645e+00
  -4.4361429e-01    7.0773640e-01    2.4224995e+00
  -4.6017613e-01    6.9790665e-01    2.4230242e+00
  -4.7650822e-01    6.8770691e-01    2.4235380e+00
  -4.9260055e-01    6.7714719e-01    2.4240405e+00
  -5.0844314e-01    6.6620747e-01    2.4245314e+00
  -5.2403599e-01    6.5490776e-01    2.4250106e+00
  -5.3934911e-01    6.4324806e-01    2.4254773e+00
  -5.5439250e-01    6.3121837e-01    2.4259316e+00
  -5.6913618e-01    6.1882869e-01    2.4263725e+00
  -5.8357015e-01    6.0608902e-01    2.4267997e+00
  -5.9769441e-01    5.9299936e-01    2.4272134e+00
  -6.1148897e-01    5.7956971e-01    2.4276127e+00
  -6.2494384e-01    5.6579006e-01    2.4279973e+00
  -6.3804901e-01    5.5169043e-01    2.4283670e+00
  -6.5080450e-01    5.3726080e-01    2.4287218e+00
  -6.6319031e-01    5.2251118e-01    2.4290609e+00
  -6.7520643e-01    5.0747157e-01    2.4293848e+00
  -6.8684288e-01    4.9212196e-01    2.4296927e+00
  -6.9810964e-01    4.7650237e-01    2.4299854e+00
  -7.0897673e-01    4.6061278e-01    2.4302618e+00
  -7.1946413e-01    4.4445320e-01    2.4305226e+00
  -7.2957183e-01    4.2806362e-01    2.4307681e+00
  -7.3928985e-01    4.1143405e-01    2.4309978e+00
  -7.4861818e-01    3.9458448e-01    2.4312120e+00
  -7.5755681e-01    3.7753492e-01    2.4314107e+00
  -7.6612573e-01    3.6027537e-01    2.4315946e+00
  -7.7429496e-01    3.4284582e-01    2.4317630e+00
  -7.8208448e-01    3.2522627e-01    2.4319163e+00
  -7.8948430e-01    3.0744673e-01    2.4320544e+00
  -7.9649440e-01    2.8950720e-01    2.4321774e+00
  -8.0309481e-01    2.7141766e-01    2.4322846e+00
  -8.0928553e-01    2.5317813e-01    2.4323760e+00
  -8.1505655e-01    2.3479861e-01    2.4324513e+00
  -8.2039788e-01    2.1629909e-01    2.4325103e+00
  -8.2529952e-01    1.9766957e-01    2.4325525e+00
  -8.2975148e-01    1.7894005e-01    2.4325778e+00
  -8.3375377e-01    1.6010054e-01    2.4325862e+00
  -8.3730636e-01    1.4117103e-01    2.4325778e+00
  -8.4039928e-01    1.2216152e-01    2.4325523e+00
  -8.4304250e-01    1.0308201e-01    2.4325101e+00
  -8.4522603e-01    8.3944505e-02    2.4324510e+00
  -8.4696986e-01    6.4764001e-02    2.4323757e+00
  -8.4828398e-01    4.5548497e-02    2.4322848e+00
  -8.4915838e-01    2.6308994e-02    2.4321779e+00
  -8.4960307e-01    7.0551909e-03    2.4320554e+00
  -8.4962803e-01   -1.2204012e-02    2.4319178e+00
  -8.4923326e-01   -3.1459514e-02    2.4317651e+00
  -8.4842875e-01   -5.0701018e-02    2.4315978e+00
  -8.4721450e-01   -6.9921521e-02    2.4314160e+00
  -8.4558051e-01   -8.9111026e-02    2.4312192e+00
  -8.4352679e-01   -1.0826253e-01    2.4310077e+00
  -8.4106331e-01   -1.2736204e-01    2.4307817e+00
  -8.3817010e-01   -1.4640155e-01    2.4305408e+00
  -8.3485714e-01   -1.6537106e-01    2.4302853e+00
  -8.3112443e-01   -1.8426057e-01    2.4300153e+00
  -8.2696198e-01   -2.0307008e-01    2.4297304e+00
  -8.2236978e-01   -2.2176960e-01    2.4294308e+00
  -8.1735782e-01   -2.4035912e-01    2.4291170e+00
  -8.1192610e-01   -2.5883864e-01    2.4287888e+00
  -8.0607462e-01   -2.7717817e-01    2.4284466e+00
  -7.9980337e-01   -2.9538770e-01    2.4280902e+00
  -7.9311236e-01   -3.1344723e-01    2.4277198e+00
  -7.8602157e-01   -3.3134677e-01    2.4273361e+00
  -7.7851100e-01   -3.4907631e-01    2.4269386e+00
  -7.7061064e-01   -3.6663586e-01    2.4265283e+00
  -7.6231049e-01   -3.8401541e-01    2.4261050e+00
  -7.5362054e-01   -4.0119497e-01    2.4256690e+00
  -7.4453080e-01   -4.1817453e-01    2.4252202e+00
  -7.3506125e-01   -4.3493409e-01    2.4247592e+00
  -7.2521188e-01   -4.5147367e-01    2.4242862e+00
  -7.1498271e-01   -4.6779325e-01    2.4238011e+00
  -7.0438370e-01   -4.8386283e-01    2.4233045e+00
  -6.9341488e-01   -4.9968242e-01    2.4227965e+00
  -6.8208622e-01   -5.1525202e-01    2.4222772e+00
  -6.7040772e-01   -5.3056163e-01    2.4217473e+00
  -6.5837937e-01   -5.4559124e-01    2.4212068e+00
  -6.4602116e-01   -5.6035086e-01    2.4206564e+00
  -6.3332311e-01   -5.7482048e-01    2.4200959e+00
  -6.2029518e-01   -5.8900012e-01    2.4195256e+00
  -6.0695739e-01   -6.0287976e-01    2.4189463e+00
  -5.9331970e-01   -6.1645941e-01    2.4183584e+00
  -5.7937214e-01   -6.2972906e-01    2.4177616e+00
  -5.6513469e-01   -6.4268873e-01    2.4171565e+00
  -5.5061733e-01   -6.5533840e-01    2.4165437e+00
  -5.3583007e-01   -6.6765808e-01    2.4159235e+00
  -5.2077289e-01   -6.7964778e-01    2.4152960e+00
  -5.0545580e-01   -6.9130747e-01    2.4146615e+00
  -4.8989877e-01   -7.0263718e-01    2.4140208e+00
  -4.7409182e-01   -7.1361690e-01    2.4133736e+00
  -4.5804493e-01   -7.2425662e-01    2.4127202e+00
  -4.4176810e-01   -7.3452636e-01    2.4120612e+00
  -4.2526132e-01   -7.4443610e-01    2.4113966e+00
  -4.0853459e-01   -7.5395586e-01    2.4107268e+00
  -3.9159789e-01   -7.6309562e-01    2.4100522e+00
  -3.7444122e-01   -7.7181540e-01    2.4093727e+00
  -3.5707459e-01   -7.8013518e-01    2.4086886e+00
  -3.3951797e-01   -7.8801498e-01    2.4080008e+00
  -3.2177136e-01   -7.9546478e-01    2.4073093e+00
  -3.0384475e-01   -8.0247460e-01    2.4066144e+00
  -2.8575812e-01   -8.0903443e-01    2.4059170e+00
  -2.6750150e-01   -8.1516428e-01    2.4052167e+00
  -2.4911484e-01   -8.2084413e-01    2.4045148e+00
  -2.3059816e-01   -8.2609399e-01    2.4038114e+00
  -2.1197144e-01   -8.3093387e-01    2.4031070e+00
  -1.9324468e-01   -8.3535375e-01    2.4024020e+00
  -1.7441788e-01   -8.3937365e-01    2.4016963e+00
  -1.5551103e-01   -8.4299356e-01    2.4009906e+00
  -1.3654412e-01   -8.4622347e-01    2.4002856e+00
  -1.1750715e-01   -8.4906340e-01    2.3995808e+00
  -9.8410113e-02   -8.5150334e-01    2.3988767e+00
  -7.9274001e-02   -8.5354328e-01    2.3981741e+00
  -6.0096812e-02   -8.5518324e-01    2.3974729e+00
  -4.0888535e-02   -8.5640321e-01    2.3967736e+00
  -2.1658163e-02   -8.5720319e-01    2.3960766e+00
  -2.4144867e-03   -8.5756318e-01    2.3953822e+00
   1.6832899e-02   -8.5749318e-01    2.3946908e+00
   3.6072608e-02   -8.5696320e-01    2.3940030e+00
   5.5296441e-02   -8.5599322e-01    2.3933189e+00
   7.4491409e-02   -8.5457326e-01    2.3926390e+00
   9.3648517e-02   -8.5270331e-01    2.3919638e+00
   1.1275377e-01   -8.5039337e-01    2.3912936e+00
   1.3180218e-01   -8.4763344e-01    2.3906287e+00
   1.5079074e-01   -8.4443352e-01    2.3899691e+00
   1.6968947e-01   -8.4080361e-01    2.3893158e+00
   1.8850837e-01   -8.3674372e-01    2.3886685e+00
   2.0722743e-01   -8.3226383e-01    2.3880278e+00
   2.2583668e-01   -8.2736396e-01    2.3873941e+00
   2.4434610e-01   -8.2204410e-01    2.3867669e+00
   2.6271571e-01   -8.1631425e-01    2.3861478e+00
   2.8096551e-01   -8.1017440e-01    2.3855359e+00
   2.9906551e-01   -8.0363457e-01    2.3849322e+00
   3.1702570e-01   -7.9668475e-01    2.3843365e+00
   3.3481610e-01   -7.8934494e-01    2.3837498e+00
   3.5244672e-01   -7.8160514e-01    2.3831717e+00
   3.6989754e-01   -7.7348535e-01    2.3826027e+00
   3.8716858e-01   -7.6497557e-01    2.3820430e+00
   4.0423986e-01   -7.5607580e-01    2.3814933e+00
   4.2112134e-01   -7.4681604e-01    2.3809531e+00
   4.3778307e-01   -7.3718629e-01    2.3804234e+00
   4.5424502e-01   -7.2718655e-01    2.3799035e+00
   4.7046722e-01   -7.1682682e-01    2.3793948e+00
   4.8646965e-01   -7.0611709e-01    2.3788966e+00
   5.0223232e-01   -6.9505738e-01    2.3784095e+00
   5.1774525e-01   -6.8364767e-01    2.3779338e+00
   5.3299843e-01   -6.7190798e-01    2.3774699e+00
   5.4798187e-01   -6.5981829e-01    2.3770182e+00
   5.6269558e-01   -6.4739861e-01    2.3765786e+00
   5.7712955e-01   -6.3464894e-01    2.3761514e+00
   5.9126380e-01   -6.2157927e-01    2.3757373e+00
   6.0510831e-01   -6.0818962e-01    2.3753359e+00
   6.1863312e-01   -5.9448997e-01    2.3749482e+00
   6.3185819e-01   -5.8049034e-01    2.3745735e+00
   6.4475355e-01   -5.6619071e-01    2.3742127e+00
   6.5732920e-01   -5.5160108e-01    2.3738656e+00
   6.6957513e-01   -5.3674147e-01    2.3735322e+00
   6.8148135e-01   -5.2161186e-01    2.3732130e+00
   6.9304786e-01   -5.0621225e-01    2.3729079e+00
   7.0426466e-01   -4.9055266e-01    2.3726173e+00
   7.1512175e-01   -4.7465307e-01    2.3723414e+00
   7.2561914e-01   -4.5850349e-01    2.3720801e+00
   7.3574683e-01   -4.4212391e-01    2.3718339e+00
   7.4550482e-01   -4.2552434e-01    2.3716024e+00
   7.5487311e-01   -4.0869477e-01    2.3713867e+00
   7.6385172e-01   -3.9165521e-01    2.3711865e+00
   7.7244062e-01   -3.7442566e-01    2.3710016e+00
   7.8062984e-01   -3.5698611e-01    2.3708326e+00
   7.8840936e-01   -3.3937656e-01    2.3706796e+00
   7.9577920e-01   -3.2157702e-01    2.3705427e+00
   8.0273934e-01   -3.0361749e-01    2.3704216e+00
   8.0926980e-01   -2.8549795e-01    2.3703172e+00
   8.1538057e-01   -2.6723843e-01    2.3702288e+00
   8.2106166e-01   -2.4883890e-01    2.3701569e+00
   8.2630306e-01   -2.3029938e-01    2.3701018e+00
   8.3112476e-01   -2.1165986e-01    2.3700625e+00
   8.3550678e-01   -1.9290035e-01    2.3700399e+00
   8.3944910e-01   -1.7405083e-01    2.3700337e+00
   8.4297172e-01   -1.5511132e-01    2.3700433e+00
   8.4604465e-01   -1.3610181e-01    2.3700695e+00
   8.4869786e-01   -1.1702230e-01    2.3701113e+00
   8.5091137e-01   -9.7894799e-02    2.3701693e+00
   8.5270517e-01   -7.8718294e-02    2.3702428e+00
   8.5406925e-01   -5.9507790e-02    2.3703319e+00
   8.5501361e-01   -4.0271287e-02    2.3704363e+00
   8.5552825e-01   -2.1018784e-02    2.3705562e+00
   8.5562317e-01   -1.7595815e-03    2.3706913e+00
   8.5529835e-01    1.7497221e-02    2.3708415e+00
   8.5455381e-01    3.6741724e-02    2.3710066e+00
   8.5338952e-01    5.5965228e-02    2.3711867e+00
   8.5180551e-01    7.5158732e-02    2.3713817e+00
   8.4979176e-01    9.4311238e-02    2.3715918e+00
   8.4735826e-01    1.1341174e-01    2.3718167e+00
   8.4448504e-01    1.3246125e-01    2.3720569e+00
   8.4119207e-01    1.5143076e-01    2.3723117e+00
   8.3745936e-01    1.7032027e-01    2.3725818e+00
   8.3328691e-01    1.8912979e-01    2.3728670e+00
   8.2868472e-01    2.0782931e-01    2.3731669e+00
   8.2365277e-01    2.2640883e-01    2.3734814e+00
   8.1818107e-01    2.4487835e-01    2.3738110e+00
   8.1227962e-01    2.6320788e-01    2.3741549e+00
   8.0594841e-01    2.8138741e-01    2.3745133e+00
   7.9919743e-01    2.9942694e-01    2.3748857e+00
   7.9202668e-01    3.1729648e-01    2.3752720e+00
   7.8445614e-01    3.3499602e-01    2.3756714e+00
   7.7647582e-01    3.5252557e-01    2.3760844e+00
   7.6809572e-01    3.6986512e-01    2.3765103e+00
   7.5933580e-01    3.8700468e-01    2.3769485e+00
   7.5018609e-01    4.0394424e-01    2.3773992e+00
   7.4065657e-01    4.2068381e-01    2.3778622e+00
   7.3075723e-01    4.3719338e-01    2.3783368e+00
   7.2048807e-01    4.5348296e-01    2.3788231e+00
   7.0986908e-01    4.6954255e-01    2.3793203e+00
   6.9888026e-01    4.8535214e-01    2.3798290e+00
   6.8755160e-01    5.0092174e-01    2.3803482e+00
   6.7588310e-01    5.1623134e-01    2.3808778e+00
   6.6386475e-01    5.3127095e-01    2.3814180e+00
   6.5152653e-01    5.4605057e-01    2.3819678e+00
   6.3885846e-01    5.6054020e-01    2.3825274e+00
   6.2587052e-01    5.7475983e-01    2.3830966e+00
   6.1257271e-01    5.8866947e-01    2.3836747e+00
   5.9896501e-01    6.0228912e-01    2.3842618e+00
   5.8505744e-01    6.1559878e-01    2.3848575e+00
   5.7085997e-01    6.2859844e-01    2.3854613e+00
   5.5637260e-01    6.4127811e-01    2.3860733e+00
   5.4160533e-01    6.5362779e-01    2.3866930e+00
   5.2656815e-01    6.6563748e-01    2.3873199e+00
   5.1126105e-01    6.7731718e-01    2.3879542e+00
   4.9570403e-01    6.8865689e-01    2.3885950e+00
   4.7989708e-01    6.9963661e-01    2.3892422e+00
   4.6385019e-01    7.1026633e-01    2.3898955e+00
   4.4756336e-01    7.2052607e-01    2.3905548e+00
   4.3105658e-01    7.3042581e-01    2.3912194e+00
   4.1432985e-01    7.3995556e-01    2.3918892e+00
   3.9740314e-01    7.4910533e-01    2.3925635e+00
   3.8026648e-01    7.5788510e-01    2.3932427e+00
   3.6294983e-01    7.6627488e-01    2.3939255e+00
   3.4544321e-01    7.7428468e-01    2.3946125e+00
   3.2776660e-01    7.8190448e-01    2.3953027e+00
   3.0992999e-01    7.8913429e-01    2.3959959e+00
   2.9194337e-01    7.9597412e-01    2.3966917e+00
   2.7380675e-01    8.0240395e-01    2.3973899e+00
   2.5553012e-01    8.0844380e-01    2.3980904e+00
   2.3712346e-01    8.1406365e-01    2.3987925e+00
   2.1858678e-01    8.1927352e-01    2.3994963e+00
   1.9995005e-01    8.2406339e-01    2.4002007e+00
   1.8120329e-01    8.2843328e-01    2.4009061e+00
   1.6236648e-01    8.3237318e-01    2.4016116e+00
   1.4343961e-01    8.3588309e-01    2.4023172e+00
   1.2444268e-01    8.3897301e-01    2.4030224e+00
   1.0538568e-01    8.4163294e-01    2.4037266e+00
   8.6265606e-02    8.4387288e-01    2.4044300e+00
   6.7106454e-02    8.4570283e-01    2.4051319e+00
   4.7912222e-02    8.4713280e-01    2.4058322e+00
   2.8692903e-02    8.4816277e-01    2.4065305e+00
   9.4562941e-03    8.4880275e-01    2.4072267e+00
  -9.7890099e-03    8.4905275e-01    2.4079203e+00
  -2.9036611e-02    8.4892275e-01    2.4086113e+00
  -4.8276317e-02    8.4840276e-01    2.4092992e+00
  -6.7503133e-02    8.4749279e-01    2.4099838e+00
  -8.6707061e-02    8.4620282e-01    2.4106649e+00
  -1.0587711e-01    8.4451286e-01    2.4113419e+00
  -1.2501530e-01    8.4241292e-01    2.4120148e+00
  -1.4409362e-01    8.3991298e-01    2.4126827e+00
  -1.6312208e-01    8.3699306e-01    2.4133457e+00
  -1.8208069e-01    8.3366314e-01    2.4140033e+00
  -2.0095947e-01    8.2990324e-01    2.4146549e+00
  -2.1974841e-01    8.2573335e-01    2.4153004e+00
  -2.3844752e-01    8.2113347e-01    2.4159395e+00
  -2.5702681e-01    8.1612360e-01    2.4165714e+00
  -2.7549629e-01    8.1069374e-01    2.4171963e+00
  -2.9383595e-01    8.0485389e-01    2.4178136e+00
  -3.1204580e-01    7.9860405e-01    2.4184233e+00
  -3.3010586e-01    7.9194422e-01    2.4190246e+00
  -3.4801611e-01    7.8488440e-01    2.4196177e+00
  -3.6576657e-01    7.7743460e-01    2.4202022e+00
  -3.8334724e-01    7.6958480e-01    2.4207778e+00
  -4.0074813e-01    7.6134501e-01    2.4213440e+00
  -4.1795924e-01    7.5272523e-01    2.4219008e+00
  -4.3498057e-01    7.4371547e-01    2.4224479e+00
  -4.5179214e-01    7.3433571e-01    2.4229848e+00
  -4.6838394e-01    7.2457596e-01    2.4235110e+00
  -4.8475598e-01    7.1444622e-01    2.4240267e+00
  -5.0088827e-01    7.0394649e-01    2.4245312e+00
  -5.1678082e-01    6.9307677e-01    2.4250243e+00
  -5.3242361e-01    6.8184706e-01    2.4255059e+00
  -5.4779668e-01    6.7024736e-01    2.4259751e+00
  -5.6290001e-01    6.5830767e-01    2.4264322e+00
  -5.7771362e-01    6.4601799e-01    2.4268764e+00
  -5.9225748e-01    6.3338832e-01    2.4273084e+00
  -6.0649164e-01    6.2042865e-01    2.4277269e+00
  -6.2043606e-01    6.0714899e-01    2.4281327e+00
  -6.3407077e-01    5.9354934e-01    2.4285250e+00
  -6.4739575e-01    5.7964970e-01    2.4289041e+00
  -6.6041101e-01    5.6545007e-01    2.4292698e+00
  -6.7308657e-01    5.5096044e-01    2.4296213e+00
  -6.8544240e-01    5.3619083e-01    2.4299593e+00
  -6.9744854e-01    5.2114121e-01    2.4302826e+00
  -7.0911496e-01    5.0581161e-01    2.4305918e+00
  -7.2041169e-01    4.9022201e-01    2.4308858e+00
  -7.3134872e-01    4.7437242e-01    2.4311650e+00
  -7.4191606e-01    4.5826284e-01    2.4314290e+00
  -7.5209370e-01    4.4192326e-01    2.4316774e+00
  -7.6189166e-01    4.2534369e-01    2.4319104e+00
  -7.7129992e-01    4.0853412e-01    2.4321277e+00
  -7.8031849e-01    3.9152456e-01    2.4323296e+00
  -7.8894737e-01    3.7430501e-01    2.4325159e+00
  -7.9718654e-01    3.5689546e-01    2.4326869e+00
  -8.0502602e-01    3.3930591e-01    2.4328423e+00
  -8.1246581e-01    3.2153637e-01    2.4329819e+00
  -8.1951589e-01    3.0361683e-01    2.4331065e+00
  -8.2616626e-01    2.8553730e-01    2.4332155e+00
  -8.3240694e-01    2.6731777e-01    2.4333089e+00
  -8.3824790e-01    2.4896824e-01    2.4333869e+00
  -8.4367917e-01    2.3048872e-01    2.4334492e+00
  -8.4870073e-01    2.1189920e-01    2.4334961e+00
  -8.5330259e-01    1.9319968e-01    2.4335270e+00
  -8.5748475e-01    1.7439017e-01    2.4335421e+00
  -8.6124720e-01    1.5550066e-01    2.4335415e+00
  -8.6457994e-01    1.3654115e-01    2.4335250e+00
  -8.6748299e-01    1.1750164e-01    2.4334924e+00
  -8.6996632e-01    9.8399132e-02    2.4334443e+00
  -8.7202993e-01    7.9249627e-02    2.4333808e+00
  -8.7365384e-01    6.0059122e-02    2.4333012e+00
  -8.7486802e-01    4.0837618e-02    2.4332066e+00
  -8.7565249e-01    2.1594115e-02    2.4330964e+00
  -8.7601723e-01    2.3383127e-03    2.4329710e+00
  -8.7597223e-01   -1.6920890e-02    2.4328309e+00
  -8.7549751e-01   -3.6174393e-02    2.4326754e+00
  -8.7462305e-01   -5.5412896e-02    2.4325056e+00
  -8.7332885e-01   -7.4628400e-02    2.4323209e+00
  -8.7161491e-01   -9.3810904e-02    2.4321213e+00
  -8.6950122e-01   -1.1295241e-01    2.4319077e+00
  -8.6695780e-01   -1.3204192e-01    2.4316790e+00
  -8.6401461e-01   -1.5107143e-01    2.4314363e+00
  -8.6065169e-01   -1.7004094e-01    2.4311790e+00
  -8.5687900e-01   -1.8892045e-01    2.4309076e+00
  -8.5269656e-01   -2.0771996e-01    2.4306221e+00
  -8.4809436e-01   -2.2641948e-01    2.4303221e+00
  -8.4310239e-01   -2.4501900e-01    2.4300089e+00
  -8.3769066e-01   -2.6349852e-01    2.4296815e+00
  -8.3188915e-01   -2.8185805e-01    2.4293409e+00
  -8.2569787e-01   -3.0009758e-01    2.4289872e+00
  -8.1910680e-01   -3.1818711e-01    2.4286201e+00
  -8.1213594e-01   -3.3613665e-01    2.4282405e+00
  -8.0477529e-01   -3.5392619e-01    2.4278479e+00
  -7.9703484e-01   -3.7156573e-01    2.4274428e+00
  -7.8890460e-01   -3.8901528e-01    2.4270251e+00
  -7.8040456e-01   -4.0629483e-01    2.4265952e+00
  -7.7151471e-01   -4.2337439e-01    2.4261528e+00
  -7.6225506e-01   -4.4025396e-01    2.4256986e+00
  -7.5260559e-01   -4.5691353e-01    2.4252319e+00
  -7.4257632e-01   -4.7335310e-01    2.4247531e+00
  -7.3218722e-01   -4.8956268e-01    2.4242631e+00
  -7.2141830e-01   -5.0552227e-01    2.4237612e+00
  -7.1027955e-01   -5.2123187e-01    2.4232478e+00
  -6.9879096e-01   -5.3668147e-01    2.4227237e+00
  -6.8696253e-01   -5.5186108e-01    2.4221893e+00
  -6.7478425e-01   -5.6678069e-01    2.4216442e+00
  -6.6228610e-01   -5.8142031e-01    2.4210896e+00
  -6.4947809e-01   -5.9578994e-01    2.4205258e+00
  -6.3635021e-01   -6.0987958e-01    2.4199526e+00
  -6.2294243e-01   -6.2367922e-01    2.4193714e+00
  -6.0923478e-01   -6.3719887e-01    2.4187814e+00
  -5.9525723e-01   -6.5043853e-01    2.4181837e+00
  -5.8099978e-01   -6.6337820e-01    2.4175781e+00
  -5.6648242e-01   -6.7600787e-01    2.4169654e+00
  -5.5169516e-01   -6.8833755e-01    2.4163451e+00
  -5.3665798e-01   -7.0035724e-01    2.4157181e+00
  -5.2136088e-01   -7.1204694e-01    2.4150841e+00
  -5.0581385e-01   -7.2339665e-01    2.4144436e+00
  -4.9001690e-01   -7.3439636e-01    2.4137966e+00
  -4.7398001e-01   -7.4503609e-01    2.4131436e+00
  -4.5770318e-01   -7.5530582e-01    2.4124846e+00
  -4.4118640e-01   -7.6520557e-01    2.4118197e+00
  -4.2445966e-01   -7.7471532e-01    2.4111500e+00
  -4.0751297e-01   -7.8384508e-01    2.4104751e+00
  -3.9036630e-01   -7.9258486e-01    2.4097959e+00
  -3.7301967e-01   -8.0093464e-01    2.4091122e+00
  -3.5550304e-01   -8.0890444e-01    2.4084252e+00
  -3.3780643e-01   -8.1648424e-01    2.4077345e+00
  -3.1995982e-01   -8.2368406e-01    2.4070412e+00
  -3.0196321e-01   -8.3051388e-01    2.4063451e+00
  -2.8382658e-01   -8.3694371e-01    2.4056469e+00
  -2.6554995e-01   -8.4299356e-01    2.4049464e+00
  -2.4715329e-01   -8.4864341e-01    2.4042444e+00
  -2.2863661e-01   -8.5389328e-01    2.4035410e+00
  -2.1000989e-01   -8.5873315e-01    2.4028366e+00
  -1.9127314e-01   -8.6315304e-01    2.4021312e+00
  -1.7244633e-01   -8.6714293e-01    2.4014257e+00
  -1.5352947e-01   -8.7069284e-01    2.4007202e+00
  -1.3453254e-01   -8.7380276e-01    2.4000149e+00
  -1.1547554e-01   -8.7648269e-01    2.3993106e+00
  -9.6360467e-02   -8.7871263e-01    2.3986074e+00
  -7.7198312e-02   -8.8052259e-01    2.3979055e+00
  -5.8001069e-02   -8.8190255e-01    2.3972054e+00
  -3.8777734e-02   -8.8286253e-01    2.3965075e+00
  -1.9539303e-02   -8.8341251e-01    2.3958119e+00
  -2.9217470e-04   -8.8356251e-01    2.3951189e+00
   1.8953858e-02   -8.8331252e-01    2.3944289e+00
   3.8189601e-02   -8.8266253e-01    2.3937420e+00
   5.7409457e-02   -8.8161256e-01    2.3930587e+00
   7.6602434e-02   -8.8016260e-01    2.3923791e+00
   9.5760537e-02   -8.7831264e-01    2.3917037e+00
   1.1487577e-01   -8.7605270e-01    2.3910328e+00
   1.3393415e-01   -8.7338277e-01    2.3903669e+00
   1.5293268e-01   -8.7029285e-01    2.3897061e+00
   1.7186136e-01   -8.6679294e-01    2.3890508e+00
   1.9071019e-01   -8.6287304e-01    2.3884014e+00
   2.0946919e-01   -8.5854316e-01    2.3877582e+00
   2.2811838e-01   -8.5379328e-01    2.3871220e+00
   2.4666773e-01   -8.4863341e-01    2.3864922e+00
   2.6509726e-01   -8.4307355e-01    2.3858697e+00
   2.8339698e-01   -8.3710371e-01    2.3852548e+00
   3.0155690e-01   -8.3073387e-01    2.3846478e+00
   3.1958700e-01   -8.2396405e-01    2.3840483e+00
   3.3745730e-01   -8.1681423e-01    2.3834573e+00
   3.5516781e-01   -8.0926443e-01    2.3828749e+00
   3.7270853e-01   -8.0133463e-01    2.3823014e+00
   3.9006947e-01   -7.9301485e-01    2.3817371e+00
   4.0725061e-01   -7.8432507e-01    2.3811820e+00
   4.2423198e-01   -7.7526531e-01    2.3806367e+00
   4.4101358e-01   -7.6583555e-01    2.3801012e+00
   4.5759540e-01   -7.5603580e-01    2.3795756e+00
   4.7395745e-01   -7.4589606e-01    2.3790603e+00
   4.9008975e-01   -7.3538634e-01    2.3785559e+00
   5.0600227e-01   -7.2454662e-01    2.3780619e+00
   5.2166504e-01   -7.1335690e-01    2.3775793e+00
   5.3708806e-01   -7.0183720e-01    2.3771077e+00
   5.5226132e-01   -6.8997751e-01    2.3766475e+00
   5.6717483e-01   -6.7778782e-01    2.3761990e+00
   5.8180861e-01   -6.6527815e-01    2.3757629e+00
   5.9617265e-01   -6.5245848e-01    2.3753388e+00
   6.1024695e-01   -6.3931882e-01    2.3749273e+00
   6.2404151e-01   -6.2587916e-01    2.3745281e+00
   6.3753634e-01   -6.1214952e-01    2.3741417e+00
   6.5073144e-01   -5.9811988e-01    2.3737682e+00
   6.6362681e-01   -5.8382025e-01    2.3734075e+00
   6.7621245e-01   -5.6924063e-01    2.3730599e+00
   6.8847836e-01   -5.5440101e-01    2.3727257e+00
   7.0042454e-01   -5.3930140e-01    2.3724048e+00
   7.1205100e-01   -5.2395180e-01    2.3720972e+00
   7.2334773e-01   -5.0835220e-01    2.3718033e+00
   7.3429475e-01   -4.9251261e-01    2.3715237e+00
   7.4490205e-01   -4.7643302e-01    2.3712580e+00
   7.5514965e-01   -4.6012344e-01    2.3710069e+00
   7.6502754e-01   -4.4359387e-01    2.3707707e+00
   7.7453572e-01   -4.2684430e-01    2.3705493e+00
   7.8366421e-01   -4.0988474e-01    2.3703431e+00
   7.9239300e-01   -3.9272518e-01    2.3701527e+00
   8.0074210e-01   -3.7536563e-01    2.3699774e+00
   8.0870149e-01   -3.5782609e-01    2.3698174e+00
   8.1625118e-01   -3.4011654e-01    2.3696734e+00
   8.2341118e-01   -3.2223701e-01    2.3695446e+00
   8.3017147e-01   -3.0419747e-01    2.3694313e+00
   8.3653206e-01   -2.8601794e-01    2.3693334e+00
   8.4248295e-01   -2.6770841e-01    2.3692511e+00
   8.4803412e-01   -2.4926889e-01    2.3691842e+00
   8.5318559e-01   -2.3069937e-01    2.3691325e+00
   8.5791736e-01   -2.1203985e-01    2.3690966e+00
   8.6223942e-01   -1.9327034e-01    2.3690762e+00
   8.6615176e-01   -1.7441082e-01    2.3690712e+00
   8.6965439e-01   -1.5547131e-01    2.3690815e+00
   8.7274731e-01   -1.3646180e-01    2.3691070e+00
   8.7542051e-01   -1.1739230e-01    2.3691480e+00
   8.7768399e-01   -9.8261789e-02    2.3692042e+00
   8.7953774e-01   -7.9091284e-02    2.3692755e+00
   8.8098177e-01   -5.9885780e-02    2.3693617e+00
   8.8200608e-01   -4.0653277e-02    2.3694632e+00
   8.8262065e-01   -2.1403774e-02    2.3695795e+00
   8.8281550e-01   -2.1457715e-03    2.3697110e+00
   8.8259062e-01    1.7112231e-02    2.3698576e+00
   8.8193602e-01    3.6359734e-02    2.3700195e+00
   8.8084169e-01    5.5588238e-02    2.3701971e+00
   8.7931764e-01    7.4785742e-02    2.3703900e+00
   8.7735386e-01    9.3944247e-02    2.3705983e+00
   8.7495035e-01    1.1305175e-01    2.3708222e+00
   8.7211710e-01    1.3210126e-01    2.3710610e+00
   8.6884412e-01    1.5108077e-01    2.3713152e+00
   8.6515138e-01    1.6998028e-01    2.3715838e+00
   8.6102891e-01    1.8878980e-01    2.3718673e+00
   8.5650666e-01    2.0750931e-01    2.3721645e+00
   8.5157466e-01    2.2611883e-01    2.3724756e+00
   8.4624288e-01    2.4462836e-01    2.3728004e+00
   8.4052133e-01    2.6301788e-01    2.3731383e+00
   8.3440999e-01    2.8127741e-01    2.3734893e+00
   8.2790888e-01    2.9940694e-01    2.3738534e+00
   8.2102797e-01    3.1738648e-01    2.3742301e+00
   8.1375727e-01    3.3521602e-01    2.3746197e+00
   8.0610678e-01    3.5288556e-01    2.3750217e+00
   7.9807649e-01    3.7038511e-01    2.3754363e+00
   7.8965640e-01    3.8770466e-01    2.3758635e+00
   7.8085651e-01    4.0483422e-01    2.3763030e+00
   7.7168681e-01    4.2176378e-01    2.3767544e+00
   7.6213729e-01    4.3848335e-01    2.3772180e+00
   7.5221796e-01    4.5498292e-01    2.3776932e+00
   7.4193881e-01    4.7126250e-01    2.3781798e+00
   7.3129983e-01    4.8731209e-01    2.3786777e+00
   7.2031101e-01    5.0312168e-01    2.3791864e+00
   7.0898235e-01    5.1868128e-01    2.3797056e+00
   6.9731384e-01    5.3400088e-01    2.3802352e+00
   6.8531548e-01    5.4905049e-01    2.3807747e+00
   6.7299726e-01    5.6385011e-01    2.3813240e+00
   6.6035918e-01    5.7837974e-01    2.3818828e+00
   6.4742122e-01    5.9262937e-01    2.3824504e+00
   6.3418338e-01    6.0659901e-01    2.3830267e+00
   6.2064566e-01    6.2028865e-01    2.3836118e+00
   6.0682805e-01    6.3368831e-01    2.3842049e+00
   5.9272054e-01    6.4678797e-01    2.3848063e+00
   5.7834314e-01    6.5958764e-01    2.3854152e+00
   5.6368583e-01    6.7207732e-01    2.3860319e+00
   5.4876861e-01    6.8423700e-01    2.3866556e+00
   5.3359147e-01    6.9607670e-01    2.3872864e+00
   5.1815442e-01    7.0758640e-01    2.3879241e+00
   5.0247743e-01    7.1874611e-01    2.3885679e+00
   4.8655051e-01    7.2956583e-01    2.3892183e+00
   4.7039365e-01    7.4002556e-01    2.3898743e+00
   4.5401684e-01    7.5013530e-01    2.3905357e+00
   4.3742008e-01    7.5987505e-01    2.3912024e+00
   4.2060336e-01    7.6925481e-01    2.3918744e+00
   4.0359668e-01    7.7826457e-01    2.3925505e+00
   3.8640002e-01    7.8690435e-01    2.3932309e+00
   3.6901338e-01    7.9517414e-01    2.3939154e+00
   3.5145676e-01    8.0305393e-01    2.3946032e+00
   3.3373015e-01    8.1055374e-01    2.3952944e+00
   3.1584354e-01    8.1766356e-01    2.3959885e+00
   2.9780693e-01    8.2438338e-01    2.3966852e+00
   2.7963030e-01    8.3069322e-01    2.3973840e+00
   2.6131366e-01    8.3661307e-01    2.3980850e+00
   2.4287699e-01    8.4213293e-01    2.3987875e+00
   2.2432030e-01    8.4725279e-01    2.3994914e+00
   2.0566358e-01    8.5198267e-01    2.4001961e+00
   1.8690681e-01    8.5631256e-01    2.4009015e+00
   1.6807000e-01    8.6025246e-01    2.4016070e+00
   1.4915314e-01    8.6382237e-01    2.4023127e+00
   1.3017622e-01    8.6700228e-01    2.4030178e+00
   1.1112924e-01    8.6980221e-01    2.4037227e+00
   9.2039200e-02    8.7222215e-01    2.4044263e+00
   7.2901087e-02    8.7425210e-01    2.4051289e+00
   5.3724903e-02    8.7591205e-01    2.4058302e+00
   3.4518635e-02    8.7717202e-01    2.4065297e+00
   1.5291277e-02    8.7803200e-01    2.4072271e+00
  -3.9505754e-03    8.7849199e-01    2.4079221e+00
  -2.3197730e-02    8.7854199e-01    2.4086144e+00
  -4.2441395e-02    8.7817199e-01    2.4093035e+00
  -6.1673174e-02    8.7739201e-01    2.4099893e+00
  -8.0883075e-02    8.7619205e-01    2.4106712e+00
  -1.0006310e-01    8.7457209e-01    2.4113491e+00
  -1.1920127e-01    8.7253214e-01    2.4120224e+00
  -1.3828957e-01    8.7008220e-01    2.4126910e+00
  -1.5732801e-01    8.6722228e-01    2.4133548e+00
  -1.7629661e-01    8.6395236e-01    2.4140132e+00
  -1.9519535e-01    8.6027246e-01    2.4146661e+00
  -2.1400425e-01    8.5620256e-01    2.4153130e+00
  -2.3272332e-01    8.5172268e-01    2.4159537e+00
  -2.5134255e-01    8.4684280e-01    2.4165880e+00
  -2.6985196e-01    8.4155294e-01    2.4172153e+00
  -2.8825154e-01    8.3587309e-01    2.4178359e+00
  -3.0651132e-01    8.2980324e-01    2.4184487e+00
  -3.2464128e-01    8.2332341e-01    2.4190538e+00
  -3.4263143e-01    8.1646359e-01    2.4196512e+00
  -3.6046179e-01    8.0921378e-01    2.4202400e+00
  -3.7814234e-01    8.0158397e-01    2.4208208e+00
  -3.9565309e-01    7.9358418e-01    2.4213927e+00
  -4.1299405e-01    7.8522440e-01    2.4219560e+00
  -4.3015522e-01    7.7650462e-01    2.4225102e+00
  -4.4713659e-01    7.6744485e-01    2.4230555e+00
  -4.6393817e-01    7.5803510e-01    2.4235918e+00
  -4.8053996e-01    7.4828535e-01    2.4241185e+00
  -4.9694197e-01    7.3820561e-01    2.4246357e+00
  -5.1313421e-01    7.2778588e-01    2.4251428e+00
  -5.2909667e-01    7.1703616e-01    2.4256394e+00
  -5.4482938e-01    7.0593644e-01    2.4261251e+00
  -5.6032233e-01    6.9449674e-01    2.4265998e+00
  -5.7554554e-01    6.8270704e-01    2.4270623e+00
  -5.9049901e-01    6.7057736e-01    2.4275126e+00
  -6.0516276e-01    6.5809768e-01    2.4279500e+00
  -6.1953679e-01    6.4528801e-01    2.4283746e+00
  -6.3360110e-01    6.3213835e-01    2.4287856e+00
  -6.4735570e-01    6.1865870e-01    2.4291832e+00
  -6.6080057e-01    6.0487905e-01    2.4295674e+00
  -6.7392574e-01    5.9078942e-01    2.4299379e+00
  -6.8674117e-01    5.7640979e-01    2.4302952e+00
  -6.9922690e-01    5.6175017e-01    2.4306386e+00
  -7.1139289e-01    5.4683055e-01    2.4309687e+00
  -7.2323916e-01    5.3164094e-01    2.4312853e+00
  -7.3473573e-01    5.1620134e-01    2.4315875e+00
  -7.4590257e-01    5.0050175e-01    2.4318761e+00
  -7.5670971e-01    4.8456216e-01    2.4321499e+00
  -7.6714715e-01    4.6838258e-01    2.4324088e+00
  -7.7721488e-01    4.5196300e-01    2.4326526e+00
  -7.8690293e-01    4.3531343e-01    2.4328812e+00
  -7.9619128e-01    4.1845387e-01    2.4330938e+00
  -8.0509994e-01    4.0137431e-01    2.4332913e+00
  -8.1360891e-01    3.8409475e-01    2.4334729e+00
  -8.2171818e-01    3.6663520e-01    2.4336389e+00
  -8.2945774e-01    3.4899566e-01    2.4337902e+00
  -8.3680759e-01    3.3119612e-01    2.4339264e+00
  -8.4378772e-01    3.1323658e-01    2.4340482e+00
  -8.5038813e-01    2.9514705e-01    2.4341554e+00
  -8.5662881e-01    2.7692752e-01    2.4342487e+00
  -8.6249975e-01    2.5858800e-01    2.4343279e+00
  -8.6800097e-01    2.4012847e-01    2.4343929e+00
  -8.7312246e-01    2.2155895e-01    2.4344435e+00
  -8.7786422e-01    2.0289943e-01    2.4344797e+00
  -8.8220626e-01    1.8412992e-01    2.4345009e+00
  -8.8614858e-01    1.6528040e-01    2.4345070e+00
  -8.8968120e-01    1.4634089e-01    2.4344978e+00
  -8.9278410e-01    1.2734138e-01    2.4344727e+00
  -8.9547729e-01    1.0827188e-01    2.4344324e+00
  -8.9774077e-01    8.9141371e-02    2.4343762e+00
  -8.9956454e-01    6.9968866e-02    2.4343039e+00
  -9.0097859e-01    5.0761362e-02    2.4342166e+00
  -9.0195293e-01    3.1526859e-02    2.4341133e+00
  -9.0251754e-01    1.2275356e-02    2.4339951e+00
  -9.0267242e-01   -6.9831466e-03    2.4338622e+00
  -9.0240756e-01   -2.6240649e-02    2.4337142e+00
  -9.0174296e-01   -4.5488152e-02    2.4335519e+00
  -9.0067862e-01   -6.4717656e-02    2.4333753e+00
  -8.9921453e-01   -8.3920160e-02    2.4331846e+00
  -8.9735068e-01   -1.0309266e-01    2.4329797e+00
  -8.9509708e-01   -1.2221217e-01    2.4327612e+00
  -8.9243373e-01   -1.4129168e-01    2.4325283e+00
  -8.8938061e-01   -1.6030119e-01    2.4322818e+00
  -8.8593773e-01   -1.7925070e-01    2.4320218e+00
  -8.8208510e-01   -1.9812021e-01    2.4317476e+00
  -8.7783269e-01   -2.1689973e-01    2.4314597e+00
  -8.7319052e-01   -2.3558924e-01    2.4311584e+00
  -8.6813859e-01   -2.5417876e-01    2.4308431e+00
  -8.6269687e-01   -2.7264829e-01    2.4305146e+00
  -8.5686538e-01   -2.9099781e-01    2.4301730e+00
  -8.5062412e-01   -3.0921734e-01    2.4298176e+00
  -8.4400307e-01   -3.2729687e-01    2.4294496e+00
  -8.3698224e-01   -3.4522641e-01    2.4290683e+00
  -8.2958161e-01   -3.6300595e-01    2.4286744e+00
  -8.2179119e-01   -3.8061550e-01    2.4282677e+00
  -8.1363097e-01   -3.9805505e-01    2.4278489e+00
  -8.0509094e-01   -4.1531460e-01    2.4274178e+00
  -7.9619110e-01   -4.3238416e-01    2.4269751e+00
  -7.8692145e-01   -4.4926372e-01    2.4265205e+00
  -7.7730197e-01   -4.6594329e-01    2.4260547e+00
  -7.6733267e-01   -4.8241287e-01    2.4255779e+00
  -7.5702353e-01   -4.9867245e-01    2.4250904e+00
  -7.4637455e-01   -5.1471203e-01    2.4245922e+00
  -7.3538573e-01   -5.3052163e-01    2.4240835e+00
  -7.2406707e-01   -5.4610122e-01    2.4235646e+00
  -7.1241855e-01   -5.6143083e-01    2.4230356e+00
  -7.0045018e-01   -5.7651044e-01    2.4224969e+00
  -6.8816195e-01   -5.9133006e-01    2.4219486e+00
  -6.7556384e-01   -6.0587968e-01    2.4213910e+00
  -6.6265587e-01   -6.2015931e-01    2.4208243e+00
  -6.4943803e-01   -6.3415895e-01    2.4202485e+00
  -6.3593030e-01   -6.4787860e-01    2.4196642e+00
  -6.2213268e-01   -6.6129825e-01    2.4190717e+00
  -6.0805516e-01   -6.7443791e-01    2.4184712e+00
  -5.9370775e-01   -6.8726758e-01    2.4178631e+00
  -5.7909043e-01   -6.9979725e-01    2.4172475e+00
  -5.6422319e-01   -7.1201694e-01    2.4166252e+00
  -5.4909603e-01   -7.2392663e-01    2.4159958e+00
  -5.3372895e-01   -7.3551633e-01    2.4153600e+00
  -5.1812194e-01   -7.4677604e-01    2.4147180e+00
  -5.0227500e-01   -7.5770576e-01    2.4140697e+00
  -4.8619813e-01   -7.6829549e-01    2.4134156e+00
  -4.6990130e-01   -7.7853522e-01    2.4127561e+00
  -4.5338452e-01   -7.8842497e-01    2.4120912e+00
  -4.3665779e-01   -7.9794472e-01    2.4114214e+00
  -4.1973109e-01   -8.0710448e-01    2.4107471e+00
  -4.0260442e-01   -8.1589426e-01    2.4100682e+00
  -3.8529777e-01   -8.2431404e-01    2.4093855e+00
  -3.6781114e-01   -8.3234383e-01    2.4086991e+00
  -3.5014454e-01   -8.4000363e-01    2.4080089e+00
  -3.3232792e-01   -8.4728345e-01    2.4073161e+00
  -3.1436131e-01   -8.5418327e-01    2.4066206e+00
  -2.9624470e-01   -8.6069310e-01    2.4059225e+00
  -2.7799806e-01   -8.6681294e-01    2.4052226e+00
  -2.5962141e-01   -8.7254279e-01    2.4045207e+00
  -2.4113473e-01   -8.7787266e-01    2.4038178e+00
  -2.2252803e-01   -8.8280253e-01    2.4031135e+00
  -2.0382128e-01   -8.8733241e-01    2.4024084e+00
  -1.8502449e-01   -8.9145231e-01    2.4017031e+00
  -1.6613764e-01   -8.9516221e-01    2.4009975e+00
  -1.4717075e-01   -8.9845212e-01    2.4002920e+00
  -1.2814378e-01   -9.0133205e-01    2.3995873e+00
  -1.0905675e-01   -9.0380199e-01    2.3988833e+00
  -8.9915641e-02   -9.0585193e-01    2.3981805e+00
  -7.0738452e-02   -9.0749189e-01    2.3974793e+00
  -5.1530178e-02   -9.0872186e-01    2.3967800e+00
  -3.2300811e-02   -9.0954184e-01    2.3960828e+00
  -1.3058349e-02   -9.0996183e-01    2.3953880e+00
   6.1891132e-03   -9.0998183e-01    2.3946960e+00
   2.5432881e-02   -9.0960184e-01    2.3940069e+00
   4.4664660e-02   -9.0882186e-01    2.3933212e+00
   6.3876552e-02   -9.0765189e-01    2.3926389e+00
   8.3060566e-02   -9.0608193e-01    2.3919606e+00
   1.0220870e-01   -9.0412198e-01    2.3912863e+00
   1.2131497e-01   -9.0177204e-01    2.3906164e+00
   1.4036338e-01   -8.9902211e-01    2.3899514e+00
   1.5935192e-01   -8.9587219e-01    2.3892914e+00
   1.7827062e-01   -8.9233228e-01    2.3886368e+00
   1.9710947e-01   -8.8839238e-01    2.3879879e+00
   2.1586847e-01   -8.8405250e-01    2.3873447e+00
   2.3452764e-01   -8.7931262e-01    2.3867080e+00
   2.5307699e-01   -8.7418275e-01    2.3860781e+00
   2.7151650e-01   -8.6865289e-01    2.3854550e+00
   2.8982621e-01   -8.6272305e-01    2.3848394e+00
   3.0801609e-01   -8.5641321e-01    2.3842309e+00
   3.2605617e-01   -8.4970338e-01    2.3836306e+00
   3.4395644e-01   -8.4261357e-01    2.3830381e+00
   3.6169691e-01   -8.3513376e-01    2.3824542e+00
   3.7926759e-01   -8.2727396e-01    2.3818791e+00
   3.9667847e-01   -8.1904418e-01    2.3813123e+00
   4.1389957e-01   -8.1045440e-01    2.3807550e+00
   4.3094088e-01   -8.0148463e-01    2.3802069e+00
   4.4778240e-01   -7.9217487e-01    2.3796684e+00
   4.6443415e-01   -7.8250512e-01    2.3791394e+00
   4.8087611e-01   -7.7249538e-01    2.3786203e+00
   4.9711829e-01   -7.6214564e-01    2.3781108e+00
   5.1314070e-01   -7.5146592e-01    2.3776117e+00
   5.2893335e-01   -7.4045620e-01    2.3771231e+00
   5.4450621e-01   -7.2913650e-01    2.3766447e+00
   5.5982932e-01   -7.1748680e-01    2.3761776e+00
   5.7492267e-01   -7.0551711e-01    2.3757211e+00
   5.8975625e-01   -6.9324742e-01    2.3752761e+00
   6.0433009e-01   -6.8065775e-01    2.3748427e+00
   6.1862419e-01   -6.6776808e-01    2.3744216e+00
   6.3264854e-01   -6.5456842e-01    2.3740123e+00
   6.4638316e-01   -6.4106877e-01    2.3736157e+00
   6.5981804e-01   -6.2727913e-01    2.3732319e+00
   6.7295319e-01   -6.1319949e-01    2.3728609e+00
   6.8577862e-01   -5.9883986e-01    2.3725031e+00
   6.9829432e-01   -5.8420024e-01    2.3721585e+00
   7.1049029e-01   -5.6929063e-01    2.3718273e+00
   7.2235654e-01   -5.5413102e-01    2.3715097e+00
   7.3389307e-01   -5.3871141e-01    2.3712059e+00
   7.4510988e-01   -5.2305182e-01    2.3709153e+00
   7.5598695e-01   -5.0716223e-01    2.3706385e+00
   7.6652431e-01   -4.9104265e-01    2.3703756e+00
   7.7671195e-01   -4.7470307e-01    2.3701269e+00
   7.8655987e-01   -4.5815350e-01    2.3698919e+00
   7.9605806e-01   -4.4140393e-01    2.3696709e+00
   8.0519654e-01   -4.2444437e-01    2.3694644e+00
   8.1397530e-01   -4.0730481e-01    2.3692720e+00
   8.2238434e-01   -3.8998526e-01    2.3690943e+00
   8.3043366e-01   -3.7248571e-01    2.3689308e+00
   8.3810327e-01   -3.5481616e-01    2.3687821e+00
   8.4539317e-01   -3.3698662e-01    2.3686483e+00
   8.5230335e-01   -3.1901709e-01    2.3685291e+00
   8.5884380e-01   -3.0089756e-01    2.3684243e+00
   8.6499455e-01   -2.8264803e-01    2.3683344e+00
   8.7076557e-01   -2.6426850e-01    2.3682591e+00
   8.7614687e-01   -2.4577898e-01    2.3681986e+00
   8.8112845e-01   -2.2717946e-01    2.3681533e+00
   8.8573032e-01   -2.0846994e-01    2.3681224e+00
   8.8992246e-01   -1.8968043e-01    2.3681069e+00
   8.9372489e-01   -1.7079092e-01    2.3681060e+00
   8.9711759e-01   -1.5184141e-01    2.3681203e+00
   9.0010058e-01   -1.3281190e-01    2.3681499e+00
   9.0267385e-01   -1.1372239e-01    2.3681947e+00
   9.0482740e-01   -9.4583884e-02    2.3682549e+00
   9.0657123e-01   -7.5403380e-02    2.3683302e+00
   9.0788535e-01   -5.6188876e-02    2.3684211e+00
   9.0878973e-01   -3.6950373e-02    2.3685270e+00
   9.0926440e-01   -1.7697870e-02    2.3686483e+00
   9.0932933e-01    1.5617328e-03    2.3687845e+00
   9.0897454e-01    2.0817136e-02    2.3689357e+00
   9.0820001e-01    4.0060639e-02    2.3691020e+00
   9.0700575e-01    5.9283142e-02    2.3692831e+00
   9.0541174e-01    7.8475647e-02    2.3694785e+00
   9.0340798e-01    9.7629152e-02    2.3696882e+00
   9.0099448e-01    1.1674166e-01    2.3699124e+00
   8.9819121e-01    1.3579117e-01    2.3701502e+00
   8.9499818e-01    1.5478068e-01    2.3704016e+00
   8.9141538e-01    1.7370019e-01    2.3706664e+00
   8.8744282e-01    1.9254970e-01    2.3709448e+00
   8.8308048e-01    2.1129922e-01    2.3712364e+00
   8.7833836e-01    2.2996873e-01    2.3715412e+00
   8.7320647e-01    2.4852825e-01    2.3718591e+00
   8.6769480e-01    2.6697778e-01    2.3721899e+00
   8.6179335e-01    2.8530731e-01    2.3725339e+00
   8.5549212e-01    3.0350684e-01    2.3728913e+00
   8.4881110e-01    3.2156637e-01    2.3732614e+00
   8.4175029e-01    3.3947591e-01    2.3736440e+00
   8.3428970e-01    3.5723545e-01    2.3740399e+00
   8.2645930e-01    3.7482499e-01    2.3744479e+00
   8.1825910e-01    3.9224454e-01    2.3748679e+00
   8.0967909e-01    4.0948410e-01    2.3753003e+00
   8.0074927e-01    4.2654366e-01    2.3757440e+00
   7.9144963e-01    4.4340322e-01    2.3761996e+00
   7.8180017e-01    4.6006279e-01    2.3766663e+00
   7.7181087e-01    4.7652237e-01    2.3771438e+00
   7.6147175e-01    4.9276195e-01    2.3776322e+00
   7.5078279e-01    5.0878153e-01    2.3781317e+00
   7.3976399e-01    5.2457113e-01    2.3786413e+00
   7.2841534e-01    5.4012072e-01    2.3791611e+00
   7.1672684e-01    5.5542033e-01    2.3796914e+00
   7.0470849e-01    5.7045994e-01    2.3802316e+00
   6.9237028e-01    5.8523956e-01    2.3807814e+00
   6.7971220e-01    5.9973919e-01    2.3813407e+00
   6.6674425e-01    6.1396882e-01    2.3819092e+00
   6.5347642e-01    6.2790846e-01    2.3824864e+00
   6.3989872e-01    6.4156810e-01    2.3830727e+00
   6.2604112e-01    6.5492776e-01    2.3836670e+00
   6.1190363e-01    6.6798742e-01    2.3842691e+00
   5.9748624e-01    6.8074709e-01    2.3848792e+00
   5.8280894e-01    6.9319677e-01    2.3854963e+00
   5.6787172e-01    7.0533646e-01    2.3861206e+00
   5.5267459e-01    7.1715615e-01    2.3867519e+00
   5.3723753e-01    7.2865586e-01    2.3873896e+00
   5.2156055e-01    7.3982557e-01    2.3880335e+00
   5.0564363e-01    7.5065529e-01    2.3886835e+00
   4.8950676e-01    7.6114502e-01    2.3893391e+00
   4.7314995e-01    7.7129475e-01    2.3900001e+00
   4.5658318e-01    7.8109450e-01    2.3906661e+00
   4.3981645e-01    7.9054426e-01    2.3913368e+00
   4.2285976e-01    7.9965402e-01    2.3920119e+00
   4.0571310e-01    8.0840380e-01    2.3926912e+00
   3.8840645e-01    8.1681358e-01    2.3933738e+00
   3.7091983e-01    8.2487337e-01    2.3940604e+00
   3.5329320e-01    8.3258317e-01    2.3947495e+00
   3.3550660e-01    8.3995298e-01    2.3954419e+00
   3.1758998e-01    8.4697280e-01    2.3961365e+00
   2.9953337e-01    8.5364263e-01    2.3968336e+00
   2.8134675e-01    8.5994247e-01    2.3975327e+00
   2.6304011e-01    8.6588231e-01    2.3982335e+00
   2.4461345e-01    8.7145217e-01    2.3989359e+00
   2.2607676e-01    8.7664203e-01    2.3996396e+00
   2.0744004e-01    8.8145191e-01    2.4003442e+00
   1.8871328e-01    8.8586180e-01    2.4010491e+00
   1.6988648e-01    8.8988169e-01    2.4017548e+00
   1.5097962e-01    8.9349160e-01    2.4024605e+00
   1.3200271e-01    8.9670152e-01    2.4031657e+00
   1.1296573e-01    8.9951144e-01    2.4038703e+00
   9.3868692e-02    9.0192138e-01    2.4045741e+00
   7.4726573e-02    9.0392133e-01    2.4052767e+00
   5.5546376e-02    9.0552129e-01    2.4059777e+00
   3.6336095e-02    9.0672126e-01    2.4066769e+00
   1.7105723e-02    9.0752124e-01    2.4073739e+00
  -2.1373434e-03    9.0792123e-01    2.4080686e+00
  -2.1384308e-02    9.0793123e-01    2.4087606e+00
  -4.0627979e-02    9.0754124e-01    2.4094495e+00
  -5.9859758e-02    9.0676126e-01    2.4101353e+00
  -7.9072647e-02    9.0560129e-01    2.4108176e+00
  -9.8256655e-02    9.0405133e-01    2.4114961e+00
  -1.1740479e-01    9.0211138e-01    2.4121705e+00
  -1.3651304e-01    8.9979144e-01    2.4128408e+00
  -1.5557143e-01    8.9709151e-01    2.4135065e+00
  -1.7456996e-01    8.9400159e-01    2.4141672e+00
  -1.9350862e-01    8.9052168e-01    2.4148230e+00
  -2.1235745e-01    8.8665178e-01    2.4154728e+00
  -2.3112642e-01    8.8239189e-01    2.4161169e+00
  -2.4980557e-01    8.7772201e-01    2.4167548e+00
  -2.6837488e-01    8.7266214e-01    2.4173859e+00
  -2.8683437e-01    8.6719228e-01    2.4180102e+00
  -3.0516405e-01    8.6131243e-01    2.4186268e+00
  -3.2335392e-01    8.5503259e-01    2.4192356e+00
  -3.4141398e-01    8.4834277e-01    2.4198367e+00
  -3.5931425e-01    8.4125295e-01    2.4204292e+00
  -3.7704473e-01    8.3378314e-01    2.4210129e+00
  -3.9462540e-01    8.2592334e-01    2.4215883e+00
  -4.1202629e-01    8.1768356e-01    2.4221546e+00
  -4.2924739e-01    8.0908378e-01    2.4227119e+00
  -4.4628870e-01    8.0012401e-01    2.4232600e+00
  -4.6314022e-01    7.9081425e-01    2.4237989e+00
  -4.7980194e-01    7.8117450e-01    2.4243285e+00
  -4.9627388e-01    7.7120476e-01    2.4248490e+00
  -5.1253604e-01    7.6090502e-01    2.4253595e+00
  -5.2859840e-01    7.5028530e-01    2.4258606e+00
  -5.4445099e-01    7.3935558e-01    2.4263518e+00
  -5.6008379e-01    7.2811587e-01    2.4268330e+00
  -5.7548683e-01    7.1656617e-01    2.4273037e+00
  -5.9066009e-01    7.0471647e-01    2.4277639e+00
  -6.0559359e-01    6.9254679e-01    2.4282132e+00
  -6.2026733e-01    6.8008711e-01    2.4286511e+00
  -6.3467132e-01    6.6731744e-01    2.4290771e+00
  -6.4881556e-01    6.5423778e-01    2.4294915e+00
  -6.6266008e-01    6.4086812e-01    2.4298930e+00
  -6.7622485e-01    6.2718848e-01    2.4302823e+00
  -6.8946990e-01    6.1321884e-01    2.4306580e+00
  -7.0240523e-01    5.9895921e-01    2.4310204e+00
  -7.1502084e-01    5.8440958e-01    2.4313693e+00
  -7.2730673e-01    5.6957996e-01    2.4317043e+00
  -7.3925292e-01    5.5447035e-01    2.4320251e+00
  -7.5084940e-01    5.3910075e-01    2.4323315e+00
  -7.6210617e-01    5.2347115e-01    2.4326238e+00
  -7.7300323e-01    5.0760156e-01    2.4329014e+00
  -7.8355058e-01    4.9148198e-01    2.4331646e+00
  -7.9374822e-01    4.7514240e-01    2.4334137e+00
  -8.0358614e-01    4.5859283e-01    2.4336483e+00
  -8.1307434e-01    4.4183326e-01    2.4338689e+00
  -8.2221282e-01    4.2487370e-01    2.4340755e+00
  -8.3099157e-01    4.0773414e-01    2.4342678e+00
  -8.3943059e-01    3.9042459e-01    2.4344467e+00
  -8.4750989e-01    3.7294504e-01    2.4346114e+00
  -8.5523946e-01    3.5530550e-01    2.4347624e+00
  -8.6261929e-01    3.3751596e-01    2.4348998e+00
  -8.6963939e-01    3.1957642e-01    2.4350231e+00
  -8.7628976e-01    3.0150689e-01    2.4351323e+00
  -8.8256041e-01    2.8329736e-01    2.4352267e+00
  -8.8846134e-01    2.6495783e-01    2.4353070e+00
  -8.9396255e-01    2.4650831e-01    2.4353721e+00
  -8.9907405e-01    2.2793879e-01    2.4354223e+00
  -9.0377584e-01    2.0925927e-01    2.4354570e+00
  -9.0806792e-01    1.9047975e-01    2.4354762e+00
  -9.1195028e-01    1.7162024e-01    2.4354801e+00
  -9.1542293e-01    1.5267073e-01    2.4354687e+00
  -9.1848587e-01    1.3366122e-01    2.4354421e+00
  -9.2114907e-01    1.1458171e-01    2.4354006e+00
  -9.2340256e-01    9.5457208e-02    2.4353441e+00
  -9.2525631e-01    7.6287703e-02    2.4352729e+00
  -9.2673032e-01    5.7084199e-02    2.4351878e+00
  -9.2780460e-01    3.7854696e-02    2.4350881e+00
  -9.2849912e-01    1.8608193e-02    2.4349747e+00
  -9.2881389e-01   -6.4867915e-04    2.4348475e+00
  -9.2873892e-01   -1.9907813e-02    2.4347063e+00
  -9.2826420e-01   -3.9161316e-02    2.4345508e+00
  -9.2740972e-01   -5.8400819e-02    2.4343817e+00
  -9.2615550e-01   -7.7619322e-02    2.4341984e+00
  -9.2450152e-01   -9.6806827e-02    2.4340010e+00
  -9.2244780e-01   -1.1595233e-01    2.4337895e+00
  -9.1999432e-01   -1.3506184e-01    2.4335638e+00
  -9.1714108e-01   -1.5410135e-01    2.4333244e+00
  -9.1387809e-01   -1.7308086e-01    2.4330706e+00
  -9.1022534e-01   -1.9199037e-01    2.4328033e+00
  -9.0618281e-01   -2.1081988e-01    2.4325225e+00
  -9.0174052e-01   -2.2955940e-01    2.4322281e+00
  -8.9690846e-01   -2.4819892e-01    2.4319203e+00
  -8.9169662e-01   -2.6673844e-01    2.4315996e+00
  -8.8610499e-01   -2.8516796e-01    2.4312661e+00
  -8.8013357e-01   -3.0346749e-01    2.4309198e+00
  -8.7379237e-01   -3.2164702e-01    2.4305611e+00
  -8.6706138e-01   -3.3969655e-01    2.4301894e+00
  -8.5997058e-01   -3.5759609e-01    2.4298057e+00
  -8.5250999e-01   -3.7534563e-01    2.4294099e+00
  -8.4467959e-01   -3.9293518e-01    2.4290019e+00
  -8.3648938e-01   -4.1036473e-01    2.4285821e+00
  -8.2793936e-01   -4.2761428e-01    2.4281507e+00
  -8.1902953e-01   -4.4469384e-01    2.4277076e+00
  -8.0977987e-01   -4.6157341e-01    2.4272537e+00
  -8.0019037e-01   -4.7827298e-01    2.4267889e+00
  -7.9025105e-01   -4.9476255e-01    2.4263130e+00
  -7.7997190e-01   -5.1104213e-01    2.4258264e+00
  -7.6936291e-01   -5.2711171e-01    2.4253294e+00
  -7.5843406e-01   -5.4296131e-01    2.4248226e+00
  -7.4717537e-01   -5.5858090e-01    2.4243055e+00
  -7.3559682e-01   -5.7396050e-01    2.4237787e+00
  -7.2371841e-01   -5.8911011e-01    2.4232427e+00
  -7.1152014e-01   -6.0400973e-01    2.4226971e+00
  -6.9903198e-01   -6.1864935e-01    2.4221429e+00
  -6.8624396e-01   -6.3304898e-01    2.4215796e+00
  -6.7316606e-01   -6.4717861e-01    2.4210078e+00
  -6.5980827e-01   -6.6103826e-01    2.4204280e+00
  -6.4617059e-01   -6.7462790e-01    2.4198400e+00
  -6.3226301e-01   -6.8792756e-01    2.4192444e+00
  -6.1807554e-01   -7.0094723e-01    2.4186407e+00
  -6.0361816e-01   -7.1365690e-01    2.4180296e+00
  -5.8890087e-01   -7.2606658e-01    2.4174113e+00
  -5.7392367e-01   -7.3815626e-01    2.4167859e+00
  -5.5869655e-01   -7.4992596e-01    2.4161539e+00
  -5.4321950e-01   -7.6136566e-01    2.4155153e+00
  -5.2749253e-01   -7.7247538e-01    2.4148700e+00
  -5.1154562e-01   -7.8325510e-01    2.4142192e+00
  -4.9536876e-01   -7.9369483e-01    2.4135626e+00
  -4.7898196e-01   -8.0379457e-01    2.4129009e+00
  -4.6239519e-01   -8.1354432e-01    2.4122345e+00
  -4.4559847e-01   -8.2295407e-01    2.4115630e+00
  -4.2862178e-01   -8.3201384e-01    2.4108876e+00
  -4.1145512e-01   -8.4072362e-01    2.4102078e+00
  -3.9410848e-01   -8.4907340e-01    2.4095242e+00
  -3.7659186e-01   -8.5705319e-01    2.4088371e+00
  -3.5891524e-01   -8.6466300e-01    2.4081469e+00
  -3.4108863e-01   -8.7190281e-01    2.4074540e+00
  -3.2310202e-01   -8.7876263e-01    2.4067581e+00
  -3.0497540e-01   -8.8525247e-01    2.4060598e+00
  -2.8672876e-01   -8.9135231e-01    2.4053600e+00
  -2.6835211e-01   -8.9707216e-01    2.4046582e+00
  -2.4985544e-01   -9.0241202e-01    2.4039549e+00
  -2.3125873e-01   -9.0737189e-01    2.4032507e+00
  -2.1256199e-01   -9.1195178e-01    2.4025456e+00
  -1.9378521e-01   -9.1614167e-01    2.4018405e+00
  -1.7491837e-01   -9.1994157e-01    2.4011349e+00
  -1.5597149e-01   -9.2335148e-01    2.4004293e+00
  -1.3696455e-01   -9.2637140e-01    2.3997243e+00
  -1.1789754e-01   -9.2898134e-01    2.3990201e+00
  -9.8770468e-02   -9.3119128e-01    2.3983166e+00
  -7.9611309e-02   -9.3299123e-01    2.3976149e+00
  -6.0415068e-02   -9.3438120e-01    2.3969148e+00
  -4.1193740e-02   -9.3537117e-01    2.3962167e+00
  -2.1955319e-02   -9.3596116e-01    2.3955209e+00
  -2.7089002e-03   -9.3615115e-01    2.3948276e+00
   1.6537819e-02   -9.3595116e-01    2.3941372e+00
   3.5776542e-02   -9.3537117e-01    2.3934497e+00
   5.4999375e-02   -9.3440120e-01    2.3927657e+00
   7.4199322e-02   -9.3305123e-01    2.3920852e+00
   9.3370383e-02   -9.3133128e-01    2.3914084e+00
   1.1250357e-01   -9.2922133e-01    2.3907357e+00
   1.3159188e-01   -9.2673139e-01    2.3900674e+00
   1.5062033e-01   -9.2386147e-01    2.3894040e+00
   1.6958892e-01   -9.2059155e-01    2.3887456e+00
   1.8848766e-01   -9.1694165e-01    2.3880925e+00
   2.0730655e-01   -9.1289175e-01    2.3874451e+00
   2.2603560e-01   -9.0845187e-01    2.3868038e+00
   2.4467481e-01   -9.0362199e-01    2.3861684e+00
   2.6319420e-01   -8.9839213e-01    2.3855403e+00
   2.8161375e-01   -8.9278227e-01    2.3849185e+00
   2.9990348e-01   -8.8679243e-01    2.3843041e+00
   3.1807339e-01   -8.8041259e-01    2.3836968e+00
   3.3609349e-01   -8.7367276e-01    2.3830974e+00
   3.5398378e-01   -8.6654295e-01    2.3825056e+00
   3.7171426e-01   -8.5905314e-01    2.3819220e+00
   3.8929493e-01   -8.5120334e-01    2.3813465e+00
   4.0670581e-01   -8.4298356e-01    2.3807797e+00
   4.2393689e-01   -8.3441378e-01    2.3802219e+00
   4.4099818e-01   -8.2549401e-01    2.3796727e+00
   4.5786968e-01   -8.1621425e-01    2.3791329e+00
   4.7455138e-01   -8.0660450e-01    2.3786024e+00
   4.9104330e-01   -7.9666475e-01    2.3780810e+00
   5.0732544e-01   -7.8638502e-01    2.3775696e+00
   5.2339779e-01   -7.7579529e-01    2.3770680e+00
   5.3926036e-01   -7.6488557e-01    2.3765762e+00
   5.5491315e-01   -7.5366586e-01    2.3760942e+00
   5.7033617e-01   -7.4214616e-01    2.3756226e+00
   5.8552941e-01   -7.3031647e-01    2.3751615e+00
   6.0047289e-01   -7.1817678e-01    2.3747116e+00
   6.1517661e-01   -7.0573710e-01    2.3742724e+00
   6.2961058e-01   -6.9299743e-01    2.3738452e+00
   6.4378479e-01   -6.7996777e-01    2.3734293e+00
   6.5766926e-01   -6.6662811e-01    2.3730261e+00
   6.7127400e-01   -6.5299846e-01    2.3726351e+00
   6.8457900e-01   -6.3907882e-01    2.3722569e+00
   6.9758427e-01   -6.2486919e-01    2.3718916e+00
   7.1027981e-01   -6.1039956e-01    2.3715392e+00
   7.2266562e-01   -5.9564994e-01    2.3712000e+00
   7.3474169e-01   -5.8065033e-01    2.3708738e+00
   7.4649804e-01   -5.6540073e-01    2.3705608e+00
   7.5794465e-01   -5.4991113e-01    2.3702607e+00
   7.6907152e-01   -5.3419153e-01    2.3699738e+00
   7.7986866e-01   -5.1825194e-01    2.3697003e+00
   7.9034607e-01   -5.0209236e-01    2.3694398e+00
   8.0049374e-01   -4.8572278e-01    2.3691927e+00
   8.1030169e-01   -4.6915321e-01    2.3689593e+00
   8.1977990e-01   -4.5238364e-01    2.3687392e+00
   8.2889839e-01   -4.3542408e-01    2.3685334e+00
   8.3766716e-01   -4.1827453e-01    2.3683415e+00
   8.4608619e-01   -4.0095497e-01    2.3681634e+00
   8.5413552e-01   -3.8345542e-01    2.3679998e+00
   8.6182511e-01   -3.6580588e-01    2.3678503e+00
   8.6915498e-01   -3.4798634e-01    2.3677150e+00
   8.7610513e-01   -3.3002680e-01    2.3675943e+00
   8.8269555e-01   -3.1192727e-01    2.3674875e+00
   8.8890625e-01   -2.9369774e-01    2.3673954e+00
   8.9474721e-01   -2.7534822e-01    2.3673173e+00
   9.0020846e-01   -2.5687869e-01    2.3672538e+00
   9.0529997e-01   -2.3830917e-01    2.3672044e+00
   9.1000175e-01   -2.1962966e-01    2.3671697e+00
   9.1432381e-01   -2.0086014e-01    2.3671493e+00
   9.1825614e-01   -1.8201063e-01    2.3671435e+00
   9.2179875e-01   -1.6307112e-01    2.3671523e+00
   9.2495162e-01   -1.4407161e-01    2.3671756e+00
   9.2769477e-01   -1.2501210e-01    2.3672141e+00
   9.3004819e-01   -1.0589259e-01    2.3672669e+00
   9.3200188e-01   -8.6736087e-02    2.3673345e+00
   9.3354584e-01   -6.7539583e-02    2.3674170e+00
   9.3470006e-01   -4.8314079e-02    2.3675138e+00
   9.3544455e-01   -2.9068576e-02    2.3676254e+00
   9.3577931e-01   -9.8125735e-03    2.3677519e+00
   9.3572432e-01    9.4464292e-03    2.3678923e+00
   9.3525960e-01    2.8699932e-02    2.3680475e+00
   9.3439513e-01    4.7939435e-02    2.3682169e+00
   9.3313091e-01    6.7156939e-02    2.3684006e+00
   9.3145695e-01    8.6342443e-02    2.3685987e+00
   9.2938323e-01    1.0549195e-01    2.3688110e+00
   9.2689977e-01    1.2459146e-01    2.3690376e+00
   9.2401655e-01    1.4363096e-01    2.3692782e+00
   9.2072358e-01    1.6260047e-01    2.3695330e+00
   9.1703085e-01    1.8149999e-01    2.3698017e+00
   9.1293835e-01    2.0031950e-01    2.3700841e+00
   9.0845609e-01    2.1904902e-01    2.3703799e+00
   9.0358405e-01    2.3767854e-01    2.3706891e+00
   8.9834222e-01    2.5620806e-01    2.3710108e+00
   8.9273060e-01    2.7462758e-01    2.3713449e+00
   8.8675919e-01    2.9293711e-01    2.3716913e+00
   8.8044797e-01    3.1112664e-01    2.3720490e+00
   8.7378694e-01    3.2919617e-01    2.3724184e+00
   8.6678610e-01    3.4713571e-01    2.3727991e+00
   8.5944544e-01    3.6493525e-01    2.3731909e+00
   8.5177496e-01    3.8260479e-01    2.3735938e+00
   8.4376465e-01    4.0011434e-01    2.3740076e+00
   8.3541453e-01    4.1746389e-01    2.3744326e+00
   8.2672458e-01    4.3464345e-01    2.3748685e+00
   8.1768481e-01    4.5164301e-01    2.3753157e+00
   8.0829522e-01    4.6845258e-01    2.3757742e+00
   7.9856580e-01    4.8506215e-01    2.3762434e+00
   7.8847655e-01    5.0147172e-01    2.3767241e+00
   7.7805747e-01    5.1766130e-01    2.3772151e+00
   7.6728855e-01    5.3362089e-01    2.3777170e+00
   7.5619978e-01    5.4936049e-01    2.3782288e+00
   7.4479115e-01    5.6486009e-01    2.3787504e+00
   7.3306267e-01    5.8012969e-01    2.3792818e+00
   7.2102433e-01    5.9515930e-01    2.3798226e+00
   7.0868612e-01    6.0993892e-01    2.3803725e+00
   6.9605803e-01    6.2446855e-01    2.3809309e+00
   6.8313007e-01    6.3873818e-01    2.3814983e+00
   6.6992221e-01    6.5273782e-01    2.3820738e+00
   6.5642448e-01    6.6645746e-01    2.3826577e+00
   6.4263686e-01    6.7989712e-01    2.3832500e+00
   6.2857933e-01    6.9304678e-01    2.3838499e+00
   6.1424191e-01    7.0589644e-01    2.3844577e+00
   5.9964459e-01    7.1844612e-01    2.3850727e+00
   5.8477735e-01    7.3067580e-01    2.3856951e+00
   5.6966019e-01    7.4259550e-01    2.3863243e+00
   5.5430311e-01    7.5419520e-01    2.3869598e+00
   5.3870610e-01    7.6547491e-01    2.3876016e+00
   5.2287915e-01    7.7643462e-01    2.3882493e+00
   5.0683227e-01    7.8706435e-01    2.3889026e+00
   4.9057543e-01    7.9736408e-01    2.3895611e+00
   4.7410864e-01    8.0734382e-01    2.3902249e+00
   4.5745189e-01    8.1698357e-01    2.3908930e+00
   4.4059518e-01    8.2628333e-01    2.3915658e+00
   4.2355850e-01    8.3523310e-01    2.3922426e+00
   4.0634185e-01    8.4384288e-01    2.3929235e+00
   3.8895521e-01    8.5209267e-01    2.3936078e+00
   3.7139859e-01    8.5999246e-01    2.3942958e+00
   3.5369197e-01    8.6752227e-01    2.3949864e+00
   3.3582537e-01    8.7469208e-01    2.3956803e+00
   3.1782875e-01    8.8149191e-01    2.3963761e+00
   2.9968213e-01    8.8792174e-01    2.3970747e+00
   2.8141550e-01    8.9398159e-01    2.3977750e+00
   2.6302884e-01    8.9966144e-01    2.3984768e+00
   2.4452216e-01    9.0496130e-01    2.3991802e+00
   2.2591546e-01    9.0989118e-01    2.3998845e+00
   2.0721871e-01    9.1444106e-01    2.4005894e+00
   1.8842193e-01    9.1861095e-01    2.4012951e+00
   1.6955509e-01    9.2240085e-01    2.4020006e+00
   1.5061821e-01    9.2582076e-01    2.4027059e+00
   1.3161127e-01    9.2886069e-01    2.4034111e+00
   1.1254428e-01    9.3152062e-01    2.4041156e+00
   9.3437209e-02    9.3381056e-01    2.4048190e+00
   7.4285071e-02    9.3571051e-01    2.4055211e+00
   5.5098860e-02    9.3724047e-01    2.4062219e+00
   3.5885565e-02    9.3838044e-01    2.4069208e+00
   1.6653187e-02    9.3915042e-01    2.4076177e+00
  -2.5900872e-03    9.3952041e-01    2.4083121e+00
  -2.1837859e-02    9.3950041e-01    2.4090039e+00
  -4.1080535e-02    9.3909042e-01    2.4096927e+00
  -6.0311320e-02    9.3829044e-01    2.4103783e+00
  -7.9522218e-02    9.3710047e-01    2.4110603e+00
  -9.8708236e-02    9.3551051e-01    2.4117386e+00
  -1.1784639e-01    9.3353057e-01    2.4124123e+00
  -1.3695465e-01    9.3116063e-01    2.4130822e+00
  -1.5600306e-01    9.2841070e-01    2.4137472e+00
  -1.7499161e-01    9.2526078e-01    2.4144072e+00
  -1.9391030e-01    9.2174087e-01    2.4150620e+00
  -2.1275914e-01    9.1782097e-01    2.4157114e+00
  -2.3152812e-01    9.1353108e-01    2.4163552e+00
  -2.5019727e-01    9.0885120e-01    2.4169927e+00
  -2.6876658e-01    9.0378133e-01    2.4176238e+00
  -2.8722607e-01    8.9833147e-01    2.4182482e+00
  -3.0557572e-01    8.9250162e-01    2.4188659e+00
  -3.2379556e-01    8.8628179e-01    2.4194762e+00
  -3.4187559e-01    8.7968196e-01    2.4200787e+00
  -3.5981580e-01    8.7269214e-01    2.4206733e+00
  -3.7759622e-01    8.6533233e-01    2.4212596e+00
  -3.9522683e-01    8.5759253e-01    2.4218377e+00
  -4.1268765e-01    8.4949274e-01    2.4224072e+00
  -4.2997866e-01    8.4103295e-01    2.4229679e+00
  -4.4709988e-01    8.3222318e-01    2.4235200e+00
  -4.6404130e-01    8.2307342e-01    2.4240633e+00
  -4.8080292e-01    8.1359366e-01    2.4245976e+00
  -4.9737475e-01    8.0379392e-01    2.4251229e+00
  -5.1375678e-01    7.9368418e-01    2.4256391e+00
  -5.2994901e-01    7.8326445e-01    2.4261463e+00
  -5.4593146e-01    7.7254472e-01    2.4266437e+00
  -5.6172411e-01    7.6151501e-01    2.4271321e+00
  -5.7729697e-01    7.5019530e-01    2.4276106e+00
  -5.9264006e-01    7.3857560e-01    2.4280786e+00
  -6.0776337e-01    7.2664591e-01    2.4285364e+00
  -6.2262693e-01    7.1441622e-01    2.4289828e+00
  -6.3725073e-01    7.0187655e-01    2.4294183e+00
  -6.5159478e-01    6.8904688e-01    2.4298417e+00
  -6.6567907e-01    6.7590722e-01    2.4302536e+00
  -6.7947363e-01    6.6247756e-01    2.4306529e+00
  -6.9298845e-01    6.4874792e-01    2.4310400e+00
  -7.0620353e-01    6.3474828e-01    2.4314144e+00
  -7.1912887e-01    6.2047865e-01    2.4317764e+00
  -7.3176446e-01    6.0593903e-01    2.4321261e+00
  -7.4409032e-01    5.9114941e-01    2.4324628e+00
  -7.5612643e-01    5.7611980e-01    2.4327874e+00
  -7.6785280e-01    5.6084019e-01    2.4330991e+00
  -7.7926943e-01    5.4533059e-01    2.4333979e+00
  -7.9035634e-01    5.2959100e-01    2.4336833e+00
  -8.0112351e-01    5.1362141e-01    2.4339555e+00
  -8.1155096e-01    4.9743183e-01    2.4342140e+00
  -8.2162869e-01    4.8102225e-01    2.4344582e+00
  -8.3135670e-01    4.6440268e-01    2.4346884e+00
  -8.4072499e-01    4.4757311e-01    2.4349042e+00
  -8.4973357e-01    4.3055355e-01    2.4351056e+00
  -8.5837244e-01    4.1334400e-01    2.4352924e+00
  -8.6665158e-01    3.9595445e-01    2.4354650e+00
  -8.7457100e-01    3.7839490e-01    2.4356234e+00
  -8.8214069e-01    3.6068536e-01    2.4357682e+00
  -8.8935065e-01    3.4282582e-01    2.4358989e+00
  -8.9621087e-01    3.2482628e-01    2.4360161e+00
  -9.0272134e-01    3.0670675e-01    2.4361198e+00
  -9.0888208e-01    2.8845722e-01    2.4362101e+00
  -9.1467308e-01    2.7008770e-01    2.4362862e+00
  -9.2010435e-01    2.5160818e-01    2.4363485e+00
  -9.2515588e-01    2.3302866e-01    2.4363965e+00
  -9.2982770e-01    2.1433914e-01    2.4364300e+00
  -9.3409979e-01    1.9555962e-01    2.4364486e+00
  -9.3797216e-01    1.7669011e-01    2.4364521e+00
  -9.4143482e-01    1.5775060e-01    2.4364403e+00
  -9.4448776e-01    1.3873109e-01    2.4364133e+00
  -9.4714098e-01    1.1965158e-01    2.4363715e+00
  -9.4938447e-01    1.0053208e-01    2.4363146e+00
  -9.5122823e-01    8.1357572e-02    2.4362430e+00
  -9.5268225e-01    6.2153068e-02    2.4361572e+00
  -9.5375652e-01    4.2923565e-02    2.4360575e+00
  -9.5446104e-01    2.3676062e-02    2.4359444e+00
  -9.5478581e-01    4.4199590e-03    2.4358176e+00
  -9.5474081e-01   -1.4838944e-02    2.4356775e+00
  -9.5433605e-01   -3.4094446e-02    2.4355245e+00
  -9.5356152e-01   -5.3337949e-02    2.4353583e+00
  -9.5242722e-01   -7.2562453e-02    2.4351792e+00
  -9.5091316e-01   -9.1761957e-02    2.4349867e+00
  -9.4902933e-01   -1.1093246e-01    2.4347811e+00
  -9.4677572e-01   -1.3005197e-01    2.4345626e+00
  -9.4414235e-01   -1.4913148e-01    2.4343308e+00
  -9.4112921e-01   -1.6815098e-01    2.4340857e+00
  -9.3773630e-01   -1.8711049e-01    2.4338273e+00
  -9.3397361e-01   -2.0600001e-01    2.4335562e+00
  -9.2982115e-01   -2.2479952e-01    2.4332718e+00
  -9.2527892e-01   -2.4351904e-01    2.4329739e+00
  -9.2035691e-01   -2.6213856e-01    2.4326630e+00
  -9.1505512e-01   -2.8064808e-01    2.4323393e+00
  -9.0937354e-01   -2.9904760e-01    2.4320028e+00
  -9.0330219e-01   -3.1731713e-01    2.4316531e+00
  -8.9684105e-01   -3.3545666e-01    2.4312904e+00
  -8.9001011e-01   -3.5346620e-01    2.4309153e+00
  -8.8280937e-01   -3.7131574e-01    2.4305281e+00
  -8.7522885e-01   -3.8902528e-01    2.4301282e+00
  -8.6730850e-01   -4.0657483e-01    2.4297173e+00
  -8.5902833e-01   -4.2395438e-01    2.4292946e+00
  -8.5040835e-01   -4.4117393e-01    2.4288609e+00
  -8.4145854e-01   -4.5822349e-01    2.4284166e+00
  -8.3217889e-01   -4.7509306e-01    2.4279617e+00
  -8.2257940e-01   -4.9178263e-01    2.4274966e+00
  -8.1267007e-01   -5.0829220e-01    2.4270216e+00
  -8.0244089e-01   -5.2460178e-01    2.4265366e+00
  -7.9189187e-01   -5.4071136e-01    2.4260415e+00
  -7.8102299e-01   -5.5661095e-01    2.4255365e+00
  -7.6984426e-01   -5.7228055e-01    2.4250219e+00
  -7.5834568e-01   -5.8772015e-01    2.4244975e+00
  -7.4652724e-01   -6.0290976e-01    2.4239634e+00
  -7.3438894e-01   -6.1785937e-01    2.4234196e+00
  -7.2195077e-01   -6.3255899e-01    2.4228667e+00
  -7.0921273e-01   -6.4698862e-01    2.4223050e+00
  -6.9617481e-01   -6.6115825e-01    2.4217344e+00
  -6.8285701e-01   -6.7505789e-01    2.4211557e+00
  -6.6926931e-01   -6.8869754e-01    2.4205692e+00
  -6.5542170e-01   -7.0205720e-01    2.4199753e+00
  -6.4130421e-01   -7.1515686e-01    2.4193736e+00
  -6.2693680e-01   -7.2796653e-01    2.4187650e+00
  -6.1231948e-01   -7.4049620e-01    2.4181494e+00
  -5.9746223e-01   -7.5272589e-01    2.4175273e+00
  -5.8235507e-01   -7.6465558e-01    2.4168985e+00
  -5.6700799e-01   -7.7627528e-01    2.4162632e+00
  -5.5143097e-01   -7.8758499e-01    2.4156219e+00
  -5.3562402e-01   -7.9856470e-01    2.4149747e+00
  -5.1958713e-01   -8.0922443e-01    2.4143215e+00
  -5.0334029e-01   -8.1954416e-01    2.4136633e+00
  -4.8689350e-01   -8.2953390e-01    2.4130002e+00
  -4.7023675e-01   -8.3919366e-01    2.4123319e+00
  -4.5340004e-01   -8.4851341e-01    2.4116596e+00
  -4.3638335e-01   -8.5750318e-01    2.4109833e+00
  -4.1918669e-01   -8.6615296e-01    2.4103029e+00
  -4.0183005e-01   -8.7446274e-01    2.4096192e+00
  -3.8430343e-01   -8.8242254e-01    2.4089319e+00
  -3.6661682e-01   -8.9003234e-01    2.4082413e+00
  -3.4879021e-01   -8.9727216e-01    2.4075484e+00
  -3.3080360e-01   -9.0413198e-01    2.4068525e+00
  -3.1268698e-01   -9.1062181e-01    2.4061545e+00
  -2.9443034e-01   -9.1671165e-01    2.4054544e+00
  -2.7604369e-01   -9.2242151e-01    2.4047524e+00
  -2.5754701e-01   -9.2773137e-01    2.4040493e+00
  -2.3894030e-01   -9.3264124e-01    2.4033451e+00
  -2.2022356e-01   -9.3716113e-01    2.4026397e+00
  -2.0142677e-01   -9.4130102e-01    2.4019343e+00
  -1.8254993e-01   -9.4504092e-01    2.4012288e+00
  -1.6360304e-01   -9.4841083e-01    2.4005234e+00
  -1.4458609e-01   -9.5140076e-01    2.3998183e+00
  -1.2551909e-01   -9.5401069e-01    2.3991141e+00
  -1.0640201e-01   -9.5625063e-01    2.3984107e+00
  -8.7246869e-02   -9.5812058e-01    2.3977087e+00
  -6.8058651e-02   -9.5962055e-01    2.3970081e+00
  -4.8844352e-02   -9.6074052e-01    2.3963093e+00
  -2.9611971e-02   -9.6150050e-01    2.3956125e+00
  -1.0368500e-02   -9.6188049e-01    2.3949180e+00
   8.8788623e-03   -9.6190049e-01    2.3942259e+00
   2.8122725e-02   -9.6154050e-01    2.3935367e+00
   4.7356489e-02   -9.6081051e-01    2.3928505e+00
   6.6572361e-02   -9.5971054e-01    2.3921676e+00
   8.5763347e-02   -9.5823058e-01    2.3914884e+00
   1.0492145e-01   -9.5637063e-01    2.3908131e+00
   1.2403968e-01   -9.5414069e-01    2.3901418e+00
   1.4310804e-01   -9.5152075e-01    2.3894752e+00
   1.6211654e-01   -9.4852083e-01    2.3888134e+00
   1.8106517e-01   -9.4513092e-01    2.3881566e+00
   1.9994395e-01   -9.4136102e-01    2.3875051e+00
   2.1874288e-01   -9.3720112e-01    2.3868592e+00
   2.3744198e-01   -9.3266124e-01    2.3862196e+00
   2.5605123e-01   -9.2774137e-01    2.3855860e+00
   2.7456064e-01   -9.2244151e-01    2.3849587e+00
   2.9296022e-01   -9.1677165e-01    2.3843381e+00
   3.1122998e-01   -9.1072181e-01    2.3837248e+00
   3.2937991e-01   -9.0431197e-01    2.3831184e+00
   3.4740003e-01   -8.9753215e-01    2.3825194e+00
   3.6528032e-01   -8.9039233e-01    2.3819280e+00
   3.8300081e-01   -8.8288253e-01    2.3813449e+00
   4.0058149e-01   -8.7502273e-01    2.3807695e+00
   4.1798237e-01   -8.6680294e-01    2.3802030e+00
   4.3522345e-01   -8.5823316e-01    2.3796449e+00
   4.5229472e-01   -8.4932339e-01    2.3790953e+00
   4.6917621e-01   -8.4007363e-01    2.3785549e+00
   4.8586790e-01   -8.3048388e-01    2.3780238e+00
   5.0236981e-01   -8.2057414e-01    2.3775019e+00
   5.1868191e-01   -8.1033440e-01    2.3769891e+00
   5.3478424e-01   -7.9978467e-01    2.3764861e+00
   5.5068677e-01   -7.8893495e-01    2.3759925e+00
   5.6637952e-01   -7.7776524e-01    2.3755087e+00
   5.8185248e-01   -7.6630554e-01    2.3750348e+00
   5.9709568e-01   -7.5454584e-01    2.3745714e+00
   6.1210909e-01   -7.4249615e-01    2.3741184e+00
   6.2688274e-01   -7.3014647e-01    2.3736761e+00
   6.4140662e-01   -7.1750680e-01    2.3732449e+00
   6.5567075e-01   -7.0457713e-01    2.3728251e+00
   6.6967512e-01   -6.9135747e-01    2.3724167e+00
   6.8340974e-01   -6.7785782e-01    2.3720200e+00
   6.9685461e-01   -6.6407818e-01    2.3716358e+00
   7.1001974e-01   -6.5001854e-01    2.3712637e+00
   7.2288513e-01   -6.3568891e-01    2.3709042e+00
   7.3545078e-01   -6.2109929e-01    2.3705574e+00
   7.4770670e-01   -6.0624967e-01    2.3702236e+00
   7.5965289e-01   -5.9115006e-01    2.3699028e+00
   7.7128934e-01   -5.7580046e-01    2.3695948e+00
   7.8260605e-01   -5.6022086e-01    2.3693000e+00
   7.9361302e-01   -5.4442127e-01    2.3690180e+00
   8.0430026e-01   -5.2839168e-01    2.3687491e+00
   8.1466776e-01   -5.1216210e-01    2.3684931e+00
   8.2471551e-01   -4.9573252e-01    2.3682500e+00
   8.3443353e-01   -4.7911295e-01    2.3680202e+00
   8.4384179e-01   -4.6231339e-01    2.3678028e+00
   8.5293031e-01   -4.4532383e-01    2.3675982e+00
   8.6168908e-01   -4.2817427e-01    2.3674067e+00
   8.7011811e-01   -4.1086472e-01    2.3672282e+00
   8.7821739e-01   -3.9338517e-01    2.3670627e+00
   8.8596694e-01   -3.7575562e-01    2.3669109e+00
   8.9337675e-01   -3.5797608e-01    2.3667724e+00
   9.0041683e-01   -3.4005655e-01    2.3666482e+00
   9.0710718e-01   -3.2198701e-01    2.3665376e+00
   9.1341780e-01   -3.0379748e-01    2.3664416e+00
   9.1933871e-01   -2.8546795e-01    2.3663605e+00
   9.2488989e-01   -2.6702843e-01    2.3662936e+00
   9.3004136e-01   -2.4846891e-01    2.3662419e+00
   9.3481310e-01   -2.2980939e-01    2.3662045e+00
   9.3918512e-01   -2.1104988e-01    2.3661823e+00
   9.4317741e-01   -1.9221036e-01    2.3661742e+00
   9.4677997e-01   -1.7329085e-01    2.3661808e+00
   9.5001279e-01   -1.5430134e-01    2.3662011e+00
   9.5286586e-01   -1.3526183e-01    2.3662355e+00
   9.5534919e-01   -1.1616233e-01    2.3662836e+00
   9.5746278e-01   -9.7015822e-02    2.3663453e+00
   9.5920660e-01   -7.7835317e-02    2.3664205e+00
   9.6059067e-01   -5.8624813e-02    2.3665089e+00
   9.6160499e-01   -3.9392310e-02    2.3666108e+00
   9.6223955e-01   -2.0143807e-02    2.3667264e+00
   9.6250435e-01   -8.8597402e-04    2.3668553e+00
   9.6238940e-01    1.8373199e-02    2.3669980e+00
   9.6189470e-01    3.7625701e-02    2.3671542e+00
   9.6102023e-01    5.6865205e-02    2.3673240e+00
   9.5975601e-01    7.6082708e-02    2.3675076e+00
   9.5812203e-01    9.5271213e-02    2.3677044e+00
   9.5609828e-01    1.1442172e-01    2.3679149e+00
   9.5369477e-01    1.3353122e-01    2.3681387e+00
   9.5091149e-01    1.5259073e-01    2.3683758e+00
   9.4775844e-01    1.7159024e-01    2.3686258e+00
   9.4423561e-01    1.9051975e-01    2.3688886e+00
   9.4034299e-01    2.0937927e-01    2.3691641e+00
   9.3608060e-01    2.2815878e-01    2.3694524e+00
   9.3144842e-01    2.4684830e-01    2.3697533e+00
   9.2644645e-01    2.6544782e-01    2.3700669e+00
   9.2107470e-01    2.8393734e-01    2.3703930e+00
   9.1532316e-01    3.0231687e-01    2.3707319e+00
   9.0920184e-01    3.2057639e-01    2.3710833e+00
   9.0271071e-01    3.3870593e-01    2.3714470e+00
   8.9583980e-01    3.5669546e-01    2.3718234e+00
   8.8859909e-01    3.7453500e-01    2.3722119e+00
   8.8098857e-01    3.9222454e-01    2.3726127e+00
   8.7302824e-01    4.0975409e-01    2.3730250e+00
   8.6469811e-01    4.2711364e-01    2.3734493e+00
   8.5602815e-01    4.4430320e-01    2.3738846e+00
   8.4700837e-01    4.6132276e-01    2.3743312e+00
   8.3764876e-01    4.7814233e-01    2.3747886e+00
   8.2794933e-01    4.9478190e-01    2.3752570e+00
   8.1793005e-01    5.1122147e-01    2.3757354e+00
   8.0759092e-01    5.2746105e-01    2.3762238e+00
   7.9692195e-01    5.4349064e-01    2.3767226e+00
   7.8595313e-01    5.5931023e-01    2.3772307e+00
   7.7465445e-01    5.7489983e-01    2.3777490e+00
   7.6305592e-01    5.9026943e-01    2.3782765e+00
   7.5114752e-01    6.0539904e-01    2.3788134e+00
   7.3893925e-01    6.2027865e-01    2.3793593e+00
   7.2643111e-01    6.3491828e-01    2.3799142e+00
   7.1363309e-01    6.4929791e-01    2.3804777e+00
   7.0053520e-01    6.6340754e-01    2.3810500e+00
   6.8716741e-01    6.7725718e-01    2.3816302e+00
   6.7350974e-01    6.9082683e-01    2.3822187e+00
   6.5959216e-01    7.0412649e-01    2.3828147e+00
   6.4541468e-01    7.1714615e-01    2.3834180e+00
   6.3097730e-01    7.2987582e-01    2.3840285e+00
   6.1629000e-01    7.4232550e-01    2.3846460e+00
   6.0137278e-01    7.5448519e-01    2.3852697e+00
   5.8621564e-01    7.6636488e-01    2.3859001e+00
   5.7084856e-01    7.7794458e-01    2.3865358e+00
   5.5525155e-01    7.8923429e-01    2.3871776e+00
   5.3944460e-01    8.0022401e-01    2.3878249e+00
   5.2343770e-01    8.1091373e-01    2.3884772e+00
   5.0723085e-01    8.2129346e-01    2.3891345e+00
   4.9083405e-01    8.3137320e-01    2.3897964e+00
   4.7424728e-01    8.4113295e-01    2.3904629e+00
   4.5747056e-01    8.5057271e-01    2.3911338e+00
   4.4052386e-01    8.5969247e-01    2.3918086e+00
   4.2339720e-01    8.6849224e-01    2.3924876e+00
   4.0612055e-01    8.7696203e-01    2.3931696e+00
   3.8867392e-01    8.8509182e-01    2.3938552e+00
   3.7106730e-01    8.9288161e-01    2.3945442e+00
   3.5332069e-01    9.0032142e-01    2.3952357e+00
   3.3543407e-01    9.0742124e-01    2.3959297e+00
   3.1739747e-01    9.1416107e-01    2.3966266e+00
   2.9924084e-01    9.2053090e-01    2.3973251e+00
   2.8095420e-01    9.2654075e-01    2.3980257e+00
   2.6255755e-01    9.3218060e-01    2.3987276e+00
   2.4404087e-01    9.3745046e-01    2.3994311e+00
   2.2542415e-01    9.4233034e-01    2.4001355e+00
   2.0670741e-01    9.4684022e-01    2.4008408e+00
   1.8791062e-01    9.5096012e-01    2.4015461e+00
   1.6903378e-01    9.5471002e-01    2.4022517e+00
   1.5008688e-01    9.5806993e-01    2.4029570e+00
   1.3106994e-01    9.6106985e-01    2.4036622e+00
   1.1200294e-01    9.6368979e-01    2.4043664e+00
   9.2886865e-02    9.6593973e-01    2.4050698e+00
   7.3731724e-02    9.6781968e-01    2.4057719e+00
   5.4544508e-02    9.6932964e-01    2.4064726e+00
   3.5332216e-02    9.7047961e-01    2.4071715e+00
   1.6100842e-02    9.7126959e-01    2.4078685e+00
  -3.1421221e-03    9.7167958e-01    2.4085632e+00
  -2.2389179e-02    9.7171958e-01    2.4092554e+00
  -4.1633833e-02    9.7138959e-01    2.4099449e+00
  -6.0868595e-02    9.7066961e-01    2.4106311e+00
  -8.0084467e-02    9.6956963e-01    2.4113140e+00
  -9.9279450e-02    9.6808967e-01    2.4119934e+00
  -1.1842757e-01    9.6620972e-01    2.4126682e+00
  -1.3754580e-01    9.6393978e-01    2.4133392e+00
  -1.5660418e-01    9.6127985e-01    2.4140052e+00
  -1.7561269e-01    9.5822993e-01    2.4146666e+00
  -1.9455135e-01    9.5478002e-01    2.4153226e+00
  -2.1341016e-01    9.5095012e-01    2.4159730e+00
  -2.3219911e-01    9.4674022e-01    2.4166182e+00
  -2.5088822e-01    9.4214034e-01    2.4172569e+00
  -2.6948749e-01    9.3717047e-01    2.4178898e+00
  -2.8797693e-01    9.3182061e-01    2.4185160e+00
  -3.0635654e-01    9.2610076e-01    2.4191356e+00
  -3.2461631e-01    9.2002091e-01    2.4197483e+00
  -3.4275626e-01    9.1356108e-01    2.4203540e+00
  -3.6075640e-01    9.0674126e-01    2.4209520e+00
  -3.7861672e-01    8.9955144e-01    2.4215423e+00
  -3.9632723e-01    8.9201164e-01    2.4221248e+00
  -4.1387793e-01    8.8410184e-01    2.4226988e+00
  -4.3126884e-01    8.7584205e-01    2.4232646e+00
  -4.4848993e-01    8.6724228e-01    2.4238218e+00
  -4.6554123e-01    8.5829251e-01    2.4243705e+00
  -4.8240274e-01    8.4901275e-01    2.4249099e+00
  -4.9909444e-01    8.3941300e-01    2.4254409e+00
  -5.1559634e-01    8.2948325e-01    2.4259627e+00
  -5.3189845e-01    8.1925352e-01    2.4264752e+00
  -5.4802076e-01    8.0872379e-01    2.4269790e+00
  -5.6394327e-01    7.9789407e-01    2.4274735e+00
  -5.7965600e-01    7.8677436e-01    2.4279584e+00
  -5.9515893e-01    7.7536465e-01    2.4284337e+00
  -6.1045207e-01    7.6366495e-01    2.4288993e+00
  -6.2551544e-01    7.5166526e-01    2.4293545e+00
  -6.4033904e-01    7.3937558e-01    2.4297990e+00
  -6.5491288e-01    7.2679590e-01    2.4302325e+00
  -6.6922696e-01    7.1391624e-01    2.4306544e+00
  -6.8326130e-01    7.0073658e-01    2.4310642e+00
  -6.9701590e-01    6.8725693e-01    2.4314617e+00
  -7.1048076e-01    6.7348728e-01    2.4318467e+00
  -7.2364588e-01    6.5943764e-01    2.4322189e+00
  -7.3650128e-01    6.4510801e-01    2.4325780e+00
  -7.4905694e-01    6.3050839e-01    2.4329244e+00
  -7.6131287e-01    6.1564877e-01    2.4332581e+00
  -7.7326904e-01    6.0054916e-01    2.4335793e+00
  -7.8492547e-01    5.8522956e-01    2.4338882e+00
  -7.9630214e-01    5.6967996e-01    2.4341854e+00
  -8.0737906e-01    5.5393037e-01    2.4344703e+00
  -8.1816621e-01    5.3798078e-01    2.4347434e+00
  -8.2866360e-01    5.2183120e-01    2.4350046e+00
  -8.3885124e-01    5.0549162e-01    2.4352533e+00
  -8.4873912e-01    4.8896205e-01    2.4354899e+00
  -8.5829727e-01    4.7225248e-01    2.4357134e+00
  -8.6752567e-01    4.5534291e-01    2.4359235e+00
  -8.7641435e-01    4.3826336e-01    2.4361202e+00
  -8.8494330e-01    4.2099380e-01    2.4363026e+00
  -8.9311253e-01    4.0355425e-01    2.4364709e+00
  -9.0091204e-01    3.8594471e-01    2.4366246e+00
  -9.0833184e-01    3.6817517e-01    2.4367636e+00
  -9.1540190e-01    3.5025563e-01    2.4368889e+00
  -9.2209224e-01    3.3219609e-01    2.4369995e+00
  -9.2843285e-01    3.1400656e-01    2.4370966e+00
  -9.3442370e-01    2.9570704e-01    2.4371804e+00
  -9.4007481e-01    2.7728751e-01    2.4372511e+00
  -9.4537617e-01    2.5877799e-01    2.4373086e+00
  -9.5033777e-01    2.4016847e-01    2.4373531e+00
  -9.5495962e-01    2.2146895e-01    2.4373848e+00
  -9.5922172e-01    2.0268944e-01    2.4374029e+00
  -9.6314406e-01    1.8382993e-01    2.4374083e+00
  -9.6669665e-01    1.6490041e-01    2.4373999e+00
  -9.6987950e-01    1.4591091e-01    2.4373777e+00
  -9.7269261e-01    1.2685140e-01    2.4373418e+00
  -9.7512597e-01    1.0775189e-01    2.4372919e+00
  -9.7717959e-01    8.8599385e-02    2.4372280e+00
  -9.7884348e-01    6.9411881e-02    2.4371499e+00
  -9.8012761e-01    5.0195377e-02    2.4370578e+00
  -9.8103200e-01    3.0956874e-02    2.4369520e+00
  -9.8155663e-01    1.1704371e-02    2.4368324e+00
  -9.8171151e-01   -7.5541318e-03    2.4366995e+00
  -9.8147664e-01   -2.6811634e-02    2.4365525e+00
  -9.8087200e-01   -4.6061137e-02    2.4363924e+00
  -9.7989760e-01   -6.5295641e-02    2.4362190e+00
  -9.7853344e-01   -8.4506145e-02    2.4360318e+00
  -9.7677953e-01   -1.0368265e-01    2.4358309e+00
  -9.7464585e-01   -1.2282216e-01    2.4356165e+00
  -9.7213241e-01   -1.4192166e-01    2.4353888e+00
  -9.6922921e-01   -1.6096117e-01    2.4351475e+00
  -9.6594623e-01   -1.7993068e-01    2.4348931e+00
  -9.6229347e-01   -1.9884019e-01    2.4346258e+00
  -9.5828093e-01   -2.1767971e-01    2.4343461e+00
  -9.5389861e-01   -2.3642922e-01    2.4340537e+00
  -9.4916649e-01   -2.5509874e-01    2.4337493e+00
  -9.4408457e-01   -2.7366826e-01    2.4334331e+00
  -9.3866284e-01   -2.9214778e-01    2.4331053e+00
  -9.3289132e-01   -3.1051731e-01    2.4327657e+00
  -9.2676999e-01   -3.2877684e-01    2.4324143e+00
  -9.2029885e-01   -3.4691637e-01    2.4320513e+00
  -9.1346792e-01   -3.6491590e-01    2.4316763e+00
  -9.0628717e-01   -3.8278544e-01    2.4312896e+00
  -8.9873662e-01   -4.0049498e-01    2.4308908e+00
  -8.9083627e-01   -4.1806453e-01    2.4304805e+00
  -8.8258609e-01   -4.3545408e-01    2.4300588e+00
  -8.7398610e-01   -4.5268364e-01    2.4296258e+00
  -8.6504627e-01   -4.6973320e-01    2.4291818e+00
  -8.5577662e-01   -4.8661276e-01    2.4287272e+00
  -8.4618713e-01   -5.0331233e-01    2.4282623e+00
  -8.3628779e-01   -5.1982190e-01    2.4277877e+00
  -8.2606861e-01   -5.3614148e-01    2.4273030e+00
  -8.1555956e-01   -5.5227106e-01    2.4268092e+00
  -8.0474067e-01   -5.6820065e-01    2.4263057e+00
  -7.9362191e-01   -5.8392025e-01    2.4257930e+00
  -7.8220329e-01   -5.9941985e-01    2.4252710e+00
  -7.7047481e-01   -6.1468945e-01    2.4247396e+00
  -7.5844647e-01   -6.2971906e-01    2.4241991e+00
  -7.4611825e-01   -6.4449868e-01    2.4236496e+00
  -7.3349016e-01   -6.5902831e-01    2.4230912e+00
  -7.2056220e-01   -6.7330794e-01    2.4225238e+00
  -7.0736434e-01   -6.8730758e-01    2.4219486e+00
  -6.9387660e-01   -7.0105722e-01    2.4213649e+00
  -6.8013896e-01   -7.1453687e-01    2.4207741e+00
  -6.6614142e-01   -7.2774653e-01    2.4201759e+00
  -6.5189396e-01   -7.4069620e-01    2.4195706e+00
  -6.3741659e-01   -7.5338587e-01    2.4189589e+00
  -6.2269931e-01   -7.6579555e-01    2.4183406e+00
  -6.0776209e-01   -7.7793524e-01    2.4177163e+00
  -5.9259495e-01   -7.8978493e-01    2.4170859e+00
  -5.7720788e-01   -8.0135463e-01    2.4164495e+00
  -5.6160087e-01   -8.1262434e-01    2.4158074e+00
  -5.4577393e-01   -8.2358406e-01    2.4151596e+00
  -5.2973703e-01   -8.3422378e-01    2.4145066e+00
  -5.1348020e-01   -8.4453352e-01    2.4138481e+00
  -4.9702341e-01   -8.5450326e-01    2.4131848e+00
  -4.8034667e-01   -8.6413301e-01    2.4125160e+00
  -4.6348995e-01   -8.7341277e-01    2.4118433e+00
  -4.4643327e-01   -8.8233254e-01    2.4111660e+00
  -4.2918663e-01   -8.9089232e-01    2.4104844e+00
  -4.1177999e-01   -8.9909211e-01    2.4097997e+00
  -3.9420337e-01   -9.0693191e-01    2.4091115e+00
  -3.7646676e-01   -9.1442171e-01    2.4084200e+00
  -3.5859015e-01   -9.2154153e-01    2.4077262e+00
  -3.4057353e-01   -9.2832135e-01    2.4070297e+00
  -3.2242692e-01   -9.3474119e-01    2.4063312e+00
  -3.0416028e-01   -9.4080103e-01    2.4056310e+00
  -2.8578363e-01   -9.4652088e-01    2.4049292e+00
  -2.6729695e-01   -9.5188075e-01    2.4042261e+00
  -2.4871025e-01   -9.5688062e-01    2.4035220e+00
  -2.3003351e-01   -9.6151050e-01    2.4028173e+00
  -2.1125674e-01   -9.6577039e-01    2.4021117e+00
  -1.9240992e-01   -9.6966029e-01    2.4014062e+00
  -1.7348305e-01   -9.7316020e-01    2.4007006e+00
  -1.5449612e-01   -9.7628011e-01    2.3999956e+00
  -1.3543914e-01   -9.7902004e-01    2.3992908e+00
  -1.1634208e-01   -9.8136998e-01    2.3985874e+00
  -9.7194964e-02   -9.8335993e-01    2.3978848e+00
  -7.8015774e-02   -9.8498989e-01    2.3971836e+00
  -5.8811507e-02   -9.8625986e-01    2.3964841e+00
  -3.9586163e-02   -9.8717983e-01    2.3957864e+00
  -2.0347742e-02   -9.8776982e-01    2.3950905e+00
  -1.1022360e-03   -9.8800981e-01    2.3943969e+00
   1.8145354e-02   -9.8791981e-01    2.3937057e+00
   3.7387042e-02   -9.8746983e-01    2.3930172e+00
   5.6617826e-02   -9.8666985e-01    2.3923316e+00
   7.5829719e-02   -9.8549988e-01    2.3916494e+00
   9.5014729e-02   -9.8393992e-01    2.3909709e+00
   1.1416886e-01   -9.8199997e-01    2.3902963e+00
   1.3326713e-01   -9.7965003e-01    2.3896267e+00
   1.5231553e-01   -9.7691010e-01    2.3889616e+00
   1.7131407e-01   -9.7376018e-01    2.3883013e+00
   1.9023277e-01   -9.7021027e-01    2.3876467e+00
   2.0907162e-01   -9.6627037e-01    2.3869978e+00
   2.2783062e-01   -9.6196048e-01    2.3863544e+00
   2.4649977e-01   -9.5728061e-01    2.3857170e+00
   2.6507907e-01   -9.5224074e-01    2.3850853e+00
   2.8355852e-01   -9.4685087e-01    2.3844597e+00
   3.0193813e-01   -9.4112102e-01    2.3838402e+00
   3.2020790e-01   -9.3505118e-01    2.3832271e+00
   3.3835783e-01   -9.2864135e-01    2.3826207e+00
   3.5638793e-01   -9.2189152e-01    2.3820211e+00
   3.7427820e-01   -9.1479170e-01    2.3814290e+00
   3.9203865e-01   -9.0736189e-01    2.3808440e+00
   4.0964929e-01   -8.9958210e-01    2.3802669e+00
   4.2710011e-01   -8.9145231e-01    2.3796980e+00
   4.4439113e-01   -8.8298252e-01    2.3791373e+00
   4.6150236e-01   -8.7417275e-01    2.3785855e+00
   4.7844377e-01   -8.6503299e-01    2.3780423e+00
   4.9520540e-01   -8.5555323e-01    2.3775079e+00
   5.1177722e-01   -8.4575349e-01    2.3769826e+00
   5.2814926e-01   -8.3563375e-01    2.3764668e+00
   5.4433151e-01   -8.2519402e-01    2.3759602e+00
   5.6030397e-01   -8.1444429e-01    2.3754633e+00
   5.7607663e-01   -8.0339458e-01    2.3749757e+00
   5.9161953e-01   -7.9204487e-01    2.3744986e+00
   6.0695263e-01   -7.8038517e-01    2.3740313e+00
   6.2204597e-01   -7.6843548e-01    2.3735746e+00
   6.3690953e-01   -7.5619580e-01    2.3731283e+00
   6.5153332e-01   -7.4366612e-01    2.3726927e+00
   6.6590735e-01   -7.3085645e-01    2.3722681e+00
   6.8002161e-01   -7.1776679e-01    2.3718548e+00
   6.9388611e-01   -7.0439714e-01    2.3714526e+00
   7.0748085e-01   -6.9075749e-01    2.3710620e+00
   7.2080584e-01   -6.7685785e-01    2.3706829e+00
   7.3385107e-01   -6.6269821e-01    2.3703158e+00
   7.4662654e-01   -6.4828859e-01    2.3699601e+00
   7.5911226e-01   -6.3362896e-01    2.3696167e+00
   7.7129824e-01   -6.1871935e-01    2.3692859e+00
   7.8319447e-01   -6.0357974e-01    2.3689671e+00
   7.9479095e-01   -5.8820014e-01    2.3686608e+00
   8.0607769e-01   -5.7260054e-01    2.3683672e+00
   8.1705469e-01   -5.5678095e-01    2.3680864e+00
   8.2772194e-01   -5.4074136e-01    2.3678183e+00
   8.3806945e-01   -5.2450178e-01    2.3675631e+00
   8.4809723e-01   -5.0805221e-01    2.3673209e+00
   8.5779526e-01   -4.9142264e-01    2.3670918e+00
   8.6717355e-01   -4.7460307e-01    2.3668757e+00
   8.7622209e-01   -4.5760351e-01    2.3666726e+00
   8.8495089e-01   -4.4043395e-01    2.3664823e+00
   8.9334994e-01   -4.2309440e-01    2.3663051e+00
   9.0140926e-01   -4.0560485e-01    2.3661411e+00
   9.0913882e-01   -3.8796531e-01    2.3659901e+00
   9.1653864e-01   -3.7018577e-01    2.3658520e+00
   9.2358871e-01   -3.5226623e-01    2.3657274e+00
   9.3029904e-01   -3.3421670e-01    2.3656160e+00
   9.3666962e-01   -3.1603717e-01    2.3655177e+00
   9.4268047e-01   -2.9773764e-01    2.3654332e+00
   9.4833157e-01   -2.7932811e-01    2.3653624e+00
   9.5362294e-01   -2.6080859e-01    2.3653054e+00
   9.5855456e-01   -2.4218907e-01    2.3652620e+00
   9.6311645e-01   -2.2347956e-01    2.3652326e+00
   9.6729861e-01   -2.0468004e-01    2.3652174e+00
   9.7112101e-01   -1.8580053e-01    2.3652158e+00
   9.7455369e-01   -1.6685102e-01    2.3652287e+00
   9.7761663e-01   -1.4783151e-01    2.3652553e+00
   9.8029982e-01   -1.2876200e-01    2.3652960e+00
   9.8260327e-01   -1.0964250e-01    2.3653507e+00
   9.8453698e-01   -9.0479990e-02    2.3654190e+00
   9.8608094e-01   -7.1282486e-02    2.3655015e+00
   9.8726514e-01   -5.2059982e-02    2.3655972e+00
   9.8807958e-01   -3.2817479e-02    2.3657063e+00
   9.8852427e-01   -1.3562977e-02    2.3658288e+00
   9.8860919e-01    5.6959260e-03    2.3659642e+00
   9.8833435e-01    2.4953029e-02    2.3661126e+00
   9.8770972e-01    4.4201532e-02    2.3662735e+00
   9.8671533e-01    6.3436035e-02    2.3664475e+00
   9.8537116e-01    8.2647539e-02    2.3666340e+00
   9.8367722e-01    1.0183204e-01    2.3668329e+00
   9.8161350e-01    1.2098155e-01    2.3670448e+00
   9.7919999e-01    1.4008106e-01    2.3672689e+00
   9.7641671e-01    1.5914056e-01    2.3675060e+00
   9.7327365e-01    1.7814007e-01    2.3677556e+00
   9.6976081e-01    1.9707958e-01    2.3680181e+00
   9.6588819e-01    2.1593910e-01    2.3682930e+00
   9.6165577e-01    2.3472861e-01    2.3685802e+00
   9.5706357e-01    2.5342813e-01    2.3688798e+00
   9.5212157e-01    2.7203765e-01    2.3691913e+00
   9.4682978e-01    2.9055717e-01    2.3695147e+00
   9.4119817e-01    3.0897669e-01    2.3698496e+00
   9.3522676e-01    3.2727622e-01    2.3701959e+00
   9.2890554e-01    3.4546575e-01    2.3705539e+00
   9.2225451e-01    3.6354528e-01    2.3709230e+00
   9.1526366e-01    3.8148482e-01    2.3713034e+00
   9.0793299e-01    3.9929436e-01    2.3716950e+00
   9.0026251e-01    4.1695391e-01    2.3720977e+00
   8.9225221e-01    4.3446345e-01    2.3725116e+00
   8.8390208e-01    4.5181301e-01    2.3729365e+00
   8.7520214e-01    4.6898256e-01    2.3733728e+00
   8.6616237e-01    4.8598212e-01    2.3738200e+00
   8.5677278e-01    5.0280169e-01    2.3742785e+00
   8.4706335e-01    5.1942126e-01    2.3747470e+00
   8.3700409e-01    5.3584084e-01    2.3752267e+00
   8.2663498e-01    5.5206042e-01    2.3757161e+00
   8.1593602e-01    5.6807000e-01    2.3762159e+00
   8.0493721e-01    5.8386959e-01    2.3767249e+00
   7.9362854e-01    5.9944919e-01    2.3772435e+00
   7.8202001e-01    6.1480880e-01    2.3777712e+00
   7.7011161e-01    6.2993841e-01    2.3783081e+00
   7.5792333e-01    6.4483802e-01    2.3788534e+00
   7.4543518e-01    6.5949764e-01    2.3794078e+00
   7.3267715e-01    6.7391727e-01    2.3799701e+00
   7.1963923e-01    6.8807690e-01    2.3805406e+00
   7.0632142e-01    7.0197654e-01    2.3811194e+00
   6.9272373e-01    7.1560619e-01    2.3817062e+00
   6.7886613e-01    7.2896585e-01    2.3823004e+00
   6.6473864e-01    7.4204551e-01    2.3829024e+00
   6.5034124e-01    7.5482518e-01    2.3835118e+00
   6.3570392e-01    7.6731486e-01    2.3841278e+00
   6.2080669e-01    7.7951454e-01    2.3847511e+00
   6.0566954e-01    7.9140424e-01    2.3853808e+00
   5.9029247e-01    8.0298394e-01    2.3860168e+00
   5.7469546e-01    8.1426365e-01    2.3866586e+00
   5.5887851e-01    8.2523336e-01    2.3873061e+00
   5.4285161e-01    8.3589309e-01    2.3879589e+00
   5.2662477e-01    8.4625282e-01    2.3886168e+00
   5.1020797e-01    8.5629256e-01    2.3892791e+00
   4.9360122e-01    8.6604231e-01    2.3899462e+00
   4.7683449e-01    8.7548206e-01    2.3906169e+00
   4.5988779e-01    8.8462183e-01    2.3912918e+00
   4.4279112e-01    8.9345160e-01    2.3919699e+00
   4.2553447e-01    9.0197138e-01    2.3926515e+00
   4.0811784e-01    9.1018117e-01    2.3933367e+00
   3.9057121e-01    9.1808096e-01    2.3940243e+00
   3.7286460e-01    9.2564077e-01    2.3947152e+00
   3.5502799e-01    9.3287058e-01    2.3954084e+00
   3.3705138e-01    9.3975040e-01    2.3961041e+00
   3.1894476e-01    9.4628024e-01    2.3968019e+00
   3.0071813e-01    9.5244008e-01    2.3975015e+00
   2.8236148e-01    9.5821993e-01    2.3982029e+00
   2.6388481e-01    9.6362979e-01    2.3989060e+00
   2.4530811e-01    9.6865966e-01    2.3996100e+00
   2.2662138e-01    9.7328954e-01    2.4003151e+00
   2.0785460e-01    9.7754943e-01    2.4010204e+00
   1.8899778e-01    9.8141933e-01    2.4017261e+00
   1.7007091e-01    9.8490924e-01    2.4024316e+00
   1.5108398e-01    9.8801916e-01    2.4031365e+00
   1.3202700e-01    9.9076909e-01    2.4038413e+00
   1.1292995e-01    9.9315903e-01    2.4045450e+00
   9.3792837e-02    9.9518897e-01    2.4052476e+00
   7.4618654e-02    9.9685893e-01    2.4059489e+00
   5.5416398e-02    9.9817890e-01    2.4066487e+00
   3.6194066e-02    9.9914887e-01    2.4073467e+00
   1.6956660e-02    9.9979885e-01    2.4080429e+00
  -2.2882572e-03    9.9999885e-01    2.4087362e+00
  -2.1535425e-02    9.9999885e-01    2.4094281e+00
  -4.0778124e-02    9.9949886e-01    2.4101162e+00
  -6.0009892e-02    9.9875888e-01    2.4108023e+00
  -7.9223776e-02    9.9761891e-01    2.4114848e+00
  -9.8412768e-02    9.9611895e-01    2.4121638e+00
  -1.1757087e-01    9.9425900e-01    2.4128392e+00
  -1.3668910e-01    9.9203905e-01    2.4135105e+00
  -1.5576744e-01    9.8945912e-01    2.4141778e+00
  -1.7478592e-01    9.8650920e-01    2.4148402e+00
  -1.9374453e-01    9.8318928e-01    2.4154979e+00
  -2.1263328e-01    9.7949938e-01    2.4161504e+00
  -2.3145217e-01    9.7543948e-01    2.4167977e+00
  -2.5018123e-01    9.7098960e-01    2.4174390e+00
  -2.6882043e-01    9.6616972e-01    2.4180744e+00
  -2.8734981e-01    9.6096986e-01    2.4187031e+00
  -3.0576935e-01    9.5539000e-01    2.4193251e+00
  -3.2407906e-01    9.4943015e-01    2.4199405e+00
  -3.4225895e-01    9.4310032e-01    2.4205485e+00
  -3.6030903e-01    9.3640049e-01    2.4211492e+00
  -3.7820929e-01    9.2934067e-01    2.4217419e+00
  -3.9597973e-01    9.2192086e-01    2.4223274e+00
  -4.1359036e-01    9.1415107e-01    2.4229046e+00
  -4.3105117e-01    9.0605127e-01    2.4234740e+00
  -4.4836217e-01    8.9762149e-01    2.4240357e+00
  -4.6551335e-01    8.8887172e-01    2.4245894e+00
  -4.8249472e-01    8.7980195e-01    2.4251346e+00
  -4.9931628e-01    8.7043219e-01    2.4256719e+00
  -5.1595803e-01    8.6076244e-01    2.4262006e+00
  -5.3242996e-01    8.5078270e-01    2.4267210e+00
  -5.4871210e-01    8.4052297e-01    2.4272326e+00
  -5.6481443e-01    8.2995324e-01    2.4277354e+00
  -5.8071696e-01    8.1910352e-01    2.4282291e+00
  -5.9640970e-01    8.0795381e-01    2.4287130e+00
  -6.1190265e-01    7.9651410e-01    2.4291877e+00
  -6.2716582e-01    7.8478441e-01    2.4296520e+00
  -6.4220921e-01    7.7276472e-01    2.4301064e+00
  -6.5701283e-01    7.6045503e-01    2.4305500e+00
  -6.7157668e-01    7.4785536e-01    2.4309830e+00
  -6.8589076e-01    7.3497569e-01    2.4314049e+00
  -6.9994508e-01    7.2181603e-01    2.4318155e+00
  -7.1372965e-01    7.0837638e-01    2.4322144e+00
  -7.2724446e-01    6.9465673e-01    2.4326016e+00
  -7.4048952e-01    6.8067709e-01    2.4329772e+00
  -7.5343484e-01    6.6642746e-01    2.4333401e+00
  -7.6609041e-01    6.5190784e-01    2.4336906e+00
  -7.7845624e-01    6.3714822e-01    2.4340290e+00
  -7.9051233e-01    6.2212861e-01    2.4343544e+00
  -8.0226868e-01    6.0687900e-01    2.4346674e+00
  -8.1371529e-01    5.9138940e-01    2.4349675e+00
  -8.2486214e-01    5.7568981e-01    2.4352553e+00
  -8.3569925e-01    5.5977022e-01    2.4355304e+00
  -8.4623661e-01    5.4365063e-01    2.4357933e+00
  -8.5646422e-01    5.2733106e-01    2.4360436e+00
  -8.6639207e-01    5.1083148e-01    2.4362818e+00
  -8.7601017e-01    4.9414191e-01    2.4365075e+00
  -8.8531851e-01    4.7728235e-01    2.4367209e+00
  -8.9431710e-01    4.6025279e-01    2.4369219e+00
  -9.0299594e-01    4.4306323e-01    2.4371103e+00
  -9.1135502e-01    4.2571368e-01    2.4372860e+00
  -9.1938435e-01    4.0821413e-01    2.4374488e+00
  -9.2709394e-01    3.9055459e-01    2.4375990e+00
  -9.3446377e-01    3.7276505e-01    2.4377360e+00
  -9.4150386e-01    3.5483551e-01    2.4378601e+00
  -9.4820419e-01    3.3678598e-01    2.4379712e+00
  -9.5457477e-01    3.1860645e-01    2.4380695e+00
  -9.6060560e-01    3.0031692e-01    2.4381548e+00
  -9.6628669e-01    2.8191739e-01    2.4382267e+00
  -9.7162802e-01    2.6340787e-01    2.4382856e+00
  -9.7660961e-01    2.4480835e-01    2.4383309e+00
  -9.8124144e-01    2.2610883e-01    2.4383629e+00
  -9.8551354e-01    2.0732932e-01    2.4383815e+00
  -9.8941589e-01    1.8846981e-01    2.4383861e+00
  -9.9293850e-01    1.6954029e-01    2.4383766e+00
  -9.9614134e-01    1.5054079e-01    2.4383551e+00
  -9.9884452e-01    1.3148128e-01    2.4383152e+00
  -1.0012479e+00    1.1237177e-01    2.4382642e+00
  -1.0033515e+00    9.3220266e-02    2.4382021e+00
  -1.0049554e+00    7.4032761e-02    2.4381218e+00
  -1.0062595e+00    5.4817257e-02    2.4380305e+00
  -1.0072639e+00    3.5579754e-02    2.4379282e+00
  -1.0077685e+00    1.6329251e-02    2.4378079e+00
  -1.0079733e+00   -2.9287513e-03    2.4376768e+00
  -1.0078784e+00   -2.2187754e-02    2.4375349e+00
  -1.0073837e+00   -4.1440257e-02    2.4373787e+00
  -1.0064892e+00   -6.0679760e-02    2.4372081e+00
  -1.0052950e+00   -7.9899264e-02    2.4370270e+00
  -1.0037010e+00   -9.9091768e-02    2.4368317e+00
  -1.0017072e+00   -1.1825227e-01    2.4366222e+00
  -9.9941361e-01   -1.3736178e-01    2.4364023e+00
  -9.9672028e-01   -1.5643129e-01    2.4361684e+00
  -9.9359721e-01   -1.7544080e-01    2.4359194e+00
  -9.9014433e-01   -1.9439031e-01    2.4356590e+00
  -9.8632168e-01   -2.1326982e-01    2.4353858e+00
  -9.8214923e-01   -2.3205933e-01    2.4351007e+00
  -9.7760700e-01   -2.5077885e-01    2.4348028e+00
  -9.7270498e-01   -2.6939837e-01    2.4344927e+00
  -9.6746315e-01   -2.8792789e-01    2.4341710e+00
  -9.6186153e-01   -3.0635742e-01    2.4338371e+00
  -9.5591010e-01   -3.2466694e-01    2.4334914e+00
  -9.4962886e-01   -3.4287647e-01    2.4331347e+00
  -9.4299782e-01   -3.6094601e-01    2.4327664e+00
  -9.3602696e-01   -3.7890554e-01    2.4323866e+00
  -9.2871628e-01   -3.9671508e-01    2.4319957e+00
  -9.2108578e-01   -4.1439463e-01    2.4315943e+00
  -9.1311546e-01   -4.3192417e-01    2.4311817e+00
  -9.0482530e-01   -4.4930372e-01    2.4307587e+00
  -8.9620532e-01   -4.6652328e-01    2.4303250e+00
  -8.8726550e-01   -4.8357284e-01    2.4298810e+00
  -8.7801584e-01   -5.0046240e-01    2.4294270e+00
  -8.6844633e-01   -5.1717197e-01    2.4289628e+00
  -8.5856698e-01   -5.3369154e-01    2.4284889e+00
  -8.4837779e-01   -5.5003112e-01    2.4280051e+00
  -8.3786874e-01   -5.6617071e-01    2.4275113e+00
  -8.2705984e-01   -5.8210029e-01    2.4270081e+00
  -8.1594109e-01   -5.9781989e-01    2.4264954e+00
  -8.0452246e-01   -6.1330949e-01    2.4259735e+00
  -7.9279399e-01   -6.2858909e-01    2.4254420e+00
  -7.8077564e-01   -6.4362871e-01    2.4249018e+00
  -7.6846741e-01   -6.5842832e-01    2.4243529e+00
  -7.5587930e-01   -6.7298795e-01    2.4237957e+00
  -7.4300132e-01   -6.8730758e-01    2.4232297e+00
  -7.2986344e-01   -7.0137721e-01    2.4226563e+00
  -7.1646567e-01   -7.1519686e-01    2.4220753e+00
  -7.0280799e-01   -7.2876651e-01    2.4214867e+00
  -6.8890042e-01   -7.4207616e-01    2.4208910e+00
  -6.7475293e-01   -7.5512583e-01    2.4202886e+00
  -6.6036552e-01   -7.6791550e-01    2.4196794e+00
  -6.4574820e-01   -7.8044517e-01    2.4190638e+00
  -6.3090096e-01   -7.9270486e-01    2.4184419e+00
  -6.1583379e-01   -8.0467455e-01    2.4178142e+00
  -6.0054668e-01   -8.1637424e-01    2.4171805e+00
  -5.8503965e-01   -8.2777395e-01    2.4165411e+00
  -5.6931267e-01   -8.3888366e-01    2.4158958e+00
  -5.5338575e-01   -8.4968338e-01    2.4152456e+00
  -5.3724889e-01   -8.6018311e-01    2.4145900e+00
  -5.2091207e-01   -8.7036285e-01    2.4139295e+00
  -5.0437530e-01   -8.8021260e-01    2.4132642e+00
  -4.8764857e-01   -8.8974235e-01    2.4125943e+00
  -4.7074186e-01   -8.9893211e-01    2.4119205e+00
  -4.5365519e-01   -9.0779188e-01    2.4112425e+00
  -4.3638854e-01   -9.1629166e-01    2.4105607e+00
  -4.1895191e-01   -9.2445145e-01    2.4098752e+00
  -4.0135529e-01   -9.3225125e-01    2.4091865e+00
  -3.8360868e-01   -9.3970106e-01    2.4084950e+00
  -3.6571207e-01   -9.4679088e-01    2.4078006e+00
  -3.4768545e-01   -9.5352070e-01    2.4071042e+00
  -3.2951883e-01   -9.5989054e-01    2.4064053e+00
  -3.1123220e-01   -9.6590038e-01    2.4057047e+00
  -2.9283554e-01   -9.7156024e-01    2.4050027e+00
  -2.7433886e-01   -9.7687010e-01    2.4042996e+00
  -2.5574216e-01   -9.8182997e-01    2.4035954e+00
  -2.3705542e-01   -9.8644985e-01    2.4028904e+00
  -2.1828865e-01   -9.9071974e-01    2.4021850e+00
  -1.9945183e-01   -9.9464964e-01    2.4014796e+00
  -1.8054497e-01   -9.9823955e-01    2.4007741e+00
  -1.6156806e-01   -1.0014495e+00    2.4000688e+00
  -1.4254110e-01   -1.0043494e+00    2.3993640e+00
  -1.2346409e-01   -1.0069493e+00    2.3986595e+00
  -1.0433701e-01   -1.0091493e+00    2.3979561e+00
  -8.5179853e-02   -1.0109492e+00    2.3972545e+00
  -6.5988611e-02   -1.0123492e+00    2.3965545e+00
  -4.6773307e-02   -1.0134492e+00    2.3958558e+00
  -2.7539938e-02   -1.0142491e+00    2.3951586e+00
  -8.2954461e-03   -1.0145491e+00    2.3944647e+00
   1.0951521e-02   -1.0145491e+00    2.3937728e+00
   3.0194795e-02   -1.0141491e+00    2.3930839e+00
   4.9427552e-02   -1.0134492e+00    2.3923975e+00
   6.8641451e-02   -1.0122492e+00    2.3917154e+00
   8.7829444e-02   -1.0107492e+00    2.3910364e+00
   1.0698656e-01   -1.0088493e+00    2.3903614e+00
   1.2609479e-01   -1.0066493e+00    2.3896903e+00
   1.4516317e-01   -1.0039494e+00    2.3890243e+00
   1.6418166e-01   -1.0009495e+00    2.3883621e+00
   1.8313028e-01   -9.9761956e-01    2.3877049e+00
   2.0201904e-01   -9.9389966e-01    2.3870526e+00
   2.2083793e-01   -9.8983976e-01    2.3864053e+00
   2.3957696e-01   -9.8543988e-01    2.3857633e+00
   2.5823613e-01   -9.8070000e-01    2.3851266e+00
   2.7680545e-01   -9.7564013e-01    2.3844955e+00
   2.9527491e-01   -9.7024027e-01    2.3838704e+00
   3.1365452e-01   -9.6451042e-01    2.3832508e+00
   3.3193427e-01   -9.5846058e-01    2.3826372e+00
   3.5009419e-01   -9.5208074e-01    2.3820303e+00
   3.6813428e-01   -9.4536091e-01    2.3814301e+00
   3.8604453e-01   -9.3831110e-01    2.3808369e+00
   4.0382495e-01   -9.3092129e-01    2.3802509e+00
   4.2145556e-01   -9.2318149e-01    2.3796727e+00
   4.3892637e-01   -9.1510169e-01    2.3791028e+00
   4.5622737e-01   -9.0666191e-01    2.3785415e+00
   4.7335858e-01   -8.9787214e-01    2.3779889e+00
   4.9029999e-01   -8.8874238e-01    2.3774455e+00
   5.0706161e-01   -8.7926262e-01    2.3769111e+00
   5.2362345e-01   -8.6944287e-01    2.3763864e+00
   5.3998550e-01   -8.5930314e-01    2.3758711e+00
   5.5614777e-01   -8.4883341e-01    2.3753654e+00
   5.7210025e-01   -8.3806368e-01    2.3748694e+00
   5.8785293e-01   -8.2699397e-01    2.3743827e+00
   6.0339582e-01   -8.1563426e-01    2.3739056e+00
   6.1873892e-01   -8.0398456e-01    2.3734378e+00
   6.3386223e-01   -7.9207487e-01    2.3729798e+00
   6.4876575e-01   -7.7988519e-01    2.3725317e+00
   6.6345948e-01   -7.6744551e-01    2.3720930e+00
   6.7792342e-01   -7.5473584e-01    2.3716644e+00
   6.9216757e-01   -7.4176617e-01    2.3712456e+00
   7.0616194e-01   -7.2854651e-01    2.3708376e+00
   7.1990655e-01   -7.1506686e-01    2.3704404e+00
   7.3340138e-01   -7.0132722e-01    2.3700541e+00
   7.4663644e-01   -6.8733758e-01    2.3696790e+00
   7.5959176e-01   -6.7309794e-01    2.3693156e+00
   7.7227730e-01   -6.5860832e-01    2.3689638e+00
   7.8466311e-01   -6.4386870e-01    2.3686245e+00
   7.9676916e-01   -6.2887909e-01    2.3682971e+00
   8.0856547e-01   -6.1366948e-01    2.3679825e+00
   8.2006204e-01   -5.9821988e-01    2.3676803e+00
   8.3125886e-01   -5.8255028e-01    2.3673905e+00
   8.4213593e-01   -5.6666069e-01    2.3671137e+00
   8.5271326e-01   -5.5056111e-01    2.3668492e+00
   8.6297085e-01   -5.3426153e-01    2.3665977e+00
   8.7290869e-01   -5.1777196e-01    2.3663590e+00
   8.8253678e-01   -5.0108239e-01    2.3661329e+00
   8.9184512e-01   -4.8422282e-01    2.3659196e+00
   9.0083372e-01   -4.6719326e-01    2.3657189e+00
   9.0949257e-01   -4.4999371e-01    2.3655313e+00
   9.1783167e-01   -4.3263415e-01    2.3653564e+00
   9.2585101e-01   -4.1512461e-01    2.3651940e+00
   9.3353061e-01   -3.9746506e-01    2.3650449e+00
   9.4089046e-01   -3.7966552e-01    2.3649084e+00
   9.4791056e-01   -3.6172599e-01    2.3647850e+00
   9.5459091e-01   -3.4366645e-01    2.3646747e+00
   9.6093151e-01   -3.2547692e-01    2.3645776e+00
   9.6693236e-01   -3.0717739e-01    2.3644935e+00
   9.7259346e-01   -2.8876787e-01    2.3644224e+00
   9.7790481e-01   -2.7025835e-01    2.3643645e+00
   9.8286642e-01   -2.5164883e-01    2.3643200e+00
   9.8746827e-01   -2.3294931e-01    2.3642890e+00
   9.9172038e-01   -2.1415980e-01    2.3642713e+00
   9.9561274e-01   -1.9530028e-01    2.3642670e+00
   9.9914535e-01   -1.7636077e-01    2.3642762e+00
   1.0023182e+00   -1.5737126e-01    2.3642987e+00
   1.0050913e+00   -1.3831176e-01    2.3643361e+00
   1.0075947e+00   -1.1921225e-01    2.3643835e+00
   1.0096982e+00   -1.0006774e-01    2.3644455e+00
   1.0114021e+00   -8.0887238e-02    2.3645222e+00
   1.0128062e+00   -6.1678734e-02    2.3646099e+00
   1.0139104e+00   -4.2448231e-02    2.3647085e+00
   1.0146149e+00   -2.3202728e-02    2.3648215e+00
   1.0150196e+00   -3.9467250e-03    2.3649455e+00
   1.0150246e+00    1.5312278e-02    2.3650838e+00
   1.0147298e+00    3.4569780e-02    2.3652329e+00
   1.0140352e+00    5.3817283e-02    2.3653963e+00
   1.0130408e+00    7.3050787e-02    2.3655703e+00
   1.0117466e+00    9.2261290e-02    2.3657550e+00
   1.0100527e+00    1.1144180e-01    2.3659538e+00
   1.0079590e+00    1.3059130e-01    2.3661668e+00
   1.0054655e+00    1.4969081e-01    2.3663938e+00
   1.0027022e+00    1.6875032e-01    2.3666302e+00
   9.9954916e-01    1.8774982e-01    2.3668802e+00
   9.9602633e-01    2.0667934e-01    2.3671430e+00
   9.9215370e-01    2.2554885e-01    2.3674179e+00
   9.8794128e-01    2.4433836e-01    2.3677044e+00
   9.8336907e-01    2.6304788e-01    2.3680033e+00
   9.7846704e-01    2.8166740e-01    2.3683135e+00
   9.7323521e-01    3.0019692e-01    2.3686348e+00
   9.6766357e-01    3.1863644e-01    2.3689677e+00
   9.6176212e-01    3.3696597e-01    2.3693117e+00
   9.5553085e-01    3.5518550e-01    2.3696667e+00
   9.4895977e-01    3.7328503e-01    2.3700331e+00
   9.4205888e-01    3.9126457e-01    2.3704104e+00
   9.3482815e-01    4.0910411e-01    2.3707987e+00
   9.2725762e-01    4.2681365e-01    2.3711982e+00
   9.1934726e-01    4.4436320e-01    2.3716087e+00
   9.1109709e-01    4.6176275e-01    2.3720305e+00
   9.0251708e-01    4.7900230e-01    2.3724629e+00
   8.9358726e-01    4.9606186e-01    2.3729066e+00
   8.8433760e-01    5.1295143e-01    2.3733605e+00
   8.7475810e-01    5.2965100e-01    2.3738250e+00
   8.6484877e-01    5.4616057e-01    2.3743000e+00
   8.5461959e-01    5.6247015e-01    2.3747850e+00
   8.4407056e-01    5.7857973e-01    2.3752801e+00
   8.3322168e-01    5.9447932e-01    2.3757844e+00
   8.2207294e-01    6.1017892e-01    2.3762981e+00
   8.1062433e-01    6.2565852e-01    2.3768210e+00
   7.9887586e-01    6.4091812e-01    2.3773531e+00
   7.8685751e-01    6.5594773e-01    2.3778932e+00
   7.7454929e-01    6.7075735e-01    2.3784421e+00
   7.6197118e-01    6.8533697e-01    2.3789992e+00
   7.4913317e-01    6.9966660e-01    2.3795637e+00
   7.3601529e-01    7.1376624e-01    2.3801367e+00
   7.2263751e-01    7.2761588e-01    2.3807172e+00
   7.0900982e-01    7.4119553e-01    2.3813048e+00
   6.9511224e-01    7.5452519e-01    2.3819002e+00
   6.8095476e-01    7.6757485e-01    2.3825030e+00
   6.6655736e-01    7.8034452e-01    2.3831124e+00
   6.5190005e-01    7.9282420e-01    2.3837291e+00
   6.3700282e-01    8.0501388e-01    2.3843523e+00
   6.2185568e-01    8.1690358e-01    2.3849823e+00
   6.0648859e-01    8.2848328e-01    2.3856180e+00
   5.9089158e-01    8.3976299e-01    2.3862598e+00
   5.7507464e-01    8.5074270e-01    2.3869074e+00
   5.5905774e-01    8.6141243e-01    2.3875599e+00
   5.4283090e-01    8.7177216e-01    2.3882177e+00
   5.2642409e-01    8.8183190e-01    2.3888799e+00
   5.0982733e-01    8.9158165e-01    2.3895466e+00
   4.9305061e-01    9.0102140e-01    2.3902176e+00
   4.7610391e-01    9.1014117e-01    2.3908924e+00
   4.5898724e-01    9.1895094e-01    2.3915711e+00
   4.4171059e-01    9.2743072e-01    2.3922531e+00
   4.2427397e-01    9.3559051e-01    2.3929386e+00
   4.0668735e-01    9.4341031e-01    2.3936271e+00
   3.8895074e-01    9.5089012e-01    2.3943185e+00
   3.7107413e-01    9.5801993e-01    2.3950124e+00
   3.5306751e-01    9.6480976e-01    2.3957085e+00
   3.3493089e-01    9.7125959e-01    2.3964069e+00
   3.1667426e-01    9.7735943e-01    2.3971071e+00
   2.9831761e-01    9.8311928e-01    2.3978084e+00
   2.7984094e-01    9.8853914e-01    2.3985116e+00
   2.6128424e-01    9.9362901e-01    2.3992153e+00
   2.4262752e-01    9.9837889e-01    2.3999201e+00
   2.2390076e-01    1.0027988e+00    2.4006251e+00
   2.0509397e-01    1.0068987e+00    2.4013307e+00
   1.8621714e-01    1.0106986e+00    2.4020366e+00
   1.6728025e-01    1.0140985e+00    2.4027418e+00
   1.4828333e-01    1.0171984e+00    2.4034470e+00
   1.2923635e-01    1.0199983e+00    2.4041519e+00
   1.1014930e-01    1.0223983e+00    2.4048553e+00
   9.1012205e-02    1.0244982e+00    2.4055583e+00
   7.1845025e-02    1.0261982e+00    2.4062596e+00
   5.2649812e-02    1.0276981e+00    2.4069604e+00
   3.3432484e-02    1.0286981e+00    2.4076584e+00
   1.4198089e-02    1.0293981e+00    2.4083549e+00
  -5.0460770e-03    1.0297981e+00    2.4090496e+00
  -2.4292945e-02    1.0297981e+00    2.4097415e+00
  -4.3537617e-02    1.0293981e+00    2.4104305e+00
  -6.2771374e-02    1.0286981e+00    2.4111169e+00
  -8.1987245e-02    1.0275981e+00    2.4117997e+00
  -1.0118323e-01    1.0260982e+00    2.4124790e+00
  -1.2034132e-01    1.0242982e+00    2.4131548e+00
  -1.3945954e-01    1.0220983e+00    2.4138262e+00
  -1.5853789e-01    1.0194983e+00    2.4144934e+00
  -1.7755635e-01    1.0165984e+00    2.4151562e+00
  -1.9652495e-01    1.0132985e+00    2.4158144e+00
  -2.1541371e-01    1.0095986e+00    2.4164668e+00
  -2.3423261e-01    1.0054987e+00    2.4171138e+00
  -2.5297164e-01    1.0010988e+00    2.4177558e+00
  -2.7162083e-01    9.9634894e-01    2.4183921e+00
  -2.9017017e-01    9.9120908e-01    2.4190220e+00
  -3.0861968e-01    9.8570922e-01    2.4196456e+00
  -3.2694935e-01    9.7984937e-01    2.4202624e+00
  -3.4516919e-01    9.7362953e-01    2.4208727e+00
  -3.6326919e-01    9.6705970e-01    2.4214761e+00
  -3.8122938e-01    9.6012988e-01    2.4220719e+00
  -3.9904975e-01    9.5286007e-01    2.4226603e+00
  -4.1673029e-01    9.4525026e-01    2.4232411e+00
  -4.3427102e-01    9.3730047e-01    2.4238145e+00
  -4.5164194e-01    9.2901068e-01    2.4243794e+00
  -4.6885305e-01    9.2039090e-01    2.4249361e+00
  -4.8590435e-01    9.1144114e-01    2.4254847e+00
  -5.0277584e-01    9.0218137e-01    2.4260246e+00
  -5.1947753e-01    8.9259162e-01    2.4265561e+00
  -5.3599941e-01    8.8270188e-01    2.4270789e+00
  -5.5233150e-01    8.7251214e-01    2.4275927e+00
  -5.6847378e-01    8.6202241e-01    2.4280976e+00
  -5.8441627e-01    8.5123269e-01    2.4285931e+00
  -6.0016895e-01    8.4016298e-01    2.4290798e+00
  -6.1572184e-01    8.2880327e-01    2.4295572e+00
  -6.3106493e-01    8.1717357e-01    2.4300251e+00
  -6.4618824e-01    8.0526388e-01    2.4304831e+00
  -6.6109177e-01    7.9307419e-01    2.4309312e+00
  -6.7577550e-01    7.8060451e-01    2.4313694e+00
  -6.9020947e-01    7.6787484e-01    2.4317968e+00
  -7.0441365e-01    7.5486518e-01    2.4322138e+00
  -7.1835808e-01    7.4158552e-01    2.4326196e+00
  -7.3205273e-01    7.2804587e-01    2.4330145e+00
  -7.4547762e-01    7.1424623e-01    2.4333979e+00
  -7.5864275e-01    7.0019659e-01    2.4337702e+00
  -7.7153811e-01    6.8589696e-01    2.4341309e+00
  -7.8416371e-01    6.7135734e-01    2.4344802e+00
  -7.9651955e-01    6.5657772e-01    2.4348181e+00
  -8.0859562e-01    6.4158810e-01    2.4351444e+00
  -8.2040193e-01    6.2636850e-01    2.4354594e+00
  -8.3192847e-01    6.1093890e-01    2.4357628e+00
  -8.4316525e-01    5.9529930e-01    2.4360543e+00
  -8.5412227e-01    5.7945971e-01    2.4363342e+00
  -8.6477952e-01    5.6343012e-01    2.4366021e+00
  -8.7514702e-01    5.4720054e-01    2.4368581e+00
  -8.8520477e-01    5.3077097e-01    2.4371015e+00
  -8.9496275e-01    5.1417139e-01    2.4373329e+00
  -9.0441099e-01    4.9739183e-01    2.4375519e+00
  -9.1354946e-01    4.8043227e-01    2.4377584e+00
  -9.2236819e-01    4.6331271e-01    2.4379523e+00
  -9.3087716e-01    4.4603315e-01    2.4381340e+00
  -9.3906637e-01    4.2860360e-01    2.4383030e+00
  -9.4692584e-01    4.1102406e-01    2.4384591e+00
  -9.5447554e-01    3.9330452e-01    2.4386031e+00
  -9.6169549e-01    3.7545498e-01    2.4387343e+00
  -9.6857569e-01    3.5746544e-01    2.4388523e+00
  -9.7513613e-01    3.3935591e-01    2.4389579e+00
  -9.8134683e-01    3.2112638e-01    2.4390500e+00
  -9.8722777e-01    3.0278685e-01    2.4391296e+00
  -9.9275896e-01    2.8433733e-01    2.4391957e+00
  -9.9791043e-01    2.6578781e-01    2.4392475e+00
  -1.0028121e+00    2.4715829e-01    2.4392897e+00
  -1.0073140e+00    2.2842877e-01    2.4393169e+00
  -1.0115161e+00    2.0963926e-01    2.4393328e+00
  -1.0154185e+00    1.9076975e-01    2.4393374e+00
  -1.0189211e+00    1.7183024e-01    2.4393271e+00
  -1.0221240e+00    1.5284073e-01    2.4393057e+00
  -1.0250270e+00    1.3379122e-01    2.4392731e+00
  -1.0275303e+00    1.1470171e-01    2.4392258e+00
  -1.0297338e+00    9.5571205e-02    2.4391674e+00
  -1.0315376e+00    7.6400700e-02    2.4390944e+00
  -1.0330416e+00    5.7199196e-02    2.4390104e+00
  -1.0342458e+00    3.7973692e-02    2.4389154e+00
  -1.0349503e+00    1.8729189e-02    2.4388023e+00
  -1.0353550e+00   -5.2647330e-04    2.4386784e+00
  -1.0353600e+00   -1.9785816e-02    2.4385401e+00
  -1.0349652e+00   -3.9041319e-02    2.4383874e+00
  -1.0342707e+00   -5.8284822e-02    2.4382241e+00
  -1.0330764e+00   -7.7510325e-02    2.4380429e+00
  -1.0315823e+00   -9.6709829e-02    2.4378511e+00
  -1.0296885e+00   -1.1587233e-01    2.4376452e+00
  -1.0273949e+00   -1.3500184e-01    2.4374252e+00
  -1.0248015e+00   -1.5408135e-01    2.4371948e+00
  -1.0218084e+00   -1.7311086e-01    2.4369503e+00
  -1.0185154e+00   -1.9207037e-01    2.4366956e+00
  -1.0147227e+00   -2.1096988e-01    2.4364233e+00
  -1.0107302e+00   -2.2978939e-01    2.4361445e+00
  -1.0062379e+00   -2.4852891e-01    2.4358482e+00
  -1.0014458e+00   -2.6717843e-01    2.4355418e+00
  -9.9625398e-01   -2.8572795e-01    2.4352218e+00
  -9.9074231e-01   -3.0416747e-01    2.4348910e+00
  -9.8486084e-01   -3.2250700e-01    2.4345477e+00
  -9.7863957e-01   -3.4073653e-01    2.4341930e+00
  -9.7208848e-01   -3.5883606e-01    2.4338273e+00
  -9.6520757e-01   -3.7682560e-01    2.4334506e+00
  -9.5800684e-01   -3.9468513e-01    2.4330633e+00
  -9.5050626e-01   -4.1241468e-01    2.4326661e+00
  -9.4270585e-01   -4.3002422e-01    2.4322591e+00
  -9.3459560e-01   -4.4749377e-01    2.4318419e+00
  -9.2620550e-01   -4.6481332e-01    2.4314157e+00
  -9.1751555e-01   -4.8200288e-01    2.4309797e+00
  -9.0853575e-01   -4.9903244e-01    2.4305345e+00
  -8.9925610e-01   -5.1590200e-01    2.4300796e+00
  -8.8967661e-01   -5.3261157e-01    2.4296150e+00
  -8.7980726e-01   -5.4914115e-01    2.4291414e+00
  -8.6962805e-01   -5.6548072e-01    2.4286579e+00
  -8.5914899e-01   -5.8163031e-01    2.4281651e+00
  -8.4837008e-01   -5.9758989e-01    2.4276628e+00
  -8.3729130e-01   -6.1332949e-01    2.4271514e+00
  -8.2591266e-01   -6.2885909e-01    2.4266306e+00
  -8.1423416e-01   -6.4416869e-01    2.4261007e+00
  -8.0225579e-01   -6.5923830e-01    2.4255617e+00
  -7.8999755e-01   -6.7407792e-01    2.4250143e+00
  -7.7743943e-01   -6.8867754e-01    2.4244579e+00
  -7.6460143e-01   -7.0302717e-01    2.4238932e+00
  -7.5148354e-01   -7.1711681e-01    2.4233203e+00
  -7.3809576e-01   -7.3094645e-01    2.4227396e+00
  -7.2444809e-01   -7.4452610e-01    2.4221513e+00
  -7.1054051e-01   -7.5783576e-01    2.4215556e+00
  -6.9639302e-01   -7.7089542e-01    2.4209531e+00
  -6.8201561e-01   -7.8368509e-01    2.4203443e+00
  -6.6740829e-01   -7.9623476e-01    2.4197289e+00
  -6.5259104e-01   -8.0851445e-01    2.4191080e+00
  -6.3757385e-01   -8.2055414e-01    2.4184815e+00
  -6.2234673e-01   -8.3233383e-01    2.4178494e+00
  -6.0692966e-01   -8.4386353e-01    2.4172123e+00
  -5.9132265e-01   -8.5512324e-01    2.4165703e+00
  -5.7551570e-01   -8.6611296e-01    2.4159230e+00
  -5.5951880e-01   -8.7682268e-01    2.4152709e+00
  -5.4333195e-01   -8.8722241e-01    2.4146142e+00
  -5.2693515e-01   -8.9732215e-01    2.4139521e+00
  -5.1034838e-01   -9.0709190e-01    2.4132856e+00
  -4.9357166e-01   -9.1651166e-01    2.4126148e+00
  -4.7660496e-01   -9.2560142e-01    2.4119395e+00
  -4.5944830e-01   -9.3433120e-01    2.4112599e+00
  -4.4212166e-01   -9.4271098e-01    2.4105768e+00
  -4.2462503e-01   -9.5074077e-01    2.4098901e+00
  -4.0697842e-01   -9.5842058e-01    2.4092005e+00
  -3.8918181e-01   -9.6575039e-01    2.4085080e+00
  -3.7125519e-01   -9.7275021e-01    2.4078132e+00
  -3.5319858e-01   -9.7941003e-01    2.4071162e+00
  -3.3501196e-01   -9.8572987e-01    2.4064170e+00
  -3.1672532e-01   -9.9171972e-01    2.4057165e+00
  -2.9832866e-01   -9.9737957e-01    2.4050145e+00
  -2.7983197e-01   -1.0026494e+00    2.4043116e+00
  -2.6123528e-01   -1.0076493e+00    2.4036072e+00
  -2.4254854e-01   -1.0122492e+00    2.4029023e+00
  -2.2378177e-01   -1.0165491e+00    2.4021968e+00
  -2.0493495e-01   -1.0204490e+00    2.4014912e+00
  -1.8601810e-01   -1.0240489e+00    2.4007853e+00
  -1.6704119e-01   -1.0272488e+00    2.4000801e+00
  -1.4800421e-01   -1.0300487e+00    2.3993756e+00
  -1.2892717e-01   -1.0325487e+00    2.3986718e+00
  -1.0980010e-01   -1.0347486e+00    2.3979684e+00
  -9.0641938e-02   -1.0365486e+00    2.3972667e+00
  -7.1453720e-02   -1.0380485e+00    2.3965661e+00
  -5.2242440e-02   -1.0392485e+00    2.3958669e+00
  -3.3013094e-02   -1.0401485e+00    2.3951691e+00
  -1.3772625e-02   -1.0405485e+00    2.3944746e+00
   5.4740908e-03   -1.0407485e+00    2.3937813e+00
   2.4720510e-02   -1.0405485e+00    2.3930908e+00
   4.3959238e-02   -1.0399485e+00    2.3924035e+00
   6.3183079e-02   -1.0389485e+00    2.3917196e+00
   8.2385011e-02   -1.0376485e+00    2.3910387e+00
   1.0155707e-01   -1.0359486e+00    2.3903617e+00
   1.2069125e-01   -1.0338486e+00    2.3896890e+00
   1.3977954e-01   -1.0314487e+00    2.3890200e+00
   1.5882796e-01   -1.0286488e+00    2.3883554e+00
   1.7780653e-01   -1.0254488e+00    2.3876962e+00
   1.9673523e-01   -1.0218489e+00    2.3870416e+00
   2.1558404e-01   -1.0180490e+00    2.3863913e+00
   2.3437298e-01   -1.0138491e+00    2.3857461e+00
   2.5307209e-01   -1.0092493e+00    2.3851070e+00
   2.7169133e-01   -1.0043494e+00    2.3844729e+00
   2.9023069e-01   -9.9917952e-01    2.3838436e+00
   3.0866022e-01   -9.9362967e-01    2.3832210e+00
   3.2698990e-01   -9.8775982e-01    2.3826042e+00
   3.4520973e-01   -9.8154998e-01    2.3819939e+00
   3.6331973e-01   -9.7501015e-01    2.3813899e+00
   3.8129989e-01   -9.6814033e-01    2.3807930e+00
   3.9916021e-01   -9.6095051e-01    2.3802026e+00
   4.1688070e-01   -9.5343071e-01    2.3796197e+00
   4.3446137e-01   -9.4558091e-01    2.3790441e+00
   4.5189222e-01   -9.3742112e-01    2.3784762e+00
   4.6918325e-01   -9.2894134e-01    2.3779156e+00
   4.8630446e-01   -9.2015156e-01    2.3773633e+00
   5.0326585e-01   -9.1105180e-01    2.3768190e+00
   5.2005744e-01   -9.0163204e-01    2.3762831e+00
   5.3666922e-01   -8.9189229e-01    2.3757560e+00
   5.5309121e-01   -8.8184255e-01    2.3752379e+00
   5.6932340e-01   -8.7148282e-01    2.3747289e+00
   5.8534581e-01   -8.6080310e-01    2.3742297e+00
   6.0114845e-01   -8.4981338e-01    2.3737406e+00
   6.1674129e-01   -8.3852367e-01    2.3732613e+00
   6.3211435e-01   -8.2693397e-01    2.3727920e+00
   6.4726764e-01   -8.1504428e-01    2.3723327e+00
   6.6219114e-01   -8.0288459e-01    2.3718837e+00
   6.7689486e-01   -7.9044491e-01    2.3714446e+00
   6.9135879e-01   -7.7774524e-01    2.3710160e+00
   7.0561293e-01   -7.6478558e-01    2.3705967e+00
   7.1962729e-01   -7.5158592e-01    2.3701879e+00
   7.3341186e-01   -7.3814626e-01    2.3697890e+00
   7.4695665e-01   -7.2446662e-01    2.3694004e+00
   7.6027164e-01   -7.1054698e-01    2.3690219e+00
   7.7332687e-01   -6.9638734e-01    2.3686544e+00
   7.8612232e-01   -6.8200771e-01    2.3682978e+00
   7.9865800e-01   -6.6738809e-01    2.3679523e+00
   8.1091392e-01   -6.5252848e-01    2.3676186e+00
   8.2289008e-01   -6.3744887e-01    2.3672965e+00
   8.3457648e-01   -6.2214926e-01    2.3669864e+00
   8.4597313e-01   -6.0661966e-01    2.3666884e+00
   8.5706004e-01   -5.9088007e-01    2.3664030e+00
   8.6785718e-01   -5.7493048e-01    2.3661296e+00
   8.7835458e-01   -5.5878090e-01    2.3658684e+00
   8.8854222e-01   -5.4244132e-01    2.3656196e+00
   8.9843010e-01   -5.2591175e-01    2.3653830e+00
   9.0801822e-01   -5.0921218e-01    2.3651585e+00
   9.1729659e-01   -4.9234261e-01    2.3649462e+00
   9.2627519e-01   -4.7530305e-01    2.3647460e+00
   9.3494403e-01   -4.5810350e-01    2.3645581e+00
   9.4329312e-01   -4.4074394e-01    2.3643828e+00
   9.5132246e-01   -4.2324440e-01    2.3642200e+00
   9.5903204e-01   -4.0559485e-01    2.3640697e+00
   9.6640188e-01   -3.8779531e-01    2.3639328e+00
   9.7343197e-01   -3.6986578e-01    2.3638090e+00
   9.8011232e-01   -3.5180624e-01    2.3636987e+00
   9.8644293e-01   -3.3361671e-01    2.3636020e+00
   9.9242380e-01   -3.1530718e-01    2.3635186e+00
   9.9803493e-01   -2.9688766e-01    2.3634494e+00
   1.0032563e+00   -2.7835814e-01    2.3633949e+00
   1.0081580e+00   -2.5972862e-01    2.3633527e+00
   1.0127599e+00   -2.4100910e-01    2.3633219e+00
   1.0168621e+00   -2.2220959e-01    2.3633096e+00
   1.0207644e+00   -2.0334008e-01    2.3633050e+00
   1.0242670e+00   -1.8440056e-01    2.3633153e+00
   1.0274699e+00   -1.6540106e-01    2.3633368e+00
   1.0302730e+00   -1.4636155e-01    2.3633730e+00
   1.0328762e+00   -1.2727204e-01    2.3634167e+00
   1.0350798e+00   -1.0814253e-01    2.3634750e+00
   1.0369835e+00   -8.8974029e-02    2.3635444e+00
   1.0385874e+00   -6.9781525e-02    2.3636248e+00
   1.0398915e+00   -5.0565021e-02    2.3637161e+00
   1.0407959e+00   -3.1328518e-02    2.3638219e+00
   1.0414005e+00   -1.2079015e-02    2.3639386e+00
   1.0417053e+00    7.1785877e-03    2.3640662e+00
   1.0416103e+00    2.6437990e-02    2.3642081e+00
   1.0411156e+00    4.5691493e-02    2.3643643e+00
   1.0403211e+00    6.4931996e-02    2.3645312e+00
   1.0391268e+00    8.4152500e-02    2.3647124e+00
   1.0375328e+00    1.0335200e-01    2.3649078e+00
   1.0356390e+00    1.2251151e-01    2.3651136e+00
   1.0333454e+00    1.4163102e-01    2.3653336e+00
   1.0306521e+00    1.6071052e-01    2.3655676e+00
   1.0277589e+00    1.7974003e-01    2.3658085e+00
   1.0244659e+00    1.9871954e-01    2.3660633e+00
   1.0208731e+00    2.1762905e-01    2.3663285e+00
   1.0168806e+00    2.3648857e-01    2.3666076e+00
   1.0126881e+00    2.5527808e-01    2.3668935e+00
   1.0080959e+00    2.7398760e-01    2.3671931e+00
   1.0033038e+00    2.9261712e-01    2.3674993e+00
   9.9806200e-01    3.1115664e-01    2.3678211e+00
   9.9254034e-01    3.2960616e-01    2.3681523e+00
   9.8667886e-01    3.4795569e-01    2.3684950e+00
   9.8048757e-01    3.6618522e-01    2.3688486e+00
   9.7394648e-01    3.8429475e-01    2.3692140e+00
   9.6706557e-01    4.0228428e-01    2.3695907e+00
   9.5984484e-01    4.2013382e-01    2.3699787e+00
   9.5229430e-01    4.3784337e-01    2.3703775e+00
   9.4440393e-01    4.5541291e-01    2.3707875e+00
   9.3618374e-01    4.7282246e-01    2.3712082e+00
   9.2763372e-01    4.9007202e-01    2.3716396e+00
   9.1876387e-01    5.0716158e-01    2.3720813e+00
   9.0957417e-01    5.2408114e-01    2.3725334e+00
   9.0006464e-01    5.4083071e-01    2.3729957e+00
   8.9024526e-01    5.5739028e-01    2.3734678e+00
   8.8012603e-01    5.7376986e-01    2.3739493e+00
   8.6969695e-01    5.8994944e-01    2.3744406e+00
   8.5896801e-01    6.0593903e-01    2.3749413e+00
   8.4793921e-01    6.2171862e-01    2.3754512e+00
   8.3663054e-01    6.3729822e-01    2.3759698e+00
   8.2502201e-01    6.5266782e-01    2.3764976e+00
   8.1314359e-01    6.6780743e-01    2.3770335e+00
   8.0098530e-01    6.8273704e-01    2.3775780e+00
   7.8854714e-01    6.9743666e-01    2.3781308e+00
   7.7583908e-01    7.1189629e-01    2.3786916e+00
   7.6287113e-01    7.2612592e-01    2.3792601e+00
   7.4964329e-01    7.4011556e-01    2.3798363e+00
   7.3615555e-01    7.5384521e-01    2.3804199e+00
   7.2239792e-01    7.6731486e-01    2.3810113e+00
   7.0839038e-01    7.8052452e-01    2.3816099e+00
   6.9413293e-01    7.9345418e-01    2.3822154e+00
   6.7962557e-01    8.0610386e-01    2.3828279e+00
   6.6486829e-01    8.1846354e-01    2.3834473e+00
   6.4987110e-01    8.3054322e-01    2.3840733e+00
   6.3465397e-01    8.4231292e-01    2.3847049e+00
   6.1919693e-01    8.5380262e-01    2.3853432e+00
   6.0353993e-01    8.6499234e-01    2.3859865e+00
   5.8768299e-01    8.7591205e-01    2.3866351e+00
   5.7164610e-01    8.8654178e-01    2.3872881e+00
   5.5541926e-01    8.9691151e-01    2.3879460e+00
   5.3903245e-01    9.0700125e-01    2.3886076e+00
   5.2246569e-01    9.1680100e-01    2.3892736e+00
   5.0572895e-01    9.2630075e-01    2.3899436e+00
   4.8880225e-01    9.3547052e-01    2.3906180e+00
   4.7168558e-01    9.4427029e-01    2.3912967e+00
   4.5436894e-01    9.5267007e-01    2.3919796e+00
   4.3683232e-01    9.6061987e-01    2.3926672e+00
   4.1910571e-01    9.6810967e-01    2.3933583e+00
   4.0117910e-01    9.7511949e-01    2.3940531e+00
   3.8309247e-01    9.8167932e-01    2.3947505e+00
   3.6486585e-01    9.8786916e-01    2.3954502e+00
   3.4653921e-01    9.9376901e-01    2.3961515e+00
   3.2817255e-01    9.9949886e-01    2.3968529e+00
   3.0981591e-01    1.0052987e+00    2.3975545e+00
   2.9151928e-01    1.0112986e+00    2.3982554e+00
   2.7335264e-01    1.0175984e+00    2.3989538e+00
   2.5538603e-01    1.0244982e+00    2.3996493e+00
   2.3766944e-01    1.0320980e+00    2.4003408e+00
   2.2026280e-01    1.0402978e+00    2.4010256e+00
   2.0321611e-01    1.0491976e+00    2.4017024e+00
   1.8654935e-01    1.0587973e+00    2.4023705e+00
   1.7022254e-01    1.0689971e+00    2.4030308e+00
   1.5411568e-01    1.0795968e+00    2.4036861e+00
   1.3800880e-01    1.0900965e+00    2.4043406e+00
   1.2169197e-01    1.1002963e+00    2.4050005e+00
   1.0493525e-01    1.1097960e+00    2.4056712e+00
   8.7580603e-02    1.1180958e+00    2.4063548e+00
   6.9648995e-02    1.1250956e+00    2.4070497e+00
   5.1225342e-02    1.1306955e+00    2.4077523e+00
   3.2415526e-02    1.1346954e+00    2.4084573e+00
   1.3343917e-02    1.1372953e+00    2.4091616e+00
  -5.8700881e-03    1.1383953e+00    2.4098602e+00
  -2.5118001e-02    1.1381960e+00    2.4104506e+00
  -4.4320149e-02    1.1367975e+00    2.4109307e+00
  -6.3438394e-02    1.1344011e+00    2.4111005e+00
  -8.2459046e-02    1.1314062e+00    2.4110622e+00
  -1.0139307e-01    1.1279128e+00    2.4108171e+00
  -1.2027859e-01    1.1241222e+00    2.4101679e+00
  -1.3912135e-01    1.1202331e+00    2.4093163e+00
  -1.5796486e-01    1.1164461e+00    2.4081653e+00
  -1.7681554e-01    1.1127606e+00    2.4068151e+00
  -1.9568693e-01    1.1092772e+00    2.4051669e+00
  -2.1458185e-01    1.1059946e+00    2.4034209e+00
  -2.3349390e-01    1.1029133e+00    2.4014769e+00
  -2.5242235e-01    1.0998314e+00    2.3996335e+00
  -2.7136076e-01    1.0968494e+00    2.3977912e+00
  -2.9030481e-01    1.0937646e+00    2.3963486e+00
  -3.0922741e-01    1.0902755e+00    2.3955027e+00
  -3.2807581e-01    1.0862835e+00    2.3950509e+00
  -3.4675653e-01    1.0815879e+00    2.3950882e+00
  -3.6517686e-01    1.0759902e+00    2.3954100e+00
  -3.8321054e-01    1.0692911e+00    2.3959100e+00
  -4.0073129e-01    1.0612913e+00    2.3964823e+00
  -4.1758281e-01    1.0519915e+00    2.3970212e+00
  -4.3362521e-01    1.0412918e+00    2.3975210e+00
  -4.4870854e-01    1.0293921e+00    2.3979777e+00
  -4.6280282e-01    1.0162925e+00    2.3983901e+00
  -4.7588804e-01    1.0020928e+00    2.3987584e+00
  -4.8803404e-01    9.8719322e-01    2.3990879e+00
  -4.9941071e-01    9.7165362e-01    2.3993851e+00
  -5.1024782e-01    9.5573403e-01    2.3996602e+00
  -5.2095504e-01    9.3972445e-01    2.3999300e+00
  -5.3197200e-01    9.2393486e-01    2.4002125e+00
  -5.4353851e-01    9.0853525e-01    2.4005175e+00
  -5.5577445e-01    8.9366564e-01    2.4008505e+00
  -5.6869978e-01    8.7939601e-01    2.4012125e+00
  -5.8223458e-01    8.6569636e-01    2.4016005e+00
  -5.9626892e-01    8.5250670e-01    2.4020102e+00
  -6.1068291e-01    8.3974703e-01    2.4024366e+00
  -6.2539661e-01    8.2732735e-01    2.4028762e+00
  -6.4031013e-01    8.1514767e-01    2.4033248e+00
  -6.5531355e-01    8.0308798e-01    2.4037774e+00
  -6.7028701e-01    7.9097829e-01    2.4042286e+00
  -6.8513059e-01    7.7870861e-01    2.4046740e+00
  -6.9976437e-01    7.6619893e-01    2.4051101e+00
  -7.1411841e-01    7.5336926e-01    2.4055338e+00
  -7.2818273e-01    7.4020960e-01    2.4059448e+00
  -7.4191734e-01    7.2670995e-01    2.4063414e+00
  -7.5532225e-01    7.1289031e-01    2.4067239e+00
  -7.6840745e-01    6.9877067e-01    2.4070928e+00
  -7.8121290e-01    6.8438104e-01    2.4074496e+00
  -7.9372859e-01    6.6974142e-01    2.4077943e+00
  -8.0597452e-01    6.5488180e-01    2.4081277e+00
  -8.1797066e-01    6.3982219e-01    2.4084506e+00
  -8.2970703e-01    6.2455259e-01    2.4087627e+00
  -8.4118361e-01    6.0909299e-01    2.4090641e+00
  -8.5239042e-01    5.9343339e-01    2.4093543e+00
  -8.6330746e-01    5.7756380e-01    2.4096327e+00
  -8.7393475e-01    5.6150422e-01    2.4098992e+00
  -8.8425228e-01    5.4524464e-01    2.4101532e+00
  -8.9425008e-01    5.2878506e-01    2.4103942e+00
  -9.0392813e-01    5.1213549e-01    2.4106224e+00
  -9.1327644e-01    4.9529593e-01    2.4108374e+00
  -9.2230500e-01    4.7828636e-01    2.4110396e+00
  -9.3101382e-01    4.6110681e-01    2.4112291e+00
  -9.3939288e-01    4.4376726e-01    2.4114057e+00
  -9.4746219e-01    4.2627771e-01    2.4115700e+00
  -9.5520175e-01    4.0864816e-01    2.4117214e+00
  -9.6262155e-01    3.9086862e-01    2.4118603e+00
  -9.6972158e-01    3.7296908e-01    2.4119868e+00
  -9.7648188e-01    3.5493955e-01    2.4121002e+00
  -9.8291241e-01    3.3678002e-01    2.4122007e+00
  -9.8901319e-01    3.1851049e-01    2.4122887e+00
  -9.9477422e-01    3.0013097e-01    2.4123636e+00
  -1.0001755e+00    2.8165144e-01    2.4124249e+00
  -1.0052770e+00    2.6307192e-01    2.4124747e+00
  -1.0099788e+00    2.4440240e-01    2.4125094e+00
  -1.0143808e+00    2.2565289e-01    2.4125328e+00
  -1.0183831e+00    2.0682337e-01    2.4125413e+00
  -1.0221855e+00    1.8792386e-01    2.4125421e+00
  -1.0254883e+00    1.6895435e-01    2.4125244e+00
  -1.0284912e+00    1.4993484e-01    2.4124956e+00
  -1.0311944e+00    1.3086534e-01    2.4124556e+00
  -1.0334979e+00    1.1174583e-01    2.4124009e+00
  -1.0355015e+00    9.2586325e-02    2.4123352e+00
  -1.0371055e+00    7.3394821e-02    2.4122548e+00
  -1.0383096e+00    5.4175317e-02    2.4121599e+00
  -1.0392140e+00    3.4936814e-02    2.4120540e+00
  -1.0397187e+00    1.5684311e-02    2.4119337e+00
  -1.0399235e+00   -3.5746917e-03    2.4118026e+00
  -1.0396287e+00   -2.2832694e-02    2.4116535e+00
  -1.0391340e+00   -4.2082197e-02    2.4114973e+00
  -1.0381396e+00   -6.1317701e-02    2.4113232e+00
  -1.0368454e+00   -8.0531204e-02    2.4111385e+00
  -1.0351514e+00   -9.9716709e-02    2.4109396e+00
  -1.0330577e+00   -1.1886821e-01    2.4107266e+00
  -1.0306642e+00   -1.3797772e-01    2.4105032e+00
  -1.0279709e+00   -1.5703723e-01    2.4102693e+00
  -1.0248778e+00   -1.7604674e-01    2.4100214e+00
  -1.0214849e+00   -1.9499625e-01    2.4097631e+00
  -1.0176922e+00   -2.1388576e-01    2.4094910e+00
  -1.0135997e+00   -2.3270527e-01    2.4092085e+00
  -1.0092074e+00   -2.5144479e-01    2.4089158e+00
  -1.0044153e+00   -2.7010431e-01    2.4086094e+00
  -9.9932340e-01   -2.8867383e-01    2.4082928e+00
  -9.9389168e-01   -3.0715335e-01    2.4079646e+00
  -9.8814015e-01   -3.2553288e-01    2.4076257e+00
  -9.8206879e-01   -3.4380241e-01    2.4072761e+00
  -9.7566762e-01   -3.6197194e-01    2.4069153e+00
  -9.6894662e-01   -3.8001147e-01    2.4065439e+00
  -9.6189581e-01   -3.9793101e-01    2.4061616e+00
  -9.5451517e-01   -4.1572055e-01    2.4057684e+00
  -9.4680471e-01   -4.3336009e-01    2.4053643e+00
  -9.3877441e-01   -4.5085964e-01    2.4049498e+00
  -9.3040430e-01   -4.6820919e-01    2.4045241e+00
  -9.2171436e-01   -4.8538875e-01    2.4040882e+00
  -9.1270457e-01   -5.0239831e-01    2.4036420e+00
  -9.0336495e-01   -5.1923787e-01    2.4031851e+00
  -8.9371549e-01   -5.3589744e-01    2.4027184e+00
  -8.8373619e-01   -5.5236702e-01    2.4022413e+00
  -8.7345704e-01   -5.6864660e-01    2.4017547e+00
  -8.6287803e-01   -5.8473618e-01    2.4012587e+00
  -8.5198916e-01   -6.0061577e-01    2.4007530e+00
  -8.4081043e-01   -6.1628537e-01    2.4002385e+00
  -8.2933184e-01   -6.3174497e-01    2.3997147e+00
  -8.1757338e-01   -6.4699458e-01    2.3991823e+00
  -8.0554503e-01   -6.6201419e-01    2.3986419e+00
  -7.9322681e-01   -6.7681381e-01    2.3980926e+00
  -7.8063870e-01   -6.9138343e-01    2.3975353e+00
  -7.6779070e-01   -7.0571306e-01    2.3969704e+00
  -7.5467282e-01   -7.1981270e-01    2.3963974e+00
  -7.4129504e-01   -7.3365234e-01    2.3958170e+00
  -7.2766735e-01   -7.4725199e-01    2.3952293e+00
  -7.1378976e-01   -7.6059164e-01    2.3946345e+00
  -6.9966227e-01   -7.7366130e-01    2.3940326e+00
  -6.8529486e-01   -7.8647097e-01    2.3934240e+00
  -6.7068753e-01   -7.9901065e-01    2.3928087e+00
  -6.5585029e-01   -8.1128033e-01    2.3921871e+00
  -6.4078311e-01   -8.2326002e-01    2.3915593e+00
  -6.2550601e-01   -8.3496972e-01    2.3909259e+00
  -6.1000897e-01   -8.4638943e-01    2.3902867e+00
  -5.9430199e-01   -8.5751914e-01    2.3896420e+00
  -5.7840506e-01   -8.6836886e-01    2.3889925e+00
  -5.6230818e-01   -8.7891859e-01    2.3883380e+00
  -5.4601136e-01   -8.8917832e-01    2.3876783e+00
  -5.2954457e-01   -8.9913806e-01    2.3870147e+00
  -5.1289782e-01   -9.0879781e-01    2.3863468e+00
  -4.9608110e-01   -9.1815757e-01    2.3856750e+00
  -4.7909441e-01   -9.2720734e-01    2.3849993e+00
  -4.6194775e-01   -9.3595711e-01    2.3843199e+00
  -4.4465110e-01   -9.4440690e-01    2.3836374e+00
  -4.2720447e-01   -9.5253669e-01    2.3829517e+00
  -4.0961786e-01   -9.6036648e-01    2.3822632e+00
  -3.9190124e-01   -9.6787629e-01    2.3815723e+00
  -3.7404463e-01   -9.7507610e-01    2.3808786e+00
  -3.5606802e-01   -9.8194593e-01    2.3801830e+00
  -3.3797140e-01   -9.8849576e-01    2.3794853e+00
  -3.1975477e-01   -9.9470560e-01    2.3787858e+00
  -3.0142812e-01   -1.0005554e+00    2.3780849e+00
  -2.8298146e-01   -1.0060553e+00    2.3773822e+00
  -2.6443478e-01   -1.0112552e+00    2.3766781e+00
  -2.4578804e-01   -1.0159550e+00    2.3759740e+00
  -2.2705128e-01   -1.0203549e+00    2.3752688e+00
  -2.0822450e-01   -1.0244548e+00    2.3745625e+00
  -1.8932764e-01   -1.0280547e+00    2.3738573e+00
  -1.7036072e-01   -1.0312547e+00    2.3731524e+00
  -1.5133376e-01   -1.0341546e+00    2.3724476e+00
  -1.3224676e-01   -1.0367545e+00    2.3717427e+00
  -1.1312965e-01   -1.0388545e+00    2.3710404e+00
  -9.3966518e-02   -1.0407544e+00    2.3703378e+00
  -7.4778300e-02   -1.0422544e+00    2.3696373e+00
  -5.5566994e-02   -1.0433543e+00    2.3689387e+00
  -3.6337647e-02   -1.0442543e+00    2.3682410e+00
  -1.7097205e-02   -1.0447543e+00    2.3675457e+00
   2.1490754e-03   -1.0449543e+00    2.3668524e+00
   2.1395931e-02   -1.0447543e+00    2.3661620e+00
   4.0636631e-02   -1.0442543e+00    2.3654739e+00
   5.9864444e-02   -1.0433543e+00    2.3647891e+00
   7.9072346e-02   -1.0421544e+00    2.3641073e+00
   9.8253370e-02   -1.0405544e+00    2.3634292e+00
   1.1740152e-01   -1.0385545e+00    2.3627553e+00
   1.3649980e-01   -1.0361545e+00    2.3620860e+00
   1.5555819e-01   -1.0334546e+00    2.3614203e+00
   1.7454672e-01   -1.0303547e+00    2.3607599e+00
   1.9348539e-01   -1.0268548e+00    2.3601043e+00
   2.1234419e-01   -1.0230549e+00    2.3594537e+00
   2.3112318e-01   -1.0187550e+00    2.3588095e+00
   2.4982226e-01   -1.0142551e+00    2.3581696e+00
   2.6843153e-01   -1.0092552e+00    2.3575366e+00
   2.8694092e-01   -1.0040554e+00    2.3569086e+00
   3.0536048e-01   -9.9841550e-01    2.3562870e+00
   3.2367018e-01   -9.9248565e-01    2.3556715e+00
   3.4188003e-01   -9.8623581e-01    2.3550618e+00
   3.5997005e-01   -9.7966598e-01    2.3544587e+00
   3.7795021e-01   -9.7278616e-01    2.3538618e+00
   3.9581053e-01   -9.6559635e-01    2.3532715e+00
   4.1354101e-01   -9.5810654e-01    2.3526880e+00
   4.3114166e-01   -9.5030674e-01    2.3521113e+00
   4.4861246e-01   -9.4221695e-01    2.3515415e+00
   4.6593344e-01   -9.3381717e-01    2.3509792e+00
   4.8311459e-01   -9.2511739e-01    2.3504241e+00
   5.0012593e-01   -9.1611763e-01    2.3498773e+00
   5.1697745e-01   -9.0680787e-01    2.3493385e+00
   5.3365916e-01   -8.9719811e-01    2.3488079e+00
   5.5016106e-01   -8.8726837e-01    2.3482861e+00
   5.6646318e-01   -8.7703863e-01    2.3477736e+00
   5.8257549e-01   -8.6648891e-01    2.3472702e+00
   5.9846803e-01   -8.5562919e-01    2.3467770e+00
   6.1415079e-01   -8.4445948e-01    2.3462936e+00
   6.2961377e-01   -8.3297977e-01    2.3458203e+00
   6.4483698e-01   -8.2120008e-01    2.3453577e+00
   6.5984041e-01   -8.0912039e-01    2.3449052e+00
   6.7460406e-01   -7.9676071e-01    2.3444634e+00
   6.8912795e-01   -7.8412103e-01    2.3440322e+00
   7.0342205e-01   -7.7122137e-01    2.3436111e+00
   7.1747637e-01   -7.5805171e-01    2.3432005e+00
   7.3129091e-01   -7.4464205e-01    2.3428004e+00
   7.4487566e-01   -7.3100241e-01    2.3424101e+00
   7.5822063e-01   -7.1712276e-01    2.3420302e+00
   7.7133580e-01   -7.0301313e-01    2.3416602e+00
   7.8420119e-01   -6.8869350e-01    2.3413007e+00
   7.9682679e-01   -6.7414387e-01    2.3409514e+00
   8.0919262e-01   -6.5938426e-01    2.3406130e+00
   8.2129867e-01   -6.4441464e-01    2.3402855e+00
   8.3312495e-01   -6.2921503e-01    2.3399696e+00
   8.4467148e-01   -6.1379543e-01    2.3396655e+00
   8.5591825e-01   -5.9816584e-01    2.3393735e+00
   8.6686527e-01   -5.8232625e-01    2.3390939e+00
   8.7750255e-01   -5.6626666e-01    2.3388270e+00
   8.8782009e-01   -5.5000708e-01    2.3385730e+00
   8.9781788e-01   -5.3354751e-01    2.3383320e+00
   9.0749593e-01   -5.1689794e-01    2.3381038e+00
   9.1685423e-01   -5.0006837e-01    2.3378884e+00
   9.2589279e-01   -4.8305881e-01    2.3376858e+00
   9.3461159e-01   -4.6588925e-01    2.3374959e+00
   9.4302064e-01   -4.4856970e-01    2.3373181e+00
   9.5110993e-01   -4.3109015e-01    2.3371530e+00
   9.5888946e-01   -4.1347061e-01    2.3370001e+00
   9.6634922e-01   -3.9571106e-01    2.3368596e+00
   9.7349923e-01   -3.7783153e-01    2.3367312e+00
   9.8031947e-01   -3.5982199e-01    2.3366155e+00
   9.8682995e-01   -3.4169246e-01    2.3365118e+00
   9.9300068e-01   -3.2345293e-01    2.3364212e+00
   9.9884165e-01   -3.0509341e-01    2.3363432e+00
   1.0043828e+00   -2.8663388e-01    2.3362768e+00
   1.0094843e+00   -2.6808436e-01    2.3362268e+00
   1.0142861e+00   -2.4943484e-01    2.3361883e+00
   1.0187880e+00   -2.3069533e-01    2.3361612e+00
   1.0228902e+00   -2.1187581e-01    2.3361491e+00
   1.0265927e+00   -1.9298630e-01    2.3361518e+00
   1.0299954e+00   -1.7402679e-01    2.3361659e+00
   1.0329984e+00   -1.5500728e-01    2.3361947e+00
   1.0357015e+00   -1.3592777e-01    2.3362347e+00
   1.0379051e+00   -1.1679827e-01    2.3362931e+00
   1.0398088e+00   -9.7633763e-02    2.3363624e+00
   1.0413128e+00   -7.8431259e-02    2.3364465e+00
   1.0424170e+00   -5.9202755e-02    2.3365451e+00
   1.0431215e+00   -3.9956252e-02    2.3366581e+00
   1.0434263e+00   -2.0699749e-02    2.3367857e+00
   1.0433314e+00   -1.4402668e-03    2.3369276e+00
   1.0428367e+00    1.7813256e-02    2.3370838e+00
   1.0420421e+00    3.7055759e-02    2.3372508e+00
   1.0408479e+00    5.6279263e-02    2.3374319e+00
   1.0393538e+00    7.5478767e-02    2.3376237e+00
   1.0375599e+00    9.4648272e-02    2.3378261e+00
   1.0353663e+00    1.1378578e-01    2.3380426e+00
   1.0328728e+00    1.3287528e-01    2.3382695e+00
   1.0299796e+00    1.5192479e-01    2.3385105e+00
   1.0268865e+00    1.7092430e-01    2.3387583e+00
   1.0233937e+00    1.8986381e-01    2.3390201e+00
   1.0195011e+00    2.0873333e-01    2.3392957e+00
   1.0153086e+00    2.2753284e-01    2.3395816e+00
   1.0108164e+00    2.4625236e-01    2.3398777e+00
   1.0059243e+00    2.6487188e-01    2.3401875e+00
   1.0006225e+00    2.8339140e-01    2.3405113e+00
   9.9499093e-01    3.0180092e-01    2.3408461e+00
   9.8899953e-01    3.2011045e-01    2.3411931e+00
   9.8264833e-01    3.3827998e-01    2.3415521e+00
   9.7594732e-01    3.5633951e-01    2.3419229e+00
   9.6891649e-01    3.7425905e-01    2.3423045e+00
   9.6154585e-01    3.9205859e-01    2.3426975e+00
   9.5385538e-01    4.0970814e-01    2.3431009e+00
   9.4584508e-01    4.2721768e-01    2.3435147e+00
   9.3751494e-01    4.4457723e-01    2.3439390e+00
   9.2887497e-01    4.6178679e-01    2.3443734e+00
   9.1992515e-01    4.7882635e-01    2.3448177e+00
   9.1064551e-01    4.9570591e-01    2.3452727e+00
   9.0106601e-01    5.1240548e-01    2.3457371e+00
   8.9115668e-01    5.2891506e-01    2.3462121e+00
   8.8093749e-01    5.4523464e-01    2.3466968e+00
   8.7040846e-01    5.6135422e-01    2.3471912e+00
   8.5955958e-01    5.7725381e-01    2.3476956e+00
   8.4840084e-01    5.9294340e-01    2.3482095e+00
   8.3693224e-01    6.0841300e-01    2.3487331e+00
   8.2516378e-01    6.2365261e-01    2.3492657e+00
   8.1310545e-01    6.3865222e-01    2.3498071e+00
   8.0074724e-01    6.5341184e-01    2.3503575e+00
   7.8809916e-01    6.6793147e-01    2.3509166e+00
   7.7517120e-01    6.8219110e-01    2.3514839e+00
   7.6196335e-01    6.9620074e-01    2.3520594e+00
   7.4848560e-01    7.0994038e-01    2.3526427e+00
   7.3473797e-01    7.2342003e-01    2.3532339e+00
   7.2074042e-01    7.3662969e-01    2.3538321e+00
   7.0648297e-01    7.4956936e-01    2.3544377e+00
   6.9199561e-01    7.6223903e-01    2.3550496e+00
   6.7726832e-01    7.7463871e-01    2.3556682e+00
   6.6232111e-01    7.8677840e-01    2.3562928e+00
   6.4716397e-01    7.9863809e-01    2.3569230e+00
   6.3179689e-01    8.1023779e-01    2.3575588e+00
   6.1623987e-01    8.2156750e-01    2.3581996e+00
   6.0049290e-01    8.3264721e-01    2.3588453e+00
   5.8456598e-01    8.4344693e-01    2.3594955e+00
   5.6845911e-01    8.5398666e-01    2.3601504e+00
   5.5218228e-01    8.6426640e-01    2.3608094e+00
   5.3573548e-01    8.7425614e-01    2.3614725e+00
   5.1910873e-01    8.8396589e-01    2.3621400e+00
   5.0232200e-01    8.9337564e-01    2.3628112e+00
   4.8536531e-01    9.0249541e-01    2.3634863e+00
   4.6824864e-01    9.1129518e-01    2.3641649e+00
   4.5097199e-01    9.1977496e-01    2.3648470e+00
   4.3352537e-01    9.2791475e-01    2.3655327e+00
   4.1592875e-01    9.3570455e-01    2.3662213e+00
   3.9818213e-01    9.4315436e-01    2.3669128e+00
   3.8028552e-01    9.5023418e-01    2.3676071e+00
   3.6224891e-01    9.5695400e-01    2.3683038e+00
   3.4408228e-01    9.6329384e-01    2.3690025e+00
   3.2578565e-01    9.6927368e-01    2.3697032e+00
   3.0736899e-01    9.7487354e-01    2.3704056e+00
   2.8885230e-01    9.8011341e-01    2.3711089e+00
   2.7022559e-01    9.8498328e-01    2.3718135e+00
   2.5151884e-01    9.8950316e-01    2.3725185e+00
   2.3272206e-01    9.9366306e-01    2.3732242e+00
   2.1386523e-01    9.9747296e-01    2.3739294e+00
   1.9492837e-01    1.0009929e+00    2.3746355e+00
   1.7594143e-01    1.0040928e+00    2.3753403e+00
   1.5689446e-01    1.0068927e+00    2.3760452e+00
   1.3780741e-01    1.0092927e+00    2.3767486e+00
   1.1867031e-01    1.0113926e+00    2.3774517e+00
   9.9506157e-02    1.0131926e+00    2.3781535e+00
   8.0310918e-02    1.0145925e+00    2.3788537e+00
   6.1091591e-02    1.0155925e+00    2.3795518e+00
   4.1856197e-02    1.0162925e+00    2.3802483e+00
   2.2611705e-02    1.0165925e+00    2.3809422e+00
   3.3641123e-03    1.0164925e+00    2.3816335e+00
  -1.5878561e-02    1.0160925e+00    2.3823223e+00
  -3.5109346e-02    1.0152925e+00    2.3830079e+00
  -5.4321246e-02    1.0140925e+00    2.3836899e+00
  -7.3508240e-02    1.0125926e+00    2.3843689e+00
  -9.2665356e-02    1.0106926e+00    2.3850439e+00
  -1.1178158e-01    1.0084927e+00    2.3857153e+00
  -1.3085990e-01    1.0059927e+00    2.3863831e+00
  -1.4989835e-01    1.0030928e+00    2.3870467e+00
  -1.6887692e-01    9.9989289e-01    2.3877059e+00
  -1.8779562e-01    9.9633299e-01    2.3883604e+00
  -2.0665444e-01    9.9246309e-01    2.3890105e+00
  -2.2543339e-01    9.8825319e-01    2.3896554e+00
  -2.4414248e-01    9.8371331e-01    2.3902953e+00
  -2.6276171e-01    9.7883344e-01    2.3909295e+00
  -2.8129110e-01    9.7360357e-01    2.3915580e+00
  -2.9971064e-01    9.6801372e-01    2.3921800e+00
  -3.1802035e-01    9.6208387e-01    2.3927955e+00
  -3.3621022e-01    9.5579403e-01    2.3934042e+00
  -3.5428027e-01    9.4914420e-01    2.3940060e+00
  -3.7222049e-01    9.4215439e-01    2.3946006e+00
  -3.9002088e-01    9.3482457e-01    2.3951878e+00
  -4.0767146e-01    9.2715477e-01    2.3957672e+00
  -4.2518222e-01    9.1915498e-01    2.3963392e+00
  -4.4254316e-01    9.1082519e-01    2.3969034e+00
  -4.5974428e-01    9.0217542e-01    2.3974595e+00
  -4.7677559e-01    8.9320565e-01    2.3980073e+00
  -4.9363710e-01    8.8391589e-01    2.3985466e+00
  -5.1032880e-01    8.7431614e-01    2.3990776e+00
  -5.2683070e-01    8.6439639e-01    2.3995995e+00
  -5.4314281e-01    8.5416666e-01    2.4001123e+00
  -5.5925513e-01    8.4362693e-01    2.4006157e+00
  -5.7515766e-01    8.3277721e-01    2.4011094e+00
  -5.9085040e-01    8.2162750e-01    2.4015934e+00
  -6.0632337e-01    8.1016779e-01    2.4020672e+00
  -6.2157655e-01    7.9840810e-01    2.4025309e+00
  -6.3658997e-01    7.8636841e-01    2.4029841e+00
  -6.5138359e-01    7.7403873e-01    2.4034272e+00
  -6.6593745e-01    7.6142905e-01    2.4038597e+00
  -6.8025153e-01    7.4854939e-01    2.4042817e+00
  -6.9432584e-01    7.3540972e-01    2.4046931e+00
  -7.0816036e-01    7.2202007e-01    2.4050942e+00
  -7.2174511e-01    7.0837042e-01    2.4054844e+00
  -7.3508009e-01    6.9447078e-01    2.4058638e+00
  -7.4814530e-01    6.8034115e-01    2.4062319e+00
  -7.6096074e-01    6.6596152e-01    2.4065891e+00
  -7.7349642e-01    6.5134190e-01    2.4069346e+00
  -7.8576233e-01    6.3649228e-01    2.4072688e+00
  -7.9772850e-01    6.2141267e-01    2.4075905e+00
  -8.0941490e-01    6.0610306e-01    2.4079005e+00
  -8.2079157e-01    5.9057346e-01    2.4081978e+00
  -8.3186848e-01    5.7481387e-01    2.4084827e+00
  -8.4263565e-01    5.5884428e-01    2.4087549e+00
  -8.5309308e-01    5.4267470e-01    2.4090146e+00
  -8.6324075e-01    5.2630512e-01    2.4092617e+00
  -8.7306868e-01    5.0974555e-01    2.4094959e+00
  -8.8259685e-01    4.9300598e-01    2.4097180e+00
  -8.9181526e-01    4.7609642e-01    2.4099278e+00
  -9.0072392e-01    4.5902686e-01    2.4101253e+00
  -9.0933281e-01    4.4179731e-01    2.4103109e+00
  -9.1764193e-01    4.2442776e-01    2.4104847e+00
  -9.2564129e-01    4.0690821e-01    2.4106462e+00
  -9.3333088e-01    3.8924866e-01    2.4107957e+00
  -9.4071071e-01    3.7145912e-01    2.4109330e+00
  -9.4776079e-01    3.5353959e-01    2.4110576e+00
  -9.5448111e-01    3.3549005e-01    2.4111694e+00
  -9.6087168e-01    3.1732052e-01    2.4112685e+00
  -9.6690251e-01    2.9903099e-01    2.4113537e+00
  -9.7258359e-01    2.8062147e-01    2.4114256e+00
  -9.7789494e-01    2.6211195e-01    2.4114834e+00
  -9.8283656e-01    2.4349243e-01    2.4115271e+00
  -9.8739845e-01    2.2478291e-01    2.4115566e+00
  -9.9159060e-01    2.0598340e-01    2.4115721e+00
  -9.9539302e-01    1.8710388e-01    2.4115730e+00
  -9.9880571e-01    1.6815437e-01    2.4115594e+00
  -1.0019086e+00    1.4913486e-01    2.4115342e+00
  -1.0045119e+00    1.3006536e-01    2.4114906e+00
  -1.0069153e+00    1.1094585e-01    2.4114395e+00
  -1.0088190e+00    9.1785346e-02    2.4113702e+00
  -1.0104229e+00    7.2590841e-02    2.4112898e+00
  -1.0116271e+00    5.3369338e-02    2.4111949e+00
  -1.0124315e+00    3.4128835e-02    2.4110854e+00
  -1.0129362e+00    1.4875332e-02    2.4109651e+00
  -1.0130411e+00   -4.3830708e-03    2.4108304e+00
  -1.0128462e+00   -2.3640674e-02    2.4106849e+00
  -1.0122516e+00   -4.2890176e-02    2.4105251e+00
  -1.0112572e+00   -6.2124680e-02    2.4103510e+00
  -1.0099630e+00   -8.1337184e-02    2.4101663e+00
  -1.0081691e+00   -1.0051869e-01    2.4099639e+00
  -1.0061753e+00   -1.1966819e-01    2.4097545e+00
  -1.0036819e+00   -1.3876770e-01    2.4095275e+00
  -1.0008886e+00   -1.5782721e-01    2.4092900e+00
  -9.9769555e-01   -1.7681672e-01    2.4090387e+00
  -9.9423268e-01   -1.9575623e-01    2.4087780e+00
  -9.9036006e-01   -2.1461574e-01    2.4085032e+00
  -9.8613764e-01   -2.3340526e-01    2.4082162e+00
  -9.8156543e-01   -2.5211477e-01    2.4079173e+00
  -9.7665341e-01   -2.7073429e-01    2.4076069e+00
  -9.7140159e-01   -2.8926381e-01    2.4072848e+00
  -9.6580996e-01   -3.0769334e-01    2.4069513e+00
  -9.5988852e-01   -3.2601286e-01    2.4066066e+00
  -9.5362727e-01   -3.4422239e-01    2.4062506e+00
  -9.4703620e-01   -3.6232193e-01    2.4058835e+00
  -9.4010532e-01   -3.8028146e-01    2.4055052e+00
  -9.3285461e-01   -3.9812100e-01    2.4051162e+00
  -9.2526409e-01   -4.1582055e-01    2.4047161e+00
  -9.1734374e-01   -4.3337009e-01    2.4043052e+00
  -9.0909356e-01   -4.5076964e-01    2.4038835e+00
  -9.0050356e-01   -4.6799920e-01    2.4034507e+00
  -8.9157374e-01   -4.8505876e-01    2.4030070e+00
  -8.8232408e-01   -5.0194832e-01    2.4025531e+00
  -8.7273459e-01   -5.1864789e-01    2.4020883e+00
  -8.6282525e-01   -5.3514746e-01    2.4016134e+00
  -8.5258608e-01   -5.5145704e-01    2.4011280e+00
  -8.4203705e-01   -5.6756663e-01    2.4006329e+00
  -8.3117817e-01   -5.8345622e-01    2.4001283e+00
  -8.2000944e-01   -5.9914581e-01    2.3996140e+00
  -8.0854084e-01   -6.1460541e-01    2.3990905e+00
  -7.9679237e-01   -6.2985502e-01    2.3985585e+00
  -7.8474403e-01   -6.4487463e-01    2.3980174e+00
  -7.7242582e-01   -6.5967425e-01    2.3974681e+00
  -7.5983771e-01   -6.7423387e-01    2.3969109e+00
  -7.4697972e-01   -6.8856350e-01    2.3963456e+00
  -7.3387183e-01   -7.0266314e-01    2.3957730e+00
  -7.2049405e-01   -7.1651278e-01    2.3951925e+00
  -7.0686636e-01   -7.3011243e-01    2.3946048e+00
  -6.9299877e-01   -7.4345208e-01    2.3940103e+00
  -6.7887127e-01   -7.5653175e-01    2.3934084e+00
  -6.6451386e-01   -7.6935142e-01    2.3928001e+00
  -6.4990653e-01   -7.8189109e-01    2.3921848e+00
  -6.3505929e-01   -7.9415078e-01    2.3915629e+00
  -6.1998212e-01   -8.0612047e-01    2.3909348e+00
  -6.0467502e-01   -8.1779016e-01    2.3903006e+00
  -5.8914799e-01   -8.2915987e-01    2.3896607e+00
  -5.7339103e-01   -8.4021959e-01    2.3890147e+00
  -5.5742412e-01   -8.5096931e-01    2.3883634e+00
  -5.4124726e-01   -8.6139904e-01    2.3877068e+00
  -5.2487045e-01   -8.7151878e-01    2.3870453e+00
  -5.0831368e-01   -8.8132852e-01    2.3863796e+00
  -4.9156695e-01   -8.9081828e-01    2.3857093e+00
  -4.7465025e-01   -8.9999804e-01    2.3850352e+00
  -4.5756358e-01   -9.0886781e-01    2.3843572e+00
  -4.4031693e-01   -9.1741759e-01    2.3836757e+00
  -4.2293029e-01   -9.2565738e-01    2.3829914e+00
  -4.0539367e-01   -9.3358717e-01    2.3823039e+00
  -3.8770706e-01   -9.4119698e-01    2.3816134e+00
  -3.6990044e-01   -9.4848679e-01    2.3809209e+00
  -3.5195383e-01   -9.5544661e-01    2.3802256e+00
  -3.3387722e-01   -9.6206644e-01    2.3795282e+00
  -3.1569059e-01   -9.6834628e-01    2.3788293e+00
  -2.9737395e-01   -9.7427612e-01    2.3781282e+00
  -2.7894729e-01   -9.7983598e-01    2.3774258e+00
  -2.6042060e-01   -9.8503585e-01    2.3767224e+00
  -2.4178389e-01   -9.8986572e-01    2.3760177e+00
  -2.2305713e-01   -9.9431561e-01    2.3753125e+00
  -2.0425033e-01   -9.9838550e-01    2.3746071e+00
  -1.8536348e-01   -1.0020554e+00    2.3739018e+00
  -1.6640661e-01   -1.0054553e+00    2.3731958e+00
  -1.4737965e-01   -1.0083552e+00    2.3724910e+00
  -1.2831263e-01   -1.0109552e+00    2.3717868e+00
  -1.0919555e-01   -1.0131551e+00    2.3710838e+00
  -9.0035418e-02   -1.0150551e+00    2.3703813e+00
  -7.0846200e-02   -1.0165550e+00    2.3696807e+00
  -5.1632895e-02   -1.0176550e+00    2.3689821e+00
  -3.2401525e-02   -1.0184550e+00    2.3682850e+00
  -1.3158058e-02   -1.0188550e+00    2.3675904e+00
   6.0887095e-03   -1.0188550e+00    2.3668985e+00
   2.5333156e-02   -1.0185550e+00    2.3662088e+00
   4.4568912e-02   -1.0178550e+00    2.3655224e+00
   6.3787756e-02   -1.0168550e+00    2.3648387e+00
   8.2981745e-02   -1.0153551e+00    2.3641594e+00
   1.0214783e-01   -1.0135551e+00    2.3634834e+00
   1.2126605e-01   -1.0113552e+00    2.3628119e+00
   1.4034437e-01   -1.0088552e+00    2.3621441e+00
   1.5936286e-01   -1.0058553e+00    2.3614820e+00
   1.7832147e-01   -1.0025554e+00    2.3608241e+00
   1.9722021e-01   -9.9888549e-01    2.3601712e+00
   2.1603910e-01   -9.9483559e-01    2.3595238e+00
   2.3477813e-01   -9.9042571e-01    2.3588818e+00
   2.5342732e-01   -9.8566583e-01    2.3582456e+00
   2.7198665e-01   -9.8056596e-01    2.3576151e+00
   2.9045612e-01   -9.7513610e-01    2.3569902e+00
   3.0882574e-01   -9.6937625e-01    2.3563713e+00
   3.2708552e-01   -9.6328641e-01    2.3557587e+00
   3.4523545e-01   -9.5687657e-01    2.3551523e+00
   3.6327554e-01   -9.5014675e-01    2.3545522e+00
   3.8118579e-01   -9.4309693e-01    2.3539590e+00
   3.9896621e-01   -9.3572712e-01    2.3533728e+00
   4.1661679e-01   -9.2803732e-01    2.3527936e+00
   4.3411756e-01   -9.2001752e-01    2.3522222e+00
   4.5146851e-01   -9.1167774e-01    2.3516584e+00
   4.6865965e-01   -9.0299796e-01    2.3511028e+00
   4.8567098e-01   -8.9399820e-01    2.3505560e+00
   5.0251251e-01   -8.8466844e-01    2.3500177e+00
   5.1917424e-01   -8.7501869e-01    2.3494881e+00
   5.3563619e-01   -8.6504894e-01    2.3489680e+00
   5.5191833e-01   -8.5475921e-01    2.3484567e+00
   5.6799068e-01   -8.4416948e-01    2.3479551e+00
   5.8387324e-01   -8.3326977e-01    2.3474625e+00
   5.9953601e-01   -8.2208005e-01    2.3469799e+00
   6.1498900e-01   -8.1060035e-01    2.3465069e+00
   6.3023219e-01   -7.9883065e-01    2.3460436e+00
   6.4524561e-01   -7.8678097e-01    2.3455905e+00
   6.6003924e-01   -7.7445128e-01    2.3451474e+00
   6.7458310e-01   -7.6183161e-01    2.3447153e+00
   6.8888719e-01   -7.4894194e-01    2.3442938e+00
   7.0293152e-01   -7.3577228e-01    2.3438836e+00
   7.1672608e-01   -7.2233263e-01    2.3434844e+00
   7.3025089e-01   -7.0863298e-01    2.3430967e+00
   7.4351592e-01   -6.9467334e-01    2.3427202e+00
   7.5650121e-01   -6.8045371e-01    2.3423557e+00
   7.6920674e-01   -6.6598409e-01    2.3420030e+00
   7.8165250e-01   -6.5128446e-01    2.3416613e+00
   7.9381850e-01   -6.3635485e-01    2.3413313e+00
   8.0570473e-01   -6.2121524e-01    2.3410129e+00
   8.1732120e-01   -6.0585564e-01    2.3407058e+00
   8.2865790e-01   -5.9028604e-01    2.3404102e+00
   8.3972482e-01   -5.7452645e-01    2.3401257e+00
   8.5050198e-01   -5.5856686e-01    2.3398530e+00
   8.6098938e-01   -5.4241728e-01    2.3395922e+00
   8.7119701e-01   -5.2607770e-01    2.3393427e+00
   8.8108489e-01   -5.0955812e-01    2.3391060e+00
   8.9067301e-01   -4.9285856e-01    2.3388815e+00
   8.9994139e-01   -4.7596899e-01    2.3386697e+00
   9.0888002e-01   -4.5891943e-01    2.3384710e+00
   9.1748891e-01   -4.4167988e-01    2.3382855e+00
   9.2574807e-01   -4.2429033e-01    2.3381137e+00
   9.3365750e-01   -4.0672078e-01    2.3379557e+00
   9.4120720e-01   -3.8901124e-01    2.3378116e+00
   9.4840716e-01   -3.7115170e-01    2.3376812e+00
   9.5524739e-01   -3.5314216e-01    2.3375649e+00
   9.6172789e-01   -3.3501263e-01    2.3374623e+00
   9.6785865e-01   -3.1675310e-01    2.3373732e+00
   9.7362967e-01   -2.9837358e-01    2.3372979e+00
   9.7904095e-01   -2.7989406e-01    2.3372363e+00
   9.8409249e-01   -2.6130454e-01    2.3371884e+00
   9.8879428e-01   -2.4262502e-01    2.3371537e+00
   9.9312633e-01   -2.2386550e-01    2.3371328e+00
   9.9709863e-01   -2.0501599e-01    2.3371256e+00
   1.0007012e+00   -1.8609648e-01    2.3371321e+00
   1.0039140e+00   -1.6710697e-01    2.3371532e+00
   1.0068171e+00   -1.4806746e-01    2.3371858e+00
   1.0092204e+00   -1.2895795e-01    2.3372368e+00
   1.0113240e+00   -1.0981845e-01    2.3372988e+00
   1.0130279e+00   -9.0632943e-02    2.3373755e+00
   1.0143320e+00   -7.1418440e-02    2.3374668e+00
   1.0153363e+00   -5.2182936e-02    2.3375691e+00
   1.0159409e+00   -3.2931434e-02    2.3376858e+00
   1.0161458e+00   -1.3672931e-02    2.3378169e+00
   1.0159509e+00    5.5851718e-03    2.3379624e+00
   1.0153562e+00    2.4837075e-02    2.3381222e+00
   1.0144618e+00    4.4075578e-02    2.3382927e+00
   1.0132675e+00    6.3293081e-02    2.3384739e+00
   1.0116735e+00    8.2484586e-02    2.3386692e+00
   1.0096797e+00    1.0164609e-01    2.3388787e+00
   1.0072862e+00    1.2075560e-01    2.3391021e+00
   1.0045929e+00    1.3982511e-01    2.3393361e+00
   1.0015598e+00    1.5883461e-01    2.3395818e+00
   9.9812686e-01    1.7778412e-01    2.3398415e+00
   9.9432420e-01    1.9666364e-01    2.3401140e+00
   9.9015175e-01    2.1546315e-01    2.3403992e+00
   9.8559953e-01    2.3418267e-01    2.3406974e+00
   9.8069750e-01    2.5280219e-01    2.3410076e+00
   9.7542569e-01    2.7132171e-01    2.3413302e+00
   9.6979409e-01    2.8973123e-01    2.3416651e+00
   9.6380269e-01    3.0804076e-01    2.3420121e+00
   9.5746148e-01    3.2622029e-01    2.3423708e+00
   9.5077047e-01    3.4427983e-01    2.3427412e+00
   9.4373964e-01    3.6220936e-01    2.3431229e+00
   9.3636900e-01    3.7998890e-01    2.3435158e+00
   9.2865854e-01    3.9763845e-01    2.3439199e+00
   9.2060826e-01    4.1512800e-01    2.3443350e+00
   9.1221815e-01    4.3245755e-01    2.3447613e+00
   9.0349822e-01    4.4962710e-01    2.3451982e+00
   8.9444846e-01    4.6662667e-01    2.3456458e+00
   8.8507885e-01    4.8343623e-01    2.3461035e+00
   8.7536942e-01    5.0006580e-01    2.3465721e+00
   8.6535014e-01    5.1650538e-01    2.3470505e+00
   8.5500102e-01    5.3274496e-01    2.3475394e+00
   8.4434205e-01    5.4878454e-01    2.3480379e+00
   8.3337322e-01    5.6460414e-01    2.3485460e+00
   8.2210453e-01    5.8021373e-01    2.3490633e+00
   8.1052599e-01    5.9559334e-01    2.3495902e+00
   7.9864757e-01    6.1074294e-01    2.3501261e+00
   7.8647929e-01    6.2566256e-01    2.3506708e+00
   7.7401113e-01    6.4033218e-01    2.3512246e+00
   7.6126309e-01    6.5476181e-01    2.3517866e+00
   7.4822518e-01    6.6893144e-01    2.3523572e+00
   7.3491736e-01    6.8283108e-01    2.3529356e+00
   7.2132967e-01    6.9647073e-01    2.3535221e+00
   7.0747207e-01    7.0983038e-01    2.3541163e+00
   6.9335457e-01    7.2292005e-01    2.3547180e+00
   6.7896717e-01    7.3571972e-01    2.3553272e+00
   6.6433985e-01    7.4822939e-01    2.3559430e+00
   6.4947261e-01    7.6045908e-01    2.3565654e+00
   6.3436545e-01    7.7238877e-01    2.3571943e+00
   6.1903836e-01    7.8402847e-01    2.3578290e+00
   6.0349134e-01    7.9537818e-01    2.3584695e+00
   5.8773437e-01    8.0643789e-01    2.3591155e+00
   5.7177746e-01    8.1720761e-01    2.3597666e+00
   5.5563060e-01    8.2767734e-01    2.3604223e+00
   5.3930377e-01    8.3786708e-01    2.3610825e+00
   5.2278700e-01    8.4775682e-01    2.3617474e+00
   5.0611025e-01    8.5735658e-01    2.3624160e+00
   4.8925355e-01    8.6666633e-01    2.3630889e+00
   4.7224686e-01    8.7566610e-01    2.3637650e+00
   4.5507020e-01    8.8435588e-01    2.3644449e+00
   4.3774356e-01    8.9274566e-01    2.3651282e+00
   4.2026693e-01    9.0080545e-01    2.3658144e+00
   4.0265031e-01    9.0855525e-01    2.3665034e+00
   3.8488370e-01    9.1596506e-01    2.3671954e+00
   3.6698709e-01    9.2304488e-01    2.3678897e+00
   3.4896047e-01    9.2978470e-01    2.3685862e+00
   3.3080386e-01    9.3618454e-01    2.3692849e+00
   3.1253722e-01    9.4223438e-01    2.3699851e+00
   2.9415056e-01    9.4792424e-01    2.3706870e+00
   2.7566389e-01    9.5326410e-01    2.3713899e+00
   2.5706718e-01    9.5824397e-01    2.3720943e+00
   2.3838045e-01    9.6286385e-01    2.3727993e+00
   2.1961367e-01    9.6710374e-01    2.3735044e+00
   2.0075685e-01    9.7098364e-01    2.3742102e+00
   1.8182998e-01    9.7448355e-01    2.3749157e+00
   1.6284305e-01    9.7761347e-01    2.3756208e+00
   1.4378607e-01    9.8036340e-01    2.3763256e+00
   1.2468902e-01    9.8274334e-01    2.3770293e+00
   1.0555190e-01    9.8475329e-01    2.3777317e+00
   8.6371715e-02    9.8638324e-01    2.3784329e+00
   6.7166449e-02    9.8765321e-01    2.3791324e+00
   4.7940100e-02    9.8855319e-01    2.3798301e+00
   2.8700665e-02    9.8908317e-01    2.3805255e+00
   9.4540437e-03    9.8926317e-01    2.3812187e+00
  -9.7924732e-03    9.8907317e-01    2.3819092e+00
  -2.9032187e-02    9.8852319e-01    2.3825969e+00
  -4.8258006e-02    9.8760321e-01    2.3832814e+00
  -6.7462932e-02    9.8632324e-01    2.3839626e+00
  -8.6639968e-02    9.8468329e-01    2.3846402e+00
  -1.0578212e-01    9.8266334e-01    2.3853138e+00
  -1.2488041e-01    9.8027340e-01    2.3859832e+00
  -1.4392881e-01    9.7751347e-01    2.3866481e+00
  -1.6292735e-01    9.7438355e-01    2.3873086e+00
  -1.8184604e-01    9.7088364e-01    2.3879635e+00
  -2.0070486e-01    9.6700374e-01    2.3886136e+00
  -2.1948382e-01    9.6275385e-01    2.3892581e+00
  -2.3816295e-01    9.5814397e-01    2.3898964e+00
  -2.5676222e-01    9.5316410e-01    2.3905292e+00
  -2.7526165e-01    9.4783424e-01    2.3911559e+00
  -2.9365124e-01    9.4215439e-01    2.3917762e+00
  -3.1193099e-01    9.3611454e-01    2.3923899e+00
  -3.3009091e-01    9.2973471e-01    2.3929968e+00
  -3.4813099e-01    9.2302488e-01    2.3935971e+00
  -3.6604124e-01    9.1597506e-01    2.3941902e+00
  -3.8382166e-01    9.0858525e-01    2.3947763e+00
  -4.0145227e-01    9.0085545e-01    2.3953545e+00
  -4.1893307e-01    8.9278566e-01    2.3959249e+00
  -4.3625405e-01    8.8438588e-01    2.3964871e+00
  -4.5340523e-01    8.7564610e-01    2.3970408e+00
  -4.7038661e-01    8.6655634e-01    2.3975859e+00
  -4.8716820e-01    8.5713658e-01    2.3981215e+00
  -5.0377000e-01    8.4737683e-01    2.3986481e+00
  -5.2016201e-01    8.3729709e-01    2.3991649e+00
  -5.3636424e-01    8.2687736e-01    2.3996724e+00
  -5.5234669e-01    8.1614764e-01    2.4001698e+00
  -5.6812934e-01    8.0511792e-01    2.4006578e+00
  -5.8369222e-01    7.9377822e-01    2.4011357e+00
  -5.9903531e-01    7.8215852e-01    2.4016038e+00
  -6.1416861e-01    7.7024882e-01    2.4020621e+00
  -6.2907214e-01    7.5805914e-01    2.4025102e+00
  -6.4374588e-01    7.4558946e-01    2.4029481e+00
  -6.5818984e-01    7.3284979e-01    2.4033757e+00
  -6.7237404e-01    7.1984013e-01    2.4037920e+00
  -6.8630847e-01    7.0655047e-01    2.4041974e+00
  -6.9998314e-01    6.9299082e-01    2.4045915e+00
  -7.1337806e-01    6.7916118e-01    2.4049735e+00
  -7.2649323e-01    6.6506154e-01    2.4053436e+00
  -7.3932865e-01    6.5070191e-01    2.4057018e+00
  -7.5186433e-01    6.3608229e-01    2.4060473e+00
  -7.6410027e-01    6.2121267e-01    2.4063802e+00
  -7.7604645e-01    6.0611306e-01    2.4067011e+00
  -7.8769289e-01    5.9077346e-01    2.4070094e+00
  -7.9904958e-01    5.7522386e-01    2.4073059e+00
  -8.1010651e-01    5.5945427e-01    2.4075899e+00
  -8.2087368e-01    5.4348468e-01    2.4078622e+00
  -8.3134109e-01    5.2732510e-01    2.4081222e+00
  -8.4150875e-01    5.1096552e-01    2.4083701e+00
  -8.5137665e-01    4.9442595e-01    2.4086059e+00
  -8.6093479e-01    4.7770638e-01    2.4088293e+00
  -8.7018318e-01    4.6081682e-01    2.4090403e+00
  -8.7911183e-01    4.4374726e-01    2.4092385e+00
  -8.8771072e-01    4.2651770e-01    2.4094237e+00
  -8.9597988e-01    4.0912815e-01    2.4095959e+00
  -9.0391928e-01    3.9157860e-01    2.4097551e+00
  -9.1149896e-01    3.7387906e-01    2.4099003e+00
  -9.1873889e-01    3.5602952e-01    2.4100322e+00
  -9.2561910e-01    3.3803999e-01    2.4101502e+00
  -9.3214956e-01    3.1992045e-01    2.4102546e+00
  -9.3830030e-01    3.0167093e-01    2.4103445e+00
  -9.4409131e-01    2.8330140e-01    2.4104206e+00
  -9.4952257e-01    2.6482188e-01    2.4104829e+00
  -9.5457411e-01    2.4624236e-01    2.4105309e+00
  -9.5925591e-01    2.2755284e-01    2.4105648e+00
  -9.6356798e-01    2.0878332e-01    2.4105849e+00
  -9.6751030e-01    1.8993381e-01    2.4105910e+00
  -9.7108288e-01    1.7100430e-01    2.4105833e+00
  -9.7428572e-01    1.5201479e-01    2.4105619e+00
  -9.7710882e-01    1.3296528e-01    2.4105264e+00
  -9.7957216e-01    1.1386578e-01    2.4104776e+00
  -9.8165576e-01    9.4718270e-02    2.4104148e+00
  -9.8336961e-01    7.5534765e-02    2.4103385e+00
  -9.8470371e-01    5.6322261e-02    2.4102482e+00
  -9.8566806e-01    3.7086758e-02    2.4101446e+00
  -9.8625266e-01    1.7836255e-02    2.4100272e+00
  -9.8646749e-01   -1.4223973e-03    2.4098964e+00
  -9.8629258e-01   -2.0680750e-02    2.4097516e+00
  -9.8575790e-01   -3.9932253e-02    2.4095939e+00
  -9.8483347e-01   -5.9169756e-02    2.4094224e+00
  -9.8354926e-01   -7.8385260e-02    2.4092380e+00
  -9.8188529e-01   -9.7571764e-02    2.4090402e+00
  -9.7984156e-01   -1.1671827e-01    2.4088291e+00
  -9.7742806e-01   -1.3582778e-01    2.4086049e+00
  -9.7464478e-01   -1.5488728e-01    2.4083677e+00
  -9.7148173e-01   -1.7387679e-01    2.4081175e+00
  -9.6793891e-01   -1.9280630e-01    2.4078540e+00
  -9.6402631e-01   -2.1166582e-01    2.4075777e+00
  -9.5974392e-01   -2.3044533e-01    2.4072887e+00
  -9.5509176e-01   -2.4912485e-01    2.4069871e+00
  -9.5007980e-01   -2.6772437e-01    2.4066732e+00
  -9.4470804e-01   -2.8621389e-01    2.4063471e+00
  -9.3897650e-01   -3.0460342e-01    2.4060088e+00
  -9.3290514e-01   -3.2287295e-01    2.4056592e+00
  -9.2649397e-01   -3.4103248e-01    2.4052981e+00
  -9.1974299e-01   -3.5906201e-01    2.4049258e+00
  -9.1265220e-01   -3.7697155e-01    2.4045421e+00
  -9.0523158e-01   -3.9474109e-01    2.4041475e+00
  -8.9748114e-01   -4.1236063e-01    2.4037422e+00
  -8.8939088e-01   -4.2983018e-01    2.4033257e+00
  -8.8096080e-01   -4.4714974e-01    2.4028981e+00
  -8.7220089e-01   -4.6428929e-01    2.4024600e+00
  -8.6310115e-01   -4.8125886e-01    2.4020108e+00
  -8.5367158e-01   -4.9804842e-01    2.4015511e+00
  -8.4390217e-01   -5.1463799e-01    2.4010806e+00
  -8.3380294e-01   -5.3103757e-01    2.4005996e+00
  -8.2338385e-01   -5.4722715e-01    2.4001086e+00
  -8.1263492e-01   -5.6319674e-01    2.3996074e+00
  -8.0158613e-01   -5.7896633e-01    2.3990968e+00
  -7.9021749e-01   -5.9450593e-01    2.3985763e+00
  -7.7855897e-01   -6.0982554e-01    2.3980471e+00
  -7.6661059e-01   -6.2491515e-01    2.3975090e+00
  -7.5437234e-01   -6.3977476e-01    2.3969622e+00
  -7.4185420e-01   -6.5440438e-01    2.3964070e+00
  -7.2905619e-01   -6.6879401e-01    2.3958434e+00
  -7.1599827e-01   -6.8293365e-01    2.3952723e+00
  -7.0266048e-01   -6.9682329e-01    2.3946930e+00
  -6.8907278e-01   -7.1045294e-01    2.3941065e+00
  -6.7521518e-01   -7.2381259e-01    2.3935123e+00
  -6.6109768e-01   -7.3690225e-01    2.3929106e+00
  -6.4672028e-01   -7.4971192e-01    2.3923016e+00
  -6.3210295e-01   -7.6223160e-01    2.3916861e+00
  -6.1722572e-01   -7.7444128e-01    2.3910635e+00
  -6.0210856e-01   -7.8636098e-01    2.3904344e+00
  -5.8675148e-01   -7.9796068e-01    2.3897989e+00
  -5.7115447e-01   -8.0926039e-01    2.3891569e+00
  -5.5534752e-01   -8.2023010e-01    2.3885098e+00
  -5.3932062e-01   -8.3088983e-01    2.3878570e+00
  -5.2308379e-01   -8.4123956e-01    2.3871989e+00
  -5.0665699e-01   -8.5126930e-01    2.3865362e+00
  -4.9004023e-01   -8.6098905e-01    2.3858690e+00
  -4.7325350e-01   -8.7038881e-01    2.3851979e+00
  -4.5628681e-01   -8.7948857e-01    2.3845225e+00
  -4.3917014e-01   -8.8828834e-01    2.3838439e+00
  -4.2188350e-01   -8.9676813e-01    2.3831615e+00
  -4.0445687e-01   -9.0492791e-01    2.3824764e+00
  -3.8688025e-01   -9.1277771e-01    2.3817881e+00
  -3.6916363e-01   -9.2028752e-01    2.3810972e+00
  -3.5130702e-01   -9.2746733e-01    2.3804036e+00
  -3.3331041e-01   -9.3429716e-01    2.3797075e+00
  -3.1518379e-01   -9.4076699e-01    2.3790094e+00
  -2.9692716e-01   -9.4687683e-01    2.3783091e+00
  -2.7855051e-01   -9.5259668e-01    2.3776074e+00
  -2.6006383e-01   -9.5793655e-01    2.3769044e+00
  -2.4146712e-01   -9.6288642e-01    2.3762003e+00
  -2.2276038e-01   -9.6744630e-01    2.3754950e+00
  -2.0397360e-01   -9.7161619e-01    2.3747897e+00
  -1.8509677e-01   -9.7539609e-01    2.3740839e+00
  -1.6615988e-01   -9.7878601e-01    2.3733787e+00
  -1.4714293e-01   -9.8178593e-01    2.3726735e+00
  -1.2807593e-01   -9.8441586e-01    2.3719692e+00
  -1.0895886e-01   -9.8666580e-01    2.3712658e+00
  -8.9807716e-02   -9.8854576e-01    2.3705638e+00
  -7.0620500e-02   -9.9005572e-01    2.3698632e+00
  -5.1407205e-02   -9.9119569e-01    2.3691643e+00
  -3.2175827e-02   -9.9196567e-01    2.3684674e+00
  -1.2932363e-02   -9.9237566e-01    2.3677727e+00
   6.3149992e-03   -9.9239566e-01    2.3670806e+00
   2.5558859e-02   -9.9204566e-01    2.3663913e+00
   4.4792624e-02   -9.9131568e-01    2.3657052e+00
   6.4008498e-02   -9.9020571e-01    2.3650224e+00
   8.3198487e-02   -9.8871575e-01    2.3643432e+00
   1.0235460e-01   -9.8683580e-01    2.3636681e+00
   1.2147283e-01   -9.8457586e-01    2.3629971e+00
   1.4053121e-01   -9.8193593e-01    2.3623309e+00
   1.5954970e-01   -9.7891600e-01    2.3616690e+00
   1.7848835e-01   -9.7551609e-01    2.3610126e+00
   1.9736712e-01   -9.7175619e-01    2.3603610e+00
   2.1616605e-01   -9.6762630e-01    2.3597149e+00
   2.3488511e-01   -9.6313641e-01    2.3590742e+00
   2.5351433e-01   -9.5828654e-01    2.3584394e+00
   2.7205370e-01   -9.5308667e-01    2.3578103e+00
   2.9048323e-01   -9.4753681e-01    2.3571877e+00
   3.0880292e-01   -9.4163697e-01    2.3565716e+00
   3.2701277e-01   -9.3538713e-01    2.3559619e+00
   3.4510279e-01   -9.2879730e-01    2.3553590e+00
   3.6306298e-01   -9.2186748e-01    2.3547632e+00
   3.8088335e-01   -9.1458767e-01    2.3541749e+00
   3.9856390e-01   -9.0697786e-01    2.3535941e+00
   4.1609463e-01   -8.9900807e-01    2.3530212e+00
   4.3346555e-01   -8.9070828e-01    2.3524564e+00
   4.5066667e-01   -8.8207850e-01    2.3519001e+00
   4.6769799e-01   -8.7309874e-01    2.3513524e+00
   4.8454951e-01   -8.6379898e-01    2.3508135e+00
   5.0122123e-01   -8.5415923e-01    2.3502835e+00
   5.1770315e-01   -8.4420948e-01    2.3497625e+00
   5.3398529e-01   -8.3392975e-01    2.3492511e+00
   5.5006764e-01   -8.2335002e-01    2.3487491e+00
   5.6594020e-01   -8.1245030e-01    2.3482569e+00
   5.8160297e-01   -8.0126059e-01    2.3477743e+00
   5.9705596e-01   -7.8977089e-01    2.3473014e+00
   6.1228916e-01   -7.7799119e-01    2.3468385e+00
   6.2730258e-01   -7.6594150e-01    2.3463854e+00
   6.4208622e-01   -7.5360182e-01    2.3459427e+00
   6.5664008e-01   -7.4099215e-01    2.3455102e+00
   6.7095416e-01   -7.2811248e-01    2.3450883e+00
   6.8501847e-01   -7.1496282e-01    2.3446772e+00
   6.9884300e-01   -7.0155317e-01    2.3442767e+00
   7.1239778e-01   -6.8788352e-01    2.3438877e+00
   7.2570278e-01   -6.7395388e-01    2.3435096e+00
   7.3871804e-01   -6.5977425e-01    2.3431437e+00
   7.5146354e-01   -6.4533462e-01    2.3427893e+00
   7.6391929e-01   -6.3064500e-01    2.3424472e+00
   7.7607529e-01   -6.1571538e-01    2.3421176e+00
   7.8793155e-01   -6.0054578e-01    2.3418005e+00
   7.9948807e-01   -5.8513617e-01    2.3414958e+00
   8.1072485e-01   -5.6949658e-01    2.3412044e+00
   8.2166188e-01   -5.5364699e-01    2.3409252e+00
   8.3226918e-01   -5.3757740e-01    2.3406594e+00
   8.4257673e-01   -5.2130782e-01    2.3404059e+00
   8.5256453e-01   -5.0483825e-01    2.3401653e+00
   8.6224258e-01   -4.8818868e-01    2.3399371e+00
   8.7160088e-01   -4.7135911e-01    2.3397217e+00
   8.8064943e-01   -4.5435955e-01    2.3395187e+00
   8.8937823e-01   -4.3718999e-01    2.3393283e+00
   8.9778727e-01   -4.1986044e-01    2.3391507e+00
   9.0586657e-01   -4.0238089e-01    2.3389859e+00
   9.1361612e-01   -3.8475135e-01    2.3388341e+00
   9.2101593e-01   -3.6697181e-01    2.3386960e+00
   9.2806601e-01   -3.4905227e-01    2.3385714e+00
   9.3475636e-01   -3.3098274e-01    2.3384608e+00
   9.4107697e-01   -3.1279321e-01    2.3383644e+00
   9.4701787e-01   -2.9447368e-01    2.3382826e+00
   9.5257904e-01   -2.7603416e-01    2.3382153e+00
   9.5774050e-01   -2.5748463e-01    2.3381631e+00
   9.6252223e-01   -2.3882512e-01    2.3381254e+00
   9.6691424e-01   -2.2007560e-01    2.3381024e+00
   9.7091652e-01   -2.0123609e-01    2.3380940e+00
   9.7453907e-01   -1.8231658e-01    2.3380998e+00
   9.7777188e-01   -1.6332707e-01    2.3381202e+00
   9.8061497e-01   -1.4427756e-01    2.3381550e+00
   9.8307831e-01   -1.2517805e-01    2.3382038e+00
   9.8516191e-01   -1.0602855e-01    2.3382666e+00
   9.8686577e-01   -8.6848041e-02    2.3383432e+00
   9.8817988e-01   -6.7632537e-02    2.3384342e+00
   9.8910426e-01   -4.8396034e-02    2.3385393e+00
   9.8963889e-01   -2.9143531e-02    2.3386585e+00
   9.8977377e-01   -9.8849287e-03    2.3387922e+00
   9.8952891e-01    9.3726739e-03    2.3389395e+00
   9.8889429e-01    2.8620977e-02    2.3391007e+00
   9.8785993e-01    4.7852480e-02    2.3392762e+00
   9.8644580e-01    6.7058984e-02    2.3394652e+00
   9.8464192e-01    8.6233489e-02    2.3396679e+00
   9.8245828e-01    1.0536599e-01    2.3398840e+00
   9.7989486e-01    1.2445550e-01    2.3401134e+00
   9.7696167e-01    1.4348501e-01    2.3403557e+00
   9.7365871e-01    1.6246452e-01    2.3406109e+00
   9.6998597e-01    1.8136403e-01    2.3408789e+00
   9.6594344e-01    2.0019355e-01    2.3411596e+00
   9.6153114e-01    2.1894306e-01    2.3414531e+00
   9.5675904e-01    2.3759258e-01    2.3417587e+00
   9.5160716e-01    2.5615210e-01    2.3420774e+00
   9.4609549e-01    2.7460162e-01    2.3424082e+00
   9.4021402e-01    2.9294115e-01    2.3427515e+00
   9.3396277e-01    3.1115068e-01    2.3431072e+00
   9.2734171e-01    3.2923021e-01    2.3434753e+00
   9.2036086e-01    3.4717975e-01    2.3438553e+00
   9.1301021e-01    3.6497929e-01    2.3442475e+00
   9.0530974e-01    3.8262883e-01    2.3446513e+00
   8.9724947e-01    4.0011838e-01    2.3450668e+00
   8.8883937e-01    4.1743794e-01    2.3454937e+00
   8.8008946e-01    4.3458749e-01    2.3459316e+00
   8.7099971e-01    4.5155705e-01    2.3463804e+00
   8.6156015e-01    4.6834662e-01    2.3468405e+00
   8.5179074e-01    4.8493619e-01    2.3473110e+00
   8.4169150e-01    5.0132577e-01    2.3477919e+00
   8.3126242e-01    5.1751535e-01    2.3482832e+00
   8.2051349e-01    5.3348494e-01    2.3487845e+00
   8.0943471e-01    5.4922453e-01    2.3492959e+00
   7.9803608e-01    5.6474413e-01    2.3498173e+00
   7.8631760e-01    5.8002374e-01    2.3503484e+00
   7.7429925e-01    5.9506335e-01    2.3508886e+00
   7.6197103e-01    6.0984297e-01    2.3514381e+00
   7.4934295e-01    6.2438259e-01    2.3519966e+00
   7.3643497e-01    6.3866222e-01    2.3525634e+00
   7.2324711e-01    6.5268186e-01    2.3531383e+00
   7.0977937e-01    6.6644151e-01    2.3537214e+00
   6.9605172e-01    6.7994116e-01    2.3543119e+00
   6.8206417e-01    6.9316082e-01    2.3549098e+00
   6.6782672e-01    7.0612048e-01    2.3555149e+00
   6.5333935e-01    7.1880015e-01    2.3561268e+00
   6.3862206e-01    7.3119983e-01    2.3567451e+00
   6.2366486e-01    7.4331952e-01    2.3573699e+00
   6.0847772e-01    7.5513921e-01    2.3580009e+00
   5.9306066e-01    7.6667892e-01    2.3586381e+00
   5.7743366e-01    7.7791863e-01    2.3592807e+00
   5.6159671e-01    7.8884834e-01    2.3599286e+00
   5.4554982e-01    7.9947807e-01    2.3605819e+00
   5.2930299e-01    8.0980780e-01    2.3612403e+00
   5.1286619e-01    8.1981754e-01    2.3619031e+00
   4.9623944e-01    8.2952729e-01    2.3625707e+00
   4.7944271e-01    8.3891705e-01    2.3632420e+00
   4.6246603e-01    8.4799682e-01    2.3639176e+00
   4.4532936e-01    8.5675659e-01    2.3645966e+00
   4.2803271e-01    8.6519637e-01    2.3652791e+00
   4.1057608e-01    8.7330616e-01    2.3659650e+00
   3.9296946e-01    8.8108596e-01    2.3666539e+00
   3.7522285e-01    8.8852577e-01    2.3673453e+00
   3.5732625e-01    8.9563559e-01    2.3680398e+00
   3.3930963e-01    9.0239541e-01    2.3687361e+00
   3.2116301e-01    9.0879525e-01    2.3694345e+00
   3.0288638e-01    9.1484509e-01    2.3701350e+00
   2.8449972e-01    9.2053494e-01    2.3708369e+00
   2.6600305e-01    9.2586481e-01    2.3715402e+00
   2.4740634e-01    9.3081468e-01    2.3722443e+00
   2.2870960e-01    9.3539456e-01    2.3729494e+00
   2.0993281e-01    9.3959445e-01    2.3736546e+00
   1.9106598e-01    9.4340435e-01    2.3743602e+00
   1.7212910e-01    9.4683426e-01    2.3750656e+00
   1.5312217e-01    9.4987419e-01    2.3757708e+00
   1.3405517e-01    9.5252412e-01    2.3764753e+00
   1.1493810e-01    9.5478406e-01    2.3771787e+00
   9.5786955e-02    9.5666401e-01    2.3778807e+00
   7.6597735e-02    9.5815397e-01    2.3785813e+00
   5.7382431e-02    9.5925394e-01    2.3792799e+00
   3.8149044e-02    9.5998392e-01    2.3799766e+00
   1.8904563e-02    9.6032392e-01    2.3806709e+00
  -3.4260998e-04    9.6030392e-01    2.3813626e+00
  -1.9585683e-02    9.5990393e-01    2.3820515e+00
  -3.8818459e-02    9.5913395e-01    2.3827374e+00
  -5.8032342e-02    9.5799398e-01    2.3834199e+00
  -7.7221337e-02    9.5648402e-01    2.3840989e+00
  -9.6377447e-02    9.5461406e-01    2.3847740e+00
  -1.1549368e-01    9.5237412e-01    2.3854451e+00
  -1.3456203e-01    9.4976419e-01    2.3861119e+00
  -1.5358052e-01    9.4678427e-01    2.3867741e+00
  -1.7253914e-01    9.4343435e-01    2.3874316e+00
  -1.9142790e-01    9.3971445e-01    2.3880838e+00
  -2.1023680e-01    9.3563455e-01    2.3887307e+00
  -2.2895586e-01    9.3117467e-01    2.3893715e+00
  -2.4759507e-01    9.2634479e-01    2.3900068e+00
  -2.6612445e-01    9.2114493e-01    2.3906355e+00
  -2.8455398e-01    9.1558507e-01    2.3912581e+00
  -3.0287368e-01    9.0965522e-01    2.3918740e+00
  -3.2106355e-01    9.0335539e-01    2.3924826e+00
  -3.3912361e-01    8.9670556e-01    2.3930840e+00
  -3.5704385e-01    8.8967574e-01    2.3936777e+00
  -3.7482427e-01    8.8229593e-01    2.3942638e+00
  -3.9245488e-01    8.7456613e-01    2.3948420e+00
  -4.0992568e-01    8.6647634e-01    2.3954119e+00
  -4.2722669e-01    8.5803656e-01    2.3959731e+00
  -4.4435789e-01    8.4924678e-01    2.3965258e+00
  -4.6130930e-01    8.4011702e-01    2.3970695e+00
  -4.7807092e-01    8.3065726e-01    2.3976040e+00
  -4.9465274e-01    8.2085752e-01    2.3981296e+00
  -5.1102478e-01    8.1073778e-01    2.3986454e+00
  -5.2720702e-01    8.0029805e-01    2.3991521e+00
  -5.4316949e-01    7.8953833e-01    2.3996485e+00
  -5.5892218e-01    7.7846861e-01    2.4001352e+00
  -5.7445508e-01    7.6709891e-01    2.4006118e+00
  -5.8975821e-01    7.5540921e-01    2.4010779e+00
  -6.0483157e-01    7.4342952e-01    2.4015336e+00
  -6.1965517e-01    7.3114983e-01    2.4019782e+00
  -6.3422901e-01    7.1856016e-01    2.4024116e+00
  -6.4854309e-01    7.0568049e-01    2.4028335e+00
  -6.6258742e-01    6.9250083e-01    2.4032436e+00
  -6.7635201e-01    6.7904118e-01    2.4036416e+00
  -6.8983685e-01    6.6529154e-01    2.4040275e+00
  -7.0302196e-01    6.5126190e-01    2.4044006e+00
  -7.1591732e-01    6.3696227e-01    2.4047613e+00
  -7.2852294e-01    6.2240264e-01    2.4051098e+00
  -7.4081883e-01    6.0758303e-01    2.4054452e+00
  -7.5281497e-01    5.9252341e-01    2.4057682e+00
  -7.6451137e-01    5.7722381e-01    2.4060786e+00
  -7.7590802e-01    5.6169421e-01    2.4063766e+00
  -7.8698493e-01    5.4594462e-01    2.4066616e+00
  -7.9777209e-01    5.2998503e-01    2.4069346e+00
  -8.0823950e-01    5.1382545e-01    2.4071947e+00
  -8.1839717e-01    4.9746587e-01    2.4074422e+00
  -8.2823509e-01    4.8090630e-01    2.4076768e+00
  -8.3776326e-01    4.6416673e-01    2.4078989e+00
  -8.4697168e-01    4.4725717e-01    2.4081083e+00
  -8.5585036e-01    4.3016761e-01    2.4083046e+00
  -8.6439930e-01    4.1290805e-01    2.4084878e+00
  -8.7261849e-01    3.9548850e-01    2.4086580e+00
  -8.8049794e-01    3.7791896e-01    2.4088149e+00
  -8.8804764e-01    3.6019941e-01    2.4089589e+00
  -8.9523761e-01    3.4232988e-01    2.4090889e+00
  -9.0206785e-01    3.2433034e-01    2.4092050e+00
  -9.0854835e-01    3.0619081e-01    2.4093075e+00
  -9.1464913e-01    2.8792128e-01    2.4093954e+00
  -9.2037019e-01    2.6953176e-01    2.4094688e+00
  -9.2571152e-01    2.5103223e-01    2.4095278e+00
  -9.3066313e-01    2.3241271e-01    2.4095719e+00
  -9.3522501e-01    2.1370320e-01    2.4096013e+00
  -9.3938718e-01    1.9490368e-01    2.4096158e+00
  -9.4315963e-01    1.7601417e-01    2.4096155e+00
  -9.4654234e-01    1.5705466e-01    2.4096008e+00
  -9.4953532e-01    1.3802515e-01    2.4095715e+00
  -9.5214856e-01    1.1894564e-01    2.4095283e+00
  -9.5436208e-01    9.9816138e-02    2.4094703e+00
  -9.5619585e-01    8.0640633e-02    2.4093983e+00
  -9.5764987e-01    6.1436129e-02    2.4093125e+00
  -9.5871415e-01    4.2206626e-02    2.4092124e+00
  -9.5939868e-01    2.2959123e-02    2.4090986e+00
  -9.5968347e-01    3.7016204e-03    2.4089704e+00
  -9.5957851e-01   -1.5556882e-02    2.4088281e+00
  -9.5907381e-01   -3.4810385e-02    2.4086715e+00
  -9.5817936e-01   -5.4047888e-02    2.4085010e+00
  -9.5688516e-01   -7.3263392e-02    2.4083163e+00
  -9.5520121e-01   -9.2447897e-02    2.4081178e+00
  -9.5312749e-01   -1.1159840e-01    2.4079055e+00
  -9.5067401e-01   -1.3069791e-01    2.4076800e+00
  -9.4784076e-01   -1.4974742e-01    2.4074411e+00
  -9.4464773e-01   -1.6873693e-01    2.4071898e+00
  -9.4108492e-01   -1.8766644e-01    2.4069256e+00
  -9.3716233e-01   -2.0651595e-01    2.4066490e+00
  -9.3288994e-01   -2.2529547e-01    2.4063604e+00
  -9.2826775e-01   -2.4398498e-01    2.4060598e+00
  -9.2329577e-01   -2.6259450e-01    2.4057472e+00
  -9.1797399e-01   -2.8110402e-01    2.4054228e+00
  -9.1230241e-01   -2.9950355e-01    2.4050866e+00
  -9.0627103e-01   -3.1779308e-01    2.4047383e+00
  -8.9987985e-01   -3.3595261e-01    2.4043779e+00
  -8.9312887e-01   -3.5399214e-01    2.4040055e+00
  -8.8601809e-01   -3.7188168e-01    2.4036212e+00
  -8.7854750e-01   -3.8963122e-01    2.4032250e+00
  -8.7071710e-01   -4.0722077e-01    2.4028170e+00
  -8.6252690e-01   -4.2465032e-01    2.4023973e+00
  -8.5397687e-01   -4.4189987e-01    2.4019659e+00
  -8.4506704e-01   -4.5896943e-01    2.4015228e+00
  -8.3581738e-01   -4.7585900e-01    2.4010688e+00
  -8.2620789e-01   -4.9253856e-01    2.4006034e+00
  -8.1625858e-01   -5.0902814e-01    2.4001272e+00
  -8.0596943e-01   -5.2529772e-01    2.3996403e+00
  -7.9535044e-01   -5.4135730e-01    2.3991431e+00
  -7.8439161e-01   -5.5719689e-01    2.3986352e+00
  -7.7312292e-01   -5.7279649e-01    2.3981179e+00
  -7.6153438e-01   -5.8816609e-01    2.3975908e+00
  -7.4962598e-01   -6.0330570e-01    2.3970538e+00
  -7.3742771e-01   -6.1819532e-01    2.3965083e+00
  -7.2493956e-01   -6.3284494e-01    2.3959540e+00
  -7.1216153e-01   -6.4724457e-01    2.3953911e+00
  -6.9910362e-01   -6.6139420e-01    2.3948199e+00
  -6.8578582e-01   -6.7529384e-01    2.3942412e+00
  -6.7220811e-01   -6.8894349e-01    2.3936549e+00
  -6.5837051e-01   -7.0232315e-01    2.3930613e+00
  -6.4428300e-01   -7.1544281e-01    2.3924605e+00
  -6.2994558e-01   -7.2829248e-01    2.3918527e+00
  -6.1536824e-01   -7.4086215e-01    2.3912382e+00
  -6.0055099e-01   -7.5315183e-01    2.3906172e+00
  -5.8549381e-01   -7.6514152e-01    2.3899897e+00
  -5.7019671e-01   -7.7683122e-01    2.3893557e+00
  -5.5466968e-01   -7.8821093e-01    2.3887157e+00
  -5.3891272e-01   -7.9926064e-01    2.3880698e+00
  -5.2292581e-01   -8.0999037e-01    2.3874179e+00
  -5.0672896e-01   -8.2037010e-01    2.3867610e+00
  -4.9031216e-01   -8.3041984e-01    2.3860986e+00
  -4.7368541e-01   -8.4012959e-01    2.3854310e+00
  -4.5686869e-01   -8.4948935e-01    2.3847592e+00
  -4.3986200e-01   -8.5849911e-01    2.3840830e+00
  -4.2267534e-01   -8.6716889e-01    2.3834028e+00
  -4.0531870e-01   -8.7548867e-01    2.3827191e+00
  -3.8780208e-01   -8.8347847e-01    2.3820319e+00
  -3.7013547e-01   -8.9111827e-01    2.3813419e+00
  -3.5232885e-01   -8.9840808e-01    2.3806493e+00
  -3.3438224e-01   -9.0535790e-01    2.3799542e+00
  -3.1630563e-01   -9.1196773e-01    2.3792568e+00
  -2.9809900e-01   -9.1821757e-01    2.3785574e+00
  -2.7977236e-01   -9.2410742e-01    2.3778562e+00
  -2.6133570e-01   -9.2963728e-01    2.3771536e+00
  -2.4278901e-01   -9.3478714e-01    2.3764499e+00
  -2.2414229e-01   -9.3955702e-01    2.3757453e+00
  -2.0540552e-01   -9.4392691e-01    2.3750403e+00
  -1.8656872e-01   -9.4791680e-01    2.3743344e+00
  -1.6766185e-01   -9.5149671e-01    2.3736290e+00
  -1.4867494e-01   -9.5467663e-01    2.3729236e+00
  -1.2963795e-01   -9.5744656e-01    2.3722193e+00
  -1.1053091e-01   -9.5981650e-01    2.3715154e+00
  -9.1387785e-02   -9.6179645e-01    2.3708130e+00
  -7.2205581e-02   -9.6336641e-01    2.3701121e+00
  -5.2995297e-02   -9.6455637e-01    2.3694130e+00
  -3.3764926e-02   -9.6535635e-01    2.3687159e+00
  -1.4521462e-02   -9.6576634e-01    2.3680212e+00
   4.7252981e-03   -9.6579634e-01    2.3673291e+00
   2.3969760e-02   -9.6543635e-01    2.3666398e+00
   4.3203525e-02   -9.6470637e-01    2.3659537e+00
   6.2418402e-02   -9.6358640e-01    2.3652710e+00
   8.1607395e-02   -9.6208644e-01    2.3645919e+00
   1.0076351e-01   -9.6020649e-01    2.3639168e+00
   1.1988074e-01   -9.5794655e-01    2.3632458e+00
   1.3893912e-01   -9.5529661e-01    2.3625798e+00
   1.5794762e-01   -9.5226669e-01    2.3619182e+00
   1.7689626e-01   -9.4884678e-01    2.3612616e+00
   1.9576505e-01   -9.4505688e-01    2.3606106e+00
   2.1455400e-01   -9.4087699e-01    2.3599652e+00
   2.3326309e-01   -9.3632710e-01    2.3593253e+00
   2.5187234e-01   -9.3140723e-01    2.3586917e+00
   2.7037176e-01   -9.2611737e-01    2.3580648e+00
   2.8877133e-01   -9.2045751e-01    2.3574440e+00
   3.0706108e-01   -9.1442767e-01    2.3568299e+00
   3.2522099e-01   -9.0804783e-01    2.3562229e+00
   3.4325109e-01   -9.0129801e-01    2.3556233e+00
   3.6114137e-01   -8.9419819e-01    2.3550312e+00
   3.7889183e-01   -8.8673838e-01    2.3544468e+00
   3.9648249e-01   -8.7892859e-01    2.3538706e+00
   4.1392333e-01   -8.7077880e-01    2.3533022e+00
   4.3119437e-01   -8.6226902e-01    2.3527425e+00
   4.4829561e-01   -8.5341924e-01    2.3521914e+00
   4.6520706e-01   -8.4422948e-01    2.3516496e+00
   4.8193871e-01   -8.3470973e-01    2.3511165e+00
   4.9848057e-01   -8.2485998e-01    2.3505927e+00
   5.1482265e-01   -8.1467025e-01    2.3500785e+00
   5.3095494e-01   -8.0417052e-01    2.3495741e+00
   5.4687745e-01   -7.9335080e-01    2.3490795e+00
   5.6258018e-01   -7.8221108e-01    2.3485951e+00
   5.7806314e-01   -7.7076138e-01    2.3481209e+00
   5.9331633e-01   -7.5900168e-01    2.3476571e+00
   6.0831975e-01   -7.4694199e-01    2.3472045e+00
   6.2309340e-01   -7.3459231e-01    2.3467622e+00
   6.3761728e-01   -7.2195264e-01    2.3463310e+00
   6.5189140e-01   -7.0903297e-01    2.3459108e+00
   6.6591575e-01   -6.9583331e-01    2.3455015e+00
   6.7968034e-01   -6.8237366e-01    2.3451035e+00
   6.9319515e-01   -6.6864402e-01    2.3447164e+00
   7.0644021e-01   -6.5466438e-01    2.3443408e+00
   7.1941550e-01   -6.4044474e-01    2.3439766e+00
   7.3213102e-01   -6.2598512e-01    2.3436235e+00
   7.4456679e-01   -6.1128550e-01    2.3432821e+00
   7.5672280e-01   -5.9634588e-01    2.3429526e+00
   7.6859904e-01   -5.8118628e-01    2.3426347e+00
   7.8017554e-01   -5.6579667e-01    2.3423292e+00
   7.9144230e-01   -5.5017708e-01    2.3420365e+00
   8.0239931e-01   -5.3433748e-01    2.3417565e+00
   8.1303659e-01   -5.1828790e-01    2.3414895e+00
   8.2333414e-01   -5.0200832e-01    2.3412364e+00
   8.3329197e-01   -4.8552875e-01    2.3409969e+00
   8.4291006e-01   -4.6884918e-01    2.3407711e+00
   8.5217844e-01   -4.5196961e-01    2.3405593e+00
   8.6109709e-01   -4.3489005e-01    2.3403616e+00
   8.6965602e-01   -4.1764050e-01    2.3401779e+00
   8.7785522e-01   -4.0021095e-01    2.3400085e+00
   8.8569471e-01   -3.8262140e-01    2.3398532e+00
   8.9316447e-01   -3.6487186e-01    2.3397123e+00
   9.0027450e-01   -3.4697232e-01    2.3395854e+00
   9.0701480e-01   -3.2893279e-01    2.3394729e+00
   9.1337539e-01   -3.1075326e-01    2.3393749e+00
   9.1936625e-01   -2.9244373e-01    2.3392912e+00
   9.2495740e-01   -2.7402421e-01    2.3392227e+00
   9.3016883e-01   -2.5547469e-01    2.3391688e+00
   9.3497054e-01   -2.3682517e-01    2.3391303e+00
   9.3938254e-01   -2.1807565e-01    2.3391065e+00
   9.4338482e-01   -1.9923614e-01    2.3390981e+00
   9.4698738e-01   -1.8031663e-01    2.3391047e+00
   9.5019022e-01   -1.6132712e-01    2.3391261e+00
   9.5299333e-01   -1.4227761e-01    2.3391623e+00
   9.5540671e-01   -1.2316810e-01    2.3392130e+00
   9.5742036e-01   -1.0400860e-01    2.3392784e+00
   9.5906425e-01   -8.4822094e-02    2.3393572e+00
   9.6031841e-01   -6.5603590e-02    2.3394504e+00
   9.6120280e-01   -4.6364087e-02    2.3395569e+00
   9.6171745e-01   -2.7111584e-02    2.3396769e+00
   9.6185233e-01   -7.8530812e-03    2.3398105e+00
   9.6160747e-01    1.1404421e-02    2.3399578e+00
   9.6097285e-01    3.0652924e-02    2.3401191e+00
   9.5995848e-01    4.9885428e-02    2.3402938e+00
   9.5854435e-01    6.9091932e-02    2.3404828e+00
   9.5672048e-01    8.8264437e-02    2.3406862e+00
   9.5449686e-01    1.0739594e-01    2.3409038e+00
   9.5186349e-01    1.2647545e-01    2.3411356e+00
   9.4882037e-01    1.4548496e-01    2.3413817e+00
   9.4535750e-01    1.6443447e-01    2.3416425e+00
   9.4149487e-01    1.8329398e-01    2.3419170e+00
   9.3723247e-01    2.0207350e-01    2.3422053e+00
   9.3258031e-01    2.2076301e-01    2.3425069e+00
   9.2752837e-01    2.3935253e-01    2.3428222e+00
   9.2210665e-01    2.5782206e-01    2.3431499e+00
   9.1631513e-01    2.7619158e-01    2.3434902e+00
   9.1015383e-01    2.9443111e-01    2.3438429e+00
   9.0363272e-01    3.1255064e-01    2.3442076e+00
   8.9675181e-01    3.3054018e-01    2.3445843e+00
   8.8950110e-01    3.4837972e-01    2.3449733e+00
   8.8189059e-01    3.6606926e-01    2.3453741e+00
   8.7392027e-01    3.8359881e-01    2.3457867e+00
   8.6559013e-01    4.0094836e-01    2.3462109e+00
   8.5689019e-01    4.1812792e-01    2.3466472e+00
   8.4784042e-01    4.3511748e-01    2.3470947e+00
   8.3842085e-01    4.5191705e-01    2.3475541e+00
   8.2864145e-01    4.6850662e-01    2.3480250e+00
   8.1851222e-01    4.8487619e-01    2.3485068e+00
   8.0804316e-01    5.0103578e-01    2.3489994e+00
   7.9723426e-01    5.1696537e-01    2.3495025e+00
   7.8608552e-01    5.3266496e-01    2.3500162e+00
   7.7460693e-01    5.4812456e-01    2.3505400e+00
   7.6281847e-01    5.6334417e-01    2.3510733e+00
   7.5071016e-01    5.7831378e-01    2.3516162e+00
   7.3830198e-01    5.9303340e-01    2.3521681e+00
   7.2559392e-01    6.0749303e-01    2.3527289e+00
   7.1258599e-01    6.2168266e-01    2.3532986e+00
   6.9929817e-01    6.3561230e-01    2.3538764e+00
   6.8573047e-01    6.4927195e-01    2.3544624e+00
   6.7189286e-01    6.6265160e-01    2.3550561e+00
   6.5779535e-01    6.7576126e-01    2.3556571e+00
   6.4343794e-01    6.8858093e-01    2.3562655e+00
   6.2883062e-01    7.0113061e-01    2.3568808e+00
   6.1399337e-01    7.1338029e-01    2.3575023e+00
   5.9890621e-01    7.2534998e-01    2.3581308e+00
   5.8359911e-01    7.3701968e-01    2.3587649e+00
   5.6807208e-01    7.4838939e-01    2.3594049e+00
   5.5233510e-01    7.5946910e-01    2.3600503e+00
   5.3638819e-01    7.7024882e-01    2.3607011e+00
   5.2023133e-01    7.8071855e-01    2.3613572e+00
   5.0388451e-01    7.9087829e-01    2.3620179e+00
   4.8734774e-01    8.0073804e-01    2.3626833e+00
   4.7063101e-01    8.1027779e-01    2.3633528e+00
   4.5374430e-01    8.1949755e-01    2.3640262e+00
   4.3667762e-01    8.2839732e-01    2.3647037e+00
   4.1944097e-01    8.3697710e-01    2.3653851e+00
   4.0204434e-01    8.4521689e-01    2.3660697e+00
   3.8449771e-01    8.5311668e-01    2.3667573e+00
   3.6679110e-01    8.6067649e-01    2.3674482e+00
   3.4894449e-01    8.6787630e-01    2.3681415e+00
   3.3095788e-01    8.7471613e-01    2.3688373e+00
   3.1283126e-01    8.8118596e-01    2.3695355e+00
   2.9457462e-01    8.8727580e-01    2.3702356e+00
   2.7618797e-01    8.9298566e-01    2.3709376e+00
   2.5769130e-01    8.9831552e-01    2.3716409e+00
   2.3909459e-01    9.0325539e-01    2.3723449e+00
   2.2038785e-01    9.0780527e-01    2.3730501e+00
   2.0160106e-01    9.1196516e-01    2.3737554e+00
   1.8272422e-01    9.1573507e-01    2.3744611e+00
   1.6377734e-01    9.1912498e-01    2.3751666e+00
   1.4477039e-01    9.2211490e-01    2.3758714e+00
   1.2569338e-01    9.2471484e-01    2.3765759e+00
   1.0657630e-01    9.2693478e-01    2.3772791e+00
   8.7418153e-02    9.2876473e-01    2.3779809e+00
   6.8224923e-02    9.3020469e-01    2.3786813e+00
   4.9007610e-02    9.3126467e-01    2.3793797e+00
   2.9772208e-02    9.3193465e-01    2.3800760e+00
   1.0526815e-02    9.3222464e-01    2.3807700e+00
  -8.7198790e-03    9.3212464e-01    2.3814611e+00
  -2.7961574e-02    9.3164466e-01    2.3821494e+00
  -4.7190375e-02    9.3078468e-01    2.3828345e+00
  -6.6397292e-02    9.2953471e-01    2.3835159e+00
  -8.5574328e-02    9.2789475e-01    2.3841935e+00
  -1.0471749e-01    9.2586481e-01    2.3848671e+00
  -1.2380578e-01    9.2344487e-01    2.3855359e+00
  -1.4285421e-01    9.2062494e-01    2.3862004e+00
  -1.6183278e-01    9.1741502e-01    2.3868596e+00
  -1.8074150e-01    9.1380512e-01    2.3875133e+00
  -1.9957037e-01    9.0980522e-01    2.3881615e+00
  -2.1830940e-01    9.0541533e-01    2.3888035e+00
  -2.3695858e-01    9.0063546e-01    2.3894396e+00
  -2.5549794e-01    8.9548559e-01    2.3900690e+00
  -2.7393746e-01    8.8994573e-01    2.3906920e+00
  -2.9225715e-01    8.8404589e-01    2.3913082e+00
  -3.1045701e-01    8.7777605e-01    2.3919174e+00
  -3.2853705e-01    8.7114622e-01    2.3925196e+00
  -3.4646727e-01    8.6415640e-01    2.3931139e+00
  -3.6426767e-01    8.5681659e-01    2.3937011e+00
  -3.8190826e-01    8.4911679e-01    2.3942798e+00
  -3.9939905e-01    8.4106700e-01    2.3948507e+00
  -4.1672003e-01    8.3265721e-01    2.3954129e+00
  -4.3386122e-01    8.2389744e-01    2.3959661e+00
  -4.5082262e-01    8.1478767e-01    2.3965103e+00
  -4.6758424e-01    8.0532792e-01    2.3970449e+00
  -4.8415607e-01    7.9550817e-01    2.3975700e+00
  -5.0050813e-01    7.8534843e-01    2.3980848e+00
  -5.1664042e-01    7.7484871e-01    2.3985892e+00
  -5.3255294e-01    7.6400899e-01    2.3990833e+00
  -5.4823570e-01    7.5283927e-01    2.3995667e+00
  -5.6368869e-01    7.4134957e-01    2.4000396e+00
  -5.7889192e-01    7.2953988e-01    2.4005012e+00
  -5.9384539e-01    7.1741019e-01    2.4009515e+00
  -6.0854911e-01    7.0498051e-01    2.4013907e+00
  -6.2300306e-01    6.9225084e-01    2.4018188e+00
  -6.3718726e-01    6.7923118e-01    2.4022351e+00
  -6.5110171e-01    6.6592152e-01    2.4026396e+00
  -6.6474641e-01    6.5233187e-01    2.4030323e+00
  -6.7810136e-01    6.3846223e-01    2.4034127e+00
  -6.9117657e-01    6.2432259e-01    2.4037810e+00
  -7.0395204e-01    6.0992297e-01    2.4041368e+00
  -7.1642777e-01    5.9525334e-01    2.4044797e+00
  -7.2859377e-01    5.8032373e-01    2.4048097e+00
  -7.4045003e-01    5.6515412e-01    2.4051269e+00
  -7.5198656e-01    5.4973452e-01    2.4054307e+00
  -7.6320336e-01    5.3407492e-01    2.4057213e+00
  -7.7408044e-01    5.1818533e-01    2.4059981e+00
  -7.8463778e-01    5.0207575e-01    2.4062617e+00
  -7.9485540e-01    4.8575617e-01    2.4065117e+00
  -8.0473329e-01    4.6922660e-01    2.4067479e+00
  -8.1428144e-01    4.5249703e-01    2.4069708e+00
  -8.2348986e-01    4.3558747e-01    2.4071803e+00
  -8.3235855e-01    4.1848791e-01    2.4073761e+00
  -8.4088751e-01    4.0121835e-01    2.4075585e+00
  -8.4905673e-01    3.8377881e-01    2.4077268e+00
  -8.5687623e-01    3.6617926e-01    2.4078813e+00
  -8.6433600e-01    3.4841972e-01    2.4080218e+00
  -8.7142604e-01    3.3052018e-01    2.4081479e+00
  -8.7813638e-01    3.1246065e-01    2.4082593e+00
  -8.8446699e-01    2.9427112e-01    2.4083561e+00
  -8.9040788e-01    2.7595159e-01    2.4084379e+00
  -8.9595906e-01    2.5751207e-01    2.4085048e+00
  -9.0110053e-01    2.3895255e-01    2.4085562e+00
  -9.0585228e-01    2.2029303e-01    2.4085928e+00
  -9.1021432e-01    2.0152351e-01    2.4086147e+00
  -9.1417662e-01    1.8268400e-01    2.4086216e+00
  -9.1773921e-01    1.6375449e-01    2.4086135e+00
  -9.2093206e-01    1.4476498e-01    2.4085918e+00
  -9.2373517e-01    1.2570547e-01    2.4085555e+00
  -9.2616854e-01    1.0659596e-01    2.4085055e+00
  -9.2822216e-01    8.7450458e-02    2.4084417e+00
  -9.2989603e-01    6.8263953e-02    2.4083639e+00
  -9.3120015e-01    4.9048449e-02    2.4082726e+00
  -9.3211453e-01    2.9810946e-02    2.4081671e+00
  -9.3264916e-01    1.0558443e-02    2.4080478e+00
  -9.3277406e-01   -8.7002593e-03    2.4079138e+00
  -9.3250920e-01   -2.7957562e-02    2.4077658e+00
  -9.3182462e-01   -4.7205065e-02    2.4076028e+00
  -9.3073029e-01   -6.6432568e-02    2.4074252e+00
  -9.2922622e-01   -8.5632073e-02    2.4072331e+00
  -9.2730242e-01   -1.0479858e-01    2.4070261e+00
  -9.2495887e-01   -1.2390808e-01    2.4068044e+00
  -9.2221557e-01   -1.4296759e-01    2.4065687e+00
  -9.1907250e-01   -1.6196710e-01    2.4063191e+00
  -9.1552968e-01   -1.8089661e-01    2.4060556e+00
  -9.1160709e-01   -1.9975613e-01    2.4057790e+00
  -9.0730472e-01   -2.1852564e-01    2.4054893e+00
  -9.0262257e-01   -2.3720516e-01    2.4051867e+00
  -8.9758063e-01   -2.5578468e-01    2.4048718e+00
  -8.9215890e-01   -2.7426420e-01    2.4045440e+00
  -8.8637738e-01   -2.9263373e-01    2.4042041e+00
  -8.8022607e-01   -3.1088326e-01    2.4038517e+00
  -8.7370496e-01   -3.2900279e-01    2.4034870e+00
  -8.6680407e-01   -3.4698232e-01    2.4031096e+00
  -8.5954336e-01   -3.6481186e-01    2.4027203e+00
  -8.5190287e-01   -3.8249141e-01    2.4023185e+00
  -8.4390256e-01   -4.0000095e-01    2.4019050e+00
  -8.3553245e-01   -4.1735051e-01    2.4014794e+00
  -8.2681251e-01   -4.3451006e-01    2.4010425e+00
  -8.1774276e-01   -4.5149962e-01    2.4005943e+00
  -8.0833318e-01   -4.6829919e-01    2.4001352e+00
  -7.9859376e-01   -4.8490876e-01    2.3996656e+00
  -7.8852450e-01   -5.0131834e-01    2.3991856e+00
  -7.7813540e-01   -5.1751792e-01    2.3986957e+00
  -7.6741646e-01   -5.3351751e-01    2.3981953e+00
  -7.5638766e-01   -5.4929710e-01    2.3976853e+00
  -7.4503901e-01   -5.6485670e-01    2.3971655e+00
  -7.3337050e-01   -5.8016630e-01    2.3966359e+00
  -7.2139213e-01   -5.9523591e-01    2.3960969e+00
  -7.0910390e-01   -6.1005553e-01    2.3955486e+00
  -6.9649580e-01   -6.2460515e-01    2.3949907e+00
  -6.8358783e-01   -6.3888479e-01    2.3944240e+00
  -6.7037998e-01   -6.5289442e-01    2.3938484e+00
  -6.5688225e-01   -6.6662407e-01    2.3932645e+00
  -6.4310462e-01   -6.8006372e-01    2.3926725e+00
  -6.2905709e-01   -6.9323338e-01    2.3920728e+00
  -6.1475966e-01   -7.0611305e-01    2.3914662e+00
  -6.0020232e-01   -7.1871272e-01    2.3908523e+00
  -5.8539506e-01   -7.3101241e-01    2.3902316e+00
  -5.7035787e-01   -7.4302210e-01    2.3896046e+00
  -5.5508077e-01   -7.5474179e-01    2.3889712e+00
  -5.3957373e-01   -7.6614150e-01    2.3883317e+00
  -5.2383676e-01   -7.7722121e-01    2.3876863e+00
  -5.0786985e-01   -7.8798093e-01    2.3870349e+00
  -4.9168300e-01   -7.9840067e-01    2.3863781e+00
  -4.7528620e-01   -8.0848041e-01    2.3857162e+00
  -4.5866944e-01   -8.1819015e-01    2.3850490e+00
  -4.4184273e-01   -8.2754991e-01    2.3843768e+00
  -4.2482604e-01   -8.3653968e-01    2.3837004e+00
  -4.0761938e-01   -8.4516946e-01    2.3830198e+00
  -3.9023275e-01   -8.5341924e-01    2.3823354e+00
  -3.7267613e-01   -8.6130904e-01    2.3816476e+00
  -3.5495951e-01   -8.6881885e-01    2.3809567e+00
  -3.3708290e-01   -8.7596866e-01    2.3802626e+00
  -3.1907629e-01   -8.8274849e-01    2.3795665e+00
  -3.0091967e-01   -8.8915832e-01    2.3788677e+00
  -2.8265303e-01   -8.9519817e-01    2.3781676e+00
  -2.6425638e-01   -9.0086802e-01    2.3774655e+00
  -2.4574970e-01   -9.0614788e-01    2.3767623e+00
  -2.2713299e-01   -9.1104776e-01    2.3760578e+00
  -2.0842624e-01   -9.1556764e-01    2.3753528e+00
  -1.8962945e-01   -9.1969753e-01    2.3746474e+00
  -1.7074261e-01   -9.2342744e-01    2.3739416e+00
  -1.5179571e-01   -9.2676735e-01    2.3732365e+00
  -1.3276877e-01   -9.2971727e-01    2.3725313e+00
  -1.1369175e-01   -9.3226721e-01    2.3718271e+00
  -9.4568659e-02   -9.3442715e-01    2.3711241e+00
  -7.5402494e-02   -9.3618711e-01    2.3704225e+00
  -5.6203247e-02   -9.3754707e-01    2.3697225e+00
  -3.6980914e-02   -9.3851705e-01    2.3690245e+00
  -1.7742488e-02   -9.3908703e-01    2.3683288e+00
   1.5043653e-03   -9.3925703e-01    2.3676357e+00
   2.0750668e-02   -9.3900703e-01    2.3669456e+00
   3.9986410e-02   -9.3835705e-01    2.3662588e+00
   5.9204276e-02   -9.3727708e-01    2.3655757e+00
   7.8394265e-02   -9.3578712e-01    2.3648966e+00
   9.7546387e-02   -9.3387717e-01    2.3642218e+00
   1.1664965e-01   -9.3153723e-01    2.3635519e+00
   1.3570805e-01   -9.2879730e-01    2.3628865e+00
   1.5469660e-01   -9.2563738e-01    2.3622266e+00
   1.7360530e-01   -9.2208747e-01    2.3615724e+00
   1.9245415e-01   -9.1814757e-01    2.3609231e+00
   2.1121314e-01   -9.1382768e-01    2.3602798e+00
   2.2988229e-01   -9.0914781e-01    2.3596423e+00
   2.4846160e-01   -9.0410794e-01    2.3590107e+00
   2.6694105e-01   -8.9871808e-01    2.3583851e+00
   2.8531067e-01   -8.9298822e-01    2.3577660e+00
   3.0358043e-01   -8.8690838e-01    2.3571529e+00
   3.2172038e-01   -8.8047855e-01    2.3565470e+00
   3.3974049e-01   -8.7368872e-01    2.3559481e+00
   3.5762079e-01   -8.6654891e-01    2.3553566e+00
   3.7534128e-01   -8.5904910e-01    2.3547736e+00
   3.9291196e-01   -8.5116930e-01    2.3541986e+00
   4.1031285e-01   -8.4292952e-01    2.3536323e+00
   4.2752396e-01   -8.3430974e-01    2.3530756e+00
   4.4455528e-01   -8.2532997e-01    2.3525279e+00
   4.6137683e-01   -8.1598021e-01    2.3519904e+00
   4.7800860e-01   -8.0627046e-01    2.3514623e+00
   4.9442060e-01   -7.9620072e-01    2.3509448e+00
   5.1061282e-01   -7.8580099e-01    2.3504375e+00
   5.2659528e-01   -7.7505127e-01    2.3499402e+00
   5.4234796e-01   -7.6398155e-01    2.3494535e+00
   5.5787088e-01   -7.5260185e-01    2.3489774e+00
   5.7316402e-01   -7.4090215e-01    2.3485117e+00
   5.8822739e-01   -7.2890246e-01    2.3480565e+00
   6.0305099e-01   -7.1661278e-01    2.3476120e+00
   6.1762483e-01   -7.0403310e-01    2.3471786e+00
   6.3195889e-01   -6.9117343e-01    2.3467557e+00
   6.4603319e-01   -6.7803377e-01    2.3463443e+00
   6.5984773e-01   -6.6462412e-01    2.3459441e+00
   6.7340251e-01   -6.5094447e-01    2.3455552e+00
   6.8667754e-01   -6.3699483e-01    2.3451783e+00
   6.9968281e-01   -6.2279520e-01    2.3448129e+00
   7.1238834e-01   -6.0832557e-01    2.3444602e+00
   7.2480412e-01   -5.9360595e-01    2.3441197e+00
   7.3690018e-01   -5.7861634e-01    2.3437927e+00
   7.4867651e-01   -5.6338673e-01    2.3434789e+00
   7.6013311e-01   -5.4790713e-01    2.3431783e+00
   7.7124000e-01   -5.3217754e-01    2.3428922e+00
   7.8200717e-01   -5.1620795e-01    2.3426199e+00
   7.9241463e-01   -5.0000837e-01    2.3423623e+00
   8.0247238e-01   -4.8357880e-01    2.3421189e+00
   8.1216042e-01   -4.6693923e-01    2.3418903e+00
   8.2149874e-01   -4.5008966e-01    2.3416758e+00
   8.3046735e-01   -4.3305010e-01    2.3414759e+00
   8.3907624e-01   -4.1582055e-01    2.3412903e+00
   8.4732541e-01   -3.9842099e-01    2.3411189e+00
   8.5521485e-01   -3.8085145e-01    2.3409616e+00
   8.6274457e-01   -3.6312191e-01    2.3408184e+00
   8.6991455e-01   -3.4525237e-01    2.3406892e+00
   8.7671482e-01   -3.2723283e-01    2.3405743e+00
   8.8315534e-01   -3.0908330e-01    2.3404733e+00
   8.8921615e-01   -2.9080377e-01    2.3403869e+00
   8.9490723e-01   -2.7239425e-01    2.3403147e+00
   9.0019860e-01   -2.5388473e-01    2.3402576e+00
   9.0510024e-01   -2.3525521e-01    2.3402154e+00
   9.0959218e-01   -2.1652569e-01    2.3401886e+00
   9.1367441e-01   -1.9770618e-01    2.3401772e+00
   9.1733693e-01   -1.7879667e-01    2.3401815e+00
   9.2057974e-01   -1.5980716e-01    2.3402015e+00
   9.2339284e-01   -1.4075765e-01    2.3402373e+00
   9.2578623e-01   -1.2164814e-01    2.3402887e+00
   9.2774991e-01   -1.0248864e-01    2.3403559e+00
   9.2930387e-01   -8.3291133e-02    2.3404381e+00
   9.3044810e-01   -6.4065630e-02    2.3405352e+00
   9.3117260e-01   -4.4820127e-02    2.3406476e+00
   9.3149737e-01   -2.5563624e-02    2.3407744e+00
   9.3143238e-01   -6.3041212e-03    2.3409152e+00
   9.3095767e-01    1.2949382e-02    2.3410708e+00
   9.3010319e-01    3.2188885e-02    2.3412398e+00
   9.2884896e-01    5.1407388e-02    2.3414231e+00
   9.2720498e-01    7.0595893e-02    2.3416202e+00
   9.2517124e-01    8.9746398e-02    2.3418310e+00
   9.2274775e-01    1.0885590e-01    2.3420556e+00
   9.1991450e-01    1.2790541e-01    2.3422944e+00
   9.1669148e-01    1.4688492e-01    2.3425468e+00
   9.1306871e-01    1.6580443e-01    2.3428131e+00
   9.0904617e-01    1.8463395e-01    2.3430931e+00
   9.0461388e-01    2.0337346e-01    2.3433872e+00
   8.9979181e-01    2.2201298e-01    2.3436946e+00
   8.9455998e-01    2.4055250e-01    2.3440160e+00
   8.8893837e-01    2.5897203e-01    2.3443505e+00
   8.8290699e-01    2.7726156e-01    2.3446989e+00
   8.7648583e-01    2.9541109e-01    2.3450602e+00
   8.6967488e-01    3.1342062e-01    2.3454346e+00
   8.6246415e-01    3.3128016e-01    2.3458223e+00
   8.5486363e-01    3.4896970e-01    2.3462227e+00
   8.4688331e-01    3.6648925e-01    2.3466356e+00
   8.3851320e-01    3.8383880e-01    2.3470612e+00
   8.2977328e-01    4.0098836e-01    2.3474988e+00
   8.2067354e-01    4.1795792e-01    2.3479479e+00
   8.1121398e-01    4.3472749e-01    2.3484086e+00
   8.0140460e-01    4.5129706e-01    2.3488804e+00
   7.9126538e-01    4.6766664e-01    2.3493626e+00
   7.8080631e-01    4.8382622e-01    2.3498548e+00
   7.7001740e-01    4.9977581e-01    2.3503573e+00
   7.5891863e-01    5.1550540e-01    2.3508694e+00
   7.4752000e-01    5.3102500e-01    2.3513908e+00
   7.3581151e-01    5.4630461e-01    2.3519216e+00
   7.2380316e-01    5.6135422e-01    2.3524615e+00
   7.1148494e-01    5.7614384e-01    2.3530107e+00
   6.9886684e-01    5.9068346e-01    2.3535689e+00
   6.8594888e-01    6.0496309e-01    2.3541359e+00
   6.7272104e-01    6.1895273e-01    2.3547121e+00
   6.5920331e-01    6.3265238e-01    2.3552965e+00
   6.4538570e-01    6.4606203e-01    2.3558897e+00
   6.3128819e-01    6.5916169e-01    2.3564907e+00
   6.1690079e-01    6.7196136e-01    2.3570999e+00
   6.0225348e-01    6.8445104e-01    2.3577163e+00
   5.8734625e-01    6.9662073e-01    2.3583397e+00
   5.7218911e-01    7.0849042e-01    2.3589700e+00
   5.5679204e-01    7.2004012e-01    2.3596065e+00
   5.4116504e-01    7.3128983e-01    2.3602492e+00
   5.2532809e-01    7.4221955e-01    2.3608971e+00
   5.0927121e-01    7.5283927e-01    2.3615507e+00
   4.9301437e-01    7.6314901e-01    2.3622093e+00
   4.7656758e-01    7.7314875e-01    2.3628724e+00
   4.5992083e-01    7.8281850e-01    2.3635404e+00
   4.4309411e-01    7.9216826e-01    2.3642125e+00
   4.2609742e-01    8.0118803e-01    2.3648884e+00
   4.0891077e-01    8.0986780e-01    2.3655686e+00
   3.9156413e-01    8.1819759e-01    2.3662521e+00
   3.7405750e-01    8.2618738e-01    2.3669389e+00
   3.5638089e-01    8.3381718e-01    2.3676293e+00
   3.3855428e-01    8.4107700e-01    2.3683223e+00
   3.2057767e-01    8.4795682e-01    2.3690180e+00
   3.0247104e-01    8.5445665e-01    2.3697157e+00
   2.8421441e-01    8.6056649e-01    2.3704159e+00
   2.6583776e-01    8.6627634e-01    2.3711176e+00
   2.4733109e-01    8.7158621e-01    2.3718211e+00
   2.2872437e-01    8.7648608e-01    2.3725252e+00
   2.1000762e-01    8.8098596e-01    2.3732304e+00
   1.9120083e-01    8.8506586e-01    2.3739358e+00
   1.7230398e-01    8.8874576e-01    2.3746416e+00
   1.5333708e-01    8.9201568e-01    2.3753470e+00
   1.3431011e-01    8.9487561e-01    2.3760515e+00
   1.1522308e-01    8.9735554e-01    2.3767555e+00
   9.6084977e-02    8.9943549e-01    2.3774585e+00
   7.6912795e-02    9.0111545e-01    2.3781597e+00
   5.7709538e-02    9.0242541e-01    2.3788595e+00
   3.8484192e-02    9.0333539e-01    2.3795572e+00
   1.9244756e-02    9.0386537e-01    2.3802526e+00
  -2.4747228e-06    9.0400537e-01    2.3809455e+00
  -1.9248410e-02    9.0374538e-01    2.3816355e+00
  -3.8484155e-02    9.0308539e-01    2.3823223e+00
  -5.7703015e-02    9.0202542e-01    2.3830056e+00
  -7.6894001e-02    9.0054546e-01    2.3836848e+00
  -9.6049113e-02    8.9866551e-01    2.3843599e+00
  -1.1515836e-01    8.9636557e-01    2.3850303e+00
  -1.3421676e-01    8.9364564e-01    2.3856959e+00
  -1.5320530e-01    8.9052572e-01    2.3863560e+00
  -1.7213398e-01    8.8700581e-01    2.3870112e+00
  -1.9097283e-01    8.8307591e-01    2.3876602e+00
  -2.0973182e-01    8.7876602e-01    2.3883035e+00
  -2.2840098e-01    8.7406614e-01    2.3889409e+00
  -2.4697029e-01    8.6899627e-01    2.3895720e+00
  -2.6543977e-01    8.6355642e-01    2.3901968e+00
  -2.8378942e-01    8.5773657e-01    2.3908146e+00
  -3.0201924e-01    8.5155672e-01    2.3914255e+00
  -3.2011924e-01    8.4499689e-01    2.3920290e+00
  -3.3806944e-01    8.3805707e-01    2.3926244e+00
  -3.5587982e-01    8.3074726e-01    2.3932120e+00
  -3.7353041e-01    8.2305746e-01    2.3937913e+00
  -3.9100121e-01    8.1497767e-01    2.3943612e+00
  -4.0829223e-01    8.0651789e-01    2.3949220e+00
  -4.2539347e-01    7.9766812e-01    2.3954731e+00
  -4.4229493e-01    7.8843835e-01    2.3960143e+00
  -4.5897664e-01    7.7883860e-01    2.3965449e+00
  -4.7544857e-01    7.6887886e-01    2.3970655e+00
  -4.9170074e-01    7.5854913e-01    2.3975754e+00
  -5.0772315e-01    7.4787940e-01    2.3980747e+00
  -5.2352579e-01    7.3686969e-01    2.3985636e+00
  -5.3907867e-01    7.2552998e-01    2.3990411e+00
  -5.5441178e-01    7.1387028e-01    2.3995085e+00
  -5.6948513e-01    7.0190059e-01    2.3999643e+00
  -5.8431872e-01    6.8963091e-01    2.4004093e+00
  -5.9890255e-01    6.7705123e-01    2.4008431e+00
  -6.1322662e-01    6.6419156e-01    2.4012656e+00
  -6.2729094e-01    6.5103190e-01    2.4016765e+00
  -6.4107550e-01    6.3759225e-01    2.4020754e+00
  -6.5459032e-01    6.2387260e-01    2.4024626e+00
  -6.6781539e-01    6.0987297e-01    2.4028373e+00
  -6.8075072e-01    5.9560333e-01    2.4031997e+00
  -6.9337633e-01    5.8106371e-01    2.4035490e+00
  -7.0569219e-01    5.6626409e-01    2.4038853e+00
  -7.1768834e-01    5.5119448e-01    2.4042082e+00
  -7.2935476e-01    5.3587488e-01    2.4045174e+00
  -7.4068147e-01    5.2030528e-01    2.4048127e+00
  -7.5166846e-01    5.0448569e-01    2.4050939e+00
  -7.6229574e-01    4.8843610e-01    2.4053605e+00
  -7.7257331e-01    4.7214652e-01    2.4056128e+00
  -7.8249117e-01    4.5563695e-01    2.4058506e+00
  -7.9202933e-01    4.3890738e-01    2.4060732e+00
  -8.0120778e-01    4.2196782e-01    2.4062813e+00
  -8.0999652e-01    4.0483826e-01    2.4064741e+00
  -8.1842555e-01    3.8751871e-01    2.4066525e+00
  -8.2646488e-01    3.7001916e-01    2.4068157e+00
  -8.3412450e-01    3.5234962e-01    2.4069640e+00
  -8.4141440e-01    3.3452008e-01    2.4070978e+00
  -8.4831458e-01    3.1654054e-01    2.4072166e+00
  -8.5483505e-01    2.9842101e-01    2.4073207e+00
  -8.6097581e-01    2.8016148e-01    2.4074101e+00
  -8.6672684e-01    2.6178196e-01    2.4074847e+00
  -8.7209815e-01    2.4329243e-01    2.4075448e+00
  -8.7708973e-01    2.2469291e-01    2.4075905e+00
  -8.8169159e-01    2.0598340e-01    2.4076214e+00
  -8.8591372e-01    1.8719388e-01    2.4076380e+00
  -8.8974611e-01    1.6832437e-01    2.4076401e+00
  -8.9319878e-01    1.4937486e-01    2.4076279e+00
  -8.9625172e-01    1.3035535e-01    2.4076009e+00
  -8.9891493e-01    1.1128584e-01    2.4075595e+00
  -9.0117841e-01    9.2157336e-02    2.4075033e+00
  -9.0305215e-01    7.2987831e-02    2.4074328e+00
  -9.0450617e-01    5.3784327e-02    2.4073470e+00
  -9.0555047e-01    3.4552824e-02    2.4072462e+00
  -9.0617504e-01    1.5303321e-02    2.4071303e+00
  -9.0637988e-01   -3.9546819e-03    2.4069991e+00
  -9.0614501e-01   -2.3212685e-02    2.4068522e+00
  -9.0549040e-01   -4.2460187e-02    2.4066902e+00
  -9.0439608e-01   -6.1687691e-02    2.4065126e+00
  -9.0286203e-01   -8.0886195e-02    2.4063194e+00
  -9.0089825e-01   -1.0004470e-01    2.4061110e+00
  -8.9851472e-01   -1.1915821e-01    2.4058879e+00
  -8.9571146e-01   -1.3820771e-01    2.4056501e+00
  -8.9249844e-01   -1.5719722e-01    2.4053981e+00
  -8.8888566e-01   -1.7610674e-01    2.4051322e+00
  -8.8487312e-01   -1.9494625e-01    2.4048525e+00
  -8.8047080e-01   -2.1369577e-01    2.4045594e+00
  -8.7569871e-01   -2.3235528e-01    2.4042537e+00
  -8.7055682e-01   -2.5090480e-01    2.4039354e+00
  -8.6503515e-01   -2.6935433e-01    2.4036042e+00
  -8.5915369e-01   -2.8769385e-01    2.4032609e+00
  -8.5291243e-01   -3.0591338e-01    2.4029055e+00
  -8.4629138e-01   -3.2399292e-01    2.4025375e+00
  -8.3932052e-01   -3.4194245e-01    2.4021578e+00
  -8.3196986e-01   -3.5974199e-01    2.4017656e+00
  -8.2425940e-01   -3.7738154e-01    2.4013615e+00
  -8.1617914e-01   -3.9486109e-01    2.4009454e+00
  -8.0773906e-01   -4.1217064e-01    2.4005175e+00
  -7.9893917e-01   -4.2929020e-01    2.4000780e+00
  -7.8976947e-01   -4.4622976e-01    2.3996266e+00
  -7.8025994e-01   -4.6296933e-01    2.3991643e+00
  -7.7039058e-01   -4.7949890e-01    2.3986907e+00
  -7.6018139e-01   -4.9581848e-01    2.3982063e+00
  -7.4963237e-01   -5.1192806e-01    2.3977112e+00
  -7.3874350e-01   -5.2780765e-01    2.3972056e+00
  -7.2753479e-01   -5.4345725e-01    2.3966901e+00
  -7.1599622e-01   -5.5887685e-01    2.3961644e+00
  -7.0413780e-01   -5.7404646e-01    2.3956290e+00
  -6.9196952e-01   -5.8896607e-01    2.3950843e+00
  -6.7949136e-01   -6.0361570e-01    2.3945304e+00
  -6.6670334e-01   -6.1801532e-01    2.3939671e+00
  -6.5361544e-01   -6.3212496e-01    2.3933951e+00
  -6.4021767e-01   -6.4595460e-01    2.3928140e+00
  -6.2653001e-01   -6.5949425e-01    2.3922246e+00
  -6.1256245e-01   -6.7273391e-01    2.3916273e+00
  -5.9830500e-01   -6.8566358e-01    2.3910218e+00
  -5.8376765e-01   -6.9828325e-01    2.3904084e+00
  -5.6896040e-01   -7.1059293e-01    2.3897876e+00
  -5.5389323e-01   -7.2257262e-01    2.3891598e+00
  -5.3857613e-01   -7.3422232e-01    2.3885254e+00
  -5.2300911e-01   -7.4555203e-01    2.3878843e+00
  -5.0720216e-01   -7.5654175e-01    2.3872370e+00
  -4.9117527e-01   -7.6719147e-01    2.3865843e+00
  -4.7492843e-01   -7.7751121e-01    2.3859260e+00
  -4.5846164e-01   -7.8748095e-01    2.3852624e+00
  -4.4178490e-01   -7.9710070e-01    2.3845937e+00
  -4.2491819e-01   -8.0637046e-01    2.3839207e+00
  -4.0785151e-01   -8.1528023e-01    2.3832431e+00
  -3.9060486e-01   -8.2382001e-01    2.3825617e+00
  -3.7318822e-01   -8.3199980e-01    2.3818768e+00
  -3.5559160e-01   -8.3979960e-01    2.3811881e+00
  -3.3782500e-01   -8.4721940e-01    2.3804960e+00
  -3.1991838e-01   -8.5425922e-01    2.3798017e+00
  -3.0185177e-01   -8.6090905e-01    2.3791044e+00
  -2.8365514e-01   -8.6716889e-01    2.3784052e+00
  -2.6531850e-01   -8.7303874e-01    2.3777038e+00
  -2.4687183e-01   -8.7850860e-01    2.3770014e+00
  -2.2830514e-01   -8.8357847e-01    2.3762975e+00
  -2.0962841e-01   -8.8824835e-01    2.3755925e+00
  -1.9086163e-01   -8.9250824e-01    2.3748872e+00
  -1.7200480e-01   -8.9635814e-01    2.3741816e+00
  -1.5306792e-01   -8.9979805e-01    2.3734761e+00
  -1.3406098e-01   -9.0281797e-01    2.3727712e+00
  -1.1498398e-01   -9.0542790e-01    2.3720666e+00
  -9.5866894e-02   -9.0761785e-01    2.3713636e+00
  -7.6701733e-02   -9.0939780e-01    2.3706618e+00
  -5.7503486e-02   -9.1075776e-01    2.3699619e+00
  -3.8279149e-02   -9.1170774e-01    2.3692640e+00
  -1.9039716e-02   -9.1224773e-01    2.3685685e+00
   2.0681783e-04   -9.1237772e-01    2.3678756e+00
   1.9452456e-02   -9.1210773e-01    2.3671857e+00
   3.8688204e-02   -9.1143775e-01    2.3664991e+00
   5.7906066e-02   -9.1036777e-01    2.3658159e+00
   7.7097052e-02   -9.0888781e-01    2.3651366e+00
   9.6253162e-02   -9.0701786e-01    2.3644614e+00
   1.1536740e-01   -9.0474792e-01    2.3637906e+00
   1.3442578e-01   -9.0206799e-01    2.3631248e+00
   1.5342431e-01   -8.9897807e-01    2.3624640e+00
   1.7235299e-01   -8.9547816e-01    2.3618087e+00
   1.9120182e-01   -8.9156826e-01    2.3611593e+00
   2.0996082e-01   -8.8724837e-01    2.3605160e+00
   2.2861999e-01   -8.8251849e-01    2.3598792e+00
   2.4716933e-01   -8.7738863e-01    2.3592493e+00
   2.6560886e-01   -8.7183877e-01    2.3586263e+00
   2.8391856e-01   -8.6589892e-01    2.3580108e+00
   3.0208846e-01   -8.5955909e-01    2.3574032e+00
   3.2012854e-01   -8.5284926e-01    2.3568030e+00
   3.3802881e-01   -8.4575944e-01    2.3562105e+00
   3.5577928e-01   -8.3829964e-01    2.3556260e+00
   3.7336993e-01   -8.3047984e-01    2.3550499e+00
   3.9080078e-01   -8.2232005e-01    2.3544819e+00
   4.0807182e-01   -8.1381027e-01    2.3539223e+00
   4.2517307e-01   -8.0495050e-01    2.3533712e+00
   4.4208452e-01   -7.9576073e-01    2.3528294e+00
   4.5881617e-01   -7.8623098e-01    2.3522964e+00
   4.7534804e-01   -7.7636123e-01    2.3517731e+00
   4.9167014e-01   -7.6615150e-01    2.3512597e+00
   5.0777246e-01   -7.5560177e-01    2.3507568e+00
   5.2364502e-01   -7.4471205e-01    2.3502645e+00
   5.3928782e-01   -7.3348234e-01    2.3497829e+00
   5.5468086e-01   -7.2191264e-01    2.3493127e+00
   5.6981416e-01   -7.1001295e-01    2.3488543e+00
   5.8468772e-01   -6.9778326e-01    2.3484075e+00
   5.9929152e-01   -6.8523359e-01    2.3479728e+00
   6.1363558e-01   -6.7238392e-01    2.3475496e+00
   6.2768990e-01   -6.5922426e-01    2.3471390e+00
   6.4147447e-01   -6.4577461e-01    2.3467401e+00
   6.5496930e-01   -6.3204496e-01    2.3463538e+00
   6.6817439e-01   -6.1802532e-01    2.3459799e+00
   6.8107975e-01   -6.0373569e-01    2.3456187e+00
   6.9367537e-01   -5.8917607e-01    2.3452706e+00
   7.0596127e-01   -5.7434645e-01    2.3449356e+00
   7.1793743e-01   -5.5925684e-01    2.3446136e+00
   7.2957388e-01   -5.4391724e-01    2.3443056e+00
   7.4088060e-01   -5.2832764e-01    2.3440112e+00
   7.5184761e-01   -5.1249805e-01    2.3437308e+00
   7.6247489e-01   -4.9644846e-01    2.3434642e+00
   7.7277245e-01   -4.8016888e-01    2.3432111e+00
   7.8271029e-01   -4.6366931e-01    2.3429725e+00
   7.9230840e-01   -4.4697974e-01    2.3427475e+00
   8.0156678e-01   -4.3009018e-01    2.3425361e+00
   8.1045546e-01   -4.1300062e-01    2.3423395e+00
   8.1899440e-01   -3.9574106e-01    2.3421566e+00
   8.2716363e-01   -3.7830151e-01    2.3419884e+00
   8.3496314e-01   -3.6069197e-01    2.3418346e+00
   8.4236295e-01   -3.4291243e-01    2.3416965e+00
   8.4936307e-01   -3.2497289e-01    2.3415738e+00
   8.5596348e-01   -3.0687336e-01    2.3414667e+00
   8.6214420e-01   -2.8863383e-01    2.3413757e+00
   8.6789523e-01   -2.7025430e-01    2.3413011e+00
   8.7321658e-01   -2.5174478e-01    2.3412429e+00
   8.7810823e-01   -2.3311526e-01    2.3412011e+00
   8.8258018e-01   -2.1438575e-01    2.3411750e+00
   8.8662244e-01   -1.9554623e-01    2.3411652e+00
   8.9024498e-01   -1.7663672e-01    2.3411709e+00
   8.9345781e-01   -1.5764721e-01    2.3411920e+00
   8.9625093e-01   -1.3858771e-01    2.3412287e+00
   8.9864432e-01   -1.1947820e-01    2.3412800e+00
   9.0062799e-01   -1.0032269e-01    2.3413465e+00
   9.0221193e-01   -8.1127189e-02    2.3414276e+00
   9.0337614e-01   -6.1902685e-02    2.3415240e+00
   9.0412063e-01   -4.2658182e-02    2.3416356e+00
   9.0444540e-01   -2.3401680e-02    2.3417624e+00
   9.0435044e-01   -4.1426770e-03    2.3419043e+00
   9.0382575e-01    1.5109326e-02    2.3420616e+00
   9.0287134e-01    3.4344829e-02    2.3422343e+00
   9.0148719e-01    5.3553333e-02    2.3424222e+00
   8.9967332e-01    7.2726838e-02    2.3426253e+00
   8.9743970e-01    9.1855344e-02    2.3428431e+00
   8.9479634e-01    1.1092585e-01    2.3430753e+00
   8.9172324e-01    1.2994536e-01    2.3433225e+00
   8.8825037e-01    1.4888487e-01    2.3435836e+00
   8.8436775e-01    1.6774438e-01    2.3438588e+00
   8.8009536e-01    1.8652390e-01    2.3441474e+00
   8.7541321e-01    2.0520342e-01    2.3444501e+00
   8.7033130e-01    2.2378294e-01    2.3447664e+00
   8.6485960e-01    2.4224246e-01    2.3450958e+00
   8.5898813e-01    2.6058199e-01    2.3454388e+00
   8.5271689e-01    2.7879152e-01    2.3457952e+00
   8.4604586e-01    2.9685105e-01    2.3461649e+00
   8.3897506e-01    3.1476059e-01    2.3465479e+00
   8.3151446e-01    3.3251013e-01    2.3469437e+00
   8.2365408e-01    3.5008968e-01    2.3473527e+00
   8.1540390e-01    3.6748923e-01    2.3477744e+00
   8.0677393e-01    3.8469878e-01    2.3482084e+00
   7.9776414e-01    4.0171834e-01    2.3486547e+00
   7.8838455e-01    4.1853791e-01    2.3491128e+00
   7.7864513e-01    4.3513748e-01    2.3495823e+00
   7.6854589e-01    4.5153706e-01    2.3500633e+00
   7.5809681e-01    4.6770664e-01    2.3505552e+00
   7.4729791e-01    4.8364623e-01    2.3510581e+00
   7.3616915e-01    4.9935582e-01    2.3515711e+00
   7.2471056e-01    5.1483542e-01    2.3520943e+00
   7.1293210e-01    5.3005503e-01    2.3526272e+00
   7.0082378e-01    5.4502464e-01    2.3531701e+00
   6.8840561e-01    5.5973426e-01    2.3537223e+00
   6.7566756e-01    5.7417389e-01    2.3542841e+00
   6.6262964e-01    5.8833352e-01    2.3548546e+00
   6.4928185e-01    6.0221316e-01    2.3554343e+00
   6.3564417e-01    6.1579281e-01    2.3560222e+00
   6.2171660e-01    6.2908247e-01    2.3566184e+00
   6.0749914e-01    6.4206214e-01    2.3572229e+00
   5.9301177e-01    6.5474181e-01    2.3578349e+00
   5.7826449e-01    6.6711149e-01    2.3584540e+00
   5.6325730e-01    6.7916118e-01    2.3590801e+00
   5.4800019e-01    6.9090087e-01    2.3597130e+00
   5.3250315e-01    7.0233058e-01    2.3603523e+00
   5.1678617e-01    7.1344029e-01    2.3609972e+00
   5.0084926e-01    7.2423001e-01    2.3616477e+00
   4.8470239e-01    7.3469974e-01    2.3623035e+00
   4.6833558e-01    7.4483948e-01    2.3629648e+00
   4.5177881e-01    7.5465923e-01    2.3636306e+00
   4.3502208e-01    7.6412898e-01    2.3643011e+00
   4.1807539e-01    7.7325875e-01    2.3649759e+00
   4.0094872e-01    7.8202852e-01    2.3656547e+00
   3.8363208e-01    7.9043830e-01    2.3663377e+00
   3.6614545e-01    7.9847810e-01    2.3670241e+00
   3.4848884e-01    8.0614790e-01    2.3677140e+00
   3.3067223e-01    8.1342771e-01    2.3684068e+00
   3.1270561e-01    8.2032753e-01    2.3691023e+00
   2.9458900e-01    8.2682736e-01    2.3698003e+00
   2.7634236e-01    8.3294721e-01    2.3705003e+00
   2.5796571e-01    8.3865706e-01    2.3712020e+00
   2.3946903e-01    8.4397692e-01    2.3719052e+00
   2.2086232e-01    8.4889679e-01    2.3726094e+00
   2.0214558e-01    8.5341668e-01    2.3733148e+00
   1.8334878e-01    8.5753657e-01    2.3740201e+00
   1.6446194e-01    8.6124647e-01    2.3747258e+00
   1.4549505e-01    8.6454639e-01    2.3754313e+00
   1.2646808e-01    8.6743631e-01    2.3761361e+00
   1.0738105e-01    8.6990625e-01    2.3768400e+00
   8.8246943e-02    8.7196620e-01    2.3775427e+00
   6.9070754e-02    8.7360616e-01    2.3782438e+00
   4.9862479e-02    8.7483612e-01    2.3789432e+00
   3.0632110e-02    8.7564610e-01    2.3796403e+00
   1.1389141e-02    8.7603609e-01    2.3803349e+00
  -7.8579317e-03    8.7601609e-01    2.3810266e+00
  -2.7100616e-02    8.7557610e-01    2.3817152e+00
  -4.6329414e-02    8.7472613e-01    2.3824004e+00
  -6.5536333e-02    8.7346616e-01    2.3830818e+00
  -8.4711379e-02    8.7179620e-01    2.3837591e+00
  -1.0384256e-01    8.6972626e-01    2.3844319e+00
  -1.2293087e-01    8.6723632e-01    2.3851002e+00
  -1.4195932e-01    8.6434639e-01    2.3857635e+00
  -1.6092792e-01    8.6104648e-01    2.3864217e+00
  -1.7981668e-01    8.5733658e-01    2.3870740e+00
  -1.9861560e-01    8.5321668e-01    2.3877202e+00
  -2.1732469e-01    8.4869680e-01    2.3883602e+00
  -2.3593394e-01    8.4376693e-01    2.3889938e+00
  -2.5443337e-01    8.3843706e-01    2.3896205e+00
  -2.7281298e-01    8.3269721e-01    2.3902399e+00
  -2.9105278e-01    8.2656737e-01    2.3908515e+00
  -3.0916277e-01    8.2003754e-01    2.3914556e+00
  -3.2712295e-01    8.1311772e-01    2.3920515e+00
  -3.4493334e-01    8.0580791e-01    2.3926392e+00
  -3.6258393e-01    7.9810811e-01    2.3932183e+00
  -3.8005473e-01    7.9001831e-01    2.3937882e+00
  -3.9734575e-01    7.8155853e-01    2.3943490e+00
  -4.1444698e-01    7.7271876e-01    2.3949002e+00
  -4.3134845e-01    7.6349900e-01    2.3954414e+00
  -4.4804014e-01    7.5391925e-01    2.3959726e+00
  -4.6452207e-01    7.4395950e-01    2.3964935e+00
  -4.8078423e-01    7.3364977e-01    2.3970039e+00
  -4.9680664e-01    7.2297005e-01    2.3975031e+00
  -5.1257930e-01    7.1194033e-01    2.3979908e+00
  -5.2811221e-01    7.0056062e-01    2.3984674e+00
  -5.4339536e-01    6.8884093e-01    2.3989325e+00
  -5.5840878e-01    6.7679124e-01    2.3993855e+00
  -5.7315245e-01    6.6441156e-01    2.3998265e+00
  -5.8762638e-01    6.5171189e-01    2.4002555e+00
  -6.0181058e-01    6.3869222e-01    2.4006718e+00
  -6.1571505e-01    6.2536257e-01    2.4010758e+00
  -6.2931978e-01    6.1174292e-01    2.4014669e+00
  -6.4263477e-01    5.9782328e-01    2.4018455e+00
  -6.5564004e-01    5.8362364e-01    2.4022109e+00
  -6.6832559e-01    5.6914402e-01    2.4025628e+00
  -6.8070140e-01    5.5439440e-01    2.4029016e+00
  -6.9275750e-01    5.3936479e-01    2.4032269e+00
  -7.0447388e-01    5.2408518e-01    2.4035382e+00
  -7.1585054e-01    5.0855558e-01    2.4038355e+00
  -7.2688749e-01    4.9277599e-01    2.4041188e+00
  -7.3757473e-01    4.7674640e-01    2.4043877e+00
  -7.4790225e-01    4.6049682e-01    2.4046421e+00
  -7.5787007e-01    4.4401725e-01    2.4048819e+00
  -7.6745819e-01    4.2731768e-01    2.4051065e+00
  -7.7667661e-01    4.1040812e-01    2.4053163e+00
  -7.8551532e-01    3.9329856e-01    2.4055110e+00
  -7.9397433e-01    3.7598901e-01    2.4056906e+00
  -8.0204363e-01    3.5850946e-01    2.4058550e+00
  -8.0972324e-01    3.4083991e-01    2.4060040e+00
  -8.1701313e-01    3.2302037e-01    2.4061379e+00
  -8.2390333e-01    3.0503084e-01    2.4062562e+00
  -8.3039382e-01    2.8690131e-01    2.4063592e+00
  -8.3649460e-01    2.6863178e-01    2.4064471e+00
  -8.4220566e-01    2.5024225e-01    2.4065202e+00
  -8.4750702e-01    2.3172273e-01    2.4065776e+00
  -8.5240866e-01    2.1310321e-01    2.4066199e+00
  -8.5691059e-01    1.9437370e-01    2.4066470e+00
  -8.6101281e-01    1.7555418e-01    2.4066592e+00
  -8.6469531e-01    1.5665467e-01    2.4066556e+00
  -8.6796810e-01    1.3767516e-01    2.4066368e+00
  -8.7082118e-01    1.1862565e-01    2.4066024e+00
  -8.7326454e-01    9.9516146e-02    2.4065528e+00
  -8.7527818e-01    8.0365641e-02    2.4064874e+00
  -8.7686212e-01    6.1171136e-02    2.4064064e+00
  -8.7802634e-01    4.1947633e-02    2.4063100e+00
  -8.7877083e-01    2.2702130e-02    2.4061983e+00
  -8.7908560e-01    3.4453270e-03    2.4060712e+00
  -8.7898064e-01   -1.5813876e-02    2.4059289e+00
  -8.7845595e-01   -3.5065378e-02    2.4057716e+00
  -8.7751153e-01   -5.4301882e-02    2.4055993e+00
  -8.7615737e-01   -7.3512386e-02    2.4054125e+00
  -8.7439347e-01   -9.2689890e-02    2.4052111e+00
  -8.7220982e-01   -1.1182840e-01    2.4049950e+00
  -8.6961643e-01   -1.3090790e-01    2.4047646e+00
  -8.6661328e-01   -1.4992741e-01    2.4045198e+00
  -8.6320038e-01   -1.6888692e-01    2.4042608e+00
  -8.5937773e-01   -1.8775644e-01    2.4039877e+00
  -8.5514531e-01   -2.0654595e-01    2.4037004e+00
  -8.5049315e-01   -2.2523547e-01    2.4033988e+00
  -8.4544121e-01   -2.4381499e-01    2.4030835e+00
  -8.3997951e-01   -2.6227451e-01    2.4027544e+00
  -8.3410804e-01   -2.8062404e-01    2.4024114e+00
  -8.2784679e-01   -2.9883357e-01    2.4020554e+00
  -8.2118576e-01   -3.1689310e-01    2.4016860e+00
  -8.1413494e-01   -3.3481264e-01    2.4013037e+00
  -8.0670433e-01   -3.5258218e-01    2.4009088e+00
  -7.9889393e-01   -3.7018172e-01    2.4005015e+00
  -7.9070372e-01   -3.8761127e-01    2.4000817e+00
  -7.8215370e-01   -4.0486083e-01    2.3996503e+00
  -7.7322387e-01   -4.2192039e-01    2.3992066e+00
  -7.6393423e-01   -4.3877995e-01    2.3987514e+00
  -7.5427477e-01   -4.5543952e-01    2.3982843e+00
  -7.4425549e-01   -4.7187910e-01    2.3978059e+00
  -7.3387639e-01   -4.8809868e-01    2.3973162e+00
  -7.2314745e-01   -5.0407827e-01    2.3968156e+00
  -7.1205868e-01   -5.1981786e-01    2.3963037e+00
  -7.0062007e-01   -5.3530746e-01    2.3957811e+00
  -6.8884161e-01   -5.5053707e-01    2.3952482e+00
  -6.7672330e-01   -5.6549668e-01    2.3947050e+00
  -6.6428513e-01   -5.8018630e-01    2.3941522e+00
  -6.5152710e-01   -5.9460593e-01    2.3935899e+00
  -6.3845919e-01   -6.0874556e-01    2.3930184e+00
  -6.2510140e-01   -6.2260521e-01    2.3924386e+00
  -6.1145373e-01   -6.3618485e-01    2.3918503e+00
  -5.9752616e-01   -6.4947451e-01    2.3912540e+00
  -5.8332869e-01   -6.6247418e-01    2.3906502e+00
  -5.6886131e-01   -6.7517385e-01    2.3900388e+00
  -5.5413403e-01   -6.8757353e-01    2.3894202e+00
  -5.3914683e-01   -6.9965322e-01    2.3887945e+00
  -5.2390971e-01   -7.1141291e-01    2.3881622e+00
  -5.0841267e-01   -7.2283262e-01    2.3875230e+00
  -4.9267570e-01   -7.3391233e-01    2.3868776e+00
  -4.7668880e-01   -7.4464205e-01    2.3862257e+00
  -4.6047195e-01   -7.5499179e-01    2.3855683e+00
  -4.4400516e-01   -7.6498153e-01    2.3849045e+00
  -4.2732842e-01   -7.7458128e-01    2.3842359e+00
  -4.1043171e-01   -7.8380104e-01    2.3835622e+00
  -3.9332504e-01   -7.9263081e-01    2.3828838e+00
  -3.7602840e-01   -8.0107060e-01    2.3822013e+00
  -3.5855177e-01   -8.0912039e-01    2.3815151e+00
  -3.4089515e-01   -8.1679019e-01    2.3808252e+00
  -3.2307854e-01   -8.2407000e-01    2.3801324e+00
  -3.0510193e-01   -8.3095982e-01    2.3794366e+00
  -2.8699531e-01   -8.3746966e-01    2.3787389e+00
  -2.6874868e-01   -8.4358950e-01    2.3780389e+00
  -2.5037203e-01   -8.4931935e-01    2.3773371e+00
  -2.3187535e-01   -8.5464921e-01    2.3766339e+00
  -2.1326865e-01   -8.5957909e-01    2.3759295e+00
  -1.9456190e-01   -8.6409897e-01    2.3752245e+00
  -1.7575511e-01   -8.6820886e-01    2.3745189e+00
  -1.5686826e-01   -8.7189877e-01    2.3738134e+00
  -1.3790136e-01   -8.7515868e-01    2.3731081e+00
  -1.1886438e-01   -8.7798861e-01    2.3724034e+00
  -9.9767340e-02   -8.8038855e-01    2.3716996e+00
  -8.0620217e-02   -8.8235850e-01    2.3709972e+00
  -6.1435004e-02   -8.8388846e-01    2.3702965e+00
  -4.2218701e-02   -8.8498843e-01    2.3695978e+00
  -2.2983300e-02   -8.8565841e-01    2.3689015e+00
  -3.7376932e-03   -8.8589841e-01    2.3682079e+00
   1.5508826e-02   -8.8569841e-01    2.3675174e+00
   3.4746560e-02   -8.8507843e-01    2.3668303e+00
   5.3965417e-02   -8.8402845e-01    2.3661470e+00
   7.3156398e-02   -8.8256849e-01    2.3654676e+00
   9.2311515e-02   -8.8066854e-01    2.3647926e+00
   1.1141677e-01   -8.7835860e-01    2.3641224e+00
   1.3047516e-01   -8.7563867e-01    2.3634569e+00
   1.4946371e-01   -8.7249875e-01    2.3627968e+00
   1.6838241e-01   -8.6893884e-01    2.3621423e+00
   1.8722126e-01   -8.6498895e-01    2.3614935e+00
   2.0597028e-01   -8.6062906e-01    2.3608509e+00
   2.2461946e-01   -8.5585918e-01    2.3602147e+00
   2.4316881e-01   -8.5070931e-01    2.3595850e+00
   2.6159834e-01   -8.4514946e-01    2.3589624e+00
   2.7990805e-01   -8.3920961e-01    2.3583469e+00
   2.9807795e-01   -8.3286978e-01    2.3577393e+00
   3.1611804e-01   -8.2613995e-01    2.3571392e+00
   3.3399833e-01   -8.1902013e-01    2.3565476e+00
   3.5172882e-01   -8.1150033e-01    2.3559643e+00
   3.6927952e-01   -8.0360053e-01    2.3553902e+00
   3.8665044e-01   -7.9530075e-01    2.3548254e+00
   4.0383159e-01   -7.8662097e-01    2.3542702e+00
   4.2082295e-01   -7.7756120e-01    2.3537246e+00
   4.3760455e-01   -7.6812145e-01    2.3531892e+00
   4.5416639e-01   -7.5831170e-01    2.3526643e+00
   4.7051845e-01   -7.4814196e-01    2.3521496e+00
   4.8664075e-01   -7.3763224e-01    2.3516456e+00
   5.0254329e-01   -7.2676252e-01    2.3511521e+00
   5.1820606e-01   -7.1557280e-01    2.3506695e+00
   5.3362908e-01   -7.0404310e-01    2.3501980e+00
   5.4880234e-01   -6.9219341e-01    2.3497378e+00
   5.6372584e-01   -6.8003372e-01    2.3492887e+00
   5.7838960e-01   -6.6754405e-01    2.3488514e+00
   5.9277361e-01   -6.5475438e-01    2.3484263e+00
   6.0688788e-01   -6.4164471e-01    2.3480132e+00
   6.2071241e-01   -6.2824506e-01    2.3476126e+00
   6.3422722e-01   -6.1453541e-01    2.3472253e+00
   6.4745230e-01   -6.0052578e-01    2.3468507e+00
   6.6035766e-01   -5.8623614e-01    2.3464895e+00
   6.7295328e-01   -5.7167652e-01    2.3461414e+00
   6.8521919e-01   -5.5682690e-01    2.3458072e+00
   6.9716538e-01   -5.4172729e-01    2.3454864e+00
   7.0878184e-01   -5.2636769e-01    2.3451792e+00
   7.2005859e-01   -5.1075809e-01    2.3448861e+00
   7.3100562e-01   -4.9490850e-01    2.3446066e+00
   7.4160293e-01   -4.7882892e-01    2.3443412e+00
   7.5185052e-01   -4.6252934e-01    2.3440901e+00
   7.6173840e-01   -4.4599977e-01    2.3438535e+00
   7.7126657e-01   -4.2926020e-01    2.3436313e+00
   7.8041504e-01   -4.1232064e-01    2.3434243e+00
   7.8918380e-01   -3.9517108e-01    2.3432324e+00
   7.9756287e-01   -3.7783153e-01    2.3430559e+00
   8.0555224e-01   -3.6031198e-01    2.3428946e+00
   8.1314191e-01   -3.4260244e-01    2.3427492e+00
   8.2033188e-01   -3.2474290e-01    2.3426191e+00
   8.2710216e-01   -3.0671336e-01    2.3425054e+00
   8.3347275e-01   -2.8853383e-01    2.3424071e+00
   8.3942363e-01   -2.7021431e-01    2.3423249e+00
   8.4495483e-01   -2.5176478e-01    2.3422588e+00
   8.5006632e-01   -2.3320526e-01    2.3422085e+00
   8.5476811e-01   -2.1452574e-01    2.3421738e+00
   8.5903021e-01   -1.9573623e-01    2.3421557e+00
   8.6287260e-01   -1.7686672e-01    2.3421533e+00
   8.6628530e-01   -1.5791721e-01    2.3421669e+00
   8.6927828e-01   -1.3888770e-01    2.3421961e+00
   8.7183156e-01   -1.1979819e-01    2.3422416e+00
   8.7395513e-01   -1.0065868e-01    2.3423029e+00
   8.7563900e-01   -8.1469180e-02    2.3423804e+00
   8.7688317e-01   -6.2250676e-02    2.3424739e+00
   8.7768762e-01   -4.3008173e-02    2.3425833e+00
   8.7805236e-01   -2.3751671e-02    2.3427087e+00
   8.7796739e-01   -4.4930680e-03    2.3428503e+00
   8.7744270e-01    1.4758335e-02    2.3430076e+00
   8.7646830e-01    3.3992838e-02    2.3431809e+00
   8.7504418e-01    5.3199342e-02    2.3433702e+00
   8.7318034e-01    7.2367847e-02    2.3435751e+00
   8.7087677e-01    9.1487353e-02    2.3437954e+00
   8.6813346e-01    1.1054586e-01    2.3440311e+00
   8.6495043e-01    1.2954537e-01    2.3442821e+00
   8.6133764e-01    1.4845488e-01    2.3445480e+00
   8.5730511e-01    1.6728440e-01    2.3448284e+00
   8.5284284e-01    1.8602391e-01    2.3451235e+00
   8.4796080e-01    2.0465343e-01    2.3454330e+00
   8.4266901e-01    2.2316295e-01    2.3457564e+00
   8.3695745e-01    2.4155248e-01    2.3460939e+00
   8.3083612e-01    2.5981201e-01    2.3464453e+00
   8.2429502e-01    2.7793154e-01    2.3468107e+00
   8.1735415e-01    2.9589107e-01    2.3471894e+00
   8.1000349e-01    3.1368062e-01    2.3475816e+00
   8.0224306e-01    3.3131016e-01    2.3479873e+00
   7.9409283e-01    3.4874971e-01    2.3484058e+00
   7.8555280e-01    3.6600926e-01    2.3488369e+00
   7.7662298e-01    3.8306882e-01    2.3492806e+00
   7.6732334e-01    3.9992839e-01    2.3497361e+00
   7.5765389e-01    4.1657796e-01    2.3502035e+00
   7.4762462e-01    4.3301753e-01    2.3506822e+00
   7.3724551e-01    4.4922711e-01    2.3511719e+00
   7.2650657e-01    4.6520670e-01    2.3516729e+00
   7.1542780e-01    4.8095630e-01    2.3521844e+00
   7.0400918e-01    4.9645590e-01    2.3527064e+00
   6.9225071e-01    5.1169550e-01    2.3532387e+00
   6.8015240e-01    5.2667511e-01    2.3537813e+00
   6.6772422e-01    5.4137474e-01    2.3543338e+00
   6.5496619e-01    5.5579436e-01    2.3548961e+00
   6.4188828e-01    5.6991400e-01    2.3554678e+00
   6.2848052e-01    5.8374364e-01    2.3560492e+00
   6.1477286e-01    5.9725329e-01    2.3566392e+00
   6.0076532e-01    6.1045295e-01    2.3572376e+00
   5.8645789e-01    6.2334262e-01    2.3578447e+00
   5.7188055e-01    6.3590229e-01    2.3584590e+00
   5.5703331e-01    6.4815198e-01    2.3590809e+00
   5.4191616e-01    6.6008167e-01    2.3597101e+00
   5.2656907e-01    6.7169137e-01    2.3603453e+00
   5.1097206e-01    6.8297108e-01    2.3609871e+00
   4.9514511e-01    6.9393080e-01    2.3616349e+00
   4.7908823e-01    7.0456052e-01    2.3622885e+00
   4.6282139e-01    7.1484026e-01    2.3629472e+00
   4.4634461e-01    7.2479000e-01    2.3636111e+00
   4.2965786e-01    7.3437975e-01    2.3642799e+00
   4.1277116e-01    7.4360951e-01    2.3649534e+00
   3.9568449e-01    7.5247928e-01    2.3656314e+00
   3.7840784e-01    7.6097906e-01    2.3663136e+00
   3.6096121e-01    7.6908885e-01    2.3669991e+00
   3.4333459e-01    7.7681866e-01    2.3676884e+00
   3.2553798e-01    7.8415847e-01    2.3683809e+00
   3.0759137e-01    7.9110829e-01    2.3690760e+00
   2.8949475e-01    7.9766812e-01    2.3697738e+00
   2.7125812e-01    8.0381796e-01    2.3704736e+00
   2.5289147e-01    8.0957781e-01    2.3711753e+00
   2.3440480e-01    8.1492767e-01    2.3718783e+00
   2.1579809e-01    8.1986754e-01    2.3725827e+00
   1.9710134e-01    8.2440743e-01    2.3732875e+00
   1.7829455e-01    8.2852732e-01    2.3739932e+00
   1.5940771e-01    8.3223722e-01    2.3746988e+00
   1.4045081e-01    8.3553714e-01    2.3754040e+00
   1.2141385e-01    8.3840706e-01    2.3761090e+00
   1.0232681e-01    8.4085700e-01    2.3768128e+00
   8.3187701e-02    8.4289695e-01    2.3775155e+00
   6.4008503e-02    8.4449691e-01    2.3782165e+00
   4.4797220e-02    8.4568688e-01    2.3789157e+00
   2.5565839e-02    8.4644686e-01    2.3796125e+00
   6.3210527e-03    8.4676685e-01    2.3803066e+00
  -1.2926240e-02    8.4666685e-01    2.3809978e+00
  -3.2165952e-02    8.4612687e-01    2.3816855e+00
  -5.1388788e-02    8.4514689e-01    2.3823695e+00
  -7.0584753e-02    8.4373693e-01    2.3830495e+00
  -8.9742856e-02    8.4188697e-01    2.3837249e+00
  -1.0885710e-01    8.3959703e-01    2.3843955e+00
  -1.2790550e-01    8.3686710e-01    2.3850607e+00
  -1.4689405e-01    8.3371719e-01    2.3857206e+00
  -1.6581275e-01    8.3013728e-01    2.3863750e+00
  -1.8464163e-01    8.2613738e-01    2.3870231e+00
  -2.0338066e-01    8.2172750e-01    2.3876650e+00
  -2.2201986e-01    8.1691762e-01    2.3883005e+00
  -2.4054924e-01    8.1170775e-01    2.3889291e+00
  -2.5895880e-01    8.0610790e-01    2.3895507e+00
  -2.7725852e-01    8.0011805e-01    2.3901654e+00
  -2.9541844e-01    7.9372822e-01    2.3907723e+00
  -3.1343855e-01    7.8695839e-01    2.3913714e+00
  -3.3129887e-01    7.7978858e-01    2.3919619e+00
  -3.4899939e-01    7.7221877e-01    2.3925438e+00
  -3.6653012e-01    7.6426898e-01    2.3931168e+00
  -3.8388107e-01    7.5590919e-01    2.3936805e+00
  -4.0102226e-01    7.4714942e-01    2.3942337e+00
  -4.1796368e-01    7.3799966e-01    2.3947769e+00
  -4.3467535e-01    7.2844990e-01    2.3953090e+00
  -4.5116727e-01    7.1851016e-01    2.3958304e+00
  -4.6741944e-01    7.0819043e-01    2.3963404e+00
  -4.8342187e-01    6.9749070e-01    2.3968387e+00
  -4.9918454e-01    6.8642099e-01    2.3973258e+00
  -5.1467749e-01    6.7500128e-01    2.3978006e+00
  -5.2990070e-01    6.6321159e-01    2.3982631e+00
  -5.4485417e-01    6.5109190e-01    2.3987135e+00
  -5.5953791e-01    6.3862222e-01    2.3991516e+00
  -5.7392192e-01    6.2582255e-01    2.3995767e+00
  -5.8801621e-01    6.1270289e-01    2.3999890e+00
  -6.0180078e-01    5.9926324e-01    2.4003879e+00
  -6.1528562e-01    5.8551360e-01    2.4007738e+00
  -6.2844075e-01    5.7145396e-01    2.4011456e+00
  -6.4126618e-01    5.5709433e-01    2.4015034e+00
  -6.5376189e-01    5.4244471e-01    2.4018472e+00
  -6.6591790e-01    5.2750509e-01    2.4021768e+00
  -6.7772420e-01    5.1229549e-01    2.4024918e+00
  -6.8919080e-01    4.9681589e-01    2.4027927e+00
  -7.0028769e-01    4.8108629e-01    2.4030785e+00
  -7.1103488e-01    4.6509671e-01    2.4033499e+00
  -7.2142236e-01    4.4888712e-01    2.4036067e+00
  -7.3145013e-01    4.3243755e-01    2.4038489e+00
  -7.4109820e-01    4.1577798e-01    2.4040759e+00
  -7.5037657e-01    3.9889841e-01    2.4042881e+00
  -7.5928523e-01    3.8181886e-01    2.4044855e+00
  -7.6779419e-01    3.6454930e-01    2.4046672e+00
  -7.7592345e-01    3.4708975e-01    2.4048339e+00
  -7.8365302e-01    3.2945021e-01    2.4049849e+00
  -7.9097289e-01    3.1163067e-01    2.4051199e+00
  -7.9788307e-01    2.9365113e-01    2.4052390e+00
  -8.0437357e-01    2.7552160e-01    2.4053420e+00
  -8.1045436e-01    2.5725207e-01    2.4054292e+00
  -8.1610547e-01    2.3883255e-01    2.4054999e+00
  -8.2132688e-01    2.2030303e-01    2.4055543e+00
  -8.2612860e-01    2.0164351e-01    2.4055927e+00
  -8.3049063e-01    1.8288399e-01    2.4056146e+00
  -8.3443295e-01    1.6403448e-01    2.4056208e+00
  -8.3794558e-01    1.4509497e-01    2.4056109e+00
  -8.4101850e-01    1.2608546e-01    2.4055846e+00
  -8.4367172e-01    1.0700595e-01    2.4055428e+00
  -8.4590522e-01    8.7880447e-02    2.4054856e+00
  -8.4769901e-01    6.8704942e-02    2.4054122e+00
  -8.4907309e-01    4.9494438e-02    2.4053234e+00
  -8.5002744e-01    3.0258935e-02    2.4052194e+00
  -8.5056207e-01    1.1006432e-02    2.4051001e+00
  -8.5067697e-01   -8.2521709e-03    2.4049658e+00
  -8.5037214e-01   -2.7508574e-02    2.4048163e+00
  -8.4964758e-01   -4.6754077e-02    2.4046519e+00
  -8.4849330e-01   -6.5978580e-02    2.4044721e+00
  -8.4692926e-01   -8.5174084e-02    2.4042779e+00
  -8.4493550e-01   -1.0432859e-01    2.4040685e+00
  -8.4252200e-01   -1.2343810e-01    2.4038443e+00
  -8.3966876e-01   -1.4247760e-01    2.4036048e+00
  -8.3639578e-01   -1.6145711e-01    2.4033506e+00
  -8.3269305e-01   -1.8035663e-01    2.4030816e+00
  -8.2855059e-01   -1.9916614e-01    2.4027974e+00
  -8.2398837e-01   -2.1787566e-01    2.4024989e+00
  -8.1899640e-01   -2.3647518e-01    2.4021857e+00
  -8.1358467e-01   -2.5495470e-01    2.4018582e+00
  -8.0775318e-01   -2.7330423e-01    2.4015166e+00
  -8.0151191e-01   -2.9152376e-01    2.4011612e+00
  -7.9485088e-01   -3.0959329e-01    2.4007918e+00
  -7.8779007e-01   -3.2750283e-01    2.4004092e+00
  -7.8033947e-01   -3.4526237e-01    2.4000137e+00
  -7.7248909e-01   -3.6284191e-01    2.3996050e+00
  -7.6425890e-01   -3.8025146e-01    2.3991840e+00
  -7.5563892e-01   -3.9747102e-01    2.3987502e+00
  -7.4663913e-01   -4.1449058e-01    2.3983043e+00
  -7.3725953e-01   -4.3130015e-01    2.3978463e+00
  -7.2751012e-01   -4.4790972e-01    2.3973763e+00
  -7.1738089e-01   -4.6428929e-01    2.3968944e+00
  -7.0689184e-01   -4.8042888e-01    2.3964013e+00
  -6.9604296e-01   -4.9633847e-01    2.3958968e+00
  -6.8483424e-01   -5.1198806e-01    2.3953814e+00
  -6.7327568e-01   -5.2738766e-01    2.3948551e+00
  -6.6137728e-01   -5.4251727e-01    2.3943186e+00
  -6.4912903e-01   -5.5737689e-01    2.3937714e+00
  -6.3655092e-01   -5.7194651e-01    2.3932145e+00
  -6.2365294e-01   -5.8623614e-01    2.3926480e+00
  -6.1043510e-01   -6.0023578e-01    2.3920722e+00
  -5.9690737e-01   -6.1393543e-01    2.3914874e+00
  -5.8306977e-01   -6.2731508e-01    2.3908937e+00
  -5.6893228e-01   -6.4038475e-01    2.3902915e+00
  -5.5449489e-01   -6.5311442e-01    2.3896809e+00
  -5.3977760e-01   -6.6551410e-01    2.3890627e+00
  -5.2477041e-01   -6.7757379e-01    2.3884365e+00
  -5.0948331e-01   -6.8927348e-01    2.3878028e+00
  -4.9393628e-01   -7.0062319e-01    2.3871623e+00
  -4.7812933e-01   -7.1160291e-01    2.3865151e+00
  -4.6207245e-01   -7.2222263e-01    2.3858615e+00
  -4.4577562e-01   -7.3246237e-01    2.3852020e+00
  -4.2925884e-01   -7.4234211e-01    2.3845372e+00
  -4.1251211e-01   -7.5184187e-01    2.3838668e+00
  -3.9557541e-01   -7.6097163e-01    2.3831923e+00
  -3.7842875e-01   -7.6972141e-01    2.3825130e+00
  -3.6109211e-01   -7.7809119e-01    2.3818296e+00
  -3.4358548e-01   -7.8608098e-01    2.3811428e+00
  -3.2589887e-01   -7.9367079e-01    2.3804524e+00
  -3.0804226e-01   -8.0087060e-01    2.3797587e+00
  -2.9003565e-01   -8.0766043e-01    2.3790626e+00
  -2.7187902e-01   -8.1404026e-01    2.3783640e+00
  -2.5357239e-01   -8.2000011e-01    2.3776630e+00
  -2.3514572e-01   -8.2553996e-01    2.3769608e+00
  -2.1658903e-01   -8.3065983e-01    2.3762568e+00
  -1.9792230e-01   -8.3535971e-01    2.3755520e+00
  -1.7915553e-01   -8.3962960e-01    2.3748467e+00
  -1.6029870e-01   -8.4346950e-01    2.3741412e+00
  -1.4135182e-01   -8.4687941e-01    2.3734355e+00
  -1.2233487e-01   -8.4984934e-01    2.3727305e+00
  -1.0325785e-01   -8.5239927e-01    2.3720264e+00
  -8.4130754e-02   -8.5450922e-01    2.3713236e+00
  -6.4956571e-02   -8.5617917e-01    2.3706223e+00
  -4.5749296e-02   -8.5740914e-01    2.3699230e+00
  -2.6517922e-02   -8.5819912e-01    2.3692260e+00
  -7.2741455e-03   -8.5855911e-01    2.3685316e+00
   1.1972945e-02   -8.5846911e-01    2.3678403e+00
   3.1212854e-02   -8.5793913e-01    2.3671525e+00
   5.0436685e-02   -8.5697915e-01    2.3664683e+00
   6.9633646e-02   -8.5557919e-01    2.3657883e+00
   8.8793745e-02   -8.5373924e-01    2.3651128e+00
   1.0790599e-01   -8.5146930e-01    2.3644420e+00
   1.2696437e-01   -8.4876936e-01    2.3637763e+00
   1.4596291e-01   -8.4564945e-01    2.3631158e+00
   1.6487161e-01   -8.4209954e-01    2.3624616e+00
   1.8371047e-01   -8.3812964e-01    2.3618129e+00
   2.0244950e-01   -8.3373975e-01    2.3611708e+00
   2.2109869e-01   -8.2893988e-01    2.3605349e+00
   2.3962807e-01   -8.2373001e-01    2.3599063e+00
   2.5803763e-01   -8.1811016e-01    2.3592849e+00
   2.7631737e-01   -8.1209031e-01    2.3586710e+00
   2.9446731e-01   -8.0566048e-01    2.3580648e+00
   3.1246745e-01   -7.9883065e-01    2.3574668e+00
   3.3030779e-01   -7.9160084e-01    2.3568775e+00
   3.4797835e-01   -7.8396104e-01    2.3562972e+00
   3.6546913e-01   -7.7592125e-01    2.3557262e+00
   3.8277014e-01   -7.6747146e-01    2.3551651e+00
   3.9986139e-01   -7.5862169e-01    2.3546143e+00
   4.1675286e-01   -7.4938193e-01    2.3540735e+00
   4.3342458e-01   -7.3975218e-01    2.3535434e+00
   4.4986655e-01   -7.2974244e-01    2.3530244e+00
   4.6607876e-01   -7.1935271e-01    2.3525163e+00
   4.8205122e-01   -7.0860298e-01    2.3520194e+00
   4.9778392e-01   -6.9750327e-01    2.3515336e+00
   5.1326688e-01   -6.8606357e-01    2.3510593e+00
   5.2850008e-01   -6.7428387e-01    2.3505964e+00
   5.4347354e-01   -6.6218418e-01    2.3501451e+00
   5.5818724e-01   -6.4975450e-01    2.3497056e+00
   5.7262121e-01   -6.3701483e-01    2.3492783e+00
   5.8677544e-01   -6.2395517e-01    2.3488634e+00
   6.0062995e-01   -6.1058552e-01    2.3484615e+00
   6.1419472e-01   -5.9691587e-01    2.3480722e+00
   6.2743977e-01   -5.8294623e-01    2.3476965e+00
   6.4037510e-01   -5.6867660e-01    2.3473341e+00
   6.5297073e-01   -5.5411697e-01    2.3469860e+00
   6.6523664e-01   -5.3926736e-01    2.3466519e+00
   6.7717284e-01   -5.2414775e-01    2.3463315e+00
   6.8874933e-01   -5.0876815e-01    2.3460259e+00
   6.9998611e-01   -4.9312855e-01    2.3457345e+00
   7.1086319e-01   -4.7723896e-01    2.3454577e+00
   7.2139056e-01   -4.6110938e-01    2.3451953e+00
   7.3154823e-01   -4.4473980e-01    2.3449478e+00
   7.4133619e-01   -4.2816023e-01    2.3447152e+00
   7.5074445e-01   -4.1136066e-01    2.3444978e+00
   7.5977302e-01   -3.9434110e-01    2.3442956e+00
   7.6841188e-01   -3.7713154e-01    2.3441088e+00
   7.7665106e-01   -3.5972199e-01    2.3439378e+00
   7.8448054e-01   -3.4213245e-01    2.3437829e+00
   7.9190035e-01   -3.2435291e-01    2.3436440e+00
   7.9890046e-01   -3.0641337e-01    2.3435214e+00
   8.0548088e-01   -2.8831384e-01    2.3434150e+00
   8.1163163e-01   -2.7006431e-01    2.3433251e+00
   8.1734269e-01   -2.5167478e-01    2.3432520e+00
   8.2263405e-01   -2.3315526e-01    2.3431950e+00
   8.2748574e-01   -2.1451574e-01    2.3431546e+00
   8.3189773e-01   -1.9576623e-01    2.3431309e+00
   8.3588003e-01   -1.7692671e-01    2.3431232e+00
   8.3942263e-01   -1.5798720e-01    2.3431320e+00
   8.4252554e-01   -1.3897769e-01    2.3431572e+00
   8.4517875e-01   -1.1990819e-01    2.3431990e+00
   8.4738227e-01   -1.0076868e-01    2.3432574e+00
   8.4913609e-01   -8.1594177e-02    2.3433322e+00
   8.5043022e-01   -6.2377673e-02    2.3434239e+00
   8.5126465e-01   -4.3137170e-02    2.3435323e+00
   8.5163939e-01   -2.3880667e-02    2.3436573e+00
   8.5154442e-01   -4.6221646e-03    2.3437992e+00
   8.5097976e-01    1.4628338e-02    2.3439579e+00
   8.4995539e-01    3.3859842e-02    2.3441331e+00
   8.4847131e-01    5.3061346e-02    2.3443245e+00
   8.4651752e-01    7.2220851e-02    2.3445325e+00
   8.4411401e-01    9.1329357e-02    2.3447563e+00
   8.4126078e-01    1.1037587e-01    2.3449959e+00
   8.3795781e-01    1.2934538e-01    2.3452510e+00
   8.3421511e-01    1.4823489e-01    2.3455214e+00
   8.3003267e-01    1.6703440e-01    2.3458070e+00
   8.2540049e-01    1.8572392e-01    2.3461079e+00
   8.2031857e-01    2.0430344e-01    2.3464242e+00
   8.1480690e-01    2.2275296e-01    2.3467550e+00
   8.0883548e-01    2.4106249e-01    2.3471013e+00
   8.0242432e-01    2.5922202e-01    2.3474624e+00
   7.9556340e-01    2.7721156e-01    2.3478384e+00
   7.8826272e-01    2.9503110e-01    2.3482290e+00
   7.8052227e-01    3.1266064e-01    2.3486341e+00
   7.7234206e-01    3.3009019e-01    2.3490535e+00
   7.6374206e-01    3.4731975e-01    2.3494865e+00
   7.5473228e-01    3.6432931e-01    2.3499328e+00
   7.4531270e-01    3.8112887e-01    2.3503922e+00
   7.3549332e-01    3.9768845e-01    2.3508643e+00
   7.2529413e-01    4.1401802e-01    2.3513483e+00
   7.1471512e-01    4.3010761e-01    2.3518444e+00
   7.0377628e-01    4.4594720e-01    2.3523515e+00
   6.9248760e-01    4.6154680e-01    2.3528695e+00
   6.8084908e-01    4.7687640e-01    2.3533981e+00
   6.6887071e-01    4.9194601e-01    2.3539371e+00
   6.5656249e-01    5.0675563e-01    2.3544861e+00
   6.4392441e-01    5.2128525e-01    2.3550449e+00
   6.3097645e-01    5.3553489e-01    2.3556128e+00
   6.1772861e-01    5.4949453e-01    2.3561895e+00
   6.0417090e-01    5.6315417e-01    2.3567751e+00
   5.9031331e-01    5.7652383e-01    2.3573694e+00
   5.7617581e-01    5.8959349e-01    2.3579716e+00
   5.6175842e-01    6.0234316e-01    2.3585816e+00
   5.4706113e-01    6.1478284e-01    2.3591994e+00
   5.3210392e-01    6.2689253e-01    2.3598242e+00
   5.1687680e-01    6.3867222e-01    2.3604563e+00
   5.0139975e-01    6.5011193e-01    2.3610949e+00
   4.8567278e-01    6.6121164e-01    2.3617401e+00
   4.6969587e-01    6.7195136e-01    2.3623917e+00
   4.5349902e-01    6.8235109e-01    2.3630487e+00
   4.3707222e-01    6.9238084e-01    2.3637114e+00
   4.2042547e-01    7.0204059e-01    2.3643793e+00
   4.0356876e-01    7.1134035e-01    2.3650521e+00
   3.8652208e-01    7.2027012e-01    2.3657292e+00
   3.6928543e-01    7.2883989e-01    2.3664104e+00
   3.5186880e-01    7.3702968e-01    2.3670954e+00
   3.3428218e-01    7.4484948e-01    2.3677839e+00
   3.1652557e-01    7.5228929e-01    2.3684757e+00
   2.9862896e-01    7.5935911e-01    2.3691699e+00
   2.8057234e-01    7.6603893e-01    2.3698671e+00
   2.6238572e-01    7.7233877e-01    2.3705661e+00
   2.4406908e-01    7.7823862e-01    2.3712670e+00
   2.2562241e-01    7.8373848e-01    2.3719697e+00
   2.0706571e-01    7.8882834e-01    2.3726734e+00
   1.8838898e-01    7.9349822e-01    2.3733784e+00
   1.6962220e-01    7.9774811e-01    2.3740836e+00
   1.5075538e-01    8.0155802e-01    2.3747892e+00
   1.3180849e-01    8.0493793e-01    2.3754947e+00
   1.1278154e-01    8.0787785e-01    2.3761998e+00
   9.3701511e-02    8.1038779e-01    2.3769038e+00
   7.4565404e-02    8.1244773e-01    2.3776065e+00
   5.5387211e-02    8.1406769e-01    2.3783076e+00
   3.6176927e-02    8.1525766e-01    2.3790067e+00
   1.6943544e-02    8.1600764e-01    2.3797035e+00
  -2.3006448e-03    8.1631763e-01    2.3803976e+00
  -2.1547543e-02    8.1619764e-01    2.3810886e+00
  -4.0787260e-02    8.1563765e-01    2.3817762e+00
  -6.0008103e-02    8.1463768e-01    2.3824600e+00
  -7.9202079e-02    8.1318772e-01    2.3831396e+00
  -9.8351198e-02    8.1129776e-01    2.3838143e+00
  -1.1745946e-01    8.0894783e-01    2.3844844e+00
  -1.3650788e-01    8.0614790e-01    2.3851490e+00
  -1.5547647e-01    8.0289798e-01    2.3858075e+00
  -1.7436523e-01    7.9918808e-01    2.3864599e+00
  -1.9315416e-01    7.9502818e-01    2.3871054e+00
  -2.1184328e-01    7.9042830e-01    2.3877442e+00
  -2.3042258e-01    7.8537843e-01    2.3883758e+00
  -2.4888207e-01    7.7990858e-01    2.3890000e+00
  -2.6720176e-01    7.7400873e-01    2.3896162e+00
  -2.8539165e-01    7.6768889e-01    2.3902246e+00
  -3.0343173e-01    7.6096906e-01    2.3908248e+00
  -3.2131202e-01    7.5384925e-01    2.3914164e+00
  -3.3903252e-01    7.4632944e-01    2.3919993e+00
  -3.5658322e-01    7.3841965e-01    2.3925734e+00
  -3.7395415e-01    7.3011986e-01    2.3931381e+00
  -3.9112530e-01    7.2142009e-01    2.3936929e+00
  -4.0809669e-01    7.1232032e-01    2.3942375e+00
  -4.2484832e-01    7.0283057e-01    2.3947715e+00
  -4.4136021e-01    6.9293082e-01    2.3952939e+00
  -4.5763236e-01    6.8264109e-01    2.3958048e+00
  -4.7363479e-01    6.7194136e-01    2.3963031e+00
  -4.8937748e-01    6.6085165e-01    2.3967893e+00
  -5.0483047e-01    6.4937195e-01    2.3972623e+00
  -5.1999374e-01    6.3750225e-01    2.3977220e+00
  -5.3484731e-01    6.2525257e-01    2.3981679e+00
  -5.4939118e-01    6.1263290e-01    2.3986000e+00
  -5.6362533e-01    5.9966323e-01    2.3990184e+00
  -5.7752979e-01    5.8634357e-01    2.3994225e+00
  -5.9110455e-01    5.7268393e-01    2.3998122e+00
  -6.0434961e-01    5.5870429e-01    2.4001878e+00
  -6.1725496e-01    5.4441466e-01    2.4005490e+00
  -6.2982062e-01    5.2982503e-01    2.4008958e+00
  -6.4203657e-01    5.1494542e-01    2.4012280e+00
  -6.5390282e-01    4.9977581e-01    2.4015454e+00
  -6.6541937e-01    4.8433621e-01    2.4018484e+00
  -6.7656623e-01    4.6863661e-01    2.4021362e+00
  -6.8734339e-01    4.5267703e-01    2.4024089e+00
  -6.9775086e-01    4.3646744e-01    2.4026664e+00
  -7.0776863e-01    4.2002787e-01    2.4029083e+00
  -7.1740672e-01    4.0334830e-01    2.4031349e+00
  -7.2664512e-01    3.8644874e-01    2.4033454e+00
  -7.3548383e-01    3.6933918e-01    2.4035401e+00
  -7.4391285e-01    3.5202962e-01    2.4037187e+00
  -7.5194219e-01    3.3452008e-01    2.4038814e+00
  -7.5955185e-01    3.1683053e-01    2.4040277e+00
  -7.6675181e-01    2.9897100e-01    2.4041581e+00
  -7.7353209e-01    2.8094146e-01    2.4042722e+00
  -7.7989268e-01    2.6276193e-01    2.4043701e+00
  -7.8583357e-01    2.4444240e-01    2.4044520e+00
  -7.9135477e-01    2.2599288e-01    2.4045178e+00
  -7.9645627e-01    2.0742336e-01    2.4045676e+00
  -8.0113808e-01    1.8873384e-01    2.4046015e+00
  -8.0541017e-01    1.6995433e-01    2.4046200e+00
  -8.0925256e-01    1.5108481e-01    2.4046225e+00
  -8.1266526e-01    1.3212530e-01    2.4046088e+00
  -8.1566823e-01    1.1310580e-01    2.4045800e+00
  -8.1823151e-01    9.4015288e-02    2.4045349e+00
  -8.2035508e-01    7.4873782e-02    2.4044735e+00
  -8.2203895e-01    5.5688278e-02    2.4043961e+00
  -8.2327312e-01    3.6467774e-02    2.4043022e+00
  -8.2405758e-01    1.7224271e-02    2.4041921e+00
  -8.2437236e-01   -2.0321315e-03    2.4040649e+00
  -8.2422742e-01   -2.1290734e-02    2.4039212e+00
  -8.2362279e-01   -4.0540237e-02    2.4037610e+00
  -8.2255844e-01   -5.9769740e-02    2.4035845e+00
  -8.2103439e-01   -7.8968245e-02    2.4033916e+00
  -8.1906061e-01   -9.8125750e-02    2.4031829e+00
  -8.1664711e-01   -1.1722826e-01    2.4029588e+00
  -8.1378388e-01   -1.3627776e-01    2.4027188e+00
  -8.1050090e-01   -1.5524727e-01    2.4024644e+00
  -8.0678818e-01   -1.7414679e-01    2.4021950e+00
  -8.0263572e-01   -1.9295630e-01    2.4019105e+00
  -7.9806351e-01   -2.1166582e-01    2.4016116e+00
  -7.9307154e-01   -2.3025534e-01    2.4012984e+00
  -7.8764981e-01   -2.4873486e-01    2.4009706e+00
  -7.8178834e-01   -2.6708439e-01    2.4006279e+00
  -7.7551709e-01   -2.8528392e-01    2.4002716e+00
  -7.6881608e-01   -3.0333345e-01    2.3999009e+00
  -7.6168532e-01   -3.2123299e-01    2.3995159e+00
  -7.5415475e-01   -3.3894253e-01    2.3991178e+00
  -7.4620442e-01   -3.5648208e-01    2.3987059e+00
  -7.3785430e-01   -3.7383163e-01    2.3982809e+00
  -7.2910438e-01   -3.9099119e-01    2.3978430e+00
  -7.1997466e-01   -4.0794075e-01    2.3973929e+00
  -7.1044514e-01   -4.2467032e-01    2.3969300e+00
  -7.0054580e-01   -4.4118989e-01    2.3964553e+00
  -6.9026664e-01   -4.5745947e-01    2.3959688e+00
  -6.7960767e-01   -4.7349906e-01    2.3954703e+00
  -6.6857887e-01   -4.8927865e-01    2.3949603e+00
  -6.5717025e-01   -5.0478825e-01    2.3944387e+00
  -6.4540179e-01   -5.2002785e-01    2.3939060e+00
  -6.3326349e-01   -5.3496747e-01    2.3933622e+00
  -6.2077534e-01   -5.4962709e-01    2.3928079e+00
  -6.0794733e-01   -5.6396672e-01    2.3922436e+00
  -5.9476948e-01   -5.7801636e-01    2.3916688e+00
  -5.8128173e-01   -5.9173600e-01    2.3910853e+00
  -5.6746412e-01   -6.0515566e-01    2.3904921e+00
  -5.5335662e-01   -6.1824532e-01    2.3898908e+00
  -5.3894922e-01   -6.3100499e-01    2.3892811e+00
  -5.2425193e-01   -6.4344467e-01    2.3886633e+00
  -5.0928472e-01   -6.5554435e-01    2.3880382e+00
  -4.9403761e-01   -6.6729405e-01    2.3874056e+00
  -4.7853057e-01   -6.7870376e-01    2.3867661e+00
  -4.6276361e-01   -6.8974347e-01    2.3861199e+00
  -4.4673672e-01   -7.0040320e-01    2.3854671e+00
  -4.3046988e-01   -7.1069293e-01    2.3848083e+00
  -4.1395311e-01   -7.2058268e-01    2.3841434e+00
  -3.9721637e-01   -7.3008243e-01    2.3834735e+00
  -3.8025968e-01   -7.3918219e-01    2.3827985e+00
  -3.6308302e-01   -7.4788197e-01    2.3821184e+00
  -3.4570638e-01   -7.5616176e-01    2.3814342e+00
  -3.2814976e-01   -7.6404155e-01    2.3807464e+00
  -3.1040315e-01   -7.7150136e-01    2.3800548e+00
  -2.9249654e-01   -7.7855118e-01    2.3793604e+00
  -2.7441992e-01   -7.8517101e-01    2.3786629e+00
  -2.5620329e-01   -7.9138085e-01    2.3779634e+00
  -2.3784665e-01   -7.9716070e-01    2.3772619e+00
  -2.1935997e-01   -8.0252056e-01    2.3765588e+00
  -2.0075326e-01   -8.0744043e-01    2.3758546e+00
  -1.8203651e-01   -8.1192032e-01    2.3751495e+00
  -1.6321971e-01   -8.1597021e-01    2.3744439e+00
  -1.4431285e-01   -8.1957012e-01    2.3737384e+00
  -1.2532593e-01   -8.2272004e-01    2.3730332e+00
  -1.0626894e-01   -8.2542997e-01    2.3723286e+00
  -8.7156870e-02   -8.2768991e-01    2.3716253e+00
  -6.7995715e-02   -8.2949986e-01    2.3709235e+00
  -4.8796471e-02   -8.3086983e-01    2.3702234e+00
  -2.9571124e-02   -8.3177980e-01    2.3695257e+00
  -1.0329675e-02   -8.3224979e-01    2.3688307e+00
   8.9171877e-03   -8.3226979e-01    2.3681386e+00
   2.8159569e-02   -8.3183980e-01    2.3674500e+00
   4.7387379e-02   -8.3094983e-01    2.3667651e+00
   6.6588320e-02   -8.2961986e-01    2.3660845e+00
   8.5753403e-02   -8.2782991e-01    2.3654084e+00
   1.0487463e-01   -8.2558996e-01    2.3647371e+00
   1.2393301e-01   -8.2290003e-01    2.3640713e+00
   1.4292156e-01   -8.1975011e-01    2.3634114e+00
   1.6183028e-01   -8.1615021e-01    2.3627575e+00
   1.8064917e-01   -8.1211031e-01    2.3621100e+00
   1.9935824e-01   -8.0761043e-01    2.3614698e+00
   2.1796750e-01   -8.0268056e-01    2.3608363e+00
   2.3645694e-01   -7.9731069e-01    2.3602103e+00
   2.5480659e-01   -7.9151084e-01    2.3595923e+00
   2.7302642e-01   -7.8529100e-01    2.3589821e+00
   2.9110646e-01   -7.7866118e-01    2.3583798e+00
   3.0902670e-01   -7.7163136e-01    2.3577861e+00
   3.2677716e-01   -7.6419155e-01    2.3572015e+00
   3.4436782e-01   -7.5636175e-01    2.3566255e+00
   3.6176870e-01   -7.4814196e-01    2.3560590e+00
   3.7898980e-01   -7.3953219e-01    2.3555019e+00
   3.9601113e-01   -7.3053242e-01    2.3549547e+00
   4.1281270e-01   -7.2114266e-01    2.3544182e+00
   4.2940451e-01   -7.1136291e-01    2.3538921e+00
   4.4575658e-01   -7.0119318e-01    2.3533774e+00
   4.6185890e-01   -6.9064345e-01    2.3528744e+00
   4.7770149e-01   -6.7971373e-01    2.3523835e+00
   4.9328435e-01   -6.6840402e-01    2.3519047e+00
   5.0859747e-01   -6.5672432e-01    2.3514382e+00
   5.2362088e-01   -6.4468464e-01    2.3509847e+00
   5.3835457e-01   -6.3228496e-01    2.3505442e+00
   5.5278853e-01   -6.1954528e-01    2.3501169e+00
   5.6692278e-01   -6.0646562e-01    2.3497029e+00
   5.8074732e-01   -5.9306597e-01    2.3493023e+00
   5.9426213e-01   -5.7934632e-01    2.3489151e+00
   6.0745723e-01   -5.6532668e-01    2.3485416e+00
   6.2034260e-01   -5.5101705e-01    2.3481813e+00
   6.3289827e-01   -5.3640743e-01    2.3478350e+00
   6.4511422e-01   -5.2152782e-01    2.3475028e+00
   6.5700046e-01   -5.0637821e-01    2.3471845e+00
   6.6854698e-01   -4.9096860e-01    2.3468802e+00
   6.7973380e-01   -4.7529901e-01    2.3465907e+00
   6.9057092e-01   -4.5936942e-01    2.3463157e+00
   7.0102834e-01   -4.4319984e-01    2.3460561e+00
   7.1111606e-01   -4.2679026e-01    2.3458114e+00
   7.2081409e-01   -4.1016069e-01    2.3455824e+00
   7.3011245e-01   -3.9329113e-01    2.3453694e+00
   7.3901111e-01   -3.7621157e-01    2.3451724e+00
   7.4749010e-01   -3.5892202e-01    2.3449919e+00
   7.5555941e-01   -3.4143247e-01    2.3448276e+00
   7.6319904e-01   -3.2375292e-01    2.3446801e+00
   7.7039900e-01   -3.0589338e-01    2.3445497e+00
   7.7716929e-01   -2.8786385e-01    2.3444360e+00
   7.8350989e-01   -2.6967432e-01    2.3443389e+00
   7.8941082e-01   -2.5134479e-01    2.3442585e+00
   7.9486207e-01   -2.3287527e-01    2.3441954e+00
   7.9987363e-01   -2.1427575e-01    2.3441490e+00
   8.0444551e-01   -1.9556623e-01    2.3441192e+00
   8.0857770e-01   -1.7675672e-01    2.3441059e+00
   8.1226021e-01   -1.5784721e-01    2.3441095e+00
   8.1549303e-01   -1.3886770e-01    2.3441298e+00
   8.1826616e-01   -1.1980819e-01    2.3441672e+00
   8.2058960e-01   -1.0068868e-01    2.3442211e+00
   8.2245335e-01   -8.1516179e-02    2.3442920e+00
   8.2384741e-01   -6.2307675e-02    2.3443800e+00
   8.2478178e-01   -4.3070172e-02    2.3444848e+00
   8.2523646e-01   -2.3816669e-02    2.3446069e+00
   8.2521145e-01   -4.5575663e-03    2.3447463e+00
   8.2470675e-01    1.4695336e-02    2.3449029e+00
   8.2373235e-01    3.3928840e-02    2.3450762e+00
   8.2226825e-01    5.3131344e-02    2.3452670e+00
   8.2031447e-01    7.2290849e-02    2.3454750e+00
   8.1788097e-01    9.1395356e-02    2.3456999e+00
   8.1495778e-01    1.1042586e-01    2.3459418e+00
   8.1154488e-01    1.2938537e-01    2.3462008e+00
   8.0764228e-01    1.4824489e-01    2.3464768e+00
   8.0325995e-01    1.6699440e-01    2.3467691e+00
   7.9839790e-01    1.8562392e-01    2.3470779e+00
   7.9305614e-01    2.0413344e-01    2.3474030e+00
   7.8724463e-01    2.2248297e-01    2.3477439e+00
   7.8095340e-01    2.4069250e-01    2.3481010e+00
   7.7421241e-01    2.5872203e-01    2.3484730e+00
   7.6701168e-01    2.7658157e-01    2.3488603e+00
   7.5937118e-01    2.9426112e-01    2.3492621e+00
   7.5130091e-01    3.1174067e-01    2.3496779e+00
   7.4280086e-01    3.2902022e-01    2.3501077e+00
   7.3388103e-01    3.4607978e-01    2.3505511e+00
   7.2455141e-01    3.6292934e-01    2.3510076e+00
   7.1482199e-01    3.7953891e-01    2.3514769e+00
   7.0470276e-01    3.9591849e-01    2.3519584e+00
   6.9419371e-01    4.1204808e-01    2.3524522e+00
   6.8329485e-01    4.2792766e-01    2.3529582e+00
   6.7203616e-01    4.4353726e-01    2.3534752e+00
   6.6040764e-01    4.5888687e-01    2.3540036e+00
   6.4841927e-01    4.7394648e-01    2.3545429e+00
   6.3608106e-01    4.8872609e-01    2.3550927e+00
   6.2340299e-01    5.0321572e-01    2.3556527e+00
   6.1040506e-01    5.1741535e-01    2.3562220e+00
   5.9707725e-01    5.3130500e-01    2.3568010e+00
   5.8343957e-01    5.4488464e-01    2.3573890e+00
   5.6949201e-01    5.5816430e-01    2.3579859e+00
   5.5526455e-01    5.7112397e-01    2.3585905e+00
   5.4074720e-01    5.8377364e-01    2.3592034e+00
   5.2595993e-01    5.9609332e-01    2.3598235e+00
   5.1090276e-01    6.0809301e-01    2.3604511e+00
   4.9558566e-01    6.1975271e-01    2.3610856e+00
   4.8001864e-01    6.3107242e-01    2.3617266e+00
   4.6421169e-01    6.4205214e-01    2.3623738e+00
   4.4816480e-01    6.5268186e-01    2.3630271e+00
   4.3187798e-01    6.6295160e-01    2.3636865e+00
   4.1538119e-01    6.7285134e-01    2.3643507e+00
   3.9865446e-01    6.8238109e-01    2.3650205e+00
   3.8172776e-01    6.9154086e-01    2.3656949e+00
   3.6459109e-01    7.0031063e-01    2.3663740e+00
   3.4726445e-01    7.0869041e-01    2.3670571e+00
   3.2974783e-01    7.1667021e-01    2.3677442e+00
   3.1205121e-01    7.2425001e-01    2.3684349e+00
   2.9419460e-01    7.3141983e-01    2.3691284e+00
   2.7616799e-01    7.3817965e-01    2.3698250e+00
   2.5800136e-01    7.4451949e-01    2.3705237e+00
   2.3968473e-01    7.5044934e-01    2.3712248e+00
   2.2124806e-01    7.5594919e-01    2.3719271e+00
   2.0268137e-01    7.6103906e-01    2.3726312e+00
   1.8400463e-01    7.6569894e-01    2.3733361e+00
   1.6522786e-01    7.6992883e-01    2.3740415e+00
   1.4637102e-01    7.7373873e-01    2.3747468e+00
   1.2741414e-01    7.7711865e-01    2.3754526e+00
   1.0839719e-01    7.8006857e-01    2.3761574e+00
   8.9316156e-02    7.8256851e-01    2.3768613e+00
   7.0180052e-02    7.8463845e-01    2.3775641e+00
   5.1000859e-02    7.8625841e-01    2.3782653e+00
   3.1789568e-02    7.8741838e-01    2.3789642e+00
   1.2555276e-02    7.8812836e-01    2.3796608e+00
  -6.6903276e-03    7.8837836e-01    2.3803544e+00
  -2.5935953e-02    7.8815836e-01    2.3810447e+00
  -4.5171703e-02    7.8747838e-01    2.3817313e+00
  -6.4385587e-02    7.8633841e-01    2.3824138e+00
  -8.3566610e-02    7.8473845e-01    2.3830919e+00
  -1.0270578e-01    7.8268850e-01    2.3837652e+00
  -1.2179410e-01    7.8017857e-01    2.3844333e+00
  -1.4081257e-01    7.7723864e-01    2.3850958e+00
  -1.5976121e-01    7.7384873e-01    2.3857526e+00
  -1.7862001e-01    7.7002883e-01    2.3864031e+00
  -1.9739898e-01    7.6576894e-01    2.3870476e+00
  -2.1606814e-01    7.6106906e-01    2.3876849e+00
  -2.3461748e-01    7.5594919e-01    2.3883149e+00
  -2.5304701e-01    7.5037934e-01    2.3889374e+00
  -2.7133675e-01    7.4436949e-01    2.3895517e+00
  -2.8946671e-01    7.3791966e-01    2.3901570e+00
  -3.0744687e-01    7.3102984e-01    2.3907538e+00
  -3.2524727e-01    7.2369003e-01    2.3913410e+00
  -3.4284791e-01    7.1591023e-01    2.3919177e+00
  -3.6025879e-01    7.0769044e-01    2.3924845e+00
  -3.7744992e-01    6.9902066e-01    2.3930402e+00
  -3.9442131e-01    6.8993090e-01    2.3935849e+00
  -4.1115296e-01    6.8041114e-01    2.3941179e+00
  -4.2763488e-01    6.7046140e-01    2.3946389e+00
  -4.4385708e-01    6.6009167e-01    2.3951475e+00
  -4.5981956e-01    6.4932195e-01    2.3956438e+00
  -4.7549232e-01    6.3814224e-01    2.3961269e+00
  -4.9087538e-01    6.2656254e-01    2.3965966e+00
  -5.0596872e-01    6.1460284e-01    2.3970532e+00
  -5.2075235e-01    6.0226316e-01    2.3974959e+00
  -5.3521630e-01    5.8955349e-01    2.3979244e+00
  -5.4935054e-01    5.7648383e-01    2.3983386e+00
  -5.6316509e-01    5.6306418e-01    2.3987387e+00
  -5.7663993e-01    5.4931453e-01    2.3991242e+00
  -5.8976510e-01    5.3522489e-01    2.3994947e+00
  -6.0255056e-01    5.2082527e-01    2.3998508e+00
  -6.1497633e-01    5.0611565e-01    2.4001917e+00
  -6.2705241e-01    4.9111603e-01    2.4005179e+00
  -6.3874880e-01    4.7581643e-01    2.4008284e+00
  -6.5007551e-01    4.6024683e-01    2.4011236e+00
  -6.6103252e-01    4.4440724e-01    2.4014036e+00
  -6.7158987e-01    4.2829766e-01    2.4016672e+00
  -6.8176752e-01    4.1194808e-01    2.4019155e+00
  -6.9153550e-01    3.9534851e-01    2.4021473e+00
  -7.0089380e-01    3.7851894e-01    2.4023627e+00
  -7.0984242e-01    3.6146938e-01    2.4025618e+00
  -7.1838137e-01    3.4419983e-01    2.4027445e+00
  -7.2648065e-01    3.2673028e-01    2.4029101e+00
  -7.3416025e-01    3.0907073e-01    2.4030591e+00
  -7.4140019e-01    2.9122120e-01    2.4031911e+00
  -7.4821044e-01    2.7321166e-01    2.4033064e+00
  -7.5457103e-01    2.5503213e-01    2.4034043e+00
  -7.6049194e-01    2.3670260e-01    2.4034853e+00
  -7.6597317e-01    2.1824308e-01    2.4035496e+00
  -7.7100472e-01    1.9965356e-01    2.4035968e+00
  -7.7559659e-01    1.8094404e-01    2.4036273e+00
  -7.7974877e-01    1.6213453e-01    2.4036413e+00
  -7.8347124e-01    1.4324502e-01    2.4036393e+00
  -7.8674403e-01    1.2426551e-01    2.4036205e+00
  -7.8957712e-01    1.0521600e-01    2.4035853e+00
  -7.9198051e-01    8.6102492e-02    2.4035343e+00
  -7.9394419e-01    6.6942987e-02    2.4034671e+00
  -7.9545817e-01    4.7743483e-02    2.4033834e+00
  -7.9653245e-01    2.8513980e-02    2.4032838e+00
  -7.9714702e-01    9.2646767e-03    2.4031674e+00
  -7.9732189e-01   -9.9938259e-03    2.4030352e+00
  -7.9702705e-01   -2.9250529e-02    2.4028861e+00
  -7.9627251e-01   -4.8495032e-02    2.4027206e+00
  -7.9504827e-01   -6.7714535e-02    2.4025384e+00
  -7.9335432e-01   -8.6899040e-02    2.4023395e+00
  -7.9119066e-01   -1.0603855e-01    2.4021241e+00
  -7.8856728e-01   -1.2511805e-01    2.4018926e+00
  -7.8548419e-01   -1.4412756e-01    2.4016450e+00
  -7.8194137e-01   -1.6305707e-01    2.4013816e+00
  -7.7794881e-01   -1.8189659e-01    2.4011025e+00
  -7.7350652e-01   -2.0062610e-01    2.4008082e+00
  -7.6861449e-01   -2.1925562e-01    2.4004983e+00
  -7.6329271e-01   -2.3776514e-01    2.4001739e+00
  -7.5754118e-01   -2.5614467e-01    2.3998350e+00
  -7.5134988e-01   -2.7437420e-01    2.3994813e+00
  -7.4472883e-01   -2.9245373e-01    2.3991133e+00
  -7.3767802e-01   -3.1037327e-01    2.3987309e+00
  -7.3019743e-01   -3.2812281e-01    2.3983344e+00
  -7.2228708e-01   -3.4567236e-01    2.3979238e+00
  -7.1394695e-01   -3.6303191e-01    2.3974991e+00
  -7.0517704e-01   -3.8017147e-01    2.3970606e+00
  -6.9598735e-01   -3.9709103e-01    2.3966086e+00
  -6.8638786e-01   -4.1378060e-01    2.3961435e+00
  -6.7637858e-01   -4.3023017e-01    2.3956654e+00
  -6.6595949e-01   -4.4641976e-01    2.3951744e+00
  -6.5515059e-01   -4.6235934e-01    2.3946712e+00
  -6.4397186e-01   -4.7801894e-01    2.3941567e+00
  -6.3240331e-01   -4.9341854e-01    2.3936301e+00
  -6.2048491e-01   -5.0852815e-01    2.3930930e+00
  -6.0819668e-01   -5.2335777e-01    2.3925446e+00
  -5.9556859e-01   -5.3788739e-01    2.3919861e+00
  -5.8260064e-01   -5.5211703e-01    2.3914176e+00
  -5.6930283e-01   -5.6602667e-01    2.3908395e+00
  -5.5566515e-01   -5.7962632e-01    2.3902515e+00
  -5.4171759e-01   -5.9288597e-01    2.3896547e+00
  -5.2745014e-01   -6.0581564e-01    2.3890489e+00
  -5.1288280e-01   -6.1839531e-01    2.3884347e+00
  -4.9801556e-01   -6.3062500e-01    2.3878123e+00
  -4.8285842e-01   -6.4248469e-01    2.3871821e+00
  -4.6741137e-01   -6.5397440e-01    2.3865442e+00
  -4.5169439e-01   -6.6509411e-01    2.3858992e+00
  -4.3571748e-01   -6.7582383e-01    2.3852477e+00
  -4.1948064e-01   -6.8615356e-01    2.3845897e+00
  -4.0299386e-01   -6.9609331e-01    2.3839256e+00
  -3.8626712e-01   -7.0562306e-01    2.3832558e+00
  -3.6931043e-01   -7.1473283e-01    2.3825807e+00
  -3.5214376e-01   -7.2342260e-01    2.3819011e+00
  -3.3475713e-01   -7.3169239e-01    2.3812166e+00
  -3.1717051e-01   -7.3951219e-01    2.3805281e+00
  -2.9940390e-01   -7.4690200e-01    2.3798363e+00
  -2.8144729e-01   -7.5385182e-01    2.3791408e+00
  -2.6333067e-01   -7.6035165e-01    2.3784428e+00
  -2.4506404e-01   -7.6640149e-01    2.3777426e+00
  -2.2664738e-01   -7.7201135e-01    2.3770402e+00
  -2.0811069e-01   -7.7718121e-01    2.3763367e+00
  -1.8945396e-01   -7.8191109e-01    2.3756320e+00
  -1.7069719e-01   -7.8620098e-01    2.3749268e+00
  -1.5184037e-01   -7.9006088e-01    2.3742212e+00
  -1.3289349e-01   -7.9349079e-01    2.3735154e+00
  -1.1388654e-01   -7.9648072e-01    2.3728106e+00
  -9.4808524e-02   -7.9903065e-01    2.3721065e+00
  -7.5678428e-02   -8.0115059e-01    2.3714035e+00
  -5.6503243e-02   -8.0281055e-01    2.3707022e+00
  -3.7293964e-02   -8.0402052e-01    2.3700030e+00
  -1.8061581e-02   -8.0477050e-01    2.3693062e+00
   1.1831132e-03   -8.0506049e-01    2.3686123e+00
   2.0429528e-02   -8.0488050e-01    2.3679217e+00
   3.9666272e-02   -8.0422052e-01    2.3672349e+00
   5.8880150e-02   -8.0310054e-01    2.3665523e+00
   7.8062173e-02   -8.0150059e-01    2.3658742e+00
   9.7198347e-02   -7.9943064e-01    2.3652012e+00
   1.1627468e-01   -7.9690070e-01    2.3645336e+00
   1.3529317e-01   -7.9390078e-01    2.3638715e+00
   1.5422184e-01   -7.9043087e-01    2.3632160e+00
   1.7307068e-01   -7.8651097e-01    2.3625666e+00
   1.9181970e-01   -7.8213109e-01    2.3619241e+00
   2.1044891e-01   -7.7729121e-01    2.3612892e+00
   2.2895832e-01   -7.7200135e-01    2.3606618e+00
   2.4732794e-01   -7.6626150e-01    2.3600427e+00
   2.6555776e-01   -7.6008166e-01    2.3594318e+00
   2.8362780e-01   -7.5345183e-01    2.3588299e+00
   3.0153806e-01   -7.4639201e-01    2.3582368e+00
   3.1926854e-01   -7.3889220e-01    2.3576534e+00
   3.3681925e-01   -7.3098241e-01    2.3570793e+00
   3.5418019e-01   -7.2265262e-01    2.3565151e+00
   3.7133137e-01   -7.1391285e-01    2.3559614e+00
   3.8827278e-01   -7.0477308e-01    2.3554181e+00
   4.0499445e-01   -6.9523333e-01    2.3548856e+00
   4.2148636e-01   -6.8530359e-01    2.3543642e+00
   4.3773853e-01   -6.7497385e-01    2.3538542e+00
   4.5373097e-01   -6.6425413e-01    2.3533564e+00
   4.6946367e-01   -6.5315442e-01    2.3528706e+00
   4.8490667e-01   -6.4165471e-01    2.3523982e+00
   5.0006994e-01   -6.2978502e-01    2.3519384e+00
   5.1491352e-01   -6.1752534e-01    2.3514930e+00
   5.2944740e-01   -6.0489566e-01    2.3510614e+00
   5.4365158e-01   -5.9189600e-01    2.3506442e+00
   5.5753606e-01   -5.7854634e-01    2.3502411e+00
   5.7107085e-01   -5.6485670e-01    2.3498530e+00
   5.8426596e-01   -5.5082706e-01    2.3494795e+00
   5.9711136e-01   -5.3648743e-01    2.3491209e+00
   6.0960708e-01   -5.2182781e-01    2.3487771e+00
   6.2174310e-01   -5.0688819e-01    2.3484483e+00
   6.3352942e-01   -4.9165859e-01    2.3481341e+00
   6.4495605e-01   -4.7614899e-01    2.3478348e+00
   6.5601298e-01   -4.6038939e-01    2.3475507e+00
   6.6670021e-01   -4.4436981e-01    2.3472817e+00
   6.7700776e-01   -4.2810023e-01    2.3470282e+00
   6.8692562e-01   -4.1159065e-01    2.3467904e+00
   6.9645379e-01   -3.9485109e-01    2.3465682e+00
   7.0556228e-01   -3.7789153e-01    2.3463627e+00
   7.1427110e-01   -3.6070197e-01    2.3461733e+00
   7.2255024e-01   -3.4332242e-01    2.3460006e+00
   7.3039971e-01   -3.2573287e-01    2.3458450e+00
   7.3781951e-01   -3.0796333e-01    2.3457060e+00
   7.4478965e-01   -2.9000379e-01    2.3455846e+00
   7.5133010e-01   -2.7189426e-01    2.3454797e+00
   7.5742089e-01   -2.5362473e-01    2.3453921e+00
   7.6307200e-01   -2.3520521e-01    2.3453214e+00
   7.6828342e-01   -2.1666569e-01    2.3452674e+00
   7.7303517e-01   -1.9800617e-01    2.3452308e+00
   7.7732725e-01   -1.7922666e-01    2.3452116e+00
   7.8115965e-01   -1.6035714e-01    2.3452095e+00
   7.8453237e-01   -1.4138763e-01    2.3452247e+00
   7.8742542e-01   -1.2234812e-01    2.3452576e+00
   7.8985879e-01   -1.0324862e-01    2.3453075e+00
   7.9182247e-01   -8.4086113e-02    2.3453747e+00
   7.9335644e-01   -6.4886608e-02    2.3454576e+00
   7.9445070e-01   -4.5659105e-02    2.3455565e+00
   7.9515522e-01   -2.6412602e-02    2.3456696e+00
   7.9546000e-01   -7.1553992e-03    2.3457971e+00
   7.9539501e-01    1.2103403e-02    2.3459380e+00
   7.9494028e-01    3.1357906e-02    2.3460928e+00
   7.9406582e-01    5.0596409e-02    2.3462626e+00
   7.9274164e-01    6.9809913e-02    2.3464484e+00
   7.9087779e-01    8.8978418e-02    2.3466532e+00
   7.8837434e-01    1.0807592e-01    2.3468805e+00
   7.8512135e-01    1.2705543e-01    2.3471340e+00
   7.8098888e-01    1.4586495e-01    2.3474178e+00
   7.7587697e-01    1.6442447e-01    2.3477350e+00
   7.6967569e-01    1.8265400e-01    2.3480891e+00
   7.6234503e-01    2.0046354e-01    2.3484807e+00
   7.5385497e-01    2.1774309e-01    2.3489101e+00
   7.4423550e-01    2.3442266e-01    2.3493759e+00
   7.3356653e-01    2.5044225e-01    2.3498746e+00
   7.2195799e-01    2.6580185e-01    2.3504024e+00
   7.0959979e-01    2.8057147e-01    2.3509529e+00
   6.9670181e-01    2.9485110e-01    2.3515192e+00
   6.8346398e-01    3.0884074e-01    2.3520957e+00
   6.7012258e-01    3.2271110e-01    2.3525750e+00
   6.5681478e-01    3.3663074e-01    2.3531535e+00
   6.4358974e-01    3.5062182e-01    2.3535294e+00
   6.3048388e-01    3.6474505e-01    2.3536018e+00
   6.1752077e-01    3.7897971e-01    2.3534697e+00
   6.0471681e-01    3.9335652e-01    2.3530327e+00
   5.9205840e-01    4.0784621e-01    2.3521910e+00
   5.7953554e-01    4.2242877e-01    2.3509448e+00
   5.6710186e-01    4.3706349e-01    2.3493956e+00
   5.5475095e-01    4.5173964e-01    2.3476436e+00
   5.4246640e-01    4.6644650e-01    2.3457894e+00
   5.3023824e-01    4.8119409e-01    2.3438334e+00
   5.1807645e-01    4.9599239e-01    2.3417752e+00
   5.0600182e-01    5.1088926e-01    2.3399148e+00
   4.9403793e-01    5.2589396e-01    2.3383514e+00
   4.8220477e-01    5.4103651e-01    2.3370845e+00
   4.7053593e-01    5.5632617e-01    2.3362130e+00
   4.5898143e-01    5.7173296e-01    2.3357385e+00
   4.4752126e-01    5.8720688e-01    2.3356613e+00
   4.3607546e-01    6.0270791e-01    2.3359841e+00
   4.2462046e-01    6.1817679e-01    2.3366072e+00
   4.1307189e-01    6.3357640e-01    2.3371331e+00
   4.0123346e-01    6.4875601e-01    2.3376679e+00
   3.8875531e-01    6.6341563e-01    2.3382219e+00
   3.7543750e-01    6.7731527e-01    2.3388006e+00
   3.6126003e-01    6.9033493e-01    2.3394039e+00
   3.4628282e-01    7.0242462e-01    2.3400292e+00
   3.3054585e-01    7.1350433e-01    2.3406746e+00
   3.1412905e-01    7.2355407e-01    2.3413371e+00
   2.9710237e-01    7.3253384e-01    2.3420137e+00
   2.7958574e-01    7.4049364e-01    2.3427007e+00
   2.6166914e-01    7.4754345e-01    2.3433955e+00
   2.4346251e-01    7.5378329e-01    2.3440948e+00
   2.2503584e-01    7.5932315e-01    2.3447971e+00
   2.0643914e-01    7.6428302e-01    2.3455013e+00
   1.8771239e-01    7.6875291e-01    2.3462066e+00
   1.6889559e-01    7.7280280e-01    2.3469122e+00
   1.5000874e-01    7.7648271e-01    2.3476176e+00
   1.3105184e-01    7.7981262e-01    2.3483230e+00
   1.1203490e-01    7.8279254e-01    2.3490281e+00
   9.2965888e-02    7.8539248e-01    2.3497323e+00
   7.3846809e-02    7.8760242e-01    2.3504355e+00
   5.4681648e-02    7.8938237e-01    2.3511373e+00
   3.5480395e-02    7.9071234e-01    2.3518371e+00
   1.6252035e-02    7.9156232e-01    2.3525344e+00
  -2.9914444e-03    7.9191231e-01    2.3532287e+00
  -2.2238048e-02    7.9177231e-01    2.3539196e+00
  -4.1474790e-02    7.9112233e-01    2.3546065e+00
  -6.0688674e-02    7.8998236e-01    2.3552890e+00
  -7.9866707e-02    7.8835240e-01    2.3559667e+00
  -9.8997894e-02    7.8624245e-01    2.3566393e+00
  -1.1807624e-01    7.8366252e-01    2.3573066e+00
  -1.3708474e-01    7.8062260e-01    2.3579680e+00
  -1.5601342e-01    7.7713269e-01    2.3586234e+00
  -1.7485227e-01    7.7318279e-01    2.3592722e+00
  -1.9359130e-01    7.6879291e-01    2.3599143e+00
  -2.1222052e-01    7.6395303e-01    2.3605492e+00
  -2.3073992e-01    7.5868317e-01    2.3611770e+00
  -2.4911952e-01    7.5298331e-01    2.3617968e+00
  -2.6736931e-01    7.4685347e-01    2.3624088e+00
  -2.8546931e-01    7.4029364e-01    2.3630122e+00
  -3.0340953e-01    7.3331382e-01    2.3636070e+00
  -3.2117997e-01    7.2590401e-01    2.3641925e+00
  -3.3877062e-01    7.1808421e-01    2.3647686e+00
  -3.5616152e-01    7.0983443e-01    2.3653345e+00
  -3.7335265e-01    7.0117465e-01    2.3658902e+00
  -3.9033403e-01    6.9209489e-01    2.3664354e+00
  -4.0708566e-01    6.8260513e-01    2.3669693e+00
  -4.2359755e-01    6.7270539e-01    2.3674917e+00
  -4.3985971e-01    6.6240565e-01    2.3680023e+00
  -4.5587213e-01    6.5171593e-01    2.3685010e+00
  -4.7162482e-01    6.4063621e-01    2.3689876e+00
  -4.8709778e-01    6.2918651e-01    2.3694615e+00
  -5.0229102e-01    6.1735682e-01    2.3699226e+00
  -5.1720453e-01    6.0517713e-01    2.3703712e+00
  -5.3182833e-01    5.9264745e-01    2.3708068e+00
  -5.4614240e-01    5.7977779e-01    2.3712288e+00
  -5.6015676e-01    5.6656813e-01    2.3716376e+00
  -5.7386141e-01    5.5303848e-01    2.3720329e+00
  -5.8723635e-01    5.3918883e-01    2.3724142e+00
  -6.0029157e-01    5.2502920e-01    2.3727817e+00
  -6.1299710e-01    5.1055957e-01    2.3731343e+00
  -6.2535294e-01    4.9578996e-01    2.3734723e+00
  -6.3733909e-01    4.8072034e-01    2.3737948e+00
  -6.4896554e-01    4.6537074e-01    2.3741024e+00
  -6.6020233e-01    4.4973114e-01    2.3743939e+00
  -6.7103944e-01    4.3381156e-01    2.3746690e+00
  -6.8148687e-01    4.1763197e-01    2.3749282e+00
  -6.9152463e-01    4.0120240e-01    2.3751709e+00
  -7.0115272e-01    3.8452283e-01    2.3753970e+00
  -7.1036114e-01    3.6760327e-01    2.3756064e+00
  -7.1914989e-01    3.5047371e-01    2.3757992e+00
  -7.2751897e-01    3.3312416e-01    2.3759752e+00
  -7.3546837e-01    3.1558461e-01    2.3761349e+00
  -7.4298809e-01    2.9785507e-01    2.3762777e+00
  -7.5007814e-01    2.7994553e-01    2.3764038e+00
  -7.5672851e-01    2.6187600e-01    2.3765129e+00
  -7.6294920e-01    2.4364647e-01    2.3766054e+00
  -7.6873021e-01    2.2527694e-01    2.3766812e+00
  -7.7407154e-01    2.0676742e-01    2.3767401e+00
  -7.7896320e-01    1.8813790e-01    2.3767819e+00
  -7.8339517e-01    1.6939838e-01    2.3768065e+00
  -7.8737747e-01    1.5054887e-01    2.3768141e+00
  -7.9090009e-01    1.3161936e-01    2.3768046e+00
  -7.9395303e-01    1.1259985e-01    2.3767776e+00
  -7.9655628e-01    9.3519344e-02    2.3767339e+00
  -7.9868984e-01    7.4377838e-02    2.3766730e+00
  -8.0035373e-01    5.5191334e-02    2.3765948e+00
  -8.0155792e-01    3.5968830e-02    2.3764999e+00
  -8.0230241e-01    1.6724327e-02    2.3763883e+00
  -8.0259719e-01   -2.5327757e-03    2.3762604e+00
  -8.0242228e-01   -2.1791678e-02    2.3761156e+00
  -8.0179766e-01   -4.1040181e-02    2.3759547e+00
  -8.0072332e-01   -6.0268685e-02    2.3757778e+00
  -7.9919926e-01   -7.9467189e-02    2.3755849e+00
  -7.9721549e-01   -9.8623694e-02    2.3753759e+00
  -7.9479199e-01   -1.1772420e-01    2.3751514e+00
  -7.9189878e-01   -1.3676371e-01    2.3749105e+00
  -7.8855584e-01   -1.5573322e-01    2.3746539e+00
  -7.8475317e-01   -1.7461273e-01    2.3743814e+00
  -7.8050077e-01   -1.9339225e-01    2.3740935e+00
  -7.7577865e-01   -2.1206176e-01    2.3737895e+00
  -7.7060678e-01   -2.3061129e-01    2.3734701e+00
  -7.6496518e-01   -2.4903081e-01    2.3731349e+00
  -7.5888383e-01   -2.6730034e-01    2.3727849e+00
  -7.5234274e-01   -2.8540987e-01    2.3724195e+00
  -7.4536188e-01   -3.0334941e-01    2.3720395e+00
  -7.3794126e-01   -3.2111895e-01    2.3716450e+00
  -7.3009088e-01   -3.3870849e-01    2.3712363e+00
  -7.2182071e-01   -3.5609805e-01    2.3708139e+00
  -7.1314076e-01   -3.7327760e-01    2.3703783e+00
  -7.0404102e-01   -3.9024716e-01    2.3699292e+00
  -6.9454148e-01   -4.0699673e-01    2.3694672e+00
  -6.8464214e-01   -4.2350630e-01    2.3689926e+00
  -6.7435300e-01   -4.3978588e-01    2.3685057e+00
  -6.6367403e-01   -4.5580547e-01    2.3680066e+00
  -6.5261525e-01   -4.7156506e-01    2.3674957e+00
  -6.4116664e-01   -4.8704466e-01    2.3669728e+00
  -6.2935820e-01   -5.0224427e-01    2.3664390e+00
  -6.1717992e-01   -5.1716389e-01    2.3658939e+00
  -6.0465179e-01   -5.3177351e-01    2.3653385e+00
  -5.9176381e-01   -5.4608314e-01    2.3647723e+00
  -5.7854596e-01   -5.6007278e-01    2.3641965e+00
  -5.6499824e-01   -5.7374242e-01    2.3636112e+00
  -5.5112066e-01   -5.8709208e-01    2.3630163e+00
  -5.3693318e-01   -6.0010174e-01    2.3624127e+00
  -5.2243582e-01   -6.1277142e-01    2.3618004e+00
  -5.0764855e-01   -6.2509110e-01    2.3611803e+00
  -4.9257138e-01   -6.3705079e-01    2.3605522e+00
  -4.7720431e-01   -6.4865049e-01    2.3599164e+00
  -4.6156730e-01   -6.5987020e-01    2.3592736e+00
  -4.4566038e-01   -6.7071992e-01    2.3586237e+00
  -4.2949353e-01   -6.8116965e-01    2.3579674e+00
  -4.1308672e-01   -6.9122939e-01    2.3573053e+00
  -3.9642997e-01   -7.0087914e-01    2.3566371e+00
  -3.7955327e-01   -7.1012890e-01    2.3559639e+00
  -3.6245659e-01   -7.1896867e-01    2.3552857e+00
  -3.4514995e-01   -7.2738846e-01    2.3546030e+00
  -3.2764332e-01   -7.3538825e-01    2.3539161e+00
  -3.0994671e-01   -7.4296805e-01    2.3532254e+00
  -2.9208010e-01   -7.5012787e-01    2.3525317e+00
  -2.7405349e-01   -7.5685770e-01    2.3518352e+00
  -2.5586686e-01   -7.6315753e-01    2.3511361e+00
  -2.3753022e-01   -7.6902738e-01    2.3504347e+00
  -2.1907355e-01   -7.7445724e-01    2.3497322e+00
  -2.0048684e-01   -7.7945711e-01    2.3490281e+00
  -1.8178010e-01   -7.8400699e-01    2.3483229e+00
  -1.6298331e-01   -7.8811689e-01    2.3476176e+00
  -1.4408646e-01   -7.9177679e-01    2.3469120e+00
  -1.2510955e-01   -7.9499671e-01    2.3462066e+00
  -1.0606257e-01   -7.9776664e-01    2.3455020e+00
  -8.6955510e-02   -8.0008658e-01    2.3447984e+00
  -6.7799366e-02   -8.0195653e-01    2.3440963e+00
  -4.8604130e-02   -8.0336649e-01    2.3433961e+00
  -2.9379793e-02   -8.0431647e-01    2.3426982e+00
  -1.0139348e-02   -8.0480646e-01    2.3420030e+00
   9.1078115e-03   -8.0483646e-01    2.3413109e+00
   2.8349893e-02   -8.0440647e-01    2.3406223e+00
   4.7576704e-02   -8.0351649e-01    2.3399375e+00
   6.6776655e-02   -8.0214653e-01    2.3392571e+00
   8.5937749e-02   -8.0032657e-01    2.3385814e+00
   1.0505099e-01   -7.9803663e-01    2.3379108e+00
   1.2409940e-01   -7.9529670e-01    2.3372457e+00
   1.4307797e-01   -7.9209679e-01    2.3365865e+00
   1.6197670e-01   -7.8844688e-01    2.3359333e+00
   1.8078561e-01   -7.8434699e-01    2.3352867e+00
   1.9949470e-01   -7.7980710e-01    2.3346467e+00
   2.1808398e-01   -7.7481723e-01    2.3340144e+00
   2.3655345e-01   -7.6939737e-01    2.3333894e+00
   2.5489312e-01   -7.6352752e-01    2.3327723e+00
   2.7307301e-01   -7.5721769e-01    2.3321641e+00
   2.9110310e-01   -7.5047786e-01    2.3315644e+00
   3.0897341e-01   -7.4330805e-01    2.3309736e+00
   3.2665396e-01   -7.3569824e-01    2.3303927e+00
   3.4415472e-01   -7.2767845e-01    2.3298213e+00
   3.6146572e-01   -7.1924867e-01    2.3292596e+00
   3.7856696e-01   -7.1040890e-01    2.3287084e+00
   3.9546842e-01   -7.0117913e-01    2.3281672e+00
   4.1215013e-01   -6.9157938e-01    2.3276365e+00
   4.2861207e-01   -6.8159964e-01    2.3271165e+00
   4.4485425e-01   -6.7125991e-01    2.3266070e+00
   4.6086667e-01   -6.6056018e-01    2.3261083e+00
   4.7662935e-01   -6.4951047e-01    2.3256211e+00
   4.9214227e-01   -6.3810076e-01    2.3251455e+00
   5.0737547e-01   -6.2633107e-01    2.3246825e+00
   5.2232895e-01   -6.1420138e-01    2.3242322e+00
   5.3697272e-01   -6.0170170e-01    2.3237957e+00
   5.5128680e-01   -5.8882204e-01    2.3233737e+00
   5.6526120e-01   -5.7557238e-01    2.3229666e+00
   5.7886593e-01   -5.6194273e-01    2.3225756e+00
   5.9209101e-01   -5.4794309e-01    2.3222008e+00
   6.0492642e-01   -5.3359346e-01    2.3218426e+00
   6.1737218e-01   -5.1889384e-01    2.3215009e+00
   6.2941828e-01   -5.0387423e-01    2.3211759e+00
   6.4107471e-01   -4.8854462e-01    2.3208671e+00
   6.5234147e-01   -4.7292503e-01    2.3205744e+00
   6.6323853e-01   -4.5704544e-01    2.3202968e+00
   6.7376590e-01   -4.4092585e-01    2.3200343e+00
   6.8392356e-01   -4.2456628e-01    2.3197868e+00
   6.9372152e-01   -4.0798671e-01    2.3195538e+00
   7.0315976e-01   -3.9119714e-01    2.3193353e+00
   7.1221829e-01   -3.7420758e-01    2.3191318e+00
   7.2090713e-01   -3.5700802e-01    2.3189431e+00
   7.2918627e-01   -3.3962847e-01    2.3187705e+00
   7.3707571e-01   -3.2205892e-01    2.3186132e+00
   7.4453548e-01   -3.0429938e-01    2.3184728e+00
   7.5156557e-01   -2.8636985e-01    2.3183490e+00
   7.5814600e-01   -2.6827031e-01    2.3182426e+00
   7.6428675e-01   -2.5001078e-01    2.3181532e+00
   7.6995784e-01   -2.3161126e-01    2.3180816e+00
   7.7518925e-01   -2.1307174e-01    2.3180269e+00
   7.7995099e-01   -1.9441222e-01    2.3179899e+00
   7.8425306e-01   -1.7564271e-01    2.3179702e+00
   7.8810545e-01   -1.5677319e-01    2.3179674e+00
   7.9149816e-01   -1.3781368e-01    2.3179818e+00
   7.9443118e-01   -1.1877417e-01    2.3180133e+00
   7.9689453e-01   -9.9673667e-02    2.3180621e+00
   7.9890817e-01   -8.0519162e-02    2.3181275e+00
   8.0044214e-01   -6.1321658e-02    2.3182104e+00
   8.0150642e-01   -4.2091154e-02    2.3183104e+00
   8.0210101e-01   -2.2841651e-02    2.3184275e+00
   8.0221591e-01   -3.5823486e-03    2.3185618e+00
   8.0186112e-01    1.5673354e-02    2.3187131e+00
   8.0101663e-01    3.4913857e-02    2.3188818e+00
   7.9969245e-01    5.4127361e-02    2.3190676e+00
   7.9789857e-01    7.3301866e-02    2.3192699e+00
   7.9562498e-01    9.2425372e-02    2.3194892e+00
   7.9288167e-01    1.1148988e-01    2.3197249e+00
   7.8968864e-01    1.3047939e-01    2.3199763e+00
   7.8602589e-01    1.4938890e-01    2.3202439e+00
   7.8193340e-01    1.6819842e-01    2.3205263e+00
   7.7740116e-01    1.8691793e-01    2.3208239e+00
   7.7243917e-01    2.0552745e-01    2.3211361e+00
   7.6705743e-01    2.2401697e-01    2.3214625e+00
   7.6127591e-01    2.4238650e-01    2.3218024e+00
   7.5509461e-01    2.6062603e-01    2.3221558e+00
   7.4853353e-01    2.7872556e-01    2.3225218e+00
   7.4158266e-01    2.9668510e-01    2.3229009e+00
   7.3427198e-01    3.1449464e-01    2.3232918e+00
   7.2659150e-01    3.3215418e-01    2.3236949e+00
   7.1855122e-01    3.4965373e-01    2.3241097e+00
   7.1014112e-01    3.6697328e-01    2.3245366e+00
   7.0139121e-01    3.8412284e-01    2.3249745e+00
   6.9228147e-01    4.0108240e-01    2.3254239e+00
   6.8281192e-01    4.1785197e-01    2.3258850e+00
   6.7299254e-01    4.3441154e-01    2.3263570e+00
   6.6282334e-01    4.5076112e-01    2.3268402e+00
   6.5229430e-01    4.6688070e-01    2.3273346e+00
   6.4140544e-01    4.8276029e-01    2.3278403e+00
   6.3016674e-01    4.9839989e-01    2.3283567e+00
   6.1857820e-01    5.1376949e-01    2.3288839e+00
   6.0663981e-01    5.2886910e-01    2.3294216e+00
   5.9435157e-01    5.4368872e-01    2.3299699e+00
   5.8171349e-01    5.5821834e-01    2.3305288e+00
   5.6874554e-01    5.7243798e-01    2.3310972e+00
   5.5544773e-01    5.8635762e-01    2.3316753e+00
   5.4181005e-01    5.9995727e-01    2.3322634e+00
   5.2786249e-01    6.1321692e-01    2.3328601e+00
   5.1359504e-01    6.2614659e-01    2.3334660e+00
   4.9902770e-01    6.3872626e-01    2.3340802e+00
   4.8415047e-01    6.5093595e-01    2.3347028e+00
   4.6897333e-01    6.6278564e-01    2.3353336e+00
   4.5351628e-01    6.7425535e-01    2.3359718e+00
   4.3776931e-01    6.8532506e-01    2.3366174e+00
   4.2175242e-01    6.9600478e-01    2.3372700e+00
   4.0547558e-01    7.0626452e-01    2.3379289e+00
   3.8892881e-01    7.1610427e-01    2.3385945e+00
   3.7214209e-01    7.2552402e-01    2.3392657e+00
   3.5511541e-01    7.3450379e-01    2.3399424e+00
   3.3786875e-01    7.4303357e-01    2.3406237e+00
   3.2040212e-01    7.5112336e-01    2.3413098e+00
   3.0273551e-01    7.5876316e-01    2.3419999e+00
   2.8487890e-01    7.6595298e-01    2.3426935e+00
   2.6684229e-01    7.7267280e-01    2.3433902e+00
   2.4864566e-01    7.7894264e-01    2.3440894e+00
   2.3029901e-01    7.8475249e-01    2.3447908e+00
   2.1180234e-01    7.9009236e-01    2.3454941e+00
   1.9319562e-01    7.9498223e-01    2.3461981e+00
   1.7445887e-01    7.9941211e-01    2.3469036e+00
   1.5563206e-01    8.0339201e-01    2.3476090e+00
   1.3670519e-01    8.0691192e-01    2.3483147e+00
   1.1770826e-01    8.0999184e-01    2.3490198e+00
   9.8642256e-02    8.1262177e-01    2.3497241e+00
   7.9519172e-02    8.1480172e-01    2.3504272e+00
   6.0351000e-02    8.1653167e-01    2.3511287e+00
   4.1145737e-02    8.1781164e-01    2.3518283e+00
   2.1916370e-02    8.1863162e-01    2.3525255e+00
   2.6728928e-03    8.1899161e-01    2.3532199e+00
  -1.6573701e-02    8.1889161e-01    2.3539110e+00
  -3.5813420e-02    8.1832163e-01    2.3545986e+00
  -5.5033271e-02    8.1729165e-01    2.3552821e+00
  -7.4222264e-02    8.1579169e-01    2.3559611e+00
  -9.3371398e-02    8.1384174e-01    2.3566355e+00
  -1.1247268e-01    8.1144180e-01    2.3573049e+00
  -1.3150112e-01    8.0859188e-01    2.3579684e+00
  -1.5046972e-01    8.0530196e-01    2.3586267e+00
  -1.6935848e-01    8.0159206e-01    2.3592790e+00
  -1.8815740e-01    7.9746216e-01    2.3599251e+00
  -2.0686649e-01    7.9291228e-01    2.3605650e+00
  -2.2545577e-01    7.8794241e-01    2.3611975e+00
  -2.4394522e-01    7.8256255e-01    2.3618235e+00
  -2.6229486e-01    7.7676270e-01    2.3624414e+00
  -2.8051470e-01    7.7054286e-01    2.3630517e+00
  -2.9858474e-01    7.6390303e-01    2.3636535e+00
  -3.1648501e-01    7.5683321e-01    2.3642462e+00
  -3.3422548e-01    7.4935341e-01    2.3648301e+00
  -3.5177618e-01    7.4145361e-01    2.3654042e+00
  -3.6914711e-01    7.3313383e-01    2.3659689e+00
  -3.8630828e-01    7.2442405e-01    2.3665232e+00
  -4.0326968e-01    7.1531429e-01    2.3670674e+00
  -4.2002131e-01    7.0582453e-01    2.3676013e+00
  -4.3655318e-01    6.9595479e-01    2.3681247e+00
  -4.5285530e-01    6.8570505e-01    2.3686370e+00
  -4.6891766e-01    6.7509532e-01    2.3691381e+00
  -4.8474027e-01    6.6412561e-01    2.3696280e+00
  -5.0030315e-01    6.5278590e-01    2.3701059e+00
  -5.1559630e-01    6.4108620e-01    2.3705716e+00
  -5.3059972e-01    6.2902651e-01    2.3710242e+00
  -5.4531342e-01    6.1660684e-01    2.3714638e+00
  -5.5972741e-01    6.0383717e-01    2.3718902e+00
  -5.7383169e-01    5.9072750e-01    2.3723029e+00
  -5.8760627e-01    5.7726785e-01    2.3727013e+00
  -6.0105114e-01    5.6348821e-01    2.3730855e+00
  -6.1416632e-01    5.4938857e-01    2.3734556e+00
  -6.2695178e-01    5.3498894e-01    2.3738117e+00
  -6.3939753e-01    5.2029932e-01    2.3741534e+00
  -6.5150358e-01    5.0531971e-01    2.3744809e+00
  -6.6325993e-01    4.9007010e-01    2.3747939e+00
  -6.7466657e-01    4.7455050e-01    2.3750923e+00
  -6.8571351e-01    4.5878091e-01    2.3753760e+00
  -6.9640074e-01    4.4276132e-01    2.3756450e+00
  -7.0670829e-01    4.2649174e-01    2.3758986e+00
  -7.1663614e-01    4.0998217e-01    2.3761367e+00
  -7.2616431e-01    3.9325260e-01    2.3763590e+00
  -7.3529279e-01    3.7629304e-01    2.3765651e+00
  -7.4402159e-01    3.5912348e-01    2.3767555e+00
  -7.5234071e-01    3.4175393e-01    2.3769296e+00
  -7.6024014e-01    3.2419439e-01    2.3770873e+00
  -7.6772988e-01    3.0645484e-01    2.3772290e+00
  -7.7479995e-01    2.8853531e-01    2.3773543e+00
  -7.8146031e-01    2.7046577e-01    2.3774638e+00
  -7.8770099e-01    2.5224624e-01    2.3775571e+00
  -7.9351198e-01    2.3388672e-01    2.3776340e+00
  -7.9891327e-01    2.1539720e-01    2.3776952e+00
  -8.0389486e-01    1.9678768e-01    2.3777404e+00
  -8.0843676e-01    1.7807816e-01    2.3777691e+00
  -8.1254896e-01    1.5925865e-01    2.3777816e+00
  -8.1623147e-01    1.4035913e-01    2.3777781e+00
  -8.1945429e-01    1.2136962e-01    2.3777574e+00
  -8.2223742e-01    1.0231012e-01    2.3777204e+00
  -8.2456086e-01    8.3190611e-02    2.3776664e+00
  -8.2642460e-01    6.4022106e-02    2.3775956e+00
  -8.2783865e-01    4.4813602e-02    2.3775082e+00
  -8.2878301e-01    2.5577098e-02    2.3774039e+00
  -8.2926767e-01    6.3241956e-03    2.3772828e+00
  -8.2929263e-01   -1.2934907e-02    2.3771452e+00
  -8.2886788e-01   -3.2189410e-02    2.3769915e+00
  -8.2799342e-01   -5.1428913e-02    2.3768217e+00
  -8.2666924e-01   -7.0642417e-02    2.3766359e+00
  -8.2491533e-01   -8.9820922e-02    2.3764349e+00
  -8.2273168e-01   -1.0895443e-01    2.3762188e+00
  -8.2011830e-01   -1.2803393e-01    2.3759877e+00
  -8.1707518e-01   -1.4705344e-01    2.3757415e+00
  -8.1360231e-01   -1.6599295e-01    2.3754805e+00
  -8.0969971e-01   -1.8485247e-01    2.3752046e+00
  -8.0536735e-01   -2.0361198e-01    2.3749139e+00
  -8.0058526e-01   -2.2227150e-01    2.3746078e+00
  -7.9537342e-01   -2.4081102e-01    2.3742871e+00
  -7.8970183e-01   -2.5921055e-01    2.3739509e+00
  -7.8359050e-01   -2.7747008e-01    2.3735999e+00
  -7.7702941e-01   -2.9556961e-01    2.3732339e+00
  -7.7001858e-01   -3.1350914e-01    2.3728528e+00
  -7.6257797e-01   -3.3126869e-01    2.3724576e+00
  -7.5470759e-01   -3.4883823e-01    2.3720484e+00
  -7.4641744e-01   -3.6621778e-01    2.3716254e+00
  -7.3771750e-01   -3.8339734e-01    2.3711891e+00
  -7.2862775e-01   -4.0036690e-01    2.3707403e+00
  -7.1914821e-01   -4.1713647e-01    2.3702789e+00
  -7.0929884e-01   -4.3367604e-01    2.3698059e+00
  -6.9907966e-01   -4.4999562e-01    2.3693211e+00
  -6.8849066e-01   -4.6607520e-01    2.3688249e+00
  -6.7755181e-01   -4.8191480e-01    2.3683177e+00
  -6.6625314e-01   -4.9750439e-01    2.3677994e+00
  -6.5459463e-01   -5.1283400e-01    2.3672701e+00
  -6.4258627e-01   -5.2787361e-01    2.3667302e+00
  -6.3022807e-01   -5.4263323e-01    2.3661798e+00
  -6.1752002e-01   -5.5710285e-01    2.3656189e+00
  -6.0447210e-01   -5.7125249e-01    2.3650481e+00
  -5.9109432e-01   -5.8509213e-01    2.3644677e+00
  -5.7738667e-01   -5.9861178e-01    2.3638777e+00
  -5.6335913e-01   -6.1180144e-01    2.3632786e+00
  -5.4903171e-01   -6.2465111e-01    2.3626711e+00
  -5.3440439e-01   -6.3717079e-01    2.3620552e+00
  -5.1949717e-01   -6.4935047e-01    2.3614317e+00
  -5.0431003e-01   -6.6118017e-01    2.3608007e+00
  -4.8886297e-01   -6.7264987e-01    2.3601629e+00
  -4.7314600e-01   -6.8376958e-01    2.3595180e+00
  -4.5717909e-01   -6.9451931e-01    2.3588667e+00
  -4.4096225e-01   -7.0488904e-01    2.3582091e+00
  -4.2450546e-01   -7.1487878e-01    2.3575457e+00
  -4.0782871e-01   -7.2447853e-01    2.3568771e+00
  -3.9092201e-01   -7.3367829e-01    2.3562032e+00
  -3.7379534e-01   -7.4247807e-01    2.3555242e+00
  -3.5647870e-01   -7.5086785e-01    2.3548414e+00
  -3.3896207e-01   -7.5884764e-01    2.3541543e+00
  -3.2126546e-01   -7.6641745e-01    2.3534637e+00
  -3.0339885e-01   -7.7357726e-01    2.3527699e+00
  -2.8537224e-01   -7.8032709e-01    2.3520733e+00
  -2.6720561e-01   -7.8666693e-01    2.3513747e+00
  -2.4888898e-01   -7.9260677e-01    2.3506735e+00
  -2.3045231e-01   -7.9812663e-01    2.3499710e+00
  -2.1189562e-01   -8.0323650e-01    2.3492672e+00
  -1.9322889e-01   -8.0792638e-01    2.3485624e+00
  -1.7447211e-01   -8.1220627e-01    2.3478574e+00
  -1.5561529e-01   -8.1606617e-01    2.3471517e+00
  -1.3667841e-01   -8.1950608e-01    2.3464462e+00
  -1.1766147e-01   -8.2250600e-01    2.3457410e+00
  -9.8588449e-02   -8.2506593e-01    2.3450370e+00
  -7.9458356e-02   -8.2719588e-01    2.3443339e+00
  -6.0285172e-02   -8.2886584e-01    2.3436327e+00
  -4.1076898e-02   -8.3009580e-01    2.3429333e+00
  -2.1845519e-02   -8.3086578e-01    2.3422364e+00
  -2.6005304e-03   -8.3117578e-01    2.3415424e+00
   1.6646571e-02   -8.3104578e-01    2.3408514e+00
   3.5884296e-02   -8.3045579e-01    2.3401641e+00
   5.5104150e-02   -8.2941582e-01    2.3394806e+00
   7.4294137e-02   -8.2793586e-01    2.3388014e+00
   9.3445267e-02   -8.2599591e-01    2.3381269e+00
   1.1254954e-01   -8.2362597e-01    2.3374572e+00
   1.3158797e-01   -8.2080604e-01    2.3367931e+00
   1.5055656e-01   -8.1755613e-01    2.3361345e+00
   1.6944531e-01   -8.1385622e-01    2.3354821e+00
   1.8824424e-01   -8.0971633e-01    2.3348361e+00
   2.0694334e-01   -8.0513645e-01    2.3341968e+00
   2.2552264e-01   -8.0011658e-01    2.3335650e+00
   2.4398213e-01   -7.9465672e-01    2.3329407e+00
   2.6231181e-01   -7.8876687e-01    2.3323241e+00
   2.8049170e-01   -7.8243704e-01    2.3317161e+00
   2.9851181e-01   -7.7567721e-01    2.3311169e+00
   3.1638212e-01   -7.6849740e-01    2.3305261e+00
   3.3407265e-01   -7.6090759e-01    2.3299447e+00
   3.5158340e-01   -7.5291780e-01    2.3293727e+00
   3.6891437e-01   -7.4453801e-01    2.3288099e+00
   3.8605557e-01   -7.3576824e-01    2.3282568e+00
   4.0299699e-01   -7.2662848e-01    2.3277135e+00
   4.1973863e-01   -7.1711872e-01    2.3271801e+00
   4.3627050e-01   -7.0723898e-01    2.3266568e+00
   4.5257261e-01   -6.9700924e-01    2.3261443e+00
   4.6865496e-01   -6.8641951e-01    2.3256424e+00
   4.8448756e-01   -6.7546980e-01    2.3251519e+00
   5.0007042e-01   -6.6416009e-01    2.3246731e+00
   5.1538354e-01   -6.5249039e-01    2.3242065e+00
   5.3042693e-01   -6.4047070e-01    2.3237522e+00
   5.4517061e-01   -6.2808102e-01    2.3233113e+00
   5.5961457e-01   -6.1535135e-01    2.3228836e+00
   5.7373882e-01   -6.0227169e-01    2.3224699e+00
   5.8755337e-01   -5.8885203e-01    2.3220698e+00
   6.0102822e-01   -5.7509239e-01    2.3216843e+00
   6.1416337e-01   -5.6101275e-01    2.3213134e+00
   6.2694883e-01   -5.4661313e-01    2.3209573e+00
   6.3938460e-01   -5.3191350e-01    2.3206160e+00
   6.5147066e-01   -5.1692389e-01    2.3202893e+00
   6.6319704e-01   -5.0164429e-01    2.3199776e+00
   6.7455372e-01   -4.8609469e-01    2.3196812e+00
   6.8554071e-01   -4.7027510e-01    2.3194000e+00
   6.9615800e-01   -4.5420551e-01    2.3191339e+00
   7.0639560e-01   -4.3789593e-01    2.3188831e+00
   7.1626350e-01   -4.2135636e-01    2.3186473e+00
   7.2575170e-01   -4.0459679e-01    2.3184268e+00
   7.3485021e-01   -3.8762723e-01    2.3182217e+00
   7.4356901e-01   -3.7045767e-01    2.3180318e+00
   7.5189812e-01   -3.5308812e-01    2.3178573e+00
   7.5983753e-01   -3.3553858e-01    2.3176980e+00
   7.6736724e-01   -3.1781903e-01    2.3175548e+00
   7.7450725e-01   -2.9992950e-01    2.3174268e+00
   7.8121758e-01   -2.8187996e-01    2.3173153e+00
   7.8750822e-01   -2.6368043e-01    2.3172201e+00
   7.9336917e-01   -2.4533091e-01    2.3171413e+00
   7.9877046e-01   -2.2684138e-01    2.3170801e+00
   8.0373206e-01   -2.0823186e-01    2.3170356e+00
   8.0821401e-01   -1.8950235e-01    2.3170092e+00
   8.1224627e-01   -1.7067283e-01    2.3169996e+00
   8.1580886e-01   -1.5174332e-01    2.3170077e+00
   8.1891176e-01   -1.3273381e-01    2.3170329e+00
   8.2155498e-01   -1.1365431e-01    2.3170750e+00
   8.2373852e-01   -9.4521800e-02    2.3171341e+00
   8.2549234e-01   -7.5341295e-02    2.3172090e+00
   8.2679646e-01   -5.6126792e-02    2.3173003e+00
   8.2766087e-01   -3.6886289e-02    2.3174076e+00
   8.2810556e-01   -1.7632786e-02    2.3175301e+00
   8.2811053e-01    1.6268169e-03    2.3176684e+00
   8.2769578e-01    2.0881220e-02    2.3178218e+00
   8.2684130e-01    4.0121723e-02    2.3179909e+00
   8.2554710e-01    5.9337227e-02    2.3181756e+00
   8.2382317e-01    7.8517731e-02    2.3183755e+00
   8.2165951e-01    9.7654237e-02    2.3185909e+00
   8.1905612e-01    1.1673974e-01    2.3188217e+00
   8.1601300e-01    1.3574925e-01    2.3190678e+00
   8.1254014e-01    1.5469876e-01    2.3193290e+00
   8.0863753e-01    1.7354828e-01    2.3196048e+00
   8.0430518e-01    1.9231779e-01    2.3198955e+00
   7.9955307e-01    2.1097731e-01    2.3202005e+00
   7.9439119e-01    2.2952683e-01    2.3205195e+00
   7.8880956e-01    2.4795636e-01    2.3208527e+00
   7.8282815e-01    2.6626588e-01    2.3211994e+00
   7.7645696e-01    2.8443541e-01    2.3215591e+00
   7.6968600e-01    3.0246495e-01    2.3219322e+00
   7.6253523e-01    3.2034449e-01    2.3223178e+00
   7.5501467e-01    3.3807403e-01    2.3227156e+00
   7.4712431e-01    3.5563357e-01    2.3231256e+00
   7.3887413e-01    3.7303313e-01    2.3235473e+00
   7.3025415e-01    3.9025268e-01    2.3239810e+00
   7.2128434e-01    4.0728224e-01    2.3244259e+00
   7.1196471e-01    4.2413181e-01    2.3248821e+00
   7.0228527e-01    4.4078138e-01    2.3253498e+00
   6.9225599e-01    4.5721095e-01    2.3258285e+00
   6.8187689e-01    4.7343053e-01    2.3263183e+00
   6.7114795e-01    4.8942012e-01    2.3268189e+00
   6.6007917e-01    5.0516971e-01    2.3273301e+00
   6.4865055e-01    5.2065931e-01    2.3278524e+00
   6.3687210e-01    5.3589892e-01    2.3283854e+00
   6.2475379e-01    5.5085853e-01    2.3289286e+00
   6.1229563e-01    5.6552815e-01    2.3294819e+00
   5.9950760e-01    5.7991778e-01    2.3300451e+00
   5.8637972e-01    5.9399742e-01    2.3306183e+00
   5.7293197e-01    6.0777706e-01    2.3312008e+00
   5.5915434e-01    6.2122672e-01    2.3317928e+00
   5.4506683e-01    6.3434638e-01    2.3323936e+00
   5.3066943e-01    6.4712605e-01    2.3330031e+00
   5.1597214e-01    6.5955573e-01    2.3336208e+00
   5.0098494e-01    6.7162541e-01    2.3342464e+00
   4.8570783e-01    6.8334511e-01    2.3348799e+00
   4.7016081e-01    6.9468482e-01    2.3355203e+00
   4.5434386e-01    7.0565454e-01    2.3361678e+00
   4.3826698e-01    7.1624426e-01    2.3368219e+00
   4.2195016e-01    7.2646400e-01    2.3374820e+00
   4.0540338e-01    7.3629374e-01    2.3381475e+00
   3.8863666e-01    7.4574350e-01    2.3388182e+00
   3.7165996e-01    7.5480327e-01    2.3394936e+00
   3.5447330e-01    7.6347304e-01    2.3401738e+00
   3.3708667e-01    7.7173283e-01    2.3408582e+00
   3.1952005e-01    7.7959263e-01    2.3415463e+00
   3.0176344e-01    7.8703243e-01    2.3422381e+00
   2.8384683e-01    7.9405225e-01    2.3429327e+00
   2.6576021e-01    8.0063208e-01    2.3436302e+00
   2.4751358e-01    8.0677192e-01    2.3443303e+00
   2.2912693e-01    8.1247178e-01    2.3450322e+00
   2.1061025e-01    8.1771164e-01    2.3457356e+00
   1.9197352e-01    8.2250152e-01    2.3464400e+00
   1.7321676e-01    8.2684141e-01    2.3471455e+00
   1.5436994e-01    8.3072131e-01    2.3478509e+00
   1.3543306e-01    8.3416122e-01    2.3485564e+00
   1.1641611e-01    8.3716114e-01    2.3492616e+00
   9.7343096e-02    8.3972107e-01    2.3499657e+00
   7.8213001e-02    8.4184102e-01    2.3506686e+00
   5.9040822e-02    8.4353098e-01    2.3513700e+00
   3.9835553e-02    8.4479094e-01    2.3520694e+00
   2.0606189e-02    8.4562092e-01    2.3527667e+00
   1.3625198e-03    8.4601091e-01    2.3534613e+00
  -1.7884858e-02    8.4597091e-01    2.3541529e+00
  -3.7125556e-02    8.4548092e-01    2.3548411e+00
  -5.6351377e-02    8.4455095e-01    2.3555255e+00
  -7.5549333e-02    8.4317098e-01    2.3562057e+00
  -9.4710426e-02    8.4135103e-01    2.3568815e+00
  -1.1382467e-01    8.3907109e-01    2.3575522e+00
  -1.3288306e-01    8.3635116e-01    2.3582178e+00
  -1.5186162e-01    8.3319124e-01    2.3588773e+00
  -1.7077034e-01    8.2958134e-01    2.3595311e+00
  -1.8958922e-01    8.2554144e-01    2.3601785e+00
  -2.0831828e-01    8.2106156e-01    2.3608196e+00
  -2.2692753e-01    8.1616168e-01    2.3614533e+00
  -2.4542696e-01    8.1083182e-01    2.3620800e+00
  -2.6379657e-01    8.0509197e-01    2.3626991e+00
  -2.8203638e-01    7.9893213e-01    2.3633105e+00
  -3.0013639e-01    7.9237230e-01    2.3639140e+00
  -3.1807660e-01    7.8540248e-01    2.3645088e+00
  -3.3586701e-01    7.7803267e-01    2.3650954e+00
  -3.5347764e-01    7.7026287e-01    2.3656726e+00
  -3.7090849e-01    7.6209308e-01    2.3662404e+00
  -3.8815956e-01    7.5353330e-01    2.3667990e+00
  -4.0520086e-01    7.4459353e-01    2.3673474e+00
  -4.2205239e-01    7.3527377e-01    2.3678861e+00
  -4.3868415e-01    7.2558402e-01    2.3684143e+00
  -4.5510614e-01    7.1553428e-01    2.3689324e+00
  -4.7130836e-01    7.0512455e-01    2.3694400e+00
  -4.8727083e-01    6.9437483e-01    2.3699365e+00
  -5.0300353e-01    6.8327511e-01    2.3704223e+00
  -5.1849648e-01    6.7183541e-01    2.3708970e+00
  -5.3372968e-01    6.6006571e-01    2.3713599e+00
  -5.4870314e-01    6.4795603e-01    2.3718111e+00
  -5.6339686e-01    6.3551635e-01    2.3722499e+00
  -5.7781085e-01    6.2274668e-01    2.3726762e+00
  -5.9191512e-01    6.0963702e-01    2.3730890e+00
  -6.0570968e-01    5.9620736e-01    2.3734883e+00
  -6.1918453e-01    5.8244772e-01    2.3738737e+00
  -6.3232968e-01    5.6836808e-01    2.3742450e+00
  -6.4512513e-01    5.5398845e-01    2.3746016e+00
  -6.5759087e-01    5.3930883e-01    2.3749442e+00
  -6.6970691e-01    5.2433922e-01    2.3752721e+00
  -6.8148324e-01    5.0910961e-01    2.3755859e+00
  -6.9292985e-01    4.9362001e-01    2.3758860e+00
  -7.0404673e-01    4.7789042e-01    2.3761725e+00
  -7.1482389e-01    4.6193083e-01    2.3764452e+00
  -7.2527132e-01    4.4575125e-01    2.3767044e+00
  -7.3537903e-01    4.2936167e-01    2.3769499e+00
  -7.4513702e-01    4.1275210e-01    2.3771812e+00
  -7.5453529e-01    3.9595253e-01    2.3773983e+00
  -7.6356385e-01    3.7894297e-01    2.3776005e+00
  -7.7221271e-01    3.6173342e-01    2.3777877e+00
  -7.8045188e-01    3.4432387e-01    2.3779587e+00
  -7.8829136e-01    3.2673432e-01    2.3781140e+00
  -7.9570117e-01    3.0895478e-01    2.3782525e+00
  -8.0268130e-01    2.9100524e-01    2.3783743e+00
  -8.0924174e-01    2.7289571e-01    2.3784799e+00
  -8.1536250e-01    2.5463618e-01    2.3785687e+00
  -8.2105358e-01    2.3623666e-01    2.3786409e+00
  -8.2632496e-01    2.1770714e-01    2.3786972e+00
  -8.3115666e-01    1.9906762e-01    2.3787368e+00
  -8.3556865e-01    1.8031810e-01    2.3787606e+00
  -8.3955095e-01    1.6147859e-01    2.3787683e+00
  -8.4311354e-01    1.4254908e-01    2.3787602e+00
  -8.4623643e-01    1.2354957e-01    2.3787358e+00
  -8.4891962e-01    1.0447006e-01    2.3786951e+00
  -8.5117311e-01    8.5347555e-02    2.3786386e+00
  -8.5298689e-01    6.6173050e-02    2.3785659e+00
  -8.5436097e-01    4.6962546e-02    2.3784771e+00
  -8.5528534e-01    2.7725043e-02    2.3783720e+00
  -8.5577000e-01    8.4719401e-03    2.3782510e+00
  -8.5581495e-01   -1.0786963e-02    2.3781141e+00
  -8.5543017e-01   -3.0042465e-02    2.3779618e+00
  -8.5461567e-01   -4.9283968e-02    2.3777942e+00
  -8.5337144e-01   -6.8502472e-02    2.3776112e+00
  -8.5170747e-01   -8.7688977e-02    2.3774134e+00
  -8.4961377e-01   -1.0683448e-01    2.3772005e+00
  -8.4710032e-01   -1.2592399e-01    2.3769728e+00
  -8.4415714e-01   -1.4496350e-01    2.3767301e+00
  -8.4079421e-01   -1.6392301e-01    2.3764729e+00
  -8.3700154e-01   -1.8280252e-01    2.3762008e+00
  -8.3277912e-01   -2.0159204e-01    2.3759138e+00
  -8.2812696e-01   -2.2028155e-01    2.3756122e+00
  -8.2305503e-01   -2.3885107e-01    2.3752963e+00
  -8.1756335e-01   -2.5731060e-01    2.3749662e+00
  -8.1164191e-01   -2.7564012e-01    2.3746215e+00
  -8.0532069e-01   -2.9381965e-01    2.3742635e+00
  -7.9857970e-01   -3.1185919e-01    2.3738914e+00
  -7.9143894e-01   -3.2974873e-01    2.3735061e+00
  -7.8390838e-01   -3.4746827e-01    2.3731079e+00
  -7.7597804e-01   -3.6501781e-01    2.3726967e+00
  -7.6766789e-01   -3.8238737e-01    2.3722730e+00
  -7.5897794e-01   -3.9956692e-01    2.3718371e+00
  -7.4989819e-01   -4.1654648e-01    2.3713886e+00
  -7.4044863e-01   -4.3332605e-01    2.3709282e+00
  -7.3062925e-01   -4.4988562e-01    2.3704561e+00
  -7.2043006e-01   -4.6621520e-01    2.3699720e+00
  -7.0987104e-01   -4.8231479e-01    2.3694767e+00
  -6.9893220e-01   -4.9815438e-01    2.3689695e+00
  -6.8763353e-01   -5.1374397e-01    2.3684512e+00
  -6.7597501e-01   -5.2906358e-01    2.3679220e+00
  -6.6395666e-01   -5.4410319e-01    2.3673818e+00
  -6.5158847e-01   -5.5886281e-01    2.3668310e+00
  -6.3887041e-01   -5.7331244e-01    2.3662699e+00
  -6.2582250e-01   -5.8746207e-01    2.3656991e+00
  -6.1244472e-01   -6.0131171e-01    2.3651186e+00
  -5.9874706e-01   -6.1484136e-01    2.3645288e+00
  -5.8474951e-01   -6.2805102e-01    2.3639307e+00
  -5.7046208e-01   -6.4095069e-01    2.3633243e+00
  -5.5588474e-01   -6.5352036e-01    2.3627098e+00
  -5.4103750e-01   -6.6578005e-01    2.3620879e+00
  -5.2592034e-01   -6.7769974e-01    2.3614588e+00
  -5.1056326e-01   -6.8928944e-01    2.3608234e+00
  -4.9494625e-01   -7.0054915e-01    2.3601810e+00
  -4.7908931e-01   -7.1145887e-01    2.3595325e+00
  -4.6299244e-01   -7.2202860e-01    2.3588778e+00
  -4.4667562e-01   -7.3222833e-01    2.3582179e+00
  -4.3011885e-01   -7.4204808e-01    2.3575521e+00
  -4.1335212e-01   -7.5149783e-01    2.3568814e+00
  -3.9636543e-01   -7.6055760e-01    2.3562056e+00
  -3.7917877e-01   -7.6920738e-01    2.3555255e+00
  -3.6179214e-01   -7.7746716e-01    2.3548411e+00
  -3.4421552e-01   -7.8531696e-01    2.3541528e+00
  -3.2646891e-01   -7.9276677e-01    2.3534613e+00
  -3.0855230e-01   -7.9980659e-01    2.3527666e+00
  -2.9048568e-01   -8.0644642e-01    2.3520693e+00
  -2.7227906e-01   -8.1268625e-01    2.3513700e+00
  -2.5394241e-01   -8.1852610e-01    2.3506688e+00
  -2.3548574e-01   -8.2397596e-01    2.3499661e+00
  -2.1690904e-01   -8.2902583e-01    2.3492620e+00
  -1.9823231e-01   -8.3368571e-01    2.3485570e+00
  -1.7946553e-01   -8.3793560e-01    2.3478518e+00
  -1.6060871e-01   -8.4178550e-01    2.3471463e+00
  -1.4167183e-01   -8.4522541e-01    2.3464408e+00
  -1.2266489e-01   -8.4824534e-01    2.3457358e+00
  -1.0358788e-01   -8.5083527e-01    2.3450314e+00
  -8.4464788e-02   -8.5299521e-01    2.3443284e+00
  -6.5295617e-02   -8.5472517e-01    2.3436268e+00
  -4.6091355e-02   -8.5601513e-01    2.3429272e+00
  -2.6862995e-02   -8.5686511e-01    2.3422298e+00
  -7.6200284e-03   -8.5726510e-01    2.3415352e+00
   1.1627047e-02   -8.5723510e-01    2.3408435e+00
   3.0868739e-02   -8.5676512e-01    2.3401552e+00
   5.0095552e-02   -8.5586514e-01    2.3394705e+00
   6.9296493e-02   -8.5453517e-01    2.3387898e+00
   8.8464566e-02   -8.5277522e-01    2.3381134e+00
   1.0758578e-01   -8.5059527e-01    2.3374417e+00
   1.2666413e-01   -8.4798534e-01    2.3367746e+00
   1.4567263e-01   -8.4496542e-01    2.3361130e+00
   1.6460129e-01   -8.4151551e-01    2.3354573e+00
   1.8346011e-01   -8.3764561e-01    2.3348072e+00
   2.0222910e-01   -8.3335572e-01    2.3341633e+00
   2.2088826e-01   -8.2863584e-01    2.3335265e+00
   2.3943761e-01   -8.2349597e-01    2.3328967e+00
   2.5786714e-01   -8.1792612e-01    2.3322742e+00
   2.7616687e-01   -8.1194627e-01    2.3316593e+00
   2.9431680e-01   -8.0554644e-01    2.3310529e+00
   3.1232692e-01   -7.9873661e-01    2.3304544e+00
   3.3017726e-01   -7.9152680e-01    2.3298646e+00
   3.4785780e-01   -7.8392700e-01    2.3292836e+00
   3.6536855e-01   -7.7592720e-01    2.3287117e+00
   3.8269953e-01   -7.6754742e-01    2.3281489e+00
   3.9984072e-01   -7.5878765e-01    2.3275957e+00
   4.1679213e-01   -7.4964788e-01    2.3270521e+00
   4.3352378e-01   -7.4012813e-01    2.3265190e+00
   4.5004566e-01   -7.3024838e-01    2.3259961e+00
   4.6633779e-01   -7.1998865e-01    2.3254842e+00
   4.8240015e-01   -7.0936892e-01    2.3249832e+00
   4.9821278e-01   -6.9838921e-01    2.3244937e+00
   5.1377565e-01   -6.8704950e-01    2.3240158e+00
   5.2906880e-01   -6.7534980e-01    2.3235502e+00
   5.4409220e-01   -6.6331011e-01    2.3230967e+00
   5.5884587e-01   -6.5093043e-01    2.3226553e+00
   5.7330981e-01   -6.3823076e-01    2.3222267e+00
   5.8748402e-01   -6.2520110e-01    2.3218109e+00
   6.0136850e-01   -6.1185144e-01    2.3214077e+00
   6.1495325e-01   -5.9820179e-01    2.3210175e+00
   6.2821829e-01   -5.8425215e-01    2.3206410e+00
   6.4117360e-01   -5.7000252e-01    2.3202777e+00
   6.5379920e-01   -5.5546290e-01    2.3199284e+00
   6.6608510e-01   -5.4063328e-01    2.3195934e+00
   6.7803128e-01   -5.2553367e-01    2.3192725e+00
   6.8962776e-01   -5.1015407e-01    2.3189663e+00
   7.0085456e-01   -4.9450447e-01    2.3186752e+00
   7.1171165e-01   -4.7860488e-01    2.3183993e+00
   7.2219905e-01   -4.6244530e-01    2.3181385e+00
   7.3230676e-01   -4.4605572e-01    2.3178930e+00
   7.4203477e-01   -4.2943615e-01    2.3176628e+00
   7.5138308e-01   -4.1260659e-01    2.3174477e+00
   7.6035169e-01   -3.9555703e-01    2.3172479e+00
   7.6894059e-01   -3.7831747e-01    2.3170632e+00
   7.7713980e-01   -3.6089792e-01    2.3168937e+00
   7.8495930e-01   -3.4328838e-01    2.3167392e+00
   7.9237909e-01   -3.2551883e-01    2.3166003e+00
   7.9940919e-01   -3.0758930e-01    2.3164765e+00
   8.0604957e-01   -2.8950976e-01    2.3163678e+00
   8.1227026e-01   -2.7129024e-01    2.3162752e+00
   8.1809124e-01   -2.5292071e-01    2.3161980e+00
   8.2349253e-01   -2.3444119e-01    2.3161368e+00
   8.2846412e-01   -2.1583167e-01    2.3160919e+00
   8.3301602e-01   -1.9712215e-01    2.3160628e+00
   8.3713822e-01   -1.7830264e-01    2.3160499e+00
   8.4083071e-01   -1.5940312e-01    2.3160531e+00
   8.4409351e-01   -1.4042361e-01    2.3160723e+00
   8.4692660e-01   -1.2137411e-01    2.3161075e+00
   8.4932999e-01   -1.0226460e-01    2.3161585e+00
   8.5132365e-01   -8.3105095e-02    2.3162246e+00
   8.5288760e-01   -6.3909591e-02    2.3163064e+00
   8.5403183e-01   -4.4684087e-02    2.3164035e+00
   8.5476632e-01   -2.5438584e-02    2.3165155e+00
   8.5509109e-01   -6.1820815e-03    2.3166423e+00
   8.5499612e-01    1.3076421e-02    2.3167843e+00
   8.5449142e-01    3.2328924e-02    2.3169408e+00
   8.5356699e-01    5.1566427e-02    2.3171124e+00
   8.5223282e-01    7.0777931e-02    2.3172985e+00
   8.5046891e-01    8.9956436e-02    2.3174999e+00
   8.4827527e-01    1.0908994e-01    2.3177163e+00
   8.4565190e-01    1.2816945e-01    2.3179478e+00
   8.4260878e-01    1.4718896e-01    2.3181940e+00
   8.3912592e-01    1.6612847e-01    2.3184554e+00
   8.3522331e-01    1.8497798e-01    2.3187313e+00
   8.3089096e-01    2.0374750e-01    2.3190220e+00
   8.2613885e-01    2.2240702e-01    2.3193270e+00
   8.2097697e-01    2.4095654e-01    2.3196460e+00
   8.1540534e-01    2.5939606e-01    2.3199789e+00
   8.0943392e-01    2.7770559e-01    2.3203252e+00
   8.0306273e-01    2.9587512e-01    2.3206849e+00
   7.9631175e-01    3.1390465e-01    2.3210573e+00
   7.8917099e-01    3.3179419e-01    2.3214426e+00
   7.8165042e-01    3.4951373e-01    2.3218404e+00
   7.7375006e-01    3.6707328e-01    2.3222507e+00
   7.6546990e-01    3.8446283e-01    2.3226734e+00
   7.5681993e-01    4.0166239e-01    2.3231080e+00
   7.4779016e-01    4.1867195e-01    2.3235550e+00
   7.3841056e-01    4.3548151e-01    2.3240130e+00
   7.2866115e-01    4.5208108e-01    2.3244829e+00
   7.1855192e-01    4.6848066e-01    2.3249642e+00
   7.0810284e-01    4.8465024e-01    2.3254562e+00
   6.9731393e-01    5.0058983e-01    2.3259586e+00
   6.8618518e-01    5.1629943e-01    2.3264717e+00
   6.7472658e-01    5.3177903e-01    2.3269949e+00
   6.6295812e-01    5.4700863e-01    2.3275275e+00
   6.5085980e-01    5.6198825e-01    2.3280701e+00
   6.3844162e-01    5.7669787e-01    2.3286223e+00
   6.2572357e-01    5.9114749e-01    2.3291835e+00
   6.1268565e-01    6.0531713e-01    2.3297541e+00
   5.9934785e-01    6.1919677e-01    2.3303333e+00
   5.8569018e-01    6.3276642e-01    2.3309219e+00
   5.7174262e-01    6.4602608e-01    2.3315187e+00
   5.5749517e-01    6.5897574e-01    2.3321240e+00
   5.4294782e-01    6.7158542e-01    2.3327376e+00
   5.2813056e-01    6.8386510e-01    2.3333586e+00
   5.1302341e-01    6.9580479e-01    2.3339875e+00
   4.9766632e-01    7.0740449e-01    2.3346230e+00
   4.8203932e-01    7.1864420e-01    2.3352656e+00
   4.6617239e-01    7.2954392e-01    2.3359144e+00
   4.5006551e-01    7.4007365e-01    2.3365691e+00
   4.3372869e-01    7.5025338e-01    2.3372296e+00
   4.1716193e-01    7.6007313e-01    2.3378958e+00
   4.0039520e-01    7.6951289e-01    2.3385664e+00
   3.8341851e-01    7.7858265e-01    2.3392419e+00
   3.6624185e-01    7.8728243e-01    2.3399220e+00
   3.4888521e-01    7.9558221e-01    2.3406056e+00
   3.3132859e-01    8.0349201e-01    2.3412936e+00
   3.1361198e-01    8.1099182e-01    2.3419845e+00
   2.9571537e-01    8.1809163e-01    2.3426789e+00
   2.7766875e-01    8.2477146e-01    2.3433757e+00
   2.5946213e-01    8.3103130e-01    2.3440752e+00
   2.4112548e-01    8.3686115e-01    2.3447763e+00
   2.2264881e-01    8.4226101e-01    2.3454793e+00
   2.0405211e-01    8.4723088e-01    2.3461836e+00
   1.8534536e-01    8.5175076e-01    2.3468886e+00
   1.6653856e-01    8.5583066e-01    2.3475940e+00
   1.4764171e-01    8.5946056e-01    2.3482994e+00
   1.2865479e-01    8.6265048e-01    2.3490049e+00
   1.0960780e-01    8.6538041e-01    2.3497093e+00
   9.0493742e-02    8.6767035e-01    2.3504129e+00
   7.1336594e-02    8.6952030e-01    2.3511149e+00
   5.2141357e-02    8.7093027e-01    2.3518150e+00
   3.2919030e-02    8.7192024e-01    2.3525132e+00
   1.3680601e-02    8.7248023e-01    2.3532088e+00
  -5.5665297e-03    8.7262022e-01    2.3539017e+00
  -2.4812565e-02    8.7236023e-01    2.3545917e+00
  -4.4048313e-02    8.7169025e-01    2.3552784e+00
  -6.3265179e-02    8.7061028e-01    2.3559615e+00
  -8.2457162e-02    8.6914031e-01    2.3566408e+00
  -1.0161527e-01    8.6726036e-01    2.3573160e+00
  -1.2072352e-01    8.6497042e-01    2.3579865e+00
  -1.3978191e-01    8.6226049e-01    2.3586521e+00
  -1.5877045e-01    8.5914057e-01    2.3593123e+00
  -1.7768915e-01    8.5559066e-01    2.3599668e+00
  -1.9652800e-01    8.5162077e-01    2.3606155e+00
  -2.1526704e-01    8.4722088e-01    2.3612575e+00
  -2.3389625e-01    8.4239100e-01    2.3618925e+00
  -2.5242564e-01    8.3714114e-01    2.3625208e+00
  -2.7081522e-01    8.3148129e-01    2.3631412e+00
  -2.8908499e-01    8.2540144e-01    2.3637543e+00
  -3.0721495e-01    8.1893161e-01    2.3643595e+00
  -3.2519511e-01    8.1206179e-01    2.3649565e+00
  -3.4302547e-01    8.0480198e-01    2.3655452e+00
  -3.6069603e-01    7.9716217e-01    2.3661255e+00
  -3.7819680e-01    7.8914238e-01    2.3666970e+00
  -3.9551778e-01    7.8074260e-01    2.3672592e+00
  -4.1265897e-01    7.7197282e-01    2.3678124e+00
  -4.2959040e-01    7.6282306e-01    2.3683552e+00
  -4.4632205e-01    7.5329331e-01    2.3688882e+00
  -4.6283395e-01    7.4339356e-01    2.3694106e+00
  -4.7911608e-01    7.3311383e-01    2.3699220e+00
  -4.9516846e-01    7.2247410e-01    2.3704225e+00
  -5.1097110e-01    7.1147439e-01    2.3709115e+00
  -5.2651399e-01    7.0012468e-01    2.3713886e+00
  -5.4181713e-01    6.8843498e-01    2.3718547e+00
  -5.5685052e-01    6.7640529e-01    2.3723086e+00
  -5.7162417e-01    6.6405561e-01    2.3727509e+00
  -5.8612807e-01    6.5139594e-01    2.3731812e+00
  -6.0036223e-01    6.3842627e-01    2.3735997e+00
  -6.1432663e-01    6.2516661e-01    2.3740063e+00
  -6.2801130e-01    6.1161696e-01    2.3744008e+00
  -6.4140622e-01    5.9778732e-01    2.3747829e+00
  -6.5452139e-01    5.8368769e-01    2.3751530e+00
  -6.6732683e-01    5.6930806e-01    2.3755099e+00
  -6.7983254e-01    5.5465844e-01    2.3758541e+00
  -6.9200852e-01    5.3974882e-01    2.3761846e+00
  -7.0386479e-01    5.2456921e-01    2.3765017e+00
  -7.1538133e-01    5.0913961e-01    2.3768047e+00
  -7.2655817e-01    4.9345002e-01    2.3770937e+00
  -7.3737530e-01    4.7752043e-01    2.3773680e+00
  -7.4784271e-01    4.6135084e-01    2.3776280e+00
  -7.5794043e-01    4.4495127e-01    2.3778731e+00
  -7.6766844e-01    4.2833170e-01    2.3781032e+00
  -7.7701675e-01    4.1150213e-01    2.3783183e+00
  -7.8600534e-01    3.9446257e-01    2.3785189e+00
  -7.9460424e-01    3.7723302e-01    2.3787041e+00
  -8.0282343e-01    3.5981347e-01    2.3788743e+00
  -8.1066291e-01    3.4222392e-01    2.3790296e+00
  -8.1810269e-01    3.2446438e-01    2.3791693e+00
  -8.2516276e-01    3.0654484e-01    2.3792943e+00
  -8.3181314e-01    2.8846531e-01    2.3794033e+00
  -8.3806381e-01    2.7024578e-01    2.3794970e+00
  -8.4390478e-01    2.5189625e-01    2.3795750e+00
  -8.4934603e-01    2.3342673e-01    2.3796378e+00
  -8.5438758e-01    2.1483721e-01    2.3796854e+00
  -8.5900942e-01    1.9613769e-01    2.3797170e+00
  -8.6324154e-01    1.7734818e-01    2.3797340e+00
  -8.6706395e-01    1.5846867e-01    2.3797357e+00
  -8.7048664e-01    1.3951916e-01    2.3797225e+00
  -8.7350960e-01    1.2049965e-01    2.3796943e+00
  -8.7612284e-01    1.0142014e-01    2.3796511e+00
  -8.7833635e-01    8.2283634e-02    2.3795930e+00
  -8.8014014e-01    6.3108129e-02    2.3795200e+00
  -8.8151422e-01    4.3898625e-02    2.3794312e+00
  -8.8246857e-01    2.4662122e-02    2.3793272e+00
  -8.8299321e-01    5.4102192e-03    2.3792076e+00
  -8.8306813e-01   -1.3848883e-02    2.3790718e+00
  -8.8269335e-01   -3.3104386e-02    2.3789199e+00
  -8.8187885e-01   -5.2345889e-02    2.3787522e+00
  -8.8060464e-01   -7.1562393e-02    2.3785682e+00
  -8.7888071e-01   -9.0744898e-02    2.3783683e+00
  -8.7672704e-01   -1.0988440e-01    2.3781532e+00
  -8.7412365e-01   -1.2896391e-01    2.3779224e+00
  -8.7110052e-01   -1.4798342e-01    2.3776770e+00
  -8.6764765e-01   -1.6693293e-01    2.3774166e+00
  -8.6379501e-01   -1.8579244e-01    2.3771424e+00
  -8.5953261e-01   -2.0458196e-01    2.3768541e+00
  -8.5488045e-01   -2.2326148e-01    2.3765525e+00
  -8.4982851e-01   -2.4185100e-01    2.3762372e+00
  -8.4439679e-01   -2.6032052e-01    2.3759091e+00
  -8.3857530e-01   -2.7868004e-01    2.3755678e+00
  -8.3236402e-01   -2.9690957e-01    2.3752135e+00
  -8.2578294e-01   -3.1499911e-01    2.3748468e+00
  -8.1881208e-01   -3.3294864e-01    2.3744671e+00
  -8.1146143e-01   -3.5074818e-01    2.3740749e+00
  -8.0372098e-01   -3.6837773e-01    2.3736698e+00
  -7.9561073e-01   -3.8583728e-01    2.3732527e+00
  -7.8711069e-01   -4.0311683e-01    2.3728229e+00
  -7.7823084e-01   -4.2020639e-01    2.3723808e+00
  -7.6897118e-01   -4.3708595e-01    2.3719265e+00
  -7.5933171e-01   -4.5375552e-01    2.3714601e+00
  -7.4932243e-01   -4.7020510e-01    2.3709820e+00
  -7.3893333e-01   -4.8641468e-01    2.3704919e+00
  -7.2818440e-01   -5.0238427e-01    2.3699907e+00
  -7.1707564e-01   -5.1811386e-01    2.3694782e+00
  -7.0560704e-01   -5.3357346e-01    2.3689548e+00
  -6.9378860e-01   -5.4877307e-01    2.3684206e+00
  -6.8163031e-01   -5.6370268e-01    2.3678762e+00
  -6.6914216e-01   -5.7835231e-01    2.3673219e+00
  -6.5632415e-01   -5.9272193e-01    2.3667577e+00
  -6.4319627e-01   -6.0679157e-01    2.3661846e+00
  -6.2975851e-01   -6.2058121e-01    2.3656024e+00
  -6.1603087e-01   -6.3408087e-01    2.3650118e+00
  -6.0201333e-01   -6.4727053e-01    2.3644131e+00
  -5.8772589e-01   -6.6017019e-01    2.3638067e+00
  -5.7316855e-01   -6.7276987e-01    2.3631927e+00
  -5.5836129e-01   -6.8505955e-01    2.3625721e+00
  -5.4329412e-01   -6.9704924e-01    2.3619442e+00
  -5.2798702e-01   -7.0871894e-01    2.3613100e+00
  -5.1244000e-01   -7.2007865e-01    2.3606694e+00
  -4.9666304e-01   -7.3109836e-01    2.3600230e+00
  -4.8065614e-01   -7.4179808e-01    2.3593706e+00
  -4.6442929e-01   -7.5213782e-01    2.3587129e+00
  -4.4798250e-01   -7.6213756e-01    2.3580498e+00
  -4.3130576e-01   -7.7175731e-01    2.3573811e+00
  -4.1442905e-01   -7.8100707e-01    2.3567079e+00
  -3.9734238e-01   -7.8986684e-01    2.3560299e+00
  -3.8005573e-01   -7.9833662e-01    2.3553476e+00
  -3.6258910e-01   -8.0640642e-01    2.3546616e+00
  -3.4493248e-01   -8.1407622e-01    2.3539718e+00
  -3.2710588e-01   -8.2134603e-01    2.3532786e+00
  -3.0912926e-01   -8.2821585e-01    2.3525830e+00
  -2.9100264e-01   -8.3467569e-01    2.3518849e+00
  -2.7273601e-01   -8.4074553e-01    2.3511846e+00
  -2.5434935e-01   -8.4642538e-01    2.3504828e+00
  -2.3584267e-01   -8.5171525e-01    2.3497794e+00
  -2.1722597e-01   -8.5661512e-01    2.3490750e+00
  -1.9851921e-01   -8.6112500e-01    2.3483700e+00
  -1.7971243e-01   -8.6525490e-01    2.3476643e+00
  -1.6083559e-01   -8.6898480e-01    2.3469588e+00
  -1.4187869e-01   -8.7231471e-01    2.3462534e+00
  -1.2285174e-01   -8.7524464e-01    2.3455483e+00
  -1.0377471e-01   -8.7775457e-01    2.3448445e+00
  -8.4640611e-02   -8.7984452e-01    2.3441416e+00
  -6.5466430e-02   -8.8152448e-01    2.3434403e+00
  -4.6260157e-02   -8.8276444e-01    2.3427409e+00
  -2.7029788e-02   -8.8357442e-01    2.3420438e+00
  -7.7861164e-03   -8.8395441e-01    2.3413492e+00
   1.1461266e-02   -8.8389441e-01    2.3406578e+00
   3.0701962e-02   -8.8341443e-01    2.3399695e+00
   4.9928777e-02   -8.8250445e-01    2.3392849e+00
   6.9130715e-02   -8.8118448e-01    2.3386041e+00
   8.8300779e-02   -8.7945453e-01    2.3379274e+00
   1.0742898e-01   -8.7731458e-01    2.3372552e+00
   1.2650731e-01   -8.7477465e-01    2.3365876e+00
   1.4553577e-01   -8.7184473e-01    2.3359246e+00
   1.6449439e-01   -8.6850481e-01    2.3352671e+00
   1.8337316e-01   -8.6477491e-01    2.3346152e+00
   2.0217209e-01   -8.6063502e-01    2.3339692e+00
   2.2088117e-01   -8.5609513e-01    2.3333293e+00
   2.3948044e-01   -8.5113526e-01    2.3326963e+00
   2.5795989e-01   -8.4576540e-01    2.3320707e+00
   2.7631953e-01   -8.3998555e-01    2.3314522e+00
   2.9454935e-01   -8.3378571e-01    2.3308415e+00
   3.1262938e-01   -8.2717588e-01    2.3302390e+00
   3.3054962e-01   -8.2015606e-01    2.3296453e+00
   3.4832006e-01   -8.1273625e-01    2.3290598e+00
   3.6591071e-01   -8.0492645e-01    2.3284836e+00
   3.8333158e-01   -7.9672667e-01    2.3279164e+00
   4.0057265e-01   -7.8816689e-01    2.3273581e+00
   4.1763394e-01   -7.7923712e-01    2.3268090e+00
   4.3449545e-01   -7.6994736e-01    2.3262697e+00
   4.5115718e-01   -7.6030761e-01    2.3257400e+00
   4.6761912e-01   -7.5032786e-01    2.3252200e+00
   4.8386130e-01   -7.3998813e-01    2.3247105e+00
   4.9988371e-01   -7.2930841e-01    2.3242113e+00
   5.1566636e-01   -7.1828869e-01    2.3237232e+00
   5.3120926e-01   -7.0691899e-01    2.3232462e+00
   5.4649241e-01   -6.9520929e-01    2.3227810e+00
   5.6151582e-01   -6.8315960e-01    2.3223276e+00
   5.7625950e-01   -6.7077992e-01    2.3218866e+00
   5.9071345e-01   -6.5806025e-01    2.3214585e+00
   6.0488766e-01   -6.4502058e-01    2.3210427e+00
   6.1875215e-01   -6.3167093e-01    2.3206403e+00
   6.3232692e-01   -6.1800128e-01    2.3202506e+00
   6.4558196e-01   -6.0403164e-01    2.3198745e+00
   6.5851729e-01   -5.8977201e-01    2.3195121e+00
   6.7114289e-01   -5.7523239e-01    2.3191628e+00
   6.8344877e-01   -5.6042277e-01    2.3188269e+00
   6.9541494e-01   -5.4533316e-01    2.3185052e+00
   7.0706138e-01   -5.3000355e-01    2.3181968e+00
   7.1837809e-01   -5.1441396e-01    2.3179021e+00
   7.2934510e-01   -4.9858437e-01    2.3176217e+00
   7.3997238e-01   -4.8252478e-01    2.3173551e+00
   7.5024995e-01   -4.6624520e-01    2.3171027e+00
   7.6017780e-01   -4.4973563e-01    2.3168646e+00
   7.6973595e-01   -4.3301606e-01    2.3166412e+00
   7.7892438e-01   -4.1609650e-01    2.3164326e+00
   7.8773312e-01   -3.9896694e-01    2.3162391e+00
   7.9617214e-01   -3.8165739e-01    2.3160602e+00
   8.0422146e-01   -3.6415784e-01    2.3158967e+00
   8.1188108e-01   -3.4648829e-01    2.3157484e+00
   8.1916098e-01   -3.2865875e-01    2.3156149e+00
   8.2605118e-01   -3.1066922e-01    2.3154966e+00
   8.3254167e-01   -2.9253969e-01    2.3153936e+00
   8.3865244e-01   -2.7428016e-01    2.3153053e+00
   8.4438349e-01   -2.5589063e-01    2.3152315e+00
   8.4971483e-01   -2.3738111e-01    2.3151730e+00
   8.5465645e-01   -2.1876159e-01    2.3151292e+00
   8.5919835e-01   -2.0005207e-01    2.3151005e+00
   8.6334053e-01   -1.8124256e-01    2.3150869e+00
   8.6709299e-01   -1.6235305e-01    2.3150878e+00
   8.7042574e-01   -1.4338354e-01    2.3151044e+00
   8.7333877e-01   -1.2434403e-01    2.3151366e+00
   8.7584209e-01   -1.0524452e-01    2.3151840e+00
   8.7791570e-01   -8.6101018e-02    2.3152471e+00
   8.7956959e-01   -6.6911513e-02    2.3153256e+00
   8.8078377e-01   -4.7691010e-02    2.3154202e+00
   8.8157823e-01   -2.8447506e-02    2.3155300e+00
   8.8193297e-01   -9.1914038e-03    2.3156558e+00
   8.8185800e-01    1.0067499e-02    2.3157970e+00
   8.8135330e-01    2.9320002e-02    2.3159536e+00
   8.8043886e-01    4.8557505e-02    2.3161248e+00
   8.7910468e-01    6.7770009e-02    2.3163109e+00
   8.7737076e-01    8.6950513e-02    2.3165112e+00
   8.7523708e-01    1.0609002e-01    2.3167255e+00
   8.7271364e-01    1.2517953e-01    2.3169535e+00
   8.6980044e-01    1.4421903e-01    2.3171952e+00
   8.6650747e-01    1.6318854e-01    2.3174500e+00
   8.6282474e-01    1.8209806e-01    2.3177183e+00
   8.5875223e-01    2.0091757e-01    2.3180001e+00
   8.5428995e-01    2.1964709e-01    2.3182952e+00
   8.4942791e-01    2.3828661e-01    2.3186040e+00
   8.4417609e-01    2.5681613e-01    2.3189261e+00
   8.3852449e-01    2.7521565e-01    2.3192615e+00
   8.3246313e-01    2.9349518e-01    2.3196109e+00
   8.2601198e-01    3.1164471e-01    2.3199733e+00
   8.1916106e-01    3.2964425e-01    2.3203490e+00
   8.1193034e-01    3.4748379e-01    2.3207373e+00
   8.0432982e-01    3.6517333e-01    2.3211377e+00
   7.9635950e-01    3.8270288e-01    2.3215503e+00
   7.8802936e-01    4.0006243e-01    2.3219746e+00
   7.7934941e-01    4.1725198e-01    2.3224102e+00
   7.7033963e-01    4.3427154e-01    2.3228565e+00
   7.6098002e-01    4.5109111e-01    2.3233140e+00
   7.5128058e-01    4.6773068e-01    2.3237823e+00
   7.4124131e-01    4.8416026e-01    2.3242614e+00
   7.3087220e-01    5.0037984e-01    2.3247507e+00
   7.2015325e-01    5.1636942e-01    2.3252511e+00
   7.0909447e-01    5.3212902e-01    2.3257620e+00
   6.9769584e-01    5.4764862e-01    2.3262833e+00
   6.8595737e-01    5.6290822e-01    2.3268150e+00
   6.7388904e-01    5.7790783e-01    2.3273568e+00
   6.6150085e-01    5.9264745e-01    2.3279081e+00
   6.4879279e-01    6.0710708e-01    2.3284689e+00
   6.3577486e-01    6.2128671e-01    2.3290389e+00
   6.2245706e-01    6.3518636e-01    2.3296176e+00
   6.0883937e-01    6.4879600e-01    2.3302050e+00
   5.9494179e-01    6.6211566e-01    2.3308004e+00
   5.8075432e-01    6.7513532e-01    2.3314040e+00
   5.6628694e-01    6.8783500e-01    2.3320154e+00
   5.5154966e-01    7.0021468e-01    2.3326343e+00
   5.3654247e-01    7.1226436e-01    2.3332604e+00
   5.2126536e-01    7.2398406e-01    2.3338939e+00
   5.0573833e-01    7.3536377e-01    2.3345339e+00
   4.8996137e-01    7.4639348e-01    2.3351804e+00
   4.7395447e-01    7.5707321e-01    2.3358326e+00
   4.5770764e-01    7.6740294e-01    2.3364909e+00
   4.4125084e-01    7.7737268e-01    2.3371542e+00
   4.2457410e-01    7.8699244e-01    2.3378229e+00
   4.0770739e-01    7.9626220e-01    2.3384959e+00
   3.9064071e-01    8.0516197e-01    2.3391735e+00
   3.7339406e-01    8.1370175e-01    2.3398549e+00
   3.5596743e-01    8.2187153e-01    2.3405401e+00
   3.3836082e-01    8.2967133e-01    2.3412291e+00
   3.2060420e-01    8.3708114e-01    2.3419207e+00
   3.0268759e-01    8.4411096e-01    2.3426154e+00
   2.8461098e-01    8.5074079e-01    2.3433129e+00
   2.6640435e-01    8.5697063e-01    2.3440122e+00
   2.4805771e-01    8.6280048e-01    2.3447136e+00
   2.2959103e-01    8.6822034e-01    2.3454165e+00
   2.1100433e-01    8.7323021e-01    2.3461207e+00
   1.9231759e-01    8.7782009e-01    2.3468254e+00
   1.7353081e-01    8.8199998e-01    2.3475308e+00
   1.5465397e-01    8.8576988e-01    2.3482366e+00
   1.3570708e-01    8.8911980e-01    2.3489418e+00
   1.1668013e-01    8.9204972e-01    2.3496468e+00
   9.7600101e-02    8.9456966e-01    2.3503509e+00
   7.8467999e-02    8.9665960e-01    2.3510537e+00
   5.9293819e-02    8.9833956e-01    2.3517550e+00
   4.0086546e-02    8.9957953e-01    2.3524544e+00
   2.0857179e-02    9.0039951e-01    2.3531516e+00
   1.6141712e-03    9.0079950e-01    2.3538462e+00
  -1.7632866e-02    9.0075950e-01    2.3545378e+00
  -3.6874558e-02    9.0028951e-01    2.3552262e+00
  -5.6101371e-02    8.9938953e-01    2.3559109e+00
  -7.5303309e-02    8.9806957e-01    2.3565917e+00
  -9.4471379e-02    8.9631961e-01    2.3572682e+00
  -1.1360058e-01    8.9414967e-01    2.3579402e+00
  -1.3266894e-01    8.9155973e-01    2.3586071e+00
  -1.5168743e-01    8.8855981e-01    2.3592692e+00
  -1.7062608e-01    8.8513990e-01    2.3599254e+00
  -1.8949487e-01    8.8133000e-01    2.3605763e+00
  -2.0827383e-01    8.7711011e-01    2.3612211e+00
  -2.2696295e-01    8.7249023e-01    2.3618597e+00
  -2.4554225e-01    8.6747036e-01    2.3624915e+00
  -2.6402171e-01    8.6206050e-01    2.3631169e+00
  -2.8237136e-01    8.5625065e-01    2.3637348e+00
  -3.0059119e-01    8.5004081e-01    2.3643451e+00
  -3.1868121e-01    8.4345098e-01    2.3649480e+00
  -3.3662142e-01    8.3648116e-01    2.3655428e+00
  -3.5441183e-01    8.2912135e-01    2.3661294e+00
  -3.7204244e-01    8.2139155e-01    2.3667077e+00
  -3.8950325e-01    8.1329176e-01    2.3672771e+00
  -4.0679427e-01    8.0482197e-01    2.3678378e+00
  -4.2390550e-01    7.9600220e-01    2.3683895e+00
  -4.4083693e-01    7.8683244e-01    2.3689322e+00
  -4.5756858e-01    7.7732268e-01    2.3694653e+00
  -4.7411044e-01    7.6746294e-01    2.3699890e+00
  -4.9044253e-01    7.5726320e-01    2.3705028e+00
  -5.0655484e-01    7.4672348e-01    2.3710062e+00
  -5.2244739e-01    7.3585376e-01    2.3714994e+00
  -5.3810017e-01    7.2464405e-01    2.3719815e+00
  -5.5351319e-01    7.1311434e-01    2.3724526e+00
  -5.6868646e-01    7.0125465e-01    2.3729128e+00
  -5.8358998e-01    6.8906496e-01    2.3733609e+00
  -5.9823375e-01    6.7656529e-01    2.3737974e+00
  -6.1260778e-01    6.6374562e-01    2.3742220e+00
  -6.2670206e-01    6.5063596e-01    2.3746344e+00
  -6.4051660e-01    6.3721630e-01    2.3750345e+00
  -6.5404141e-01    6.2351666e-01    2.3754222e+00
  -6.6727647e-01    6.0952702e-01    2.3757973e+00
  -6.8022179e-01    5.9526739e-01    2.3761602e+00
  -6.9285739e-01    5.8073776e-01    2.3765099e+00
  -7.0518325e-01    5.6593814e-01    2.3768466e+00
  -7.1719937e-01    5.5089853e-01    2.3771704e+00
  -7.2889577e-01    5.3559893e-01    2.3774808e+00
  -7.4026244e-01    5.2004933e-01    2.3777776e+00
  -7.5128940e-01    5.0425974e-01    2.3780605e+00
  -7.6197664e-01    4.8824015e-01    2.3783295e+00
  -7.7231416e-01    4.7199057e-01    2.3785842e+00
  -7.8228198e-01    4.5551100e-01    2.3788240e+00
  -7.9190007e-01    4.3883143e-01    2.3790498e+00
  -8.0114846e-01    4.2193186e-01    2.3792608e+00
  -8.1002714e-01    4.0484230e-01    2.3794571e+00
  -8.1854610e-01    3.8757275e-01    2.3796391e+00
  -8.2668535e-01    3.7012320e-01    2.3798062e+00
  -8.3446488e-01    3.5250366e-01    2.3799592e+00
  -8.4188468e-01    3.3473411e-01    2.3800981e+00
  -8.4893476e-01    3.1680458e-01    2.3802226e+00
  -8.5561511e-01    2.9874504e-01    2.3803329e+00
  -8.6193573e-01    2.8054551e-01    2.3804292e+00
  -8.6787662e-01    2.6223599e-01    2.3805111e+00
  -8.7344778e-01    2.4379646e-01    2.3805788e+00
  -8.7863922e-01    2.2524694e-01    2.3806320e+00
  -8.8344094e-01    2.0659742e-01    2.3806705e+00
  -8.8784294e-01    1.8784791e-01    2.3806939e+00
  -8.9184522e-01    1.6900839e-01    2.3807023e+00
  -8.9544778e-01    1.5008888e-01    2.3806958e+00
  -8.9865062e-01    1.3108937e-01    2.3806743e+00
  -9.0143375e-01    1.1203987e-01    2.3806373e+00
  -9.0380715e-01    9.2923359e-02    2.3805852e+00
  -9.0576084e-01    7.3763854e-02    2.3805176e+00
  -9.0729481e-01    5.4566350e-02    2.3804347e+00
  -9.0841905e-01    3.5338846e-02    2.3803369e+00
  -9.0913356e-01    1.6092343e-02    2.3802241e+00
  -9.0941835e-01   -3.1642594e-03    2.3800959e+00
  -9.0929341e-01   -2.2422662e-02    2.3799529e+00
  -9.0874873e-01   -4.1674165e-02    2.3797949e+00
  -9.0779432e-01   -6.0909668e-02    2.3796223e+00
  -9.0641018e-01   -8.0118172e-02    2.3794344e+00
  -9.0460630e-01   -9.9292677e-02    2.3792316e+00
  -9.0239267e-01   -1.1842418e-01    2.3790145e+00
  -8.9975930e-01   -1.3750369e-01    2.3787826e+00
  -8.9670618e-01   -1.5651320e-01    2.3785361e+00
  -8.9324332e-01   -1.7546271e-01    2.3782754e+00
  -8.8937069e-01   -1.9432222e-01    2.3780005e+00
  -8.8508831e-01   -2.1310174e-01    2.3777115e+00
  -8.8039616e-01   -2.3178126e-01    2.3774085e+00
  -8.7531424e-01   -2.5035078e-01    2.3770923e+00
  -8.6982256e-01   -2.6881030e-01    2.3767621e+00
  -8.6394110e-01   -2.8714983e-01    2.3764188e+00
  -8.5767984e-01   -3.0534936e-01    2.3760628e+00
  -8.5102881e-01   -3.2342889e-01    2.3756937e+00
  -8.4400798e-01   -3.4135843e-01    2.3753124e+00
  -8.3660735e-01   -3.5913797e-01    2.3749185e+00
  -8.2884692e-01   -3.7675751e-01    2.3745128e+00
  -8.2071668e-01   -3.9420706e-01    2.3740950e+00
  -8.1222663e-01   -4.1149661e-01    2.3736655e+00
  -8.0338676e-01   -4.2859617e-01    2.3732247e+00
  -7.9419706e-01   -4.4551574e-01    2.3727727e+00
  -7.8464755e-01   -4.6223530e-01    2.3723092e+00
  -7.7475821e-01   -4.7875488e-01    2.3718349e+00
  -7.6450904e-01   -4.9505446e-01    2.3713492e+00
  -7.5392003e-01   -5.1113404e-01    2.3708529e+00
  -7.4298119e-01   -5.2697363e-01    2.3703458e+00
  -7.3169251e-01   -5.4257323e-01    2.3698278e+00
  -7.2006399e-01   -5.5792283e-01    2.3692994e+00
  -7.0809562e-01   -5.7300244e-01    2.3687607e+00
  -6.9578739e-01   -5.8780206e-01    2.3682118e+00
  -6.8315930e-01   -6.0233169e-01    2.3676533e+00
  -6.7022134e-01   -6.1658132e-01    2.3670857e+00
  -6.5696351e-01   -6.3055096e-01    2.3665087e+00
  -6.4341580e-01   -6.4422060e-01    2.3659233e+00
  -6.2957819e-01   -6.5761026e-01    2.3653296e+00
  -6.1548069e-01   -6.7070992e-01    2.3647286e+00
  -6.0111328e-01   -6.8351959e-01    2.3641200e+00
  -5.8648596e-01   -6.9603927e-01    2.3635041e+00
  -5.7161872e-01   -7.0826895e-01    2.3628817e+00
  -5.5651156e-01   -7.2019864e-01    2.3622529e+00
  -5.4116448e-01   -7.3181834e-01    2.3616176e+00
  -5.2558746e-01   -7.4312805e-01    2.3609763e+00
  -5.0978051e-01   -7.5410777e-01    2.3603291e+00
  -4.9374362e-01   -7.6475749e-01    2.3596760e+00
  -4.7748678e-01   -7.7506723e-01    2.3590174e+00
  -4.6101000e-01   -7.8501697e-01    2.3583536e+00
  -4.4432325e-01   -7.9460672e-01    2.3576847e+00
  -4.2742655e-01   -8.0382648e-01    2.3570110e+00
  -4.1033987e-01   -8.1267625e-01    2.3563331e+00
  -3.9305323e-01   -8.2115604e-01    2.3556507e+00
  -3.7559660e-01   -8.2925583e-01    2.3549649e+00
  -3.5796998e-01   -8.3698563e-01    2.3542757e+00
  -3.4018337e-01   -8.4434544e-01    2.3535834e+00
  -3.2224676e-01   -8.5132526e-01    2.3528884e+00
  -3.0417015e-01   -8.5793509e-01    2.3521910e+00
  -2.8596352e-01   -8.6417492e-01    2.3514916e+00
  -2.6762688e-01   -8.7004477e-01    2.3507902e+00
  -2.4918021e-01   -8.7552463e-01    2.3500877e+00
  -2.3062352e-01   -8.8062450e-01    2.3493839e+00
  -2.1196679e-01   -8.8534438e-01    2.3486793e+00
  -1.9321002e-01   -8.8966427e-01    2.3479739e+00
  -1.7436320e-01   -8.9358416e-01    2.3472682e+00
  -1.5544633e-01   -8.9709407e-01    2.3465630e+00
  -1.3644941e-01   -9.0021399e-01    2.3458576e+00
  -1.1739241e-01   -9.0291392e-01    2.3451531e+00
  -9.8281351e-02   -9.0520386e-01    2.3444496e+00
  -7.9126210e-02   -9.0708382e-01    2.3437475e+00
  -5.9934984e-02   -9.0854378e-01    2.3430471e+00
  -4.0715667e-02   -9.0958375e-01    2.3423487e+00
  -2.1479256e-02   -9.1021374e-01    2.3416527e+00
  -2.2330419e-03   -9.1042373e-01    2.3409593e+00
   1.7012880e-02   -9.1021374e-01    2.3402689e+00
   3.6250614e-02   -9.0959375e-01    2.3395818e+00
   5.5470465e-02   -9.0856378e-01    2.3388983e+00
   7.4664439e-02   -9.0712382e-01    2.3382186e+00
   9.3824535e-02   -9.0529386e-01    2.3375430e+00
   1.1293877e-01   -9.0305392e-01    2.3368720e+00
   1.3200713e-01   -9.0042399e-01    2.3362054e+00
   1.5102562e-01   -8.9741407e-01    2.3355434e+00
   1.6996427e-01   -8.9400415e-01    2.3348871e+00
   1.8883306e-01   -8.9020425e-01    2.3342361e+00
   2.0762201e-01   -8.8602436e-01    2.3335907e+00
   2.2632111e-01   -8.8144448e-01    2.3329514e+00
   2.4492038e-01   -8.7647461e-01    2.3323186e+00
   2.6339983e-01   -8.7110475e-01    2.3316929e+00
   2.8176946e-01   -8.6533489e-01    2.3310740e+00
   2.9999928e-01   -8.5916505e-01    2.3304630e+00
   3.1809928e-01   -8.5260522e-01    2.3298595e+00
   3.3605947e-01   -8.4566540e-01    2.3292638e+00
   3.5385987e-01   -8.3833559e-01    2.3286766e+00
   3.7150046e-01   -8.3063579e-01    2.3280978e+00
   3.8898125e-01   -8.2257600e-01    2.3275274e+00
   4.0629224e-01   -8.1415622e-01    2.3269656e+00
   4.2343344e-01   -8.0538644e-01    2.3264125e+00
   4.4039483e-01   -7.9627668e-01    2.3258682e+00
   4.5717643e-01   -7.8683692e-01    2.3253329e+00
   4.7375825e-01   -7.7705717e-01    2.3248071e+00
   4.9014028e-01   -7.6693744e-01    2.3242909e+00
   5.0630254e-01   -7.5647771e-01    2.3237852e+00
   5.2224504e-01   -7.4567798e-01    2.3232897e+00
   5.3794777e-01   -7.3453827e-01    2.3228053e+00
   5.5340076e-01   -7.2304857e-01    2.3223324e+00
   5.6858401e-01   -7.1121887e-01    2.3218717e+00
   5.8350751e-01   -6.9904919e-01    2.3214227e+00
   5.9815128e-01   -6.8653951e-01    2.3209863e+00
   6.1249533e-01   -6.7370984e-01    2.3205629e+00
   6.2655965e-01   -6.6055018e-01    2.3201519e+00
   6.4032424e-01   -6.4708053e-01    2.3197540e+00
   6.5378910e-01   -6.3331089e-01    2.3193689e+00
   6.6694423e-01   -6.1926125e-01    2.3189971e+00
   6.7980962e-01   -6.0492162e-01    2.3186377e+00
   6.9235529e-01   -5.9032200e-01    2.3182917e+00
   7.0460122e-01   -5.7545238e-01    2.3179584e+00
   7.1652742e-01   -5.6034277e-01    2.3176383e+00
   7.2814389e-01   -5.4497317e-01    2.3173313e+00
   7.3943063e-01   -5.2937357e-01    2.3170377e+00
   7.5038764e-01   -5.1354398e-01    2.3167576e+00
   7.6102492e-01   -4.9748439e-01    2.3164907e+00
   7.7131248e-01   -4.8120481e-01    2.3162380e+00
   7.8125032e-01   -4.6471524e-01    2.3159993e+00
   7.9084844e-01   -4.4801567e-01    2.3157744e+00
   8.0008683e-01   -4.3111611e-01    2.3155638e+00
   8.0897551e-01   -4.1402655e-01    2.3153672e+00
   8.1749447e-01   -3.9675700e-01    2.3151851e+00
   8.2565370e-01   -3.7931745e-01    2.3150172e+00
   8.3345322e-01   -3.6169790e-01    2.3148635e+00
   8.4087301e-01   -3.4392836e-01    2.3147246e+00
   8.4792309e-01   -3.2600882e-01    2.3146000e+00
   8.5460344e-01   -3.0794929e-01    2.3144897e+00
   8.6090407e-01   -2.8973976e-01    2.3143942e+00
   8.6681499e-01   -2.7141023e-01    2.3143135e+00
   8.7233619e-01   -2.5296071e-01    2.3142477e+00
   8.7746767e-01   -2.3440119e-01    2.3141967e+00
   8.8220943e-01   -2.1573167e-01    2.3141605e+00
   8.8654148e-01   -1.9697215e-01    2.3141397e+00
   8.9048381e-01   -1.7811264e-01    2.3141336e+00
   8.9401642e-01   -1.5918313e-01    2.3141427e+00
   8.9713931e-01   -1.4017362e-01    2.3141672e+00
   8.9986247e-01   -1.2111411e-01    2.3142063e+00
   9.0218591e-01   -1.0199461e-01    2.3142603e+00
   9.0410962e-01   -8.2829102e-02    2.3143290e+00
   9.0563360e-01   -6.3629598e-02    2.3144123e+00
   9.0675784e-01   -4.4403094e-02    2.3145101e+00
   9.0749234e-01   -2.5157591e-02    2.3146221e+00
   9.0781710e-01   -5.9012887e-03    2.3147489e+00
   9.0775212e-01    1.3357414e-02    2.3148898e+00
   9.0727740e-01    3.2610917e-02    2.3150453e+00
   9.0641293e-01    5.1850420e-02    2.3152147e+00
   9.0513872e-01    7.1066924e-02    2.3153987e+00
   9.0345476e-01    9.0252428e-02    2.3155972e+00
   9.0137105e-01    1.0939993e-01    2.3158098e+00
   8.9888759e-01    1.2849944e-01    2.3160365e+00
   8.9599438e-01    1.4753895e-01    2.3162774e+00
   8.9271140e-01    1.6650846e-01    2.3165318e+00
   8.8903866e-01    1.8541797e-01    2.3167998e+00
   8.8497615e-01    2.0423748e-01    2.3170812e+00
   8.8054385e-01    2.2297700e-01    2.3173753e+00
   8.7573178e-01    2.4162652e-01    2.3176824e+00
   8.7054992e-01    2.6017604e-01    2.3180021e+00
   8.6500826e-01    2.7861556e-01    2.3183339e+00
   8.5909682e-01    2.9694509e-01    2.3186783e+00
   8.5282557e-01    3.1514462e-01    2.3190346e+00
   8.4618453e-01    3.3322415e-01    2.3194033e+00
   8.3918369e-01    3.5116369e-01    2.3197840e+00
   8.3181304e-01    3.6895323e-01    2.3201769e+00
   8.2409259e-01    3.8659278e-01    2.3205813e+00
   8.1600233e-01    4.0406232e-01    2.3209978e+00
   8.0755226e-01    4.2137188e-01    2.3214260e+00
   7.9875236e-01    4.3849144e-01    2.3218655e+00
   7.8961265e-01    4.5544100e-01    2.3223159e+00
   7.8013310e-01    4.7220056e-01    2.3227772e+00
   7.7031372e-01    4.8876014e-01    2.3232493e+00
   7.6017450e-01    5.0512971e-01    2.3237315e+00
   7.4970544e-01    5.2128930e-01    2.3242241e+00
   7.3891653e-01    5.3723888e-01    2.3247266e+00
   7.2781776e-01    5.5296848e-01    2.3252387e+00
   7.1638914e-01    5.6845808e-01    2.3257610e+00
   7.0465067e-01    5.8371768e-01    2.3262927e+00
   6.9259234e-01    5.9872730e-01    2.3268341e+00
   6.8021414e-01    6.1347692e-01    2.3273852e+00
   6.6752608e-01    6.2794654e-01    2.3279453e+00
   6.5451814e-01    6.4213618e-01    2.3285150e+00
   6.4119034e-01    6.5603582e-01    2.3290941e+00
   6.2756266e-01    6.6963547e-01    2.3296818e+00
   6.1363509e-01    6.8292512e-01    2.3302780e+00
   5.9941763e-01    6.9590479e-01    2.3308825e+00
   5.8493026e-01    7.0857446e-01    2.3314944e+00
   5.7016299e-01    7.2092414e-01    2.3321141e+00
   5.5514580e-01    7.3296383e-01    2.3327405e+00
   5.3986870e-01    7.4468353e-01    2.3333740e+00
   5.2436166e-01    7.5608323e-01    2.3340134e+00
   5.0862469e-01    7.6717295e-01    2.3346589e+00
   4.9266777e-01    7.7793267e-01    2.3353099e+00
   4.7650091e-01    7.8837240e-01    2.3359661e+00
   4.6012410e-01    7.9848214e-01    2.3366276e+00
   4.4353735e-01    8.0826189e-01    2.3372942e+00
   4.2676062e-01    8.1769164e-01    2.3379651e+00
   4.0978393e-01    8.2676141e-01    2.3386406e+00
   3.9261727e-01    8.3547118e-01    2.3393204e+00
   3.7527062e-01    8.4380097e-01    2.3400039e+00
   3.5773401e-01    8.5175076e-01    2.3406914e+00
   3.4003739e-01    8.5931057e-01    2.3413820e+00
   3.2218078e-01    8.6648038e-01    2.3420755e+00
   3.0416417e-01    8.7326021e-01    2.3427719e+00
   2.8600754e-01    8.7964004e-01    2.3434705e+00
   2.6771091e-01    8.8561989e-01    2.3441712e+00
   2.4929425e-01    8.9120974e-01    2.3448735e+00
   2.3075756e-01    8.9640961e-01    2.3455772e+00
   2.1212084e-01    9.0121949e-01    2.3462818e+00
   1.9339408e-01    9.0563937e-01    2.3469868e+00
   1.7456729e-01    9.0966927e-01    2.3476926e+00
   1.5567043e-01    9.1330917e-01    2.3483981e+00
   1.3670353e-01    9.1656909e-01    2.3491033e+00
   1.1766656e-01    9.1942902e-01    2.3498083e+00
   9.8581528e-02    9.2189895e-01    2.3505121e+00
   7.9445421e-02    9.2395890e-01    2.3512148e+00
   6.0269234e-02    9.2560886e-01    2.3519161e+00
   4.1061961e-02    9.2684882e-01    2.3526155e+00
   2.1832591e-02    9.2765880e-01    2.3533126e+00
   2.5890724e-03    9.2804879e-01    2.3540071e+00
  -1.6658455e-02    9.2800879e-01    2.3546988e+00
  -3.5900150e-02    9.2752881e-01    2.3553870e+00
  -5.5125964e-02    9.2662883e-01    2.3560717e+00
  -7.4327904e-02    9.2529886e-01    2.3567524e+00
  -9.3494978e-02    9.2353891e-01    2.3574288e+00
  -1.1262418e-01    9.2136896e-01    2.3581009e+00
  -1.3169253e-01    9.1878903e-01    2.3587678e+00
  -1.5071102e-01    9.1580911e-01    2.3594301e+00
  -1.6965965e-01    9.1242920e-01    2.3600869e+00
  -1.8853843e-01    9.0865929e-01    2.3607385e+00
  -2.0733736e-01    9.0450940e-01    2.3613844e+00
  -2.2604644e-01    8.9997952e-01    2.3620244e+00
  -2.4465569e-01    8.9506964e-01    2.3626581e+00
  -2.6316510e-01    8.8978978e-01    2.3632855e+00
  -2.8156467e-01    8.8413993e-01    2.3639063e+00
  -2.9985442e-01    8.7811008e-01    2.3645205e+00
  -3.1800434e-01    8.7172025e-01    2.3651270e+00
  -3.3603444e-01    8.6496042e-01    2.3657265e+00
  -3.5391474e-01    8.5783061e-01    2.3663180e+00
  -3.7164522e-01    8.5034080e-01    2.3669016e+00
  -3.8922589e-01    8.4249100e-01    2.3674771e+00
  -4.0664676e-01    8.3429121e-01    2.3680444e+00
  -4.2389782e-01    8.2575143e-01    2.3686031e+00
  -4.4096909e-01    8.1685166e-01    2.3691528e+00
  -4.5786056e-01    8.0762190e-01    2.3696937e+00
  -4.7457224e-01    7.9805215e-01    2.3702256e+00
  -4.9107414e-01    7.8814241e-01    2.3707476e+00
  -5.0738625e-01    7.7790267e-01    2.3712603e+00
  -5.2347859e-01    7.6734294e-01    2.3717629e+00
  -5.3935115e-01    7.5644322e-01    2.3722551e+00
  -5.5499394e-01    7.4522351e-01    2.3727368e+00
  -5.7040697e-01    7.3368381e-01    2.3732079e+00
  -5.8558023e-01    7.2182412e-01    2.3736680e+00
  -6.0049374e-01    7.0965443e-01    2.3741166e+00
  -6.1515749e-01    6.9717475e-01    2.3745540e+00
  -6.2956149e-01    6.8439508e-01    2.3749799e+00
  -6.4368575e-01    6.7130542e-01    2.3753935e+00
  -6.5754025e-01    6.5793577e-01    2.3757955e+00
  -6.7111501e-01    6.4427612e-01    2.3761852e+00
  -6.8440003e-01    6.3033648e-01    2.3765626e+00
  -6.9739531e-01    6.1612685e-01    2.3769275e+00
  -7.1008086e-01    6.0163722e-01    2.3772794e+00
  -7.2245668e-01    5.8688760e-01    2.3776182e+00
  -7.3452276e-01    5.7187799e-01    2.3779440e+00
  -7.4626912e-01    5.5661838e-01    2.3782565e+00
  -7.5769574e-01    5.4111878e-01    2.3785558e+00
  -7.6879264e-01    5.2537919e-01    2.3788416e+00
  -7.7955981e-01    5.0940960e-01    2.3791138e+00
  -7.8999725e-01    4.9323002e-01    2.3793726e+00
  -8.0011495e-01    4.7684044e-01    2.3796185e+00
  -8.0989292e-01    4.6025087e-01    2.3798507e+00
  -8.1934115e-01    4.4346131e-01    2.3800696e+00
  -8.2844965e-01    4.2650174e-01    2.3802751e+00
  -8.3723840e-01    4.0936219e-01    2.3804678e+00
  -8.4567742e-01    3.9205263e-01    2.3806467e+00
  -8.5377670e-01    3.7457309e-01    2.3808121e+00
  -8.6151626e-01    3.5694354e-01    2.3809636e+00
  -8.6890608e-01    3.3915400e-01    2.3811013e+00
  -8.7593617e-01    3.2122446e-01    2.3812251e+00
  -8.8259654e-01    3.0315493e-01    2.3813346e+00
  -8.8887719e-01    2.8494540e-01    2.3814294e+00
  -8.9476812e-01    2.6661587e-01    2.3815093e+00
  -9.0027933e-01    2.4815635e-01    2.3815747e+00
  -9.0540082e-01    2.2958683e-01    2.3816253e+00
  -9.1012259e-01    2.1091731e-01    2.3816608e+00
  -9.1445464e-01    1.9214780e-01    2.3816815e+00
  -9.1837698e-01    1.7329828e-01    2.3816870e+00
  -9.2191958e-01    1.5436877e-01    2.3816782e+00
  -9.2505247e-01    1.3535926e-01    2.3816541e+00
  -9.2779562e-01    1.1629976e-01    2.3816157e+00
  -9.3013904e-01    9.7183249e-02    2.3815624e+00
  -9.3209273e-01    7.8022744e-02    2.3814949e+00
  -9.3364669e-01    5.8826240e-02    2.3814127e+00
  -9.3480091e-01    3.9601736e-02    2.3813159e+00
  -9.3556539e-01    2.0357233e-02    2.3812050e+00
  -9.3592013e-01    1.1011304e-03    2.3810793e+00
  -9.3586514e-01   -1.8157772e-02    2.3809388e+00
  -9.3541041e-01   -3.7411275e-02    2.3807840e+00
  -9.3454594e-01   -5.6651778e-02    2.3806146e+00
  -9.3327173e-01   -7.5868282e-02    2.3804306e+00
  -9.3158777e-01   -9.5052786e-02    2.3802321e+00
  -9.2950406e-01   -1.1419429e-01    2.3800195e+00
  -9.2701061e-01   -1.3329380e-01    2.3797925e+00
  -9.2412739e-01   -1.5233331e-01    2.3795519e+00
  -9.2085441e-01   -1.7131282e-01    2.3792978e+00
  -9.1719166e-01   -1.9022233e-01    2.3790301e+00
  -9.1315913e-01   -2.0905184e-01    2.3787498e+00
  -9.0873683e-01   -2.2779136e-01    2.3784560e+00
  -9.0395474e-01   -2.4645088e-01    2.3781499e+00
  -8.9878287e-01   -2.6500040e-01    2.3778306e+00
  -8.9325121e-01   -2.8343992e-01    2.3774991e+00
  -8.8732977e-01   -3.0176945e-01    2.3771545e+00
  -8.8102854e-01   -3.1996898e-01    2.3767971e+00
  -8.7434752e-01   -3.3802851e-01    2.3764270e+00
  -8.6728671e-01   -3.5593805e-01    2.3760444e+00
  -8.5983611e-01   -3.7368759e-01    2.3756489e+00
  -8.5199572e-01   -3.9127714e-01    2.3752406e+00
  -8.4378552e-01   -4.0869669e-01    2.3748201e+00
  -8.3520552e-01   -4.2593624e-01    2.3743877e+00
  -8.2626570e-01   -4.4298580e-01    2.3739437e+00
  -8.1697605e-01   -4.5985537e-01    2.3734885e+00
  -8.0733659e-01   -4.7652494e-01    2.3730221e+00
  -7.9736728e-01   -4.9299451e-01    2.3725452e+00
  -7.8705814e-01   -5.0925409e-01    2.3720577e+00
  -7.7642915e-01   -5.2530368e-01    2.3715602e+00
  -7.6548032e-01   -5.4114327e-01    2.3710527e+00
  -7.5420164e-01   -5.5675286e-01    2.3705350e+00
  -7.4260310e-01   -5.7211247e-01    2.3700076e+00
  -7.3069470e-01   -5.8724208e-01    2.3694707e+00
  -7.1845644e-01   -6.0210169e-01    2.3689239e+00
  -7.0590832e-01   -6.1670132e-01    2.3683678e+00
  -6.9306032e-01   -6.3104094e-01    2.3678028e+00
  -6.7990246e-01   -6.4510058e-01    2.3672287e+00
  -6.6646469e-01   -6.5887023e-01    2.3666466e+00
  -6.5273705e-01   -6.7236988e-01    2.3660560e+00
  -6.3873951e-01   -6.8558954e-01    2.3654577e+00
  -6.2448206e-01   -6.9852920e-01    2.3648522e+00
  -6.0997470e-01   -7.1117888e-01    2.3642397e+00
  -5.9521742e-01   -7.2353856e-01    2.3636203e+00
  -5.8022023e-01   -7.3560824e-01    2.3629943e+00
  -5.6499311e-01   -7.4737794e-01    2.3623623e+00
  -5.4953605e-01   -7.5884764e-01    2.3617242e+00
  -5.3383907e-01   -7.6999736e-01    2.3610797e+00
  -5.1792215e-01   -7.8081708e-01    2.3604297e+00
  -5.0177529e-01   -7.9129681e-01    2.3597739e+00
  -4.8541847e-01   -8.0143654e-01    2.3591129e+00
  -4.6884171e-01   -8.1121629e-01    2.3584467e+00
  -4.5205499e-01   -8.2064605e-01    2.3577754e+00
  -4.3507829e-01   -8.2970581e-01    2.3571000e+00
  -4.1791163e-01   -8.3841559e-01    2.3564202e+00
  -4.0056499e-01   -8.4675537e-01    2.3557367e+00
  -3.8305836e-01   -8.5474517e-01    2.3550499e+00
  -3.6539175e-01   -8.6239497e-01    2.3543598e+00
  -3.4757515e-01   -8.6969478e-01    2.3536668e+00
  -3.2962853e-01   -8.7664460e-01    2.3529716e+00
  -3.1155192e-01   -8.8325443e-01    2.3522743e+00
  -2.9335529e-01   -8.8952427e-01    2.3515750e+00
  -2.7503865e-01   -8.9543412e-01    2.3508741e+00
  -2.5661199e-01   -9.0098397e-01    2.3501718e+00
  -2.3807530e-01   -9.0616384e-01    2.3494681e+00
  -2.1943858e-01   -9.1096372e-01    2.3487636e+00
  -2.0070182e-01   -9.1536360e-01    2.3480584e+00
  -1.8187501e-01   -9.1936350e-01    2.3473529e+00
  -1.6295816e-01   -9.2294341e-01    2.3466471e+00
  -1.4398123e-01   -9.2611332e-01    2.3459421e+00
  -1.2492426e-01   -9.2887325e-01    2.3452372e+00
  -1.0582719e-01   -9.3120319e-01    2.3445339e+00
  -8.6673063e-02   -9.3312314e-01    2.3438315e+00
  -6.7485847e-02   -9.3463310e-01    2.3431309e+00
  -4.8270543e-02   -9.3573308e-01    2.3424323e+00
  -2.9036148e-02   -9.3643306e-01    2.3417358e+00
  -9.7906573e-03   -9.3673305e-01    2.3410418e+00
   9.4561336e-03   -9.3664305e-01    2.3403505e+00
   2.8697629e-02   -9.3616307e-01    2.3396623e+00
   4.7925431e-02   -9.3530309e-01    2.3389772e+00
   6.7132347e-02   -9.3405312e-01    2.3382957e+00
   8.6311382e-02   -9.3241316e-01    2.3376181e+00
   1.0545653e-01   -9.3040321e-01    2.3369443e+00
   1.2455482e-01   -9.2801328e-01    2.3362749e+00
   1.4360323e-01   -9.2524335e-01    2.3356101e+00
   1.6259178e-01   -9.2209343e-01    2.3349501e+00
   1.8151046e-01   -9.1857352e-01    2.3342953e+00
   2.0035930e-01   -9.1467362e-01    2.3336458e+00
   2.1912828e-01   -9.1040373e-01    2.3330018e+00
   2.3780741e-01   -9.0575385e-01    2.3323637e+00
   2.5639670e-01   -9.0072398e-01    2.3317316e+00
   2.7486617e-01   -8.9531412e-01    2.3311066e+00
   2.9322581e-01   -8.8952427e-01    2.3304882e+00
   3.1145563e-01   -8.8334443e-01    2.3298773e+00
   3.2955563e-01   -8.7678460e-01    2.3292738e+00
   3.4750583e-01   -8.6983478e-01    2.3286785e+00
   3.6531622e-01   -8.6251497e-01    2.3280909e+00
   3.8295681e-01   -8.5481517e-01    2.3275121e+00
   4.0043760e-01   -8.4675537e-01    2.3269416e+00
   4.1774860e-01   -8.3832559e-01    2.3263800e+00
   4.3487980e-01   -8.2954582e-01    2.3258272e+00
   4.5183121e-01   -8.2042605e-01    2.3252835e+00
   4.6860282e-01   -8.1095630e-01    2.3247486e+00
   4.8516465e-01   -8.0115655e-01    2.3242237e+00
   5.0153670e-01   -7.9102681e-01    2.3237080e+00
   5.1769896e-01   -7.8055708e-01    2.3232023e+00
   5.3364145e-01   -7.6976736e-01    2.3227068e+00
   5.4936417e-01   -7.5864765e-01    2.3222215e+00
   5.6483713e-01   -7.4719795e-01    2.3217476e+00
   5.8008033e-01   -7.3542825e-01    2.3212843e+00
   5.9506377e-01   -7.2333856e-01    2.3208326e+00
   6.0979746e-01   -7.1093888e-01    2.3203921e+00
   6.2426140e-01   -6.9822921e-01    2.3199636e+00
   6.3846558e-01   -6.8522955e-01    2.3195464e+00
   6.5239002e-01   -6.7192989e-01    2.3191415e+00
   6.6604471e-01   -6.5836024e-01    2.3187482e+00
   6.7941965e-01   -6.4450060e-01    2.3183671e+00
   6.9250485e-01   -6.3037096e-01    2.3179983e+00
   7.0530030e-01   -6.1598133e-01    2.3176418e+00
   7.1779601e-01   -6.0133171e-01    2.3172980e+00
   7.2998200e-01   -5.8641210e-01    2.3169672e+00
   7.4183825e-01   -5.7125249e-01    2.3166500e+00
   7.5337479e-01   -5.5583289e-01    2.3163461e+00
   7.6458160e-01   -5.4016329e-01    2.3160560e+00
   7.7543869e-01   -5.2426370e-01    2.3157800e+00
   7.8595606e-01   -5.0813412e-01    2.3155179e+00
   7.9613372e-01   -4.9177454e-01    2.3152697e+00
   8.0595165e-01   -4.7521497e-01    2.3150358e+00
   8.1543986e-01   -4.5844540e-01    2.3148153e+00
   8.2457833e-01   -4.4149584e-01    2.3146087e+00
   8.3337707e-01   -4.2436628e-01    2.3144156e+00
   8.4183608e-01   -4.0706673e-01    2.3142359e+00
   8.4996534e-01   -3.8960718e-01    2.3140692e+00
   8.5774487e-01   -3.7198763e-01    2.3139163e+00
   8.6517466e-01   -3.5421809e-01    2.3137770e+00
   8.7226470e-01   -3.3630856e-01    2.3136509e+00
   8.7898502e-01   -3.1826902e-01    2.3135390e+00
   8.8534562e-01   -3.0007949e-01    2.3134412e+00
   8.9132648e-01   -2.8177996e-01    2.3133578e+00
   8.9692762e-01   -2.6335044e-01    2.3132890e+00
   9.0215903e-01   -2.4481092e-01    2.3132342e+00
   9.0699073e-01   -2.2617140e-01    2.3131946e+00
   9.1144269e-01   -2.0743188e-01    2.3131693e+00
   9.1550493e-01   -1.8861237e-01    2.3131586e+00
   9.1917745e-01   -1.6970286e-01    2.3131626e+00
   9.2246023e-01   -1.5072335e-01    2.3131811e+00
   9.2535328e-01   -1.3168384e-01    2.3132140e+00
   9.2785660e-01   -1.1258433e-01    2.3132613e+00
   9.2995019e-01   -9.3440828e-02    2.3133237e+00
   9.3165405e-01   -7.4256323e-02    2.3134005e+00
   9.3295817e-01   -5.5040820e-02    2.3134918e+00
   9.3386255e-01   -3.5802317e-02    2.3135976e+00
   9.3435721e-01   -1.6549814e-02    2.3137183e+00
   9.3446212e-01    2.7091889e-03    2.3138530e+00
   9.3415729e-01    2.1966192e-02    2.3140024e+00
   9.3347270e-01    4.1212695e-02    2.3141655e+00
   9.3238837e-01    6.0441198e-02    2.3143427e+00
   9.3092428e-01    7.9644702e-02    2.3145335e+00
   9.2908042e-01    9.8814207e-02    2.3147376e+00
   9.2685680e-01    1.1793971e-01    2.3149551e+00
   9.2425341e-01    1.3702922e-01    2.3151859e+00
   9.2128025e-01    1.5605873e-01    2.3154297e+00
   9.1793731e-01    1.7501824e-01    2.3156862e+00
   9.1422459e-01    1.9391775e-01    2.3159556e+00
   9.1013209e-01    2.1273727e-01    2.3162380e+00
   9.0566981e-01    2.3146678e-01    2.3165331e+00
   9.0082776e-01    2.5010630e-01    2.3168412e+00
   8.9562591e-01    2.6864582e-01    2.3171616e+00
   8.9005427e-01    2.8708535e-01    2.3174945e+00
   8.8412284e-01    3.0540487e-01    2.3178394e+00
   8.7783160e-01    3.2359440e-01    2.3181964e+00
   8.7118057e-01    3.4167394e-01    2.3185655e+00
   8.6417972e-01    3.5961347e-01    2.3189462e+00
   8.5683906e-01    3.7741301e-01    2.3193381e+00
   8.4915859e-01    3.9507256e-01    2.3197412e+00
   8.4113829e-01    4.1257210e-01    2.3201554e+00
   8.3277817e-01    4.2992166e-01    2.3205807e+00
   8.2408822e-01    4.4710121e-01    2.3210166e+00
   8.1505845e-01    4.6411077e-01    2.3214635e+00
   8.0570884e-01    4.8094034e-01    2.3219207e+00
   7.9601939e-01    4.9757991e-01    2.3223887e+00
   7.8600011e-01    5.1401948e-01    2.3228671e+00
   7.7566099e-01    5.3025907e-01    2.3233555e+00
   7.6498202e-01    5.4627865e-01    2.3238546e+00
   7.5399321e-01    5.6208824e-01    2.3243633e+00
   7.4267454e-01    5.7766784e-01    2.3248823e+00
   7.3103602e-01    5.9300744e-01    2.3254110e+00
   7.1909763e-01    6.0809706e-01    2.3259487e+00
   7.0683939e-01    6.2294667e-01    2.3264961e+00
   6.9428127e-01    6.3754629e-01    2.3270526e+00
   6.8143328e-01    6.5188592e-01    2.3276176e+00
   6.6829540e-01    6.6594556e-01    2.3281910e+00
   6.5486763e-01    6.7974520e-01    2.3287729e+00
   6.4116998e-01    6.9326486e-01    2.3293625e+00
   6.2719242e-01    7.0650451e-01    2.3299602e+00
   6.1294497e-01    7.1945418e-01    2.3305655e+00
   5.9843761e-01    7.3210385e-01    2.3311780e+00
   5.8367034e-01    7.4445353e-01    2.3317977e+00
   5.6865316e-01    7.5650322e-01    2.3324242e+00
   5.5339604e-01    7.6823292e-01    2.3330570e+00
   5.3789900e-01    7.7965262e-01    2.3336963e+00
   5.2216203e-01    7.9074234e-01    2.3343417e+00
   5.0620512e-01    8.0151206e-01    2.3349928e+00
   4.9003826e-01    8.1195179e-01    2.3356491e+00
   4.7366145e-01    8.2206153e-01    2.3363105e+00
   4.5707469e-01    8.3183128e-01    2.3369770e+00
   4.4029797e-01    8.4127103e-01    2.3376480e+00
   4.2334127e-01    8.5037080e-01    2.3383230e+00
   4.0620461e-01    8.5914057e-01    2.3390021e+00
   3.8889796e-01    8.6755035e-01    2.3396848e+00
   3.7142133e-01    8.7562015e-01    2.3403711e+00
   3.5378472e-01    8.8332995e-01    2.3410605e+00
   3.3599810e-01    8.9067976e-01    2.3417528e+00
   3.1806150e-01    8.9766958e-01    2.3424478e+00
   2.9998488e-01    9.0427941e-01    2.3431452e+00
   2.8177825e-01    9.1051925e-01    2.3438446e+00
   2.6344161e-01    9.1636909e-01    2.3445458e+00
   2.4498494e-01    9.2183895e-01    2.3452487e+00
   2.2641825e-01    9.2691882e-01    2.3459526e+00
   2.0775152e-01    9.3159870e-01    2.3466573e+00
   1.8899474e-01    9.3589859e-01    2.3473625e+00
   1.7014792e-01    9.3978849e-01    2.3480680e+00
   1.5122105e-01    9.4328840e-01    2.3487736e+00
   1.3222412e-01    9.4638832e-01    2.3494788e+00
   1.1316713e-01    9.4908825e-01    2.3501833e+00
   9.4056067e-02    9.5137819e-01    2.3508868e+00
   7.4902927e-02    9.5326814e-01    2.3515889e+00
   5.5712705e-02    9.5474810e-01    2.3522894e+00
   3.6495398e-02    9.5582808e-01    2.3529880e+00
   1.7259993e-02    9.5648806e-01    2.3536843e+00
  -1.9855080e-03    9.5674805e-01    2.3543780e+00
  -2.1232112e-02    9.5660805e-01    2.3550689e+00
  -4.0471826e-02    9.5605807e-01    2.3557566e+00
  -5.9696653e-02    9.5510809e-01    2.3564408e+00
  -7.8896597e-02    9.5376813e-01    2.3571214e+00
  -9.8066664e-02    9.5202817e-01    2.3577980e+00
  -1.1719386e-01    9.4989823e-01    2.3584703e+00
  -1.3628218e-01    9.4738829e-01    2.3591385e+00
  -1.5531064e-01    9.4448837e-01    2.3598017e+00
  -1.7426924e-01    9.4119845e-01    2.3604595e+00
  -1.9316798e-01    9.3751855e-01    2.3611125e+00
  -2.1197688e-01    9.3344865e-01    2.3617593e+00
  -2.3070594e-01    9.2898877e-01    2.3624006e+00
  -2.4933516e-01    9.2413889e-01    2.3630354e+00
  -2.6785455e-01    9.1889903e-01    2.3636634e+00
  -2.8626411e-01    9.1326917e-01    2.3642848e+00
  -3.0455385e-01    9.0726933e-01    2.3648991e+00
  -3.2271377e-01    9.0088949e-01    2.3655061e+00
  -3.4074386e-01    8.9413967e-01    2.3661057e+00
  -3.5863415e-01    8.8701985e-01    2.3666976e+00
  -3.7637462e-01    8.7955004e-01    2.3672816e+00
  -3.9396527e-01    8.7173025e-01    2.3678578e+00
  -4.1139613e-01    8.6356046e-01    2.3684256e+00
  -4.2866717e-01    8.5505068e-01    2.3689853e+00
  -4.4576841e-01    8.4621091e-01    2.3695365e+00
  -4.6268985e-01    8.3702114e-01    2.3700787e+00
  -4.7943149e-01    8.2751139e-01    2.3706122e+00
  -4.9597335e-01    8.1767164e-01    2.3711361e+00
  -5.1232541e-01    8.0750191e-01    2.3716508e+00
  -5.2846769e-01    7.9702218e-01    2.3721557e+00
  -5.4441019e-01    7.8622246e-01    2.3726511e+00
  -5.6013290e-01    7.7511274e-01    2.3731365e+00
  -5.7564583e-01    7.6369304e-01    2.3736120e+00
  -5.9092898e-01    7.5198334e-01    2.3740772e+00
  -6.0598236e-01    7.3998365e-01    2.3745321e+00
  -6.2080596e-01    7.2769397e-01    2.3749766e+00
  -6.3538979e-01    7.1512429e-01    2.3754104e+00
  -6.4972385e-01    7.0226462e-01    2.3758333e+00
  -6.6380815e-01    6.8913496e-01    2.3762451e+00
  -6.7762269e-01    6.7572531e-01    2.3766453e+00
  -6.9116747e-01    6.6203566e-01    2.3770338e+00
  -7.0444250e-01    6.4808602e-01    2.3774107e+00
  -7.1741780e-01    6.3385639e-01    2.3777748e+00
  -7.3010335e-01    6.1936676e-01    2.3781266e+00
  -7.4247916e-01    6.0461714e-01    2.3784655e+00
  -7.5455524e-01    5.8961753e-01    2.3787917e+00
  -7.6631158e-01    5.7436793e-01    2.3791047e+00
  -7.7775819e-01    5.5887833e-01    2.3794048e+00
  -7.8888507e-01    5.4315873e-01    2.3796917e+00
  -7.9969220e-01    5.2721914e-01    2.3799656e+00
  -8.1017960e-01    5.1106956e-01    2.3802265e+00
  -8.2034726e-01    4.9471998e-01    2.3804744e+00
  -8.3019517e-01    4.7817041e-01    2.3807094e+00
  -8.3972334e-01    4.6143084e-01    2.3809316e+00
  -8.4892177e-01    4.4451128e-01    2.3811406e+00
  -8.5778047e-01    4.2741172e-01    2.3813360e+00
  -8.6630942e-01    4.1014217e-01    2.3815185e+00
  -8.7449863e-01    3.9271262e-01    2.3816875e+00
  -8.8234811e-01    3.7512307e-01    2.3818432e+00
  -8.8983785e-01    3.5738353e-01    2.3819849e+00
  -8.9698786e-01    3.3949399e-01    2.3821132e+00
  -9.0377812e-01    3.2147446e-01    2.3822278e+00
  -9.1021865e-01    3.0332493e-01    2.3823288e+00
  -9.1628945e-01    2.8504540e-01    2.3824155e+00
  -9.2201051e-01    2.6665587e-01    2.3824890e+00
  -9.2737183e-01    2.4815635e-01    2.3825487e+00
  -9.3236341e-01    2.2955683e-01    2.3825943e+00
  -9.3699525e-01    2.1085731e-01    2.3826264e+00
  -9.4124735e-01    1.9207780e-01    2.3826442e+00
  -9.4512972e-01    1.7321829e-01    2.3826481e+00
  -9.4863235e-01    1.5427877e-01    2.3826378e+00
  -9.5175524e-01    1.3526927e-01    2.3826134e+00
  -9.5447841e-01    1.1619976e-01    2.3825742e+00
  -9.5682183e-01    9.7086252e-02    2.3825209e+00
  -9.5876553e-01    7.7925746e-02    2.3824530e+00
  -9.6030949e-01    5.8728242e-02    2.3823705e+00
  -9.6146371e-01    3.9502739e-02    2.3822737e+00
  -9.6220820e-01    2.0258236e-02    2.3821621e+00
  -9.6255295e-01    1.0016330e-03    2.3820360e+00
  -9.6248797e-01   -1.8257770e-02    2.3818951e+00
  -9.6202325e-01   -3.7511272e-02    2.3817400e+00
  -9.6115878e-01   -5.6750776e-02    2.3815705e+00
  -9.5989456e-01   -7.5968279e-02    2.3813869e+00
  -9.5823059e-01   -9.5154784e-02    2.3811891e+00
  -9.5617686e-01   -1.1430429e-01    2.3809776e+00
  -9.5373338e-01   -1.3340380e-01    2.3807524e+00
  -9.5090013e-01   -1.5245330e-01    2.3805135e+00
  -9.4768711e-01   -1.7144281e-01    2.3802615e+00
  -9.4409432e-01   -1.9036233e-01    2.3799962e+00
  -9.4013175e-01   -2.0921184e-01    2.3797182e+00
  -9.3580939e-01   -2.2797135e-01    2.3794279e+00
  -9.3111724e-01   -2.4665087e-01    2.3791249e+00
  -9.2605531e-01   -2.6523039e-01    2.3788094e+00
  -9.2063359e-01   -2.8370991e-01    2.3784816e+00
  -9.1484208e-01   -3.0207944e-01    2.3781413e+00
  -9.0868077e-01   -3.2031897e-01    2.3777886e+00
  -9.0215966e-01   -3.3843850e-01    2.3774239e+00
  -8.9526876e-01   -3.5641804e-01    2.3770469e+00
  -8.8800806e-01   -3.7425758e-01    2.3766575e+00
  -8.8039754e-01   -3.9193712e-01    2.3762568e+00
  -8.7241722e-01   -4.0946667e-01    2.3758439e+00
  -8.6408709e-01   -4.2682622e-01    2.3754196e+00
  -8.5539714e-01   -4.4400577e-01    2.3749836e+00
  -8.4637736e-01   -4.6101534e-01    2.3745371e+00
  -8.3701776e-01   -4.7784490e-01    2.3740796e+00
  -8.2731832e-01   -4.9447447e-01    2.3736113e+00
  -8.1729904e-01   -5.1091405e-01    2.3731329e+00
  -8.0694992e-01   -5.2715363e-01    2.3726441e+00
  -7.9628095e-01   -5.4318321e-01    2.3721453e+00
  -7.8529213e-01   -5.5899281e-01    2.3716365e+00
  -7.7399346e-01   -5.7457240e-01    2.3711183e+00
  -7.6237493e-01   -5.8993201e-01    2.3705902e+00
  -7.5044654e-01   -6.0504162e-01    2.3700527e+00
  -7.3821828e-01   -6.1991123e-01    2.3695062e+00
  -7.2569015e-01   -6.3453085e-01    2.3689507e+00
  -7.1286214e-01   -6.4889048e-01    2.3683863e+00
  -6.9975425e-01   -6.6298012e-01    2.3678137e+00
  -6.8636648e-01   -6.7681976e-01    2.3672329e+00
  -6.7270880e-01   -6.9037941e-01    2.3666444e+00
  -6.5877124e-01   -7.0366907e-01    2.3660478e+00
  -6.4458376e-01   -7.1667873e-01    2.3654443e+00
  -6.3013638e-01   -7.2938841e-01    2.3648335e+00
  -6.1542909e-01   -7.4181808e-01    2.3642154e+00
  -6.0048188e-01   -7.5393777e-01    2.3635909e+00
  -5.8527475e-01   -7.6575747e-01    2.3629592e+00
  -5.6983769e-01   -7.7724717e-01    2.3623217e+00
  -5.5417070e-01   -7.8842688e-01    2.3616781e+00
  -5.3827377e-01   -7.9927660e-01    2.3610286e+00
  -5.2215690e-01   -8.0980633e-01    2.3603735e+00
  -5.0583008e-01   -8.1999607e-01    2.3597132e+00
  -4.8930331e-01   -8.2986581e-01    2.3590482e+00
  -4.7257657e-01   -8.3939556e-01    2.3583783e+00
  -4.5567987e-01   -8.4861533e-01    2.3577046e+00
  -4.3860320e-01   -8.5749510e-01    2.3570269e+00
  -4.2136654e-01   -8.6605488e-01    2.3563457e+00
  -4.0395991e-01   -8.7427466e-01    2.3556608e+00
  -3.8640328e-01   -8.8215446e-01    2.3549730e+00
  -3.6869667e-01   -8.8969427e-01    2.3542822e+00
  -3.5084006e-01   -8.9688408e-01    2.3535886e+00
  -3.3284345e-01   -9.0372390e-01    2.3528925e+00
  -3.1471683e-01   -9.1019374e-01    2.3521943e+00
  -2.9646020e-01   -9.1629358e-01    2.3514941e+00
  -2.7808355e-01   -9.2201343e-01    2.3507924e+00
  -2.5959688e-01   -9.2737329e-01    2.3500893e+00
  -2.4101017e-01   -9.3236316e-01    2.3493852e+00
  -2.2232344e-01   -9.3698304e-01    2.3486802e+00
  -2.0355666e-01   -9.4123293e-01    2.3479750e+00
  -1.8470984e-01   -9.4512283e-01    2.3472695e+00
  -1.6578297e-01   -9.4864274e-01    2.3465638e+00
  -1.4679605e-01   -9.5180266e-01    2.3458586e+00
  -1.2775907e-01   -9.5459259e-01    2.3451541e+00
  -1.0866203e-01   -9.5700253e-01    2.3444503e+00
  -8.9519918e-02   -9.5903247e-01    2.3437476e+00
  -7.0342726e-02   -9.6066243e-01    2.3430464e+00
  -5.1134454e-02   -9.6190240e-01    2.3423470e+00
  -3.1905087e-02   -9.6272238e-01    2.3416498e+00
  -1.2662625e-02   -9.6314237e-01    2.3409551e+00
   6.5845423e-03   -9.6314237e-01    2.3402632e+00
   2.5827618e-02   -9.6273238e-01    2.3395744e+00
   4.5058405e-02   -9.6192240e-01    2.3388889e+00
   6.4268307e-02   -9.6072243e-01    2.3382069e+00
   8.3449330e-02   -9.5912247e-01    2.3375289e+00
   1.0260147e-01   -9.5716252e-01    2.3368545e+00
   1.2169973e-01   -9.5482258e-01    2.3361848e+00
   1.4075812e-01   -9.5214265e-01    2.3355189e+00
   1.5976662e-01   -9.4910273e-01    2.3348574e+00
   1.7871526e-01   -9.4571282e-01    2.3342006e+00
   1.9760402e-01   -9.4198291e-01    2.3335484e+00
   2.1641293e-01   -9.3790302e-01    2.3329016e+00
   2.3514197e-01   -9.3346313e-01    2.3322603e+00
   2.5378118e-01   -9.2865326e-01    2.3316248e+00
   2.7232054e-01   -9.2348339e-01    2.3309955e+00
   2.9076006e-01   -9.1793354e-01    2.3303725e+00
   3.0906976e-01   -9.1200369e-01    2.3297570e+00
   3.2724965e-01   -9.0568385e-01    2.3291489e+00
   3.4529973e-01   -8.9898403e-01    2.3285482e+00
   3.6319999e-01   -8.9190421e-01    2.3279556e+00
   3.8095045e-01   -8.8444440e-01    2.3273711e+00
   3.9854111e-01   -8.7662460e-01    2.3267950e+00
   4.1597196e-01   -8.6845481e-01    2.3262272e+00
   4.3324301e-01   -8.5994503e-01    2.3256675e+00
   4.5034424e-01   -8.5110526e-01    2.3251163e+00
   4.6726568e-01   -8.4193550e-01    2.3245739e+00
   4.8402731e-01   -8.3244574e-01    2.3240396e+00
   5.0059913e-01   -8.2264600e-01    2.3235143e+00
   5.1698116e-01   -8.1253626e-01    2.3229981e+00
   5.3316340e-01   -8.0210653e-01    2.3224914e+00
   5.4913587e-01   -7.9134680e-01    2.3219946e+00
   5.6487856e-01   -7.8027709e-01    2.3215083e+00
   5.8040148e-01   -7.6887739e-01    2.3210322e+00
   5.9567464e-01   -7.5714769e-01    2.3205675e+00
   6.1068805e-01   -7.4510800e-01    2.3201144e+00
   6.2545171e-01   -7.3274832e-01    2.3196725e+00
   6.3995562e-01   -7.2007865e-01    2.3192423e+00
   6.5418977e-01   -7.0711898e-01    2.3188238e+00
   6.6816417e-01   -6.9385932e-01    2.3184168e+00
   6.8186881e-01   -6.8033967e-01    2.3180213e+00
   6.9530370e-01   -6.6654003e-01    2.3176376e+00
   7.0845883e-01   -6.5248039e-01    2.3172658e+00
   7.2133421e-01   -6.3816076e-01    2.3169059e+00
   7.3391985e-01   -6.2358114e-01    2.3165583e+00
   7.4620575e-01   -6.0875152e-01    2.3162233e+00
   7.5817191e-01   -5.9367191e-01    2.3159016e+00
   7.6981835e-01   -5.7833231e-01    2.3155932e+00
   7.8113507e-01   -5.6275271e-01    2.3152984e+00
   7.9211207e-01   -5.4692312e-01    2.3150177e+00
   8.0272936e-01   -5.3086353e-01    2.3147515e+00
   8.1300693e-01   -5.1457395e-01    2.3144992e+00
   8.2294477e-01   -4.9808438e-01    2.3142605e+00
   8.3254288e-01   -4.8138481e-01    2.3140355e+00
   8.4182125e-01   -4.6450525e-01    2.3138234e+00
   8.5077987e-01   -4.4745569e-01    2.3136239e+00
   8.5942872e-01   -4.3025613e-01    2.3134367e+00
   8.6777782e-01   -4.1289658e-01    2.3132614e+00
   8.7581714e-01   -3.9539703e-01    2.3130983e+00
   8.8354671e-01   -3.7775749e-01    2.3129472e+00
   8.9096651e-01   -3.5997794e-01    2.3128084e+00
   8.9804656e-01   -3.4206841e-01    2.3126826e+00
   9.0478687e-01   -3.2402887e-01    2.3125701e+00
   9.1116744e-01   -3.0585934e-01    2.3124714e+00
   9.1717829e-01   -2.8755982e-01    2.3123869e+00
   9.2279942e-01   -2.6914029e-01    2.3123173e+00
   9.2803083e-01   -2.5060077e-01    2.3122625e+00
   9.3286252e-01   -2.3196125e-01    2.3122229e+00
   9.3729450e-01   -2.1322173e-01    2.3121983e+00
   9.4132676e-01   -1.9438222e-01    2.3121889e+00
   9.4496929e-01   -1.7547271e-01    2.3121939e+00
   9.4822210e-01   -1.5649320e-01    2.3122135e+00
   9.5109516e-01   -1.3744369e-01    2.3122472e+00
   9.5358849e-01   -1.1834418e-01    2.3122949e+00
   9.5571206e-01   -9.9206679e-02    2.3123562e+00
   9.5746588e-01   -8.0026174e-02    2.3124311e+00
   9.5884995e-01   -6.0816671e-02    2.3125194e+00
   9.5986426e-01   -4.1584167e-02    2.3126213e+00
   9.6049883e-01   -2.2334664e-02    2.3127369e+00
   9.6076363e-01   -3.0774616e-03    2.3128659e+00
   9.6063869e-01    1.6181341e-02    2.3130089e+00
   9.6014398e-01    3.5433844e-02    2.3131651e+00
   9.5925952e-01    5.4672347e-02    2.3133352e+00
   9.5798531e-01    7.3889851e-02    2.3135193e+00
   9.5634133e-01    9.3077355e-02    2.3137163e+00
   9.5430759e-01    1.1222986e-01    2.3139272e+00
   9.5189409e-01    1.3133937e-01    2.3141514e+00
   9.4910081e-01    1.5038888e-01    2.3143888e+00
   9.4594776e-01    1.6938838e-01    2.3146388e+00
   9.4241493e-01    1.8831790e-01    2.3149019e+00
   9.3853231e-01    2.0717741e-01    2.3151771e+00
   9.3427991e-01    2.2596692e-01    2.3154651e+00
   9.2967772e-01    2.4466644e-01    2.3157650e+00
   9.2472572e-01    2.6327596e-01    2.3160769e+00
   9.1943392e-01    2.8178548e-01    2.3164002e+00
   9.1380232e-01    3.0020501e-01    2.3167351e+00
   9.0782091e-01    3.1851453e-01    2.3170818e+00
   9.0151968e-01    3.3670406e-01    2.3174391e+00
   8.9487864e-01    3.5478360e-01    2.3178079e+00
   8.8790778e-01    3.7273313e-01    2.3181876e+00
   8.8059711e-01    3.9054267e-01    2.3185784e+00
   8.7296660e-01    4.0822222e-01    2.3189799e+00
   8.6499628e-01    4.2575176e-01    2.3193925e+00
   8.5670613e-01    4.4313132e-01    2.3198155e+00
   8.4807615e-01    4.6034087e-01    2.3202495e+00
   8.3913633e-01    4.7739043e-01    2.3206935e+00
   8.2986668e-01    4.9426999e-01    2.3211481e+00
   8.2027718e-01    5.1096956e-01    2.3216129e+00
   8.1037784e-01    5.2747914e-01    2.3220875e+00
   8.0016866e-01    5.4380872e-01    2.3225719e+00
   7.8963962e-01    5.5992830e-01    2.3230664e+00
   7.7882073e-01    5.7584789e-01    2.3235698e+00
   7.6768198e-01    5.9155748e-01    2.3240832e+00
   7.5624337e-01    6.0703708e-01    2.3246057e+00
   7.4449490e-01    6.2229669e-01    2.3251378e+00
   7.3243656e-01    6.3729630e-01    2.3256791e+00
   7.2005837e-01    6.5205592e-01    2.3262303e+00
   7.0738030e-01    6.6653555e-01    2.3267901e+00
   6.9439236e-01    6.8074518e-01    2.3273592e+00
   6.8110454e-01    6.9467482e-01    2.3279371e+00
   6.6751684e-01    7.0831447e-01    2.3285236e+00
   6.5363926e-01    7.2165412e-01    2.3291185e+00
   6.3949177e-01    7.3470379e-01    2.3297209e+00
   6.2506438e-01    7.4745346e-01    2.3303312e+00
   6.1038708e-01    7.5991313e-01    2.3309484e+00
   5.9546985e-01    7.7206282e-01    2.3315721e+00
   5.8030272e-01    7.8393251e-01    2.3322027e+00
   5.6491565e-01    7.9550222e-01    2.3328390e+00
   5.4931863e-01    8.0677192e-01    2.3334808e+00
   5.3350168e-01    8.1774164e-01    2.3341282e+00
   5.1747479e-01    8.2841137e-01    2.3347811e+00
   5.0125794e-01    8.3877110e-01    2.3354386e+00
   4.8484114e-01    8.4882084e-01    2.3361010e+00
   4.6823439e-01    8.5856059e-01    2.3367681e+00
   4.5144766e-01    8.6797034e-01    2.3374392e+00
   4.3447097e-01    8.7705011e-01    2.3381148e+00
   4.1732431e-01    8.8579988e-01    2.3387941e+00
   4.0001766e-01    8.9420967e-01    2.3394767e+00
   3.8254103e-01    9.0226946e-01    2.3401630e+00
   3.6490442e-01    9.0998926e-01    2.3408525e+00
   3.4712780e-01    9.1734907e-01    2.3415445e+00
   3.2920120e-01    9.2435889e-01    2.3422393e+00
   3.1113458e-01    9.3099872e-01    2.3429365e+00
   2.9293796e-01    9.3727855e-01    2.3436358e+00
   2.7461132e-01    9.4316840e-01    2.3443370e+00
   2.5617465e-01    9.4868826e-01    2.3450395e+00
   2.3762796e-01    9.5381813e-01    2.3457431e+00
   2.1897124e-01    9.5856800e-01    2.3464480e+00
   2.0022447e-01    9.6292789e-01    2.3471532e+00
   1.8139766e-01    9.6690779e-01    2.3478587e+00
   1.6248081e-01    9.7048770e-01    2.3485644e+00
   1.4350389e-01    9.7367761e-01    2.3492696e+00
   1.2446691e-01    9.7648754e-01    2.3499741e+00
   1.0536987e-01    9.7889748e-01    2.3506780e+00
   8.6228755e-02    9.8091743e-01    2.3513806e+00
   6.7050564e-02    9.8254739e-01    2.3520818e+00
   4.7843288e-02    9.8377735e-01    2.3527811e+00
   2.8613927e-02    9.8461733e-01    2.3534784e+00
   9.3718696e-03    9.8505732e-01    2.3541733e+00
  -9.8750902e-03    9.8508732e-01    2.3548654e+00
  -2.9119752e-02    9.8472733e-01    2.3555546e+00
  -4.8352523e-02    9.8397735e-01    2.3562406e+00
  -6.7565412e-02    9.8281738e-01    2.3569230e+00
  -8.6750420e-02    9.8126742e-01    2.3576015e+00
  -1.0590355e-01    9.7933747e-01    2.3582762e+00
  -1.2501181e-01    9.7700753e-01    2.3589463e+00
  -1.4406020e-01    9.7429760e-01    2.3596116e+00
  -1.6305873e-01    9.7119768e-01    2.3602723e+00
  -1.8199739e-01    9.6772777e-01    2.3609281e+00
  -2.0085621e-01    9.6386787e-01    2.3615783e+00
  -2.1962518e-01    9.5962798e-01    2.3622226e+00
  -2.3831430e-01    9.5500810e-01    2.3628612e+00
  -2.5690358e-01    9.5002822e-01    2.3634936e+00
  -2.7540302e-01    9.4466836e-01    2.3641201e+00
  -2.9378262e-01    9.3895851e-01    2.3647398e+00
  -3.1205239e-01    9.3288867e-01    2.3653529e+00
  -3.3020232e-01    9.2647883e-01    2.3659593e+00
  -3.4822242e-01    9.1971901e-01    2.3665585e+00
  -3.6612269e-01    9.1262919e-01    2.3671510e+00
  -3.8388314e-01    9.0520938e-01    2.3677361e+00
  -4.0151375e-01    8.9746958e-01    2.3683142e+00
  -4.1899454e-01    8.8939979e-01    2.3688846e+00
  -4.3631552e-01    8.8101001e-01    2.3694469e+00
  -4.5348668e-01    8.7230023e-01    2.3700016e+00
  -4.7048803e-01    8.6327047e-01    2.3705478e+00
  -4.8730958e-01    8.5391071e-01    2.3710852e+00
  -5.0395133e-01    8.4423096e-01    2.3716139e+00
  -5.2040329e-01    8.3422122e-01    2.3721333e+00
  -5.3665546e-01    8.2390148e-01    2.3726433e+00
  -5.5269785e-01    8.1325176e-01    2.3731434e+00
  -5.6852046e-01    8.0229204e-01    2.3736334e+00
  -5.8413329e-01    7.9101233e-01    2.3741136e+00
  -5.9951635e-01    7.7943263e-01    2.3745833e+00
  -6.1466963e-01    7.6755294e-01    2.3750426e+00
  -6.2958314e-01    7.5538325e-01    2.3754912e+00
  -6.4426687e-01    7.4292357e-01    2.3759295e+00
  -6.5871083e-01    7.3018390e-01    2.3763571e+00
  -6.7290502e-01    7.1718424e-01    2.3767739e+00
  -6.8685944e-01    7.0391458e-01    2.3771801e+00
  -7.0056408e-01    6.9038493e-01    2.3775755e+00
  -7.1401895e-01    6.7660529e-01    2.3779601e+00
  -7.2720406e-01    6.6257565e-01    2.3783331e+00
  -7.4012940e-01    6.4829602e-01    2.3786951e+00
  -7.5276499e-01    6.3377639e-01    2.3790449e+00
  -7.6512082e-01    6.1900677e-01    2.3793829e+00
  -7.7717691e-01    6.0398716e-01    2.3797083e+00
  -7.8893326e-01    5.8872756e-01    2.3800212e+00
  -8.0035988e-01    5.7323796e-01    2.3803205e+00
  -8.1147677e-01    5.5750836e-01    2.3806071e+00
  -8.2225393e-01    5.4154877e-01    2.3808797e+00
  -8.3271135e-01    5.2537919e-01    2.3811394e+00
  -8.4283904e-01    5.0899961e-01    2.3813856e+00
  -8.5263699e-01    4.9242004e-01    2.3816186e+00
  -8.6211520e-01    4.7565048e-01    2.3818388e+00
  -8.7128366e-01    4.5871091e-01    2.3820465e+00
  -8.8013236e-01    4.4161135e-01    2.3822417e+00
  -8.8867130e-01    4.2435180e-01    2.3824245e+00
  -8.9690049e-01    4.0693225e-01    2.3825951e+00
  -9.0480992e-01    3.8937270e-01    2.3827531e+00
  -9.1240958e-01    3.7168316e-01    2.3828991e+00
  -9.1967949e-01    3.5384362e-01    2.3830322e+00
  -9.2662964e-01    3.3588408e-01    2.3831529e+00
  -9.3323005e-01    3.1779455e-01    2.3832601e+00
  -9.3949071e-01    2.9957502e-01    2.3833541e+00
  -9.4540163e-01    2.8124550e-01    2.3834348e+00
  -9.5094282e-01    2.6280597e-01    2.3835014e+00
  -9.5612426e-01    2.4425645e-01    2.3835542e+00
  -9.6094596e-01    2.2560693e-01    2.3835934e+00
  -9.6537794e-01    2.0686742e-01    2.3836180e+00
  -9.6944018e-01    1.8803790e-01    2.3836286e+00
  -9.7312269e-01    1.6912839e-01    2.3836250e+00
  -9.7642546e-01    1.5015888e-01    2.3836073e+00
  -9.7933850e-01    1.3111937e-01    2.3835751e+00
  -9.8187179e-01    1.1202987e-01    2.3835289e+00
  -9.8401535e-01    9.2886360e-02    2.3834683e+00
  -9.8577917e-01    7.3706855e-02    2.3833938e+00
  -9.8715324e-01    5.4496352e-02    2.3833050e+00
  -9.8813758e-01    3.5262848e-02    2.3832021e+00
  -9.8875215e-01    1.6013345e-02    2.3830858e+00
  -9.8898698e-01   -3.2447573e-03    2.3829557e+00
  -9.8884205e-01   -2.2503660e-02    2.3828120e+00
  -9.8832735e-01   -4.1756163e-02    2.3826551e+00
  -9.8744289e-01   -6.0994666e-02    2.3824849e+00
  -9.8617868e-01   -8.0211170e-02    2.3823013e+00
  -9.8453469e-01   -9.9399674e-02    2.3821042e+00
  -9.8251095e-01   -1.1855418e-01    2.3818937e+00
  -9.8010744e-01   -1.3766369e-01    2.3816698e+00
  -9.7732416e-01   -1.5671319e-01    2.3814328e+00
  -9.7415112e-01   -1.7571270e-01    2.3811821e+00
  -9.7059830e-01   -1.9464221e-01    2.3809182e+00
  -9.6666571e-01   -2.1349173e-01    2.3806413e+00
  -9.6235335e-01   -2.3226124e-01    2.3803513e+00
  -9.5768119e-01   -2.5094076e-01    2.3800490e+00
  -9.5263925e-01   -2.6952028e-01    2.3797342e+00
  -9.4722752e-01   -2.8800980e-01    2.3794067e+00
  -9.4145600e-01   -3.0637933e-01    2.3790671e+00
  -9.3533467e-01   -3.2463886e-01    2.3787157e+00
  -9.2885354e-01   -3.4276839e-01    2.3783523e+00
  -9.2201261e-01   -3.6076792e-01    2.3779770e+00
  -9.1482187e-01   -3.7862746e-01    2.3775900e+00
  -9.0728131e-01   -3.9634701e-01    2.3771915e+00
  -8.9939095e-01   -4.1391655e-01    2.3767815e+00
  -8.9115077e-01   -4.3131610e-01    2.3763602e+00
  -8.8257076e-01   -4.4855566e-01    2.3759278e+00
  -8.7365093e-01   -4.6561522e-01    2.3754844e+00
  -8.6440127e-01   -4.8250478e-01    2.3750305e+00
  -8.5483177e-01   -4.9921435e-01    2.3745663e+00
  -8.4494243e-01   -5.1573392e-01    2.3740920e+00
  -8.3474323e-01   -5.3206350e-01    2.3736079e+00
  -8.2423419e-01   -5.4819308e-01    2.3731141e+00
  -8.1341529e-01   -5.6412267e-01    2.3726106e+00
  -8.0229654e-01   -5.7984227e-01    2.3720979e+00
  -7.9087792e-01   -5.9534187e-01    2.3715759e+00
  -7.7915943e-01   -6.1062147e-01    2.3710448e+00
  -7.6716107e-01   -6.2567108e-01    2.3705052e+00
  -7.5487284e-01   -6.4049070e-01    2.3699569e+00
  -7.4230473e-01   -6.5508032e-01    2.3694002e+00
  -7.2945673e-01   -6.6941995e-01    2.3688352e+00
  -7.1634884e-01   -6.8350959e-01    2.3682627e+00
  -7.0296106e-01   -6.9734923e-01    2.3676819e+00
  -6.8931338e-01   -7.1091888e-01    2.3670937e+00
  -6.7539581e-01   -7.2422854e-01    2.3664976e+00
  -6.6122833e-01   -7.3725820e-01    2.3658946e+00
  -6.4680094e-01   -7.4999787e-01    2.3652844e+00
  -6.3211364e-01   -7.6244755e-01    2.3646668e+00
  -6.1717643e-01   -7.7458724e-01    2.3640426e+00
  -6.0199929e-01   -7.8642693e-01    2.3634118e+00
  -5.8657223e-01   -7.9793663e-01    2.3627745e+00
  -5.7091524e-01   -8.0913635e-01    2.3621311e+00
  -5.5503830e-01   -8.2001606e-01    2.3614821e+00
  -5.3894143e-01   -8.3057579e-01    2.3608275e+00
  -5.2264460e-01   -8.4081553e-01    2.3601680e+00
  -5.0614782e-01   -8.5073527e-01    2.3595036e+00
  -4.8947107e-01   -8.6034502e-01    2.3588350e+00
  -4.7261436e-01   -8.6962478e-01    2.3581623e+00
  -4.5557768e-01   -8.7859455e-01    2.3574853e+00
  -4.3838103e-01   -8.8724433e-01    2.3568049e+00
  -4.2102438e-01   -8.9555411e-01    2.3561212e+00
  -4.0350776e-01   -9.0354391e-01    2.3554341e+00
  -3.8585114e-01   -9.1119371e-01    2.3547443e+00
  -3.6804453e-01   -9.1849352e-01    2.3540517e+00
  -3.5009792e-01   -9.2545334e-01    2.3533565e+00
  -3.3202131e-01   -9.3206317e-01    2.3526591e+00
  -3.1381468e-01   -9.3832301e-01    2.3519596e+00
  -2.9549804e-01   -9.4423286e-01    2.3512586e+00
  -2.7707138e-01   -9.4978271e-01    2.3505563e+00
  -2.5853469e-01   -9.5497258e-01    2.3498526e+00
  -2.3990797e-01   -9.5980245e-01    2.3491483e+00
  -2.2119122e-01   -9.6428234e-01    2.3484432e+00
  -2.0238443e-01   -9.6839223e-01    2.3477376e+00
  -1.8350759e-01   -9.7214214e-01    2.3470320e+00
  -1.6456071e-01   -9.7553205e-01    2.3463265e+00
  -1.4555377e-01   -9.7855197e-01    2.3456215e+00
  -1.2648677e-01   -9.8120190e-01    2.3449170e+00
  -1.0737970e-01   -9.8348184e-01    2.3442138e+00
  -8.8226563e-02   -9.8539179e-01    2.3435115e+00
  -6.9041356e-02   -9.8694175e-01    2.3428107e+00
  -4.9830068e-02   -9.8811172e-01    2.3421116e+00
  -3.0599696e-02   -9.8891170e-01    2.3414146e+00
  -1.1357237e-02   -9.8934169e-01    2.3407197e+00
   7.8904171e-03   -9.8939169e-01    2.3400275e+00
   2.7134971e-02   -9.8906170e-01    2.3393380e+00
   4.6369733e-02   -9.8834172e-01    2.3386517e+00
   6.5585605e-02   -9.8724175e-01    2.3379688e+00
   8.4775594e-02   -9.8575178e-01    2.3372897e+00
   1.0393370e-01   -9.8388183e-01    2.3366144e+00
   1.2305194e-01   -9.8162189e-01    2.3359434e+00
   1.4211031e-01   -9.7898196e-01    2.3352773e+00
   1.6112880e-01   -9.7596204e-01    2.3346153e+00
   1.8006744e-01   -9.7258212e-01    2.3339588e+00
   1.9895621e-01   -9.6883222e-01    2.3333067e+00
   2.1775513e-01   -9.6473233e-01    2.3326604e+00
   2.3648418e-01   -9.6027244e-01    2.3320192e+00
   2.5512338e-01   -9.5547257e-01    2.3313837e+00
   2.7367273e-01   -9.5033270e-01    2.3307538e+00
   2.9213222e-01   -9.4484284e-01    2.3301297e+00
   3.1047188e-01   -9.3901299e-01    2.3295123e+00
   3.2870170e-01   -9.3283315e-01    2.3289014e+00
   3.4681169e-01   -9.2630332e-01    2.3282974e+00
   3.6479185e-01   -9.1942350e-01    2.3277005e+00
   3.8263220e-01   -9.1219368e-01    2.3271111e+00
   4.0033272e-01   -9.0461388e-01    2.3265293e+00
   4.1787344e-01   -8.9668408e-01    2.3259558e+00
   4.3525435e-01   -8.8841430e-01    2.3253904e+00
   4.5247545e-01   -8.7981452e-01    2.3248332e+00
   4.6952674e-01   -8.7087475e-01    2.3242845e+00
   4.8640823e-01   -8.6160499e-01    2.3237443e+00
   5.0309993e-01   -8.5202524e-01    2.3232132e+00
   5.1961182e-01   -8.4211549e-01    2.3226908e+00
   5.3592393e-01   -8.3189576e-01    2.3221779e+00
   5.5203624e-01   -8.2135603e-01    2.3216745e+00
   5.6794877e-01   -8.1050631e-01    2.3211805e+00
   5.8363152e-01   -7.9934660e-01    2.3206970e+00
   5.9909450e-01   -7.8786689e-01    2.3202237e+00
   6.1431771e-01   -7.7608720e-01    2.3197611e+00
   6.2931114e-01   -7.6399751e-01    2.3193091e+00
   6.4404483e-01   -7.5160783e-01    2.3188685e+00
   6.5852875e-01   -7.3891816e-01    2.3184391e+00
   6.7275292e-01   -7.2593849e-01    2.3180211e+00
   6.8670733e-01   -7.1266884e-01    2.3176149e+00
   7.0039199e-01   -6.9912919e-01    2.3172203e+00
   7.1380689e-01   -6.8530954e-01    2.3168374e+00
   7.2694205e-01   -6.7122991e-01    2.3164665e+00
   7.3978745e-01   -6.5689028e-01    2.3161078e+00
   7.5235311e-01   -6.4229065e-01    2.3157611e+00
   7.6462901e-01   -6.2745104e-01    2.3154265e+00
   7.7660517e-01   -6.1237143e-01    2.3151045e+00
   7.8828159e-01   -5.9706182e-01    2.3147948e+00
   7.9964826e-01   -5.8151222e-01    2.3144980e+00
   8.1071518e-01   -5.6575263e-01    2.3142135e+00
   8.2146237e-01   -5.4977304e-01    2.3139421e+00
   8.3189981e-01   -5.3358346e-01    2.3136833e+00
   8.4200751e-01   -5.1720388e-01    2.3134377e+00
   8.5180547e-01   -5.0062431e-01    2.3132047e+00
   8.6128368e-01   -4.8385475e-01    2.3129846e+00
   8.7044214e-01   -4.6690518e-01    2.3127772e+00
   8.7927086e-01   -4.4979563e-01    2.3125829e+00
   8.8777983e-01   -4.3251607e-01    2.3124013e+00
   8.9595905e-01   -4.1508652e-01    2.3122326e+00
   9.0381851e-01   -3.9749698e-01    2.3120765e+00
   9.1134823e-01   -3.7977743e-01    2.3119333e+00
   9.1854819e-01   -3.6190790e-01    2.3118030e+00
   9.2542840e-01   -3.4391836e-01    2.3116850e+00
   9.3195886e-01   -3.2580883e-01    2.3115805e+00
   9.3815957e-01   -3.0756930e-01    2.3114887e+00
   9.4400053e-01   -2.8921977e-01    2.3114107e+00
   9.4949176e-01   -2.7076025e-01    2.3113461e+00
   9.5462324e-01   -2.5219073e-01    2.3112951e+00
   9.5938498e-01   -2.3353121e-01    2.3112581e+00
   9.6376700e-01   -2.1478169e-01    2.3112355e+00
   9.6776928e-01   -1.9594218e-01    2.3112271e+00
   9.7139183e-01   -1.7702267e-01    2.3112329e+00
   9.7462464e-01   -1.5803316e-01    2.3112532e+00
   9.7747772e-01   -1.3898365e-01    2.3112877e+00
   9.7994107e-01   -1.1988415e-01    2.3113365e+00
   9.8203466e-01   -1.0074464e-01    2.3113988e+00
   9.8373851e-01   -8.1558135e-02    2.3114756e+00
   9.8508261e-01   -6.2344631e-02    2.3115654e+00
   9.8603696e-01   -4.3109128e-02    2.3116694e+00
   9.8663155e-01   -2.3858625e-02    2.3117865e+00
   9.8685638e-01   -4.6008223e-03    2.3119169e+00
   9.8670146e-01    1.4657380e-02    2.3120610e+00
   9.8618677e-01    3.3909883e-02    2.3122179e+00
   9.8529231e-01    5.3148386e-02    2.3123884e+00
   9.8402809e-01    7.2365890e-02    2.3125721e+00
   9.8241410e-01    9.1556394e-02    2.3127681e+00
   9.8043033e-01    1.1070990e-01    2.3129772e+00
   9.7808678e-01    1.2982941e-01    2.3131989e+00
   9.7540344e-01    1.4889891e-01    2.3134325e+00
   9.7239030e-01    1.6791842e-01    2.3136776e+00
   9.6903736e-01    1.8687793e-01    2.3139345e+00
   9.6535463e-01    2.0578744e-01    2.3142029e+00
   9.6135208e-01    2.2462696e-01    2.3144822e+00
   9.5702972e-01    2.4338647e-01    2.3147725e+00
   9.5239754e-01    2.6207599e-01    2.3150735e+00
   9.4743555e-01    2.8068551e-01    2.3153857e+00
   9.4215375e-01    2.9920503e-01    2.3157087e+00
   9.3655213e-01    3.1763456e-01    2.3160426e+00
   9.3062069e-01    3.3595408e-01    2.3163876e+00
   9.2435944e-01    3.5416361e-01    2.3167436e+00
   9.1775838e-01    3.7225315e-01    2.3171110e+00
   9.1080751e-01    3.9021268e-01    2.3174900e+00
   9.0352682e-01    4.0803222e-01    2.3178799e+00
   8.9589631e-01    4.2571177e-01    2.3182814e+00
   8.8792599e-01    4.4324131e-01    2.3186940e+00
   8.7961584e-01    4.6061086e-01    2.3191176e+00
   8.7096588e-01    4.7781042e-01    2.3195523e+00
   8.6197608e-01    4.9483998e-01    2.3199979e+00
   8.5265646e-01    5.1168954e-01    2.3204541e+00
   8.4299700e-01    5.2834911e-01    2.3209211e+00
   8.3302769e-01    5.4481869e-01    2.3213980e+00
   8.2272855e-01    5.6108827e-01    2.3218852e+00
   8.1210956e-01    5.7714785e-01    2.3223824e+00
   8.0118071e-01    5.9299744e-01    2.3228893e+00
   7.8995201e-01    6.0863704e-01    2.3234054e+00
   7.7841344e-01    6.2404664e-01    2.3239310e+00
   7.6658501e-01    6.3923625e-01    2.3244655e+00
   7.5445670e-01    6.5418586e-01    2.3250090e+00
   7.4204852e-01    6.6890548e-01    2.3255609e+00
   7.2935046e-01    6.8337511e-01    2.3261214e+00
   7.1637252e-01    6.9759474e-01    2.3266902e+00
   7.0311469e-01    7.1156438e-01    2.3272673e+00
   6.8959696e-01    7.2526403e-01    2.3278518e+00
   6.7579934e-01    7.3869368e-01    2.3284444e+00
   6.6175181e-01    7.5184334e-01    2.3290439e+00
   6.4743439e-01    7.6472301e-01    2.3296512e+00
   6.3287705e-01    7.7731269e-01    2.3302651e+00
   6.1806979e-01    7.8961237e-01    2.3308858e+00
   6.0302261e-01    8.0162206e-01    2.3315131e+00
   5.8775550e-01    8.1334175e-01    2.3321463e+00
   5.7225846e-01    8.2476146e-01    2.3327855e+00
   5.5655148e-01    8.3588117e-01    2.3334301e+00
   5.4063456e-01    8.4671089e-01    2.3340802e+00
   5.2450769e-01    8.5723062e-01    2.3347356e+00
   5.0819087e-01    8.6743036e-01    2.3353955e+00
   4.9168409e-01    8.7733010e-01    2.3360601e+00
   4.7497735e-01    8.8689986e-01    2.3367295e+00
   4.5810064e-01    8.9614962e-01    2.3374027e+00
   4.4104397e-01    9.0506939e-01    2.3380800e+00
   4.2381731e-01    9.1364916e-01    2.3387610e+00
   4.0642068e-01    9.2189895e-01    2.3394457e+00
   3.8887406e-01    9.2979875e-01    2.3401333e+00
   3.7117744e-01    9.3736855e-01    2.3408239e+00
   3.5334083e-01    9.4459837e-01    2.3415171e+00
   3.3536422e-01    9.5147819e-01    2.3422128e+00
   3.1726760e-01    9.5802802e-01    2.3429104e+00
   2.9904098e-01    9.6422786e-01    2.3436103e+00
   2.8071433e-01    9.7008771e-01    2.3443112e+00
   2.6226767e-01    9.7558756e-01    2.3450139e+00
   2.4372098e-01    9.8073743e-01    2.3457177e+00
   2.2508425e-01    9.8552731e-01    2.3464221e+00
   2.0634749e-01    9.8993719e-01    2.3471274e+00
   1.8753070e-01    9.9398709e-01    2.3478329e+00
   1.6863385e-01    9.9764700e-01    2.3485386e+00
   1.4966694e-01    1.0008869e+00    2.3492437e+00
   1.3063998e-01    1.0037868e+00    2.3499485e+00
   1.1155295e-01    1.0062868e+00    2.3506527e+00
   9.2422850e-02    1.0083867e+00    2.3513555e+00
   7.3252672e-02    1.0100867e+00    2.3520568e+00
   5.4051437e-02    1.0114866e+00    2.3527572e+00
   3.4827088e-02    1.0123866e+00    2.3534547e+00
   1.5588670e-02    1.0129866e+00    2.3541506e+00
  -3.6583721e-03    1.0130866e+00    2.3548433e+00
  -2.2904492e-02    1.0128866e+00    2.3555337e+00
  -4.2142220e-02    1.0122866e+00    2.3562210e+00
  -6.1364062e-02    1.0112866e+00    2.3569048e+00
  -8.0562023e-02    1.0098867e+00    2.3575848e+00
  -9.9730081e-02    1.0081867e+00    2.3582617e+00
  -1.1885829e-01    1.0059868e+00    2.3589335e+00
  -1.3793662e-01    1.0034868e+00    2.3596014e+00
  -1.5696510e-01    1.0004869e+00    2.3602638e+00
  -1.7592370e-01    9.9722701e-01    2.3609219e+00
  -1.9482243e-01    9.9356710e-01    2.3615750e+00
  -2.1365131e-01    9.8954720e-01    2.3622230e+00
  -2.3239034e-01    9.8516732e-01    2.3628651e+00
  -2.5104951e-01    9.8043744e-01    2.3635019e+00
  -2.6961882e-01    9.7535757e-01    2.3641329e+00
  -2.8808829e-01    9.6993771e-01    2.3647579e+00
  -3.0645791e-01    9.6418786e-01    2.3653769e+00
  -3.2471769e-01    9.5809802e-01    2.3659895e+00
  -3.4286762e-01    9.5168818e-01    2.3665959e+00
  -3.6089772e-01    9.4493836e-01    2.3671955e+00
  -3.7880798e-01    9.3786854e-01    2.3677885e+00
  -3.9657841e-01    9.3046873e-01    2.3683741e+00
  -4.1420902e-01    9.2273893e-01    2.3689523e+00
  -4.3168981e-01    9.1467914e-01    2.3695228e+00
  -4.4902078e-01    9.0628935e-01    2.3700855e+00
  -4.6618195e-01    8.9755958e-01    2.3706396e+00
  -4.8317332e-01    8.8850981e-01    2.3711853e+00
  -4.9998488e-01    8.7913006e-01    2.3717222e+00
  -5.1661664e-01    8.6943031e-01    2.3722504e+00
  -5.3304862e-01    8.5940057e-01    2.3727690e+00
  -5.4929080e-01    8.4906083e-01    2.3732785e+00
  -5.6532319e-01    8.3841111e-01    2.3737782e+00
  -5.8116579e-01    8.2745139e-01    2.3742689e+00
  -5.9678861e-01    8.1620168e-01    2.3747497e+00
  -6.1220163e-01    8.0466198e-01    2.3752208e+00
  -6.2739487e-01    7.9284228e-01    2.3756819e+00
  -6.4236833e-01    7.8073260e-01    2.3761331e+00
  -6.5711200e-01    7.6835292e-01    2.3765741e+00
  -6.7162590e-01    7.5569324e-01    2.3770048e+00
  -6.8589002e-01    7.4277358e-01    2.3774247e+00
  -6.9991437e-01    7.2957392e-01    2.3778339e+00
  -7.1367896e-01    7.1610427e-01    2.3782319e+00
  -7.2717379e-01    7.0237462e-01    2.3786183e+00
  -7.4039887e-01    6.8837498e-01    2.3789930e+00
  -7.5334419e-01    6.7412535e-01    2.3793559e+00
  -7.6600975e-01    6.5961572e-01    2.3797069e+00
  -7.7838557e-01    6.4485611e-01    2.3800456e+00
  -7.9046165e-01    6.2986649e-01    2.3803720e+00
  -8.0225796e-01    6.1463689e-01    2.3806865e+00
  -8.1375453e-01    5.9918729e-01    2.3809887e+00
  -8.2497132e-01    5.8353769e-01    2.3812794e+00
  -8.3588837e-01    5.6767810e-01    2.3815578e+00
  -8.4653564e-01    5.5161851e-01    2.3818250e+00
  -8.5688315e-01    5.3537893e-01    2.3820802e+00
  -8.6696088e-01    5.1896936e-01    2.3823245e+00
  -8.7673885e-01    5.0237979e-01    2.3825567e+00
  -8.8624704e-01    4.8563022e-01    2.3827781e+00
  -8.9545546e-01    4.6872065e-01    2.3829875e+00
  -9.0437411e-01    4.5164110e-01    2.3831853e+00
  -9.1298300e-01    4.3442154e-01    2.3833709e+00
  -9.2129212e-01    4.1704199e-01    2.3835446e+00
  -9.2928149e-01    3.9952244e-01    2.3837058e+00
  -9.3694110e-01    3.8185290e-01    2.3838541e+00
  -9.4427097e-01    3.6404336e-01    2.3839896e+00
  -9.5126109e-01    3.4609382e-01    2.3841118e+00
  -9.5790147e-01    3.2801429e-01    2.3842205e+00
  -9.6419211e-01    3.0981476e-01    2.3843157e+00
  -9.7013301e-01    2.9149523e-01    2.3843975e+00
  -9.7571417e-01    2.7305571e-01    2.3844656e+00
  -9.8094557e-01    2.5452619e-01    2.3845204e+00
  -9.8581724e-01    2.3588667e-01    2.3845615e+00
  -9.9033916e-01    2.1716715e-01    2.3845894e+00
  -9.9450133e-01    1.9836764e-01    2.3846038e+00
  -9.9827377e-01    1.7948812e-01    2.3846037e+00
  -1.0017764e+00    1.6053861e-01    2.3845933e+00
  -1.0048793e+00    1.4152910e-01    2.3845682e+00
  -1.0075825e+00    1.2246960e-01    2.3845283e+00
  -1.0099859e+00    1.0335009e-01    2.3844772e+00
  -1.0119895e+00    8.4193585e-02    2.3844114e+00
  -1.0135935e+00    6.5001080e-02    2.3843311e+00
  -1.0147976e+00    4.5780577e-02    2.3842361e+00
  -1.0156021e+00    2.6539074e-02    2.3841267e+00
  -1.0161067e+00    7.2855707e-03    2.3840064e+00
  -1.0161117e+00   -1.1973932e-02    2.3838680e+00
  -1.0158169e+00   -3.1230435e-02    2.3837190e+00
  -1.0151223e+00   -5.0476938e-02    2.3835556e+00
  -1.0140280e+00   -6.9705441e-02    2.3833780e+00
  -1.0125339e+00   -8.8907945e-02    2.3831862e+00
  -1.0107400e+00   -1.0807445e-01    2.3829838e+00
  -1.0085464e+00   -1.2720396e-01    2.3827674e+00
  -1.0059530e+00   -1.4629346e-01    2.3825369e+00
  -1.0029598e+00   -1.6532297e-01    2.3822925e+00
  -9.9966685e-01   -1.8429248e-01    2.3820377e+00
  -9.9595413e-01   -2.0319199e-01    2.3817683e+00
  -9.9191161e-01   -2.2202151e-01    2.3814875e+00
  -9.8752928e-01   -2.4077102e-01    2.3811952e+00
  -9.8280716e-01   -2.5944054e-01    2.3808911e+00
  -9.7774523e-01   -2.7802006e-01    2.3805756e+00
  -9.7234349e-01   -2.9650958e-01    2.3802484e+00
  -9.6661194e-01   -3.1488911e-01    2.3799102e+00
  -9.6054059e-01   -3.3315864e-01    2.3795606e+00
  -9.5411943e-01   -3.5131817e-01    2.3791991e+00
  -9.4734846e-01   -3.6934770e-01    2.3788261e+00
  -9.4022768e-01   -3.8723724e-01    2.3784414e+00
  -9.3275709e-01   -4.0498678e-01    2.3780452e+00
  -9.2493669e-01   -4.2257633e-01    2.3776376e+00
  -9.1675647e-01   -4.4000588e-01    2.3772182e+00
  -9.0822645e-01   -4.5727543e-01    2.3767874e+00
  -8.9936658e-01   -4.7436499e-01    2.3763460e+00
  -8.9016690e-01   -4.9128455e-01    2.3758936e+00
  -8.8065736e-01   -5.0802412e-01    2.3754313e+00
  -8.7084798e-01   -5.2459369e-01    2.3749595e+00
  -8.6073875e-01   -5.4098327e-01    2.3744783e+00
  -8.5034964e-01   -5.5718285e-01    2.3739883e+00
  -8.3967068e-01   -5.7321244e-01    2.3734891e+00
  -8.2872184e-01   -5.8904203e-01    2.3729817e+00
  -8.1748314e-01   -6.0468163e-01    2.3724652e+00
  -8.0597456e-01   -6.2011123e-01    2.3719405e+00
  -7.9418611e-01   -6.3533083e-01    2.3714073e+00
  -7.8209779e-01   -6.5032045e-01    2.3708649e+00
  -7.6972959e-01   -6.6508007e-01    2.3703142e+00
  -7.5708151e-01   -6.7957969e-01    2.3697552e+00
  -7.4412356e-01   -6.9382932e-01    2.3691869e+00
  -7.3089572e-01   -7.0780896e-01    2.3686109e+00
  -7.1736800e-01   -7.2150861e-01    2.3680260e+00
  -7.0357038e-01   -7.3492826e-01    2.3674335e+00
  -6.8949286e-01   -7.4806792e-01    2.3668330e+00
  -6.7515544e-01   -7.6090759e-01    2.3662252e+00
  -6.6056811e-01   -7.7346727e-01    2.3656105e+00
  -6.4573086e-01   -7.8572695e-01    2.3649889e+00
  -6.3065369e-01   -7.9769664e-01    2.3643609e+00
  -6.1534660e-01   -8.0937634e-01    2.3637266e+00
  -5.9982956e-01   -8.2076605e-01    2.3630869e+00
  -5.8410259e-01   -8.3185576e-01    2.3624418e+00
  -5.6817567e-01   -8.4266548e-01    2.3617915e+00
  -5.5204880e-01   -8.5317521e-01    2.3611361e+00
  -5.3573198e-01   -8.6339494e-01    2.3604761e+00
  -5.1924519e-01   -8.7332469e-01    2.3598120e+00
  -5.0257845e-01   -8.8295444e-01    2.3591436e+00
  -4.8574173e-01   -8.9227420e-01    2.3584713e+00
  -4.6873505e-01   -9.0129397e-01    2.3577951e+00
  -4.5156839e-01   -9.1000374e-01    2.3571153e+00
  -4.3424174e-01   -9.1838352e-01    2.3564322e+00
  -4.1676512e-01   -9.2644332e-01    2.3557460e+00
  -3.9913850e-01   -9.3417312e-01    2.3550567e+00
  -3.8136189e-01   -9.4156293e-01    2.3543645e+00
  -3.6345528e-01   -9.4861274e-01    2.3536701e+00
  -3.4541866e-01   -9.5533257e-01    2.3529734e+00
  -3.2725204e-01   -9.6169241e-01    2.3522746e+00
  -3.0897540e-01   -9.6771225e-01    2.3515743e+00
  -2.9057875e-01   -9.7339210e-01    2.3508721e+00
  -2.7208208e-01   -9.7872197e-01    2.3501688e+00
  -2.5349537e-01   -9.8370184e-01    2.3494649e+00
  -2.3481863e-01   -9.8833172e-01    2.3487602e+00
  -2.1605186e-01   -9.9261161e-01    2.3480547e+00
  -1.9720505e-01   -9.9655151e-01    2.3473489e+00
  -1.7829819e-01   -1.0001314e+00    2.3466435e+00
  -1.5932128e-01   -1.0033613e+00    2.3459380e+00
  -1.4029432e-01   -1.0062613e+00    2.3452332e+00
  -1.2120730e-01   -1.0087612e+00    2.3445291e+00
  -1.0208019e-01   -1.0108611e+00    2.3438264e+00
  -8.2913041e-02   -1.0126611e+00    2.3431244e+00
  -6.3717801e-02   -1.0140611e+00    2.3424243e+00
  -4.4497475e-02   -1.0150610e+00    2.3417261e+00
  -2.5262055e-02   -1.0156610e+00    2.3410303e+00
  -6.0164641e-03   -1.0159610e+00    2.3403363e+00
   1.3231029e-02   -1.0158610e+00    2.3396451e+00
   3.2472703e-02   -1.0154610e+00    2.3389563e+00
   5.1701515e-02   -1.0145610e+00    2.3382715e+00
   7.0911416e-02   -1.0133611e+00    2.3375896e+00
   9.0094438e-02   -1.0117611e+00    2.3369115e+00
   1.0924356e-01   -1.0098612e+00    2.3362367e+00
   1.2835181e-01   -1.0075612e+00    2.3355664e+00
   1.4741020e-01   -1.0048613e+00    2.3349006e+00
   1.6641869e-01   -1.0018614e+00    2.3342389e+00
   1.8537733e-01   -9.9846146e-01    2.3335818e+00
   2.0425610e-01   -9.9472155e-01    2.3329300e+00
   2.2306500e-01   -9.9064166e-01    2.3322832e+00
   2.4179405e-01   -9.8620177e-01    2.3316419e+00
   2.6044324e-01   -9.8142190e-01    2.3310058e+00
   2.7900257e-01   -9.7630203e-01    2.3303755e+00
   2.9746206e-01   -9.7084217e-01    2.3297511e+00
   3.1581171e-01   -9.6504232e-01    2.3291332e+00
   3.3406150e-01   -9.5890248e-01    2.3285213e+00
   3.5219147e-01   -9.5243265e-01    2.3279161e+00
   3.7019160e-01   -9.4562282e-01    2.3273179e+00
   3.8807190e-01   -9.3847301e-01    2.3267266e+00
   4.0581237e-01   -9.3100320e-01    2.3261426e+00
   4.2340302e-01   -9.2318340e-01    2.3255664e+00
   4.4084386e-01   -9.1503361e-01    2.3249981e+00
   4.5812489e-01   -9.0654383e-01    2.3244379e+00
   4.7523612e-01   -8.9772406e-01    2.3238862e+00
   4.9216755e-01   -8.8857429e-01    2.3233433e+00
   5.0892917e-01   -8.7909454e-01    2.3228089e+00
   5.2550100e-01   -8.6929479e-01    2.3222837e+00
   5.4187304e-01   -8.5916505e-01    2.3217680e+00
   5.5805528e-01   -8.4873532e-01    2.3212612e+00
   5.7403773e-01   -8.3800560e-01    2.3207639e+00
   5.8982038e-01   -8.2697588e-01    2.3202758e+00
   6.0539325e-01   -8.1565618e-01    2.3197974e+00
   6.2075632e-01   -8.0404648e-01    2.3193286e+00
   6.3589961e-01   -7.9215678e-01    2.3188697e+00
   6.5082312e-01   -7.7998710e-01    2.3184208e+00
   6.6551684e-01   -7.6753742e-01    2.3179821e+00
   6.7996080e-01   -7.5480775e-01    2.3175544e+00
   6.9416498e-01   -7.4180808e-01    2.3171372e+00
   7.0810941e-01   -7.2852843e-01    2.3167315e+00
   7.2178408e-01   -7.1496878e-01    2.3163374e+00
   7.3518899e-01   -7.0113913e-01    2.3159549e+00
   7.4830416e-01   -6.8704950e-01    2.3155848e+00
   7.6113958e-01   -6.7268987e-01    2.3152266e+00
   7.7368525e-01   -6.5808025e-01    2.3148807e+00
   7.8593118e-01   -6.4322063e-01    2.3145473e+00
   7.9788736e-01   -6.2812102e-01    2.3142261e+00
   8.0954379e-01   -6.1279142e-01    2.3139173e+00
   8.2089048e-01   -5.9724182e-01    2.3136213e+00
   8.3194741e-01   -5.8147222e-01    2.3133372e+00
   8.4270459e-01   -5.6549264e-01    2.3130654e+00
   8.5315202e-01   -5.4932306e-01    2.3128061e+00
   8.6329969e-01   -5.3295348e-01    2.3125590e+00
   8.7314761e-01   -5.1640391e-01    2.3123240e+00
   8.8269576e-01   -4.9967434e-01    2.3121011e+00
   8.9193416e-01   -4.8278477e-01    2.3118904e+00
   9.0088278e-01   -4.6572521e-01    2.3116914e+00
   9.0952165e-01   -4.4851566e-01    2.3115046e+00
   9.1785076e-01   -4.3114611e-01    2.3113301e+00
   9.2587010e-01   -4.1363656e-01    2.3111678e+00
   9.3356969e-01   -3.9598701e-01    2.3110179e+00
   9.4093952e-01   -3.7818747e-01    2.3108810e+00
   9.4797961e-01   -3.6026794e-01    2.3107567e+00
   9.5466995e-01   -3.4220840e-01    2.3106461e+00
   9.6100056e-01   -3.2401887e-01    2.3105493e+00
   9.6698143e-01   -3.0570935e-01    2.3104660e+00
   9.7259257e-01   -2.8727982e-01    2.3103968e+00
   9.7782397e-01   -2.6875030e-01    2.3103420e+00
   9.8268565e-01   -2.5011078e-01    2.3103013e+00
   9.8718758e-01   -2.3138127e-01    2.3102741e+00
   9.9130978e-01   -2.1257175e-01    2.3102612e+00
   9.9507223e-01   -1.9368224e-01    2.3102618e+00
   9.9847492e-01   -1.7473273e-01    2.3102758e+00
   1.0015479e+00   -1.5571322e-01    2.3103021e+00
   1.0042510e+00   -1.3664371e-01    2.3103420e+00
   1.0065545e+00   -1.1752421e-01    2.3103967e+00
   1.0085581e+00   -9.8372701e-02    2.3104624e+00
   1.0102620e+00   -7.9183196e-02    2.3105392e+00
   1.0115661e+00   -5.9967692e-02    2.3106305e+00
   1.0124705e+00   -4.0731189e-02    2.3107363e+00
   1.0130751e+00   -2.1479686e-02    2.3108530e+00
   1.0132799e+00   -2.2219837e-03    2.3109841e+00
   1.0130850e+00    1.7036319e-02    2.3111296e+00
   1.0125903e+00    3.6288822e-02    2.3112859e+00
   1.0116959e+00    5.5527325e-02    2.3114564e+00
   1.0105016e+00    7.4746829e-02    2.3116375e+00
   1.0089076e+00    9.3940333e-02    2.3118329e+00
   1.0069138e+00    1.1309984e-01    2.3120423e+00
   1.0047202e+00    1.3222934e-01    2.3122587e+00
   1.0020269e+00    1.5130885e-01    2.3124928e+00
   9.9911366e-01    1.7033836e-01    2.3127343e+00
   9.9583069e-01    1.8931787e-01    2.3129889e+00
   9.9222790e-01    2.0822738e-01    2.3132544e+00
   9.8828532e-01    2.2707689e-01    2.3135316e+00
   9.8402292e-01    2.4585641e-01    2.3138199e+00
   9.7942072e-01    2.6455593e-01    2.3141198e+00
   9.7448872e-01    2.8317545e-01    2.3144310e+00
   9.6922690e-01    3.0169497e-01    2.3147534e+00
   9.6363528e-01    3.2012449e-01    2.3150869e+00
   9.5770384e-01    3.3845402e-01    2.3154320e+00
   9.5146258e-01    3.5666355e-01    2.3157873e+00
   9.4489150e-01    3.7476308e-01    2.3161537e+00
   9.3800060e-01    3.9274262e-01    2.3165307e+00
   9.3078987e-01    4.1060216e-01    2.3169183e+00
   9.2326931e-01    4.2833170e-01    2.3173162e+00
   9.1544890e-01    4.4592124e-01    2.3177238e+00
   9.0730867e-01    4.6337079e-01    2.3181419e+00
   8.9887859e-01    4.8068035e-01    2.3185695e+00
   8.9012867e-01    4.9783990e-01    2.3190074e+00
   8.8108890e-01    5.1483946e-01    2.3194546e+00
   8.7173929e-01    5.3166903e-01    2.3199118e+00
   8.6208983e-01    5.4832860e-01    2.3203785e+00
   8.5213052e-01    5.6480817e-01    2.3208550e+00
   8.4187135e-01    5.8109775e-01    2.3213409e+00
   8.3130234e-01    5.9719734e-01    2.3218367e+00
   8.2044346e-01    6.1308693e-01    2.3223413e+00
   8.0927473e-01    6.2877652e-01    2.3228556e+00
   7.9780613e-01    6.4423612e-01    2.3233791e+00
   7.8604767e-01    6.5948573e-01    2.3239115e+00
   7.7399933e-01    6.7449534e-01    2.3244525e+00
   7.6166111e-01    6.8927496e-01    2.3250024e+00
   7.4905302e-01    7.0382458e-01    2.3255602e+00
   7.3616504e-01    7.1813421e-01    2.3261264e+00
   7.2301716e-01    7.3219385e-01    2.3267002e+00
   7.0959940e-01    7.4600349e-01    2.3272819e+00
   6.9593173e-01    7.5955314e-01    2.3278706e+00
   6.8201415e-01    7.7284280e-01    2.3284665e+00
   6.6783668e-01    7.8587246e-01    2.3290699e+00
   6.5340929e-01    7.9862213e-01    2.3296802e+00
   6.3874199e-01    8.1109181e-01    2.3302972e+00
   6.2383476e-01    8.2327150e-01    2.3309207e+00
   6.0869761e-01    8.3515119e-01    2.3315502e+00
   5.9332053e-01    8.4673089e-01    2.3321863e+00
   5.7771353e-01    8.5801060e-01    2.3328285e+00
   5.6189658e-01    8.6897032e-01    2.3334759e+00
   5.4586968e-01    8.7963004e-01    2.3341287e+00
   5.2963284e-01    8.8996978e-01    2.3347868e+00
   5.1320605e-01    9.0000952e-01    2.3354495e+00
   4.9659929e-01    9.0972927e-01    2.3361164e+00
   4.7981256e-01    9.1914902e-01    2.3367876e+00
   4.6285587e-01    9.2824879e-01    2.3374626e+00
   4.4572920e-01    9.3704856e-01    2.3381415e+00
   4.2845255e-01    9.4551834e-01    2.3388235e+00
   4.1101592e-01    9.5367813e-01    2.3395090e+00
   3.9342930e-01    9.6150793e-01    2.3401976e+00
   3.7570269e-01    9.6899773e-01    2.3408887e+00
   3.5782608e-01    9.7614755e-01    2.3415827e+00
   3.3981947e-01    9.8293737e-01    2.3422789e+00
   3.2168285e-01    9.8937721e-01    2.3429772e+00
   3.0342621e-01    9.9545705e-01    2.3436772e+00
   2.8503957e-01    1.0011869e+00    2.3443794e+00
   2.6655288e-01    1.0064868e+00    2.3450821e+00
   2.4795618e-01    1.0114866e+00    2.3457865e+00
   2.2925945e-01    1.0160865e+00    2.3464917e+00
   2.1048266e-01    1.0202864e+00    2.3471970e+00
   1.9162585e-01    1.0241863e+00    2.3479029e+00
   1.7269896e-01    1.0275862e+00    2.3486077e+00
   1.5371205e-01    1.0307861e+00    2.3493133e+00
   1.3466505e-01    1.0334861e+00    2.3500174e+00
   1.1556800e-01    1.0358860e+00    2.3507212e+00
   9.6426911e-02    1.0379860e+00    2.3514244e+00
   7.7252710e-02    1.0395859e+00    2.3521252e+00
   5.8048451e-02    1.0408859e+00    2.3528249e+00
   3.8824127e-02    1.0418859e+00    2.3535232e+00
   1.9584684e-02    1.0423858e+00    2.3542184e+00
   3.3836753e-04    1.0425858e+00    2.3549117e+00
  -1.8908452e-02    1.0423858e+00    2.3556022e+00
  -3.8147180e-02    1.0417859e+00    2.3562895e+00
  -5.7370994e-02    1.0408859e+00    2.3569741e+00
  -7.6572953e-02    1.0394859e+00    2.3576543e+00
  -9.5746007e-02    1.0377860e+00    2.3583313e+00
  -1.1488316e-01    1.0357860e+00    2.3590049e+00
  -1.3397148e-01    1.0332861e+00    2.3596731e+00
  -1.5301990e-01    1.0304861e+00    2.3603378e+00
  -1.7199846e-01    1.0272862e+00    2.3609970e+00
  -1.9092714e-01    1.0237863e+00    2.3616523e+00
  -2.0977597e-01    1.0198864e+00    2.3623018e+00
  -2.2856492e-01    1.0156865e+00    2.3629471e+00
  -2.4726401e-01    1.0111866e+00    2.3635869e+00
  -2.6587325e-01    1.0062868e+00    2.3642207e+00
  -2.8440265e-01    1.0009869e+00    2.3648487e+00
  -3.0283217e-01    9.9546705e-01    2.3654715e+00
  -3.2116186e-01    9.8957720e-01    2.3660881e+00
  -3.3937170e-01    9.8334736e-01    2.3666979e+00
  -3.5747170e-01    9.7679753e-01    2.3673014e+00
  -3.7545187e-01    9.6989771e-01    2.3678982e+00
  -3.9329221e-01    9.6267790e-01    2.3684876e+00
  -4.1099273e-01    9.5511809e-01    2.3690695e+00
  -4.2855343e-01    9.4722830e-01    2.3696441e+00
  -4.4596431e-01    9.3899851e-01    2.3702108e+00
  -4.6321537e-01    9.3045873e-01    2.3707695e+00
  -4.8030662e-01    9.2158896e-01    2.3713202e+00
  -4.9722806e-01    9.1240920e-01    2.3718625e+00
  -5.1397969e-01    9.0291944e-01    2.3723964e+00
  -5.3055152e-01    8.9311969e-01    2.3729217e+00
  -5.4694354e-01    8.8302996e-01    2.3734384e+00
  -5.6314576e-01    8.7263022e-01    2.3739460e+00
  -5.7915818e-01    8.6194050e-01    2.3744448e+00
  -5.9497080e-01    8.5096078e-01    2.3749343e+00
  -6.1058363e-01    8.3969107e-01    2.3754145e+00
  -6.2598667e-01    8.2813137e-01    2.3758851e+00
  -6.4117991e-01    8.1630168e-01    2.3763462e+00
  -6.5614337e-01    8.0419199e-01    2.3767970e+00
  -6.7088705e-01    7.9180231e-01    2.3772379e+00
  -6.8540094e-01    7.7915264e-01    2.3776687e+00
  -6.9969504e-01    7.6624297e-01    2.3780897e+00
  -7.1373937e-01    7.5308331e-01    2.3785000e+00
  -7.2754392e-01    7.3965366e-01    2.3788997e+00
  -7.4110869e-01    7.2598401e-01    2.3792890e+00
  -7.5442369e-01    7.1207437e-01    2.3796676e+00
  -7.6746892e-01    6.9791474e-01    2.3800348e+00
  -7.8025438e-01    6.8350511e-01    2.3803908e+00
  -7.9276009e-01    6.6886549e-01    2.3807350e+00
  -8.0498603e-01    6.5399587e-01    2.3810676e+00
  -8.1693222e-01    6.3888626e-01    2.3813884e+00
  -8.2858865e-01    6.2355666e-01    2.3816972e+00
  -8.3996531e-01    6.0801706e-01    2.3819944e+00
  -8.5104223e-01    5.9226746e-01    2.3822794e+00
  -8.6182938e-01    5.7631788e-01    2.3825524e+00
  -8.7233676e-01    5.6017829e-01    2.3828141e+00
  -8.8256437e-01    5.4385871e-01    2.3830644e+00
  -8.9250222e-01    5.2735914e-01    2.3833030e+00
  -9.0217028e-01    5.1069957e-01    2.3835308e+00
  -9.1155855e-01    4.9389000e-01    2.3837474e+00
  -9.2065706e-01    4.7692044e-01    2.3839524e+00
  -9.2948578e-01    4.5980088e-01    2.3841467e+00
  -9.3802473e-01    4.4253133e-01    2.3843294e+00
  -9.4626390e-01    4.2513178e-01    2.3845005e+00
  -9.5420331e-01    4.0758223e-01    2.3846597e+00
  -9.6184294e-01    3.8990269e-01    2.3848072e+00
  -9.6916281e-01    3.7209315e-01    2.3849423e+00
  -9.7617292e-01    3.5415361e-01    2.3850653e+00
  -9.8284328e-01    3.3608408e-01    2.3851751e+00
  -9.8919387e-01    3.1790455e-01    2.3852727e+00
  -9.9519472e-01    2.9960502e-01    2.3853568e+00
  -1.0008458e+00    2.8119550e-01    2.3854276e+00
  -1.0061472e+00    2.6268598e-01    2.3854850e+00
  -1.0111488e+00    2.4407646e-01    2.3855310e+00
  -1.0157506e+00    2.2537694e-01    2.3855619e+00
  -1.0199528e+00    2.0658742e-01    2.3855779e+00
  -1.0238551e+00    1.8772791e-01    2.3855825e+00
  -1.0273577e+00    1.6878840e-01    2.3855723e+00
  -1.0305606e+00    1.4978889e-01    2.3855508e+00
  -1.0333637e+00    1.3072938e-01    2.3855145e+00
  -1.0357671e+00    1.1162988e-01    2.3854635e+00
  -1.0378707e+00    9.2479371e-02    2.3854014e+00
  -1.0395745e+00    7.3294866e-02    2.3853247e+00
  -1.0408786e+00    5.4081362e-02    2.3852334e+00
  -1.0418830e+00    3.4846859e-02    2.3851312e+00
  -1.0424876e+00    1.5596356e-02    2.3850145e+00
  -1.0426924e+00   -3.6614466e-03    2.3848834e+00
  -1.0425974e+00   -2.2920649e-02    2.3847414e+00
  -1.0420028e+00   -4.2172152e-02    2.3845816e+00
  -1.0412083e+00   -6.1411655e-02    2.3844147e+00
  -1.0399141e+00   -8.0628159e-02    2.3842300e+00
  -1.0382201e+00   -9.9817663e-02    2.3840311e+00
  -1.0362264e+00   -1.1897417e-01    2.3838217e+00
  -1.0338328e+00   -1.3808368e-01    2.3835982e+00
  -1.0310396e+00   -1.5714318e-01    2.3833607e+00
  -1.0279465e+00   -1.7614269e-01    2.3831129e+00
  -1.0244536e+00   -1.9508220e-01    2.3828511e+00
  -1.0206610e+00   -2.1395172e-01    2.3825791e+00
  -1.0164685e+00   -2.3275123e-01    2.3822932e+00
  -1.0119763e+00   -2.5147075e-01    2.3819971e+00
  -1.0070842e+00   -2.7011027e-01    2.3816871e+00
  -1.0018924e+00   -2.8865979e-01    2.3813671e+00
  -9.9639070e-01   -3.0709931e-01    2.3810367e+00
  -9.9053922e-01   -3.2544884e-01    2.3806944e+00
  -9.8434793e-01   -3.4367837e-01    2.3803407e+00
  -9.7781683e-01   -3.6179790e-01    2.3799757e+00
  -9.7095591e-01   -3.7978743e-01    2.3795996e+00
  -9.6376517e-01   -3.9765697e-01    2.3792126e+00
  -9.5624460e-01   -4.1537651e-01    2.3788149e+00
  -9.4839422e-01   -4.3296606e-01    2.3784062e+00
  -9.4023399e-01   -4.5039561e-01    2.3779875e+00
  -9.3174394e-01   -4.6768516e-01    2.3775579e+00
  -9.2295405e-01   -4.8481472e-01    2.3771187e+00
  -9.1385431e-01   -5.0178428e-01    2.3766696e+00
  -9.0446472e-01   -5.1859385e-01    2.3762112e+00
  -8.9476528e-01   -5.3522342e-01    2.3757429e+00
  -8.8478598e-01   -5.5169299e-01    2.3752657e+00
  -8.7450683e-01   -5.6797257e-01    2.3747791e+00
  -8.6394781e-01   -5.8407216e-01    2.3742837e+00
  -8.5310892e-01   -5.9998175e-01    2.3737797e+00
  -8.4198016e-01   -6.1569134e-01    2.3732667e+00
  -8.3057154e-01   -6.3120094e-01    2.3727450e+00
  -8.1887305e-01   -6.4650055e-01    2.3722144e+00
  -8.0689468e-01   -6.6157016e-01    2.3716754e+00
  -7.9462644e-01   -6.7639977e-01    2.3711278e+00
  -7.8206832e-01   -6.9099940e-01    2.3705713e+00
  -7.6923032e-01   -7.0533903e-01    2.3700067e+00
  -7.5610244e-01   -7.1941866e-01    2.3694335e+00
  -7.4268467e-01   -7.3322831e-01    2.3688518e+00
  -7.2899701e-01   -7.4676796e-01    2.3682624e+00
  -7.1503945e-01   -7.6002761e-01    2.3676653e+00
  -7.0082199e-01   -7.7299728e-01    2.3670609e+00
  -6.8635461e-01   -7.8569695e-01    2.3664495e+00
  -6.7164732e-01   -7.9811663e-01    2.3658315e+00
  -6.5672010e-01   -8.1026632e-01    2.3652075e+00
  -6.4156296e-01   -8.2213601e-01    2.3645773e+00
  -6.2620588e-01   -8.3374571e-01    2.3639417e+00
  -6.1064885e-01   -8.4507542e-01    2.3633010e+00
  -5.9489189e-01   -8.5613513e-01    2.3626550e+00
  -5.7895497e-01   -8.6692485e-01    2.3620045e+00
  -5.6282810e-01   -8.7743458e-01    2.3613492e+00
  -5.4652128e-01   -8.8766432e-01    2.3606894e+00
  -5.3003450e-01   -8.9759406e-01    2.3600253e+00
  -5.1336775e-01   -9.0723381e-01    2.3593569e+00
  -4.9653104e-01   -9.1656357e-01    2.3586845e+00
  -4.7952435e-01   -9.2557334e-01    2.3580083e+00
  -4.6234769e-01   -9.3426311e-01    2.3573284e+00
  -4.4502105e-01   -9.4263290e-01    2.3566453e+00
  -4.2752442e-01   -9.5066269e-01    2.3559586e+00
  -4.0988780e-01   -9.5836249e-01    2.3552692e+00
  -3.9210120e-01   -9.6573230e-01    2.3545768e+00
  -3.7418459e-01   -9.7276212e-01    2.3538822e+00
  -3.5614797e-01   -9.7946195e-01    2.3531856e+00
  -3.3798135e-01   -9.8582178e-01    2.3524868e+00
  -3.1970471e-01   -9.9185163e-01    2.3517864e+00
  -3.0131806e-01   -9.9755148e-01    2.3510844e+00
  -2.8283137e-01   -1.0028613e+00    2.3503817e+00
  -2.6425469e-01   -1.0079612e+00    2.3496772e+00
  -2.4558796e-01   -1.0126611e+00    2.3489723e+00
  -2.2684118e-01   -1.0169610e+00    2.3482675e+00
  -2.0801438e-01   -1.0209609e+00    2.3475619e+00
  -1.8911754e-01   -1.0246608e+00    2.3468560e+00
  -1.7016064e-01   -1.0279607e+00    2.3461508e+00
  -1.5114369e-01   -1.0309606e+00    2.3454456e+00
  -1.3206669e-01   -1.0335605e+00    2.3447411e+00
  -1.1294961e-01   -1.0357605e+00    2.3440380e+00
  -9.3800467e-02   -1.0376604e+00    2.3433360e+00
  -7.4614247e-02   -1.0391604e+00    2.3426355e+00
  -5.5402967e-02   -1.0403604e+00    2.3419362e+00
  -3.6173595e-02   -1.0411604e+00    2.3412392e+00
  -1.6932153e-02   -1.0416603e+00    2.3405439e+00
   2.3151887e-03   -1.0417603e+00    2.3398513e+00
   2.1561009e-02   -1.0415603e+00    2.3391608e+00
   4.0799736e-02   -1.0409604e+00    2.3384736e+00
   6.0025550e-02   -1.0400604e+00    2.3377889e+00
   7.9231480e-02   -1.0387604e+00    2.3371078e+00
   9.8410505e-02   -1.0371605e+00    2.3364298e+00
   1.1756165e-01   -1.0351605e+00    2.3357558e+00
   1.3665991e-01   -1.0328606e+00    2.3350858e+00
   1.5571830e-01   -1.0301606e+00    2.3344200e+00
   1.7472682e-01   -1.0270607e+00    2.3337590e+00
   1.9366546e-01   -1.0236608e+00    2.3331026e+00
   2.1254425e-01   -1.0198609e+00    2.3324513e+00
   2.3134317e-01   -1.0157610e+00    2.3318050e+00
   2.5006224e-01   -1.0112611e+00    2.3311644e+00
   2.6869144e-01   -1.0064612e+00    2.3305292e+00
   2.8723081e-01   -1.0012614e+00    2.3299002e+00
   3.0568031e-01   -9.9576153e-01    2.3292765e+00
   3.2401998e-01   -9.8992168e-01    2.3286592e+00
   3.4225979e-01   -9.8376184e-01    2.3280478e+00
   3.6038975e-01   -9.7729200e-01    2.3274426e+00
   3.7839987e-01   -9.7050218e-01    2.3268440e+00
   3.9629015e-01   -9.6339236e-01    2.3262520e+00
   4.1406058e-01   -9.5598255e-01    2.3256664e+00
   4.3169119e-01   -9.4825275e-01    2.3250882e+00
   4.4918197e-01   -9.4021296e-01    2.3245173e+00
   4.6653292e-01   -9.3186318e-01    2.3239536e+00
   4.8372406e-01   -9.2319340e-01    2.3233979e+00
   5.0074538e-01   -9.1421363e-01    2.3228506e+00
   5.1760689e-01   -9.0491387e-01    2.3223113e+00
   5.3428860e-01   -8.9529412e-01    2.3217808e+00
   5.5078052e-01   -8.8536438e-01    2.3212594e+00
   5.6708263e-01   -8.7512464e-01    2.3207470e+00
   5.8318495e-01   -8.6457491e-01    2.3202440e+00
   5.9908749e-01   -8.5371519e-01    2.3197504e+00
   6.1477024e-01   -8.4255548e-01    2.3192669e+00
   6.3024321e-01   -8.3108578e-01    2.3187931e+00
   6.4548640e-01   -8.1932608e-01    2.3183297e+00
   6.6048983e-01   -8.0726639e-01    2.3178771e+00
   6.7526347e-01   -7.9491671e-01    2.3174348e+00
   6.8979735e-01   -7.8228704e-01    2.3170031e+00
   7.0408146e-01   -7.6936737e-01    2.3165826e+00
   7.1811580e-01   -7.5617771e-01    2.3161729e+00
   7.3188038e-01   -7.4272806e-01    2.3157748e+00
   7.4539520e-01   -7.2899842e-01    2.3153877e+00
   7.5864026e-01   -7.1502878e-01    2.3150120e+00
   7.7161555e-01   -7.0079914e-01    2.3146479e+00
   7.8432108e-01   -6.8632952e-01    2.3142952e+00
   7.9674686e-01   -6.7161990e-01    2.3139543e+00
   8.0890286e-01   -6.5668028e-01    2.3136247e+00
   8.2077911e-01   -6.4152067e-01    2.3133068e+00
   8.3237559e-01   -6.2615107e-01    2.3130005e+00
   8.4369230e-01   -6.1057147e-01    2.3127057e+00
   8.5472925e-01   -5.9478188e-01    2.3124225e+00
   8.6547644e-01   -5.7880229e-01    2.3121511e+00
   8.7593386e-01   -5.6263271e-01    2.3118914e+00
   8.8610152e-01   -5.4628313e-01    2.3116435e+00
   8.9598940e-01   -5.2975356e-01    2.3114069e+00
   9.0557752e-01   -5.1305399e-01    2.3111823e+00
   9.1488587e-01   -4.9618443e-01    2.3109690e+00
   9.2388445e-01   -4.7916487e-01    2.3107679e+00
   9.3257328e-01   -4.6197531e-01    2.3105792e+00
   9.4096234e-01   -4.4464576e-01    2.3104022e+00
   9.4902166e-01   -4.2714621e-01    2.3102383e+00
   9.5676121e-01   -4.0951667e-01    2.3100869e+00
   9.6415103e-01   -3.9172712e-01    2.3099492e+00
   9.7119112e-01   -3.7379759e-01    2.3098250e+00
   9.7787147e-01   -3.5573805e-01    2.3097147e+00
   9.8420208e-01   -3.3754852e-01    2.3096180e+00
   9.9016296e-01   -3.1923900e-01    2.3095354e+00
   9.9576410e-01   -3.0080947e-01    2.3094665e+00
   1.0010155e+00   -2.8227995e-01    2.3094110e+00
   1.0059171e+00   -2.6365043e-01    2.3093688e+00
   1.0104191e+00   -2.4494092e-01    2.3093415e+00
   1.0147211e+00   -2.2614140e-01    2.3093220e+00
   1.0186235e+00   -2.0728189e-01    2.3093174e+00
   1.0221261e+00   -1.8836238e-01    2.3093275e+00
   1.0254289e+00   -1.6937287e-01    2.3093453e+00
   1.0283319e+00   -1.5034336e-01    2.3093778e+00
   1.0309352e+00   -1.3126385e-01    2.3094215e+00
   1.0332386e+00   -1.1213435e-01    2.3094762e+00
   1.0352423e+00   -9.2980840e-02    2.3095419e+00
   1.0368462e+00   -7.3790336e-02    2.3096223e+00
   1.0381503e+00   -5.4575832e-02    2.3097136e+00
   1.0391547e+00   -3.5341328e-02    2.3098158e+00
   1.0397592e+00   -1.6091826e-02    2.3099325e+00
   1.0400640e+00    3.1655771e-03    2.3100600e+00
   1.0399691e+00    2.2424180e-02    2.3102019e+00
   1.0394744e+00    4.1676683e-02    2.3103582e+00
   1.0384800e+00    6.0913186e-02    2.3105323e+00
   1.0371858e+00    8.0122690e-02    2.3107169e+00
   1.0352919e+00    9.9291195e-02    2.3109229e+00
   1.0329984e+00    1.1840970e-01    2.3111428e+00
   1.0301051e+00    1.3745921e-01    2.3113838e+00
   1.0269121e+00    1.5644872e-01    2.3116351e+00
   1.0233193e+00    1.7536823e-01    2.3119004e+00
   1.0195267e+00    1.9424774e-01    2.3121725e+00
   1.0156340e+00    2.1310726e-01    2.3124480e+00
   1.0118414e+00    2.3198677e-01    2.3127201e+00
   1.0082486e+00    2.5090628e-01    2.3129854e+00
   1.0051555e+00    2.6990579e-01    2.3132332e+00
   1.0025621e+00    2.8899530e-01    2.3134637e+00
   1.0007482e+00    3.0816480e-01    2.3136668e+00
   9.9976382e-01    3.2740430e-01    2.3138405e+00
   9.9964887e-01    3.4666381e-01    2.3139831e+00
   1.0003634e+00    3.6590331e-01    2.3140958e+00
   1.0017874e+00    3.8511281e-01    2.3141828e+00
   1.0036911e+00    4.0428232e-01    2.3142522e+00
   1.0056948e+00    4.2344182e-01    2.3143179e+00
   1.0072987e+00    4.4262133e-01    2.3143982e+00
   1.0082031e+00    4.6186083e-01    2.3145041e+00
   1.0078083e+00    4.8111033e-01    2.3146567e+00
   1.0058146e+00    5.0026984e-01    2.3148661e+00
   1.0022218e+00    5.1918935e-01    2.3151313e+00
   9.9698995e-01    5.3771887e-01    2.3154527e+00
   9.9020898e-01    5.5573841e-01    2.3158260e+00
   9.8196521e-01    5.7314868e-01    2.3161475e+00
   9.7245208e-01    5.8987896e-01    2.3165098e+00
   9.6186870e-01    6.0598142e-01    2.3166057e+00
   9.5046850e-01    6.2149533e-01    2.3165267e+00
   9.3844780e-01    6.3654141e-01    2.3161665e+00
   9.2604007e-01    6.5125894e-01    2.3156176e+00
   9.1341165e-01    6.6577862e-01    2.3147751e+00
   9.0070607e-01    6.8021975e-01    2.3137346e+00
   8.8805327e-01    6.9468231e-01    2.3124922e+00
   8.7551323e-01    7.0923631e-01    2.3110463e+00
   8.6315951e-01    7.2391102e-01    2.3094946e+00
   8.5098852e-01    7.3874717e-01    2.3077372e+00
   8.3897746e-01    7.5370331e-01    2.3059750e+00
   8.2708634e-01    7.6874945e-01    2.3042092e+00
   8.1521241e-01    7.8382416e-01    2.3026430e+00
   8.0322213e-01    7.9882814e-01    2.3011806e+00
   7.9099275e-01    8.1366998e-01    2.3000258e+00
   7.7837792e-01    8.2819895e-01    2.2992829e+00
   7.6520489e-01    8.4224361e-01    2.2991570e+00
   7.5137010e-01    8.5563471e-01    2.2995505e+00
   7.3677277e-01    8.6819438e-01    2.3001656e+00
   7.2136930e-01    8.7971336e-01    2.3009022e+00
   7.0514886e-01    8.9009382e-01    2.3014599e+00
   6.8821216e-01    8.9922358e-01    2.3021344e+00
   6.7063554e-01    9.0707338e-01    2.3028227e+00
   6.5255893e-01    9.1369321e-01    2.3035202e+00
   6.3412226e-01    9.1919306e-01    2.3042225e+00
   6.1543552e-01    9.2380294e-01    2.3049274e+00
   5.9661872e-01    9.2785284e-01    2.3056330e+00
   5.7775189e-01    9.3167274e-01    2.3063387e+00
   5.5891508e-01    9.3560264e-01    2.3070441e+00
   5.4015832e-01    9.3995253e-01    2.3077497e+00
   5.2155160e-01    9.4486240e-01    2.3084539e+00
   5.0311493e-01    9.5036226e-01    2.3091562e+00
   4.8484831e-01    9.5645210e-01    2.3098567e+00
   4.6677169e-01    9.6305193e-01    2.3105540e+00
   4.4884508e-01    9.7005175e-01    2.3112487e+00
   4.3102847e-01    9.7733156e-01    2.3119416e+00
   4.1326186e-01    9.8475137e-01    2.3126336e+00
   3.9549525e-01    9.9215118e-01    2.3133255e+00
   3.7766863e-01    9.9940099e-01    2.3140185e+00
   3.5973202e-01    1.0063808e+00    2.3147135e+00
   3.4164541e-01    1.0129806e+00    2.3154111e+00
   3.2341879e-01    1.0191805e+00    2.3161110e+00
   3.0504213e-01    1.0248803e+00    2.3168126e+00
   2.8651544e-01    1.0300802e+00    2.3175160e+00
   2.6787872e-01    1.0348801e+00    2.3182204e+00
   2.4912195e-01    1.0391800e+00    2.3189257e+00
   2.3028515e-01    1.0431799e+00    2.3196316e+00
   2.1136827e-01    1.0466798e+00    2.3203368e+00
   1.9239136e-01    1.0498797e+00    2.3210420e+00
   1.7335438e-01    1.0526796e+00    2.3217465e+00
   1.5426735e-01    1.0551796e+00    2.3224506e+00
   1.3514027e-01    1.0573795e+00    2.3231540e+00
   1.1597312e-01    1.0591794e+00    2.3238560e+00
   9.6777881e-02    1.0605794e+00    2.3245561e+00
   7.7560578e-02    1.0616794e+00    2.3252549e+00
   5.8326184e-02    1.0623794e+00    2.3259514e+00
   3.9081692e-02    1.0626794e+00    2.3266453e+00
   1.9834125e-02    1.0626794e+00    2.3273373e+00
   5.9113160e-04    1.0622794e+00    2.3280261e+00
  -1.8641332e-02    1.0614794e+00    2.3287118e+00
  -3.7856204e-02    1.0603794e+00    2.3293946e+00
  -5.7047195e-02    1.0588795e+00    2.3300737e+00
  -7.6207284e-02    1.0570795e+00    2.3307495e+00
  -9.5329501e-02    1.0548796e+00    2.3314211e+00
  -1.1440985e-01    1.0522796e+00    2.3320884e+00
  -1.3343831e-01    1.0493797e+00    2.3327516e+00
  -1.5240691e-01    1.0460798e+00    2.3334097e+00
  -1.7131562e-01    1.0424799e+00    2.3340636e+00
  -1.9014447e-01    1.0385800e+00    2.3347124e+00
  -2.0890349e-01    1.0341801e+00    2.3353551e+00
  -2.2758261e-01    1.0295802e+00    2.3359935e+00
  -2.4617189e-01    1.0245803e+00    2.3366258e+00
  -2.6466134e-01    1.0191805e+00    2.3372517e+00
  -2.8306091e-01    1.0135806e+00    2.3378729e+00
  -3.0134067e-01    1.0074808e+00    2.3384861e+00
  -3.1952056e-01    1.0011809e+00    2.3390944e+00
  -3.3758062e-01    9.9451112e-01    2.3396956e+00
  -3.5551084e-01    9.8752130e-01    2.3402899e+00
  -3.7332122e-01    9.8021149e-01    2.3408776e+00
  -3.9100177e-01    9.7259169e-01    2.3414584e+00
  -4.0854249e-01    9.6467189e-01    2.3420320e+00
  -4.2595337e-01    9.5644210e-01    2.3425987e+00
  -4.4321442e-01    9.4791232e-01    2.3431579e+00
  -4.6032565e-01    9.3909255e-01    2.3437096e+00
  -4.7728704e-01    9.2999279e-01    2.3442539e+00
  -4.9408862e-01    9.2059303e-01    2.3447903e+00
  -5.1073037e-01    9.1091328e-01    2.3453190e+00
  -5.2720230e-01    9.0095354e-01    2.3458395e+00
  -5.4350442e-01    8.9070380e-01    2.3463518e+00
  -5.5962673e-01    8.8017407e-01    2.3468557e+00
  -5.7555923e-01    8.6936435e-01    2.3473507e+00
  -5.9130192e-01    8.5827464e-01    2.3478369e+00
  -6.0683482e-01    8.4691493e-01    2.3483135e+00
  -6.2217792e-01    8.3527523e-01    2.3487814e+00
  -6.3731122e-01    8.2336554e-01    2.3492398e+00
  -6.5222473e-01    8.1119585e-01    2.3496884e+00
  -6.6692845e-01    7.9875617e-01    2.3501275e+00
  -6.8140238e-01    7.8606650e-01    2.3505566e+00
  -6.9565652e-01    7.7311684e-01    2.3509759e+00
  -7.0969086e-01    7.5992718e-01    2.3513855e+00
  -7.2348542e-01    7.4649752e-01    2.3517848e+00
  -7.3705019e-01    7.3282788e-01    2.3521742e+00
  -7.5037517e-01    7.1892824e-01    2.3525532e+00
  -7.6346037e-01    7.0479860e-01    2.3529220e+00
  -7.7629579e-01    6.9044897e-01    2.3532802e+00
  -7.8888142e-01    6.7586935e-01    2.3536278e+00
  -8.0119729e-01    6.6106973e-01    2.3539641e+00
  -8.1326337e-01    6.4606012e-01    2.3542900e+00
  -8.2504970e-01    6.3083051e-01    2.3546041e+00
  -8.3655625e-01    6.1539091e-01    2.3549068e+00
  -8.4778304e-01    5.9974131e-01    2.3551978e+00
  -8.5873006e-01    5.8390172e-01    2.3554774e+00
  -8.6937733e-01    5.6785214e-01    2.3557448e+00
  -8.7973484e-01    5.5161256e-01    2.3560003e+00
  -8.8979258e-01    5.3519298e-01    2.3562438e+00
  -8.9955057e-01    5.1859341e-01    2.3564752e+00
  -9.0900879e-01    5.0181384e-01    2.3566946e+00
  -9.1815726e-01    4.8486428e-01    2.3569015e+00
  -9.2699598e-01    4.6775472e-01    2.3570962e+00
  -9.3552493e-01    4.5048517e-01    2.3572786e+00
  -9.4374412e-01    4.3307562e-01    2.3574489e+00
  -9.5164355e-01    4.1550607e-01    2.3576065e+00
  -9.5922323e-01    3.9780653e-01    2.3577517e+00
  -9.6647316e-01    3.7995699e-01    2.3578840e+00
  -9.7340332e-01    3.6198745e-01    2.3580039e+00
  -9.7999374e-01    3.4389792e-01    2.3581107e+00
  -9.8626440e-01    3.2567839e-01    2.3582051e+00
  -9.9219530e-01    3.0735886e-01    2.3582866e+00
  -9.9779644e-01    2.8892934e-01    2.3583554e+00
  -1.0031178e+00    2.7040982e-01    2.3584135e+00
  -1.0080194e+00    2.5179030e-01    2.3584558e+00
  -1.0126213e+00    2.3309078e-01    2.3584868e+00
  -1.0169234e+00    2.1432127e-01    2.3585065e+00
  -1.0208257e+00    1.9547175e-01    2.3585112e+00
  -1.0244283e+00    1.7655224e-01    2.3585046e+00
  -1.0277310e+00    1.5757273e-01    2.3584869e+00
  -1.0307340e+00    1.3853322e-01    2.3584579e+00
  -1.0333373e+00    1.1945372e-01    2.3584143e+00
  -1.0355408e+00    1.0032421e-01    2.3583559e+00
  -1.0374445e+00    8.1159706e-02    2.3582866e+00
  -1.0389485e+00    6.1961202e-02    2.3582026e+00
  -1.0401527e+00    4.2737698e-02    2.3581076e+00
  -1.0409571e+00    2.3495195e-02    2.3579981e+00
  -1.0414618e+00    4.2414922e-03    2.3578778e+00
  -1.0414668e+00   -1.5017810e-02    2.3577395e+00
  -1.0411719e+00   -3.4274313e-02    2.3575904e+00
  -1.0405773e+00   -5.3522816e-02    2.3574306e+00
  -1.0394830e+00   -7.2754319e-02    2.3572530e+00
  -1.0380888e+00   -9.1961823e-02    2.3570647e+00
  -1.0363949e+00   -1.1114033e-01    2.3568659e+00
  -1.0342012e+00   -1.3027983e-01    2.3566494e+00
  -1.0317078e+00   -1.4937934e-01    2.3564224e+00
  -1.0289145e+00   -1.6841885e-01    2.3561851e+00
  -1.0257215e+00   -1.8740836e-01    2.3559337e+00
  -1.0221287e+00   -2.0633787e-01    2.3556685e+00
  -1.0182361e+00   -2.2519738e-01    2.3553929e+00
  -1.0139437e+00   -2.4397690e-01    2.3551035e+00
  -1.0093515e+00   -2.6266642e-01    2.3548040e+00
  -1.0043595e+00   -2.8127593e-01    2.3544908e+00
  -9.9906772e-01   -2.9978546e-01    2.3541674e+00
  -9.9340613e-01   -3.1819498e-01    2.3538315e+00
  -9.8740474e-01   -3.3649451e-01    2.3534842e+00
  -9.8106353e-01   -3.5467404e-01    2.3531255e+00
  -9.7437252e-01   -3.7273357e-01    2.3527551e+00
  -9.6734169e-01   -3.9066311e-01    2.3523734e+00
  -9.5998104e-01   -4.0845265e-01    2.3519808e+00
  -9.5228058e-01   -4.2610219e-01    2.3515771e+00
  -9.4425028e-01   -4.4360174e-01    2.3511626e+00
  -9.3591015e-01   -4.6095129e-01    2.3507380e+00
  -9.2724020e-01   -4.7815085e-01    2.3503026e+00
  -9.1826040e-01   -4.9518041e-01    2.3498573e+00
  -9.0897076e-01   -5.1204997e-01    2.3494021e+00
  -8.9938126e-01   -5.2873954e-01    2.3489373e+00
  -8.8948192e-01   -5.4525912e-01    2.3484626e+00
  -8.7929273e-01   -5.6158870e-01    2.3479789e+00
  -8.6879368e-01   -5.7773828e-01    2.3474854e+00
  -8.5800477e-01   -5.9367787e-01    2.3469829e+00
  -8.4692599e-01   -6.0942746e-01    2.3464714e+00
  -8.3554735e-01   -6.2495706e-01    2.3459506e+00
  -8.2388884e-01   -6.4027666e-01    2.3454213e+00
  -8.1195046e-01   -6.5537627e-01    2.3448836e+00
  -7.9973219e-01   -6.7026589e-01    2.3443373e+00
  -7.8724405e-01   -6.8491551e-01    2.3437830e+00
  -7.7449601e-01   -6.9933514e-01    2.3432210e+00
  -7.6147808e-01   -7.1351477e-01    2.3426511e+00
  -7.4820026e-01   -7.2745441e-01    2.3420735e+00
  -7.3466254e-01   -7.4114406e-01    2.3414884e+00
  -7.2087491e-01   -7.5457371e-01    2.3408962e+00
  -7.0682739e-01   -7.6774337e-01    2.3402965e+00
  -6.9253995e-01   -7.8064304e-01    2.3396901e+00
  -6.7800260e-01   -7.9326271e-01    2.3390767e+00
  -6.6321534e-01   -8.0559239e-01    2.3384565e+00
  -6.4820814e-01   -8.1763208e-01    2.3378304e+00
  -6.3296103e-01   -8.2939178e-01    2.3371977e+00
  -6.1749398e-01   -8.4085148e-01    2.3365593e+00
  -6.0180700e-01   -8.5201120e-01    2.3359151e+00
  -5.8592007e-01   -8.6287092e-01    2.3352659e+00
  -5.6983319e-01   -8.7344064e-01    2.3346116e+00
  -5.5354636e-01   -8.8370038e-01    2.3339523e+00
  -5.3707957e-01   -8.9366012e-01    2.3332887e+00
  -5.2042282e-01   -9.0331987e-01    2.3326205e+00
  -5.0359611e-01   -9.1266963e-01    2.3319483e+00
  -4.8659942e-01   -9.2169940e-01    2.3312724e+00
  -4.6943276e-01   -9.3040917e-01    2.3305926e+00
  -4.5211611e-01   -9.3879895e-01    2.3299098e+00
  -4.3463948e-01   -9.4685875e-01    2.3292236e+00
  -4.1701287e-01   -9.5458855e-01    2.3285343e+00
  -3.9924626e-01   -9.6198836e-01    2.3278424e+00
  -3.8133965e-01   -9.6905817e-01    2.3271479e+00
  -3.6331303e-01   -9.7579800e-01    2.3264514e+00
  -3.4515642e-01   -9.8219783e-01    2.3257526e+00
  -3.2688978e-01   -9.8826768e-01    2.3250523e+00
  -3.0852313e-01   -9.9400753e-01    2.3243508e+00
  -2.9005646e-01   -9.9942739e-01    2.3236480e+00
  -2.7148975e-01   -1.0044673e+00    2.3229443e+00
  -2.5284304e-01   -1.0092671e+00    2.3222394e+00
  -2.3410628e-01   -1.0136670e+00    2.3215342e+00
  -2.1529949e-01   -1.0177669e+00    2.3208287e+00
  -1.9642266e-01   -1.0215668e+00    2.3201227e+00
  -1.7748577e-01   -1.0249667e+00    2.3194175e+00
  -1.5848884e-01   -1.0280666e+00    2.3187123e+00
  -1.3944184e-01   -1.0307666e+00    2.3180082e+00
  -1.2034480e-01   -1.0331665e+00    2.3173044e+00
  -1.0120770e-01   -1.0352665e+00    2.3166013e+00
  -8.2030531e-02   -1.0369664e+00    2.3158997e+00
  -6.2830269e-02   -1.0382664e+00    2.3152002e+00
  -4.3607944e-02   -1.0392664e+00    2.3145019e+00
  -2.4370525e-02   -1.0398663e+00    2.3138061e+00
  -5.1252340e-03   -1.0401663e+00    2.3131121e+00
   1.4121559e-02   -1.0400663e+00    2.3124209e+00
   3.3364259e-02   -1.0395664e+00    2.3117327e+00
   5.2595043e-02   -1.0387664e+00    2.3110472e+00
   7.1807917e-02   -1.0376664e+00    2.3103644e+00
   9.0995936e-02   -1.0360664e+00    2.3096861e+00
   1.1015602e-01   -1.0342665e+00    2.3090103e+00
   1.2927424e-01   -1.0320665e+00    2.3083388e+00
   1.4835259e-01   -1.0294666e+00    2.3076717e+00
   1.6738105e-01   -1.0265667e+00    2.3070085e+00
   1.8634962e-01   -1.0233668e+00    2.3063496e+00
   2.0525837e-01   -1.0196669e+00    2.3056965e+00
   2.2409720e-01   -1.0157670e+00    2.3050473e+00
   2.4285620e-01   -1.0114671e+00    2.3044038e+00
   2.6152535e-01   -1.0067672e+00    2.3037665e+00
   2.8011464e-01   -1.0017673e+00    2.3031342e+00
   2.9860408e-01   -9.9640747e-01    2.3025081e+00
   3.1699367e-01   -9.9069761e-01    2.3018881e+00
   3.3526343e-01   -9.8465777e-01    2.3012747e+00
   3.5343335e-01   -9.7827793e-01    2.3006674e+00
   3.7147343e-01   -9.7156811e-01    2.3000671e+00
   3.8939367e-01   -9.6452829e-01    2.2994736e+00
   4.0717409e-01   -9.5716848e-01    2.2988873e+00
   4.2482467e-01   -9.4947868e-01    2.2983081e+00
   4.4233543e-01   -9.4147888e-01    2.2977361e+00
   4.5969636e-01   -9.3315910e-01    2.2971719e+00
   4.7690747e-01   -9.2452932e-01    2.2966152e+00
   4.9395877e-01   -9.1558955e-01    2.2960665e+00
   5.1084025e-01   -9.0633979e-01    2.2955262e+00
   5.2755193e-01   -8.9678004e-01    2.2949942e+00
   5.4409379e-01   -8.8693029e-01    2.2944703e+00
   5.6044585e-01   -8.7676056e-01    2.2939556e+00
   5.7660812e-01   -8.6630083e-01    2.2934498e+00
   5.9257059e-01   -8.5553110e-01    2.2929535e+00
   6.0832327e-01   -8.4446139e-01    2.2924668e+00
   6.2386617e-01   -8.3310168e-01    2.2919897e+00
   6.3918928e-01   -8.2144198e-01    2.2915227e+00
   6.5429261e-01   -8.0949229e-01    2.2910657e+00
   6.6915617e-01   -7.9726261e-01    2.2906193e+00
   6.8378995e-01   -7.8474293e-01    2.2901833e+00
   6.9818396e-01   -7.7195326e-01    2.2897578e+00
   7.1232820e-01   -7.5889360e-01    2.2893433e+00
   7.2623266e-01   -7.4556394e-01    2.2889393e+00
   7.3987735e-01   -7.3198430e-01    2.2885464e+00
   7.5326229e-01   -7.1813465e-01    2.2881649e+00
   7.6638745e-01   -7.0404502e-01    2.2877944e+00
   7.7924285e-01   -6.8970539e-01    2.2874354e+00
   7.9181849e-01   -6.7513576e-01    2.2870880e+00
   8.0413436e-01   -6.6032615e-01    2.2867518e+00
   8.1616048e-01   -6.4528653e-01    2.2864276e+00
   8.2790683e-01   -6.3002693e-01    2.2861151e+00
   8.3936343e-01   -6.1454733e-01    2.2858146e+00
   8.5054026e-01   -5.9886773e-01    2.2855256e+00
   8.6142734e-01   -5.8297814e-01    2.2852484e+00
   8.7202465e-01   -5.6689856e-01    2.2849831e+00
   8.8233219e-01   -5.5062898e-01    2.2847296e+00
   8.9233998e-01   -5.3417940e-01    2.2844881e+00
   9.0205799e-01   -5.1754983e-01    2.2842583e+00
   9.1146626e-01   -5.0075027e-01    2.2840409e+00
   9.2057476e-01   -4.8378070e-01    2.2838355e+00
   9.2936351e-01   -4.6664115e-01    2.2836429e+00
   9.3784250e-01   -4.4935159e-01    2.2834624e+00
   9.4599174e-01   -4.3190204e-01    2.2832949e+00
   9.5382123e-01   -4.1430250e-01    2.2831400e+00
   9.6130098e-01   -3.9656296e-01    2.2829987e+00
   9.6845099e-01   -3.7867342e-01    2.2828703e+00
   9.7525125e-01   -3.6065388e-01    2.2827554e+00
   9.8171176e-01   -3.4251435e-01    2.2826536e+00
   9.8782254e-01   -3.2424482e-01    2.2825654e+00
   9.9359355e-01   -3.0587530e-01    2.2824900e+00
   9.9902482e-01   -2.8739578e-01    2.2824276e+00
   1.0041463e+00   -2.6882626e-01    2.2823771e+00
   1.0088481e+00   -2.5015674e-01    2.2823423e+00
   1.0133500e+00   -2.3141722e-01    2.2823152e+00
   1.0174522e+00   -2.1259771e-01    2.2823031e+00
   1.0212547e+00   -1.9371820e-01    2.2823022e+00
   1.0246574e+00   -1.7476868e-01    2.2823161e+00
   1.0277603e+00   -1.5576918e-01    2.2823412e+00
   1.0306633e+00   -1.3671967e-01    2.2823739e+00
   1.0330667e+00   -1.1762016e-01    2.2824248e+00
   1.0352702e+00   -9.8476655e-02    2.2824833e+00
   1.0370740e+00   -7.9303150e-02    2.2825563e+00
   1.0385780e+00   -6.0100646e-02    2.2826403e+00
   1.0396822e+00   -4.0875143e-02    2.2827389e+00
   1.0404867e+00   -2.1632640e-02    2.2828484e+00
   1.0409913e+00   -2.3794368e-03    2.2829687e+00
   1.0410963e+00    1.6879366e-02    2.2831034e+00
   1.0409014e+00    3.6137869e-02    2.2832489e+00
   1.0404067e+00    5.5389371e-02    2.2834051e+00
   1.0395122e+00    7.4626875e-02    2.2835756e+00
   1.0382180e+00    9.3846378e-02    2.2837604e+00
   1.0366240e+00    1.1304388e-01    2.2839557e+00
   1.0347302e+00    1.3220339e-01    2.2841616e+00
   1.0324366e+00    1.5132289e-01    2.2843815e+00
   1.0298432e+00    1.7040240e-01    2.2846120e+00
   1.0268500e+00    1.8942191e-01    2.2848564e+00
   1.0234571e+00    2.0839142e-01    2.2851147e+00
   1.0197644e+00    2.2729093e-01    2.2853834e+00
   1.0156719e+00    2.4611045e-01    2.2856659e+00
   1.0112796e+00    2.6485996e-01    2.2859586e+00
   1.0064875e+00    2.8351948e-01    2.2862651e+00
   1.0013956e+00    3.0208900e-01    2.2865816e+00
   9.9597386e-01    3.2055852e-01    2.2869094e+00
   9.9019234e-01    3.3892805e-01    2.2872493e+00
   9.8406102e-01    3.5717758e-01    2.2876010e+00
   9.7758988e-01    3.7531711e-01    2.2879640e+00
   9.7076894e-01    3.9332664e-01    2.2883388e+00
   9.6359819e-01    4.1119618e-01    2.2887251e+00
   9.5607763e-01    4.2892572e-01    2.2891229e+00
   9.4820725e-01    4.4649527e-01    2.2895322e+00
   9.3997707e-01    4.6390482e-01    2.2899533e+00
   9.3139706e-01    4.8113438e-01    2.2903856e+00
   9.2246724e-01    4.9820394e-01    2.2908294e+00
   9.1319758e-01    5.1507350e-01    2.2912839e+00
   9.0359810e-01    5.3176307e-01    2.2917490e+00
   8.9367877e-01    5.4826264e-01    2.2922243e+00
   8.8343959e-01    5.6457222e-01    2.2927096e+00
   8.7291056e-01    5.8069181e-01    2.2932041e+00
   8.6208167e-01    5.9661139e-01    2.2937078e+00
   8.5096291e-01    6.1233099e-01    2.2942206e+00
   8.3956428e-01    6.2784059e-01    2.2947419e+00
   8.2788578e-01    6.4315019e-01    2.2952718e+00
   8.1592740e-01    6.5823980e-01    2.2958102e+00
   8.0368915e-01    6.7309942e-01    2.2963570e+00
   7.9118101e-01    6.8772904e-01    2.2969119e+00
   7.7838299e-01    7.0211867e-01    2.2974754e+00
   7.6531508e-01    7.1625830e-01    2.2980469e+00
   7.5197728e-01    7.3012795e-01    2.2986261e+00
   7.3835960e-01    7.4373760e-01    2.2992135e+00
   7.2447201e-01    7.5707725e-01    2.2998087e+00
   7.1032452e-01    7.7012691e-01    2.3004111e+00
   6.9592712e-01    7.8289658e-01    2.3010205e+00
   6.8126982e-01    7.9538626e-01    2.3016373e+00
   6.6638258e-01    8.0758595e-01    2.3022602e+00
   6.5125543e-01    8.1948564e-01    2.3028896e+00
   6.3589835e-01    8.3110534e-01    2.3035252e+00
   6.2033133e-01    8.4241505e-01    2.3041661e+00
   6.0454437e-01    8.5343476e-01    2.3048129e+00
   5.8855747e-01    8.6415449e-01    2.3054647e+00
   5.7238061e-01    8.7458422e-01    2.3061212e+00
   5.5600381e-01    8.8470395e-01    2.3067827e+00
   5.3945703e-01    8.9452370e-01    2.3074482e+00
   5.2273030e-01    9.0405346e-01    2.3081180e+00
   5.0583360e-01    9.1327322e-01    2.3087917e+00
   4.8877692e-01    9.2219299e-01    2.3094691e+00
   4.7156026e-01    9.3080276e-01    2.3101499e+00
   4.5419363e-01    9.3910255e-01    2.3108339e+00
   4.3668700e-01    9.4710234e-01    2.3115208e+00
   4.1903039e-01    9.5477215e-01    2.3122106e+00
   4.0124377e-01    9.6211196e-01    2.3129028e+00
   3.8331716e-01    9.6912177e-01    2.3135977e+00
   3.6526055e-01    9.7579160e-01    2.3142948e+00
   3.4708392e-01    9.8211144e-01    2.3149936e+00
   3.2878728e-01    9.8808129e-01    2.3156943e+00
   3.1037063e-01    9.9369114e-01    2.3163967e+00
   2.9185395e-01    9.9895100e-01    2.3171002e+00
   2.7324724e-01    1.0038809e+00    2.3178045e+00
   2.5454049e-01    1.0083808e+00    2.3185094e+00
   2.3575371e-01    1.0125807e+00    2.3192149e+00
   2.1689687e-01    1.0163806e+00    2.3199201e+00
   1.9797000e-01    1.0198805e+00    2.3206257e+00
   1.7897310e-01    1.0230804e+00    2.3213316e+00
   1.5992610e-01    1.0257803e+00    2.3220358e+00
   1.4083905e-01    1.0281802e+00    2.3227392e+00
   1.2170195e-01    1.0302802e+00    2.3234422e+00
   1.0252478e-01    1.0319802e+00    2.3241439e+00
   8.3322519e-02    1.0332801e+00    2.3248435e+00
   6.4098170e-02    1.0341801e+00    2.3255411e+00
   4.4858752e-02    1.0347801e+00    2.3262370e+00
   2.5612211e-02    1.0348801e+00    2.3269296e+00
   6.3658910e-03    1.0346801e+00    2.3276201e+00
  -1.2872137e-02    1.0340801e+00    2.3283073e+00
  -3.2094953e-02    1.0331801e+00    2.3289919e+00
  -5.1294912e-02    1.0317802e+00    2.3296720e+00
  -7.0464969e-02    1.0300802e+00    2.3303490e+00
  -8.9598152e-02    1.0279803e+00    2.3310217e+00
  -1.0869047e-01    1.0254803e+00    2.3316900e+00
  -1.2772889e-01    1.0226804e+00    2.3323543e+00
  -1.4670746e-01    1.0194805e+00    2.3330135e+00
  -1.6562617e-01    1.0158806e+00    2.3336678e+00
  -1.8447500e-01    1.0119807e+00    2.3343173e+00
  -2.0324399e-01    1.0076808e+00    2.3349611e+00
  -2.2193310e-01    1.0030809e+00    2.3355999e+00
  -2.4052237e-01    9.9813103e-01    2.3362325e+00
  -2.5902180e-01    9.9281116e-01    2.3368593e+00
  -2.7742138e-01    9.8715131e-01    2.3374801e+00
  -2.9571112e-01    9.8113146e-01    2.3380943e+00
  -3.1388102e-01    9.7478163e-01    2.3387018e+00
  -3.3193109e-01    9.6809180e-01    2.3393025e+00
  -3.4986132e-01    9.6107198e-01    2.3398966e+00
  -3.6765173e-01    9.5372217e-01    2.3404833e+00
  -3.8531230e-01    9.4606237e-01    2.3410631e+00
  -4.0282305e-01    9.3807258e-01    2.3416351e+00
  -4.2020397e-01    9.2978279e-01    2.3422003e+00
  -4.3742507e-01    9.2117301e-01    2.3427575e+00
  -4.5448635e-01    9.1227324e-01    2.3433068e+00
  -4.7139781e-01    9.0305348e-01    2.3438485e+00
  -4.8813945e-01    8.9354373e-01    2.3443819e+00
  -5.0470128e-01    8.8374398e-01    2.3449068e+00
  -5.2109331e-01    8.7363424e-01    2.3454234e+00
  -5.3729552e-01    8.6324451e-01    2.3459311e+00
  -5.5330794e-01    8.5255478e-01    2.3464299e+00
  -5.6913056e-01    8.4158507e-01    2.3469198e+00
  -5.8476336e-01    8.3033536e-01    2.3474009e+00
  -6.0018638e-01    8.1880566e-01    2.3478724e+00
  -6.1539960e-01    8.0701596e-01    2.3483345e+00
  -6.3041302e-01    7.9495627e-01    2.3487875e+00
  -6.4521664e-01    7.8264659e-01    2.3492311e+00
  -6.5980046e-01    7.7007691e-01    2.3496650e+00
  -6.7416450e-01    7.5724725e-01    2.3500891e+00
  -6.8829875e-01    7.4416758e-01    2.3505032e+00
  -7.0219322e-01    7.3083793e-01    2.3509068e+00
  -7.1584790e-01    7.1725828e-01    2.3513000e+00
  -7.2924282e-01    7.0343864e-01    2.3516822e+00
  -7.4238797e-01    6.8935900e-01    2.3520535e+00
  -7.5525336e-01    6.7502937e-01    2.3524129e+00
  -7.6784899e-01    6.6046975e-01    2.3527610e+00
  -7.8016486e-01    6.4566013e-01    2.3530972e+00
  -7.9220097e-01    6.3063052e-01    2.3534218e+00
  -8.0394732e-01    6.1537091e-01    2.3537344e+00
  -8.1542390e-01    5.9990131e-01    2.3540357e+00
  -8.2660073e-01    5.8423171e-01    2.3543248e+00
  -8.3750779e-01    5.6835212e-01    2.3546027e+00
  -8.4813507e-01    5.5229254e-01    2.3548692e+00
  -8.5847259e-01    5.3604296e-01    2.3551240e+00
  -8.6852035e-01    5.1961338e-01    2.3553670e+00
  -8.7827833e-01    5.0301381e-01    2.3555985e+00
  -8.8773656e-01    4.8623424e-01    2.3558178e+00
  -8.9688503e-01    4.6928468e-01    2.3560248e+00
  -9.0571375e-01    4.5217512e-01    2.3562191e+00
  -9.1422272e-01    4.3489557e-01    2.3564007e+00
  -9.2240194e-01    4.1745602e-01    2.3565694e+00
  -9.3024142e-01    3.9986648e-01    2.3567247e+00
  -9.3773116e-01    3.8212693e-01    2.3568664e+00
  -9.4487117e-01    3.6423740e-01    2.3569944e+00
  -9.5165145e-01    3.4620786e-01    2.3571085e+00
  -9.5809198e-01    3.2805833e-01    2.3572095e+00
  -9.6418277e-01    3.0978880e-01    2.3572971e+00
  -9.6992381e-01    2.9140928e-01    2.3573713e+00
  -9.7532509e-01    2.7291975e-01    2.3574325e+00
  -9.8038662e-01    2.5434023e-01    2.3574808e+00
  -9.8510840e-01    2.3566072e-01    2.3575162e+00
  -9.8948042e-01    2.1691120e-01    2.3575385e+00
  -9.9353267e-01    1.9808169e-01    2.3575488e+00
  -9.9723516e-01    1.7917217e-01    2.3575459e+00
  -1.0005479e+00    1.6021266e-01    2.3575287e+00
  -1.0036508e+00    1.4119316e-01    2.3575034e+00
  -1.0062541e+00    1.2211365e-01    2.3574598e+00
  -1.0085575e+00    1.0299414e-01    2.3574051e+00
  -1.0105612e+00    8.3836637e-02    2.3573394e+00
  -1.0121651e+00    6.4643132e-02    2.3572590e+00
  -1.0133693e+00    4.5422629e-02    2.3571641e+00
  -1.0142737e+00    2.6182126e-02    2.3570582e+00
  -1.0147783e+00    6.9295228e-03    2.3569379e+00
  -1.0148832e+00   -1.2328880e-02    2.3568032e+00
  -1.0145884e+00   -3.1587383e-02    2.3566541e+00
  -1.0139938e+00   -5.0835885e-02    2.3564943e+00
  -1.0129994e+00   -7.0069389e-02    2.3563202e+00
  -1.0116052e+00   -8.9280893e-02    2.3561320e+00
  -1.0099113e+00   -1.0846040e-01    2.3559331e+00
  -1.0078176e+00   -1.2760990e-01    2.3557202e+00
  -1.0053241e+00   -1.4670941e-01    2.3554932e+00
  -1.0025309e+00   -1.6575892e-01    2.3552558e+00
  -9.9933782e-01   -1.8474843e-01    2.3550044e+00
  -9.9575503e-01   -2.0366794e-01    2.3547396e+00
  -9.9181244e-01   -2.2251745e-01    2.3544623e+00
  -9.8750008e-01   -2.4128697e-01    2.3541723e+00
  -9.8282792e-01   -2.5996648e-01    2.3538700e+00
  -9.7779597e-01   -2.7855600e-01    2.3535554e+00
  -9.7241423e-01   -2.9704553e-01    2.3532290e+00
  -9.6667268e-01   -3.1542505e-01    2.3528904e+00
  -9.6058134e-01   -3.3369458e-01    2.3525400e+00
  -9.5415018e-01   -3.5184411e-01    2.3521783e+00
  -9.4736922e-01   -3.6986365e-01    2.3518050e+00
  -9.4023845e-01   -3.8775318e-01    2.3514200e+00
  -9.3276786e-01   -4.0550273e-01    2.3510238e+00
  -9.2495745e-01   -4.2310227e-01    2.3506164e+00
  -9.1679723e-01   -4.4054182e-01    2.3501977e+00
  -9.0828719e-01   -4.5782138e-01    2.3497675e+00
  -8.9943732e-01   -4.7491093e-01    2.3493264e+00
  -8.9023763e-01   -4.9183050e-01    2.3488740e+00
  -8.8070811e-01   -5.0856006e-01    2.3484112e+00
  -8.7084875e-01   -5.2509964e-01    2.3479378e+00
  -8.6066955e-01   -5.4144922e-01    2.3474543e+00
  -8.5019049e-01   -5.5758880e-01    2.3469615e+00
  -8.3941158e-01   -5.7354839e-01    2.3464592e+00
  -8.2835279e-01   -5.8930798e-01    2.3459484e+00
  -8.1701414e-01   -6.0486758e-01    2.3454289e+00
  -8.0541560e-01   -6.2023718e-01    2.3449014e+00
  -7.9355717e-01   -6.3539679e-01    2.3443661e+00
  -7.8142887e-01   -6.5035640e-01    2.3438225e+00
  -7.6905068e-01   -6.6509602e-01    2.3432715e+00
  -7.5641259e-01   -6.7961565e-01    2.3427128e+00
  -7.4350462e-01   -6.9390528e-01    2.3421460e+00
  -7.3032676e-01   -7.0793492e-01    2.3415714e+00
  -7.1686901e-01   -7.2170456e-01    2.3409885e+00
  -7.0315136e-01   -7.3520421e-01    2.3403983e+00
  -6.8914382e-01   -7.4841387e-01    2.3397998e+00
  -6.7487637e-01   -7.6133354e-01    2.3391940e+00
  -6.6033902e-01   -7.7395321e-01    2.3385806e+00
  -6.4554176e-01   -7.8627289e-01    2.3379601e+00
  -6.3049458e-01   -7.9827258e-01    2.3373329e+00
  -6.1520748e-01   -8.0998228e-01    2.3366991e+00
  -5.9970044e-01   -8.2137199e-01    2.3360597e+00
  -5.8396347e-01   -8.3246170e-01    2.3354143e+00
  -5.6801656e-01   -8.4324142e-01    2.3347635e+00
  -5.5185970e-01   -8.5371115e-01    2.3341074e+00
  -5.3551288e-01   -8.6387089e-01    2.3334466e+00
  -5.1897611e-01   -8.7372063e-01    2.3327813e+00
  -5.0225937e-01   -8.8326039e-01    2.3321118e+00
  -4.8536267e-01   -8.9247015e-01    2.3314381e+00
  -4.6829599e-01   -9.0136992e-01    2.3307606e+00
  -4.5105934e-01   -9.0993970e-01    2.3300793e+00
  -4.3366271e-01   -9.1817949e-01    2.3293947e+00
  -4.1611608e-01   -9.2608928e-01    2.3287070e+00
  -3.9842947e-01   -9.3367909e-01    2.3280166e+00
  -3.8059286e-01   -9.4092890e-01    2.3273233e+00
  -3.6263625e-01   -9.4784872e-01    2.3266280e+00
  -3.4454963e-01   -9.5442855e-01    2.3259305e+00
  -3.2635300e-01   -9.6068839e-01    2.3252314e+00
  -3.0803636e-01   -9.6659824e-01    2.3245304e+00
  -2.8960971e-01   -9.7217809e-01    2.3238279e+00
  -2.7109302e-01   -9.7741796e-01    2.3231245e+00
  -2.5247631e-01   -9.8230783e-01    2.3224201e+00
  -2.3376957e-01   -9.8684771e-01    2.3217150e+00
  -2.1498278e-01   -9.9103761e-01    2.3210095e+00
  -1.9612595e-01   -9.9485751e-01    2.3203041e+00
  -1.7718908e-01   -9.9832742e-01    2.3195984e+00
  -1.5820216e-01   -1.0014673e+00    2.3188933e+00
  -1.3914516e-01   -1.0041673e+00    2.3181888e+00
  -1.2004812e-01   -1.0065672e+00    2.3174850e+00
  -1.0091100e-01   -1.0085672e+00    2.3167827e+00
  -8.1736822e-02   -1.0102671e+00    2.3160812e+00
  -6.2535561e-02   -1.0115671e+00    2.3153816e+00
  -4.3313236e-02   -1.0125670e+00    2.3146834e+00
  -2.4076817e-02   -1.0131670e+00    2.3139875e+00
  -4.8313259e-03   -1.0134670e+00    2.3132935e+00
   1.4416267e-02   -1.0133670e+00    2.3126023e+00
   3.3658941e-02   -1.0129670e+00    2.3119134e+00
   5.2889725e-02   -1.0121671e+00    2.3112279e+00
   7.2102599e-02   -1.0110671e+00    2.3105451e+00
   9.1288619e-02   -1.0094671e+00    2.3098669e+00
   1.1044274e-01   -1.0075672e+00    2.3091920e+00
   1.2956096e-01   -1.0053672e+00    2.3085205e+00
   1.4861934e-01   -1.0026673e+00    2.3078548e+00
   1.6763783e-01   -9.9967738e-01    2.3071926e+00
   1.8658646e-01   -9.9631747e-01    2.3065356e+00
   2.0547522e-01   -9.9260756e-01    2.3058833e+00
   2.2429411e-01   -9.8854767e-01    2.3052359e+00
   2.4303314e-01   -9.8413778e-01    2.3045940e+00
   2.6168233e-01   -9.7937791e-01    2.3039578e+00
   2.8024166e-01   -9.7427804e-01    2.3033273e+00
   2.9870114e-01   -9.6882818e-01    2.3027029e+00
   3.1706078e-01   -9.6302833e-01    2.3020846e+00
   3.3530059e-01   -9.5687849e-01    2.3014732e+00
   3.5342056e-01   -9.5037866e-01    2.3008685e+00
   3.7141071e-01   -9.4351883e-01    2.3002711e+00
   3.8926104e-01   -9.3631902e-01    2.2996812e+00
   4.0697155e-01   -9.2877921e-01    2.2990987e+00
   4.2454224e-01   -9.2089942e-01    2.2985238e+00
   4.4195311e-01   -9.1268963e-01    2.2979569e+00
   4.5921416e-01   -9.0416985e-01    2.2973977e+00
   4.7631540e-01   -8.9533008e-01    2.2968465e+00
   4.9325682e-01   -8.8618031e-01    2.2963032e+00
   5.1002843e-01   -8.7672056e-01    2.2957684e+00
   5.2662024e-01   -8.6696081e-01    2.2952421e+00
   5.4303224e-01   -8.5689107e-01    2.2947245e+00
   5.5924445e-01   -8.4650134e-01    2.2942164e+00
   5.7524687e-01   -8.3581161e-01    2.2937180e+00
   5.9104951e-01   -8.2480190e-01    2.2932291e+00
   6.0662237e-01   -8.1349219e-01    2.2927506e+00
   6.2197546e-01   -8.0186249e-01    2.2922823e+00
   6.3708878e-01   -7.8994280e-01    2.2918248e+00
   6.5197232e-01   -7.7772311e-01    2.2913776e+00
   6.6660610e-01   -7.6520344e-01    2.2909416e+00
   6.8100011e-01   -7.5241377e-01    2.2905161e+00
   6.9514435e-01   -7.3935410e-01    2.2901015e+00
   7.0903881e-01   -7.2602445e-01    2.2896979e+00
   7.2267352e-01   -7.1242480e-01    2.2893056e+00
   7.3604846e-01   -6.9857516e-01    2.2889243e+00
   7.4915364e-01   -6.8446552e-01    2.2885547e+00
   7.6198906e-01   -6.7010589e-01    2.2881966e+00
   7.7453473e-01   -6.5549627e-01    2.2878506e+00
   7.8680064e-01   -6.4064665e-01    2.2875165e+00
   7.9876681e-01   -6.2556704e-01    2.2871947e+00
   8.1043323e-01   -6.1024744e-01    2.2868855e+00
   8.2180990e-01   -5.9470784e-01    2.2865883e+00
   8.3289680e-01   -5.7895825e-01    2.2863030e+00
   8.4367397e-01   -5.6299866e-01    2.2860303e+00
   8.5416136e-01   -5.4684908e-01    2.2857695e+00
   8.6434900e-01   -5.3050950e-01    2.2855207e+00
   8.7423689e-01   -5.1397992e-01    2.2852842e+00
   8.8382501e-01   -4.9727036e-01    2.2850596e+00
   8.9309338e-01   -4.8040079e-01    2.2848478e+00
   9.0205200e-01   -4.6335123e-01    2.2846483e+00
   9.1068088e-01   -4.4613168e-01    2.2844620e+00
   9.1898001e-01   -4.2875213e-01    2.2842886e+00
   9.2694939e-01   -4.1121258e-01    2.2841282e+00
   9.3455904e-01   -3.9352304e-01    2.2839819e+00
   9.4182895e-01   -3.7569350e-01    2.2838488e+00
   9.4873914e-01   -3.5771396e-01    2.2837297e+00
   9.5530957e-01   -3.3960443e-01    2.2836237e+00
   9.6153026e-01   -3.2138490e-01    2.2835311e+00
   9.6740121e-01   -3.0303537e-01    2.2834520e+00
   9.7294239e-01   -2.8459585e-01    2.2833854e+00
   9.7814382e-01   -2.6604633e-01    2.2833318e+00
   9.8300550e-01   -2.4741681e-01    2.2832910e+00
   9.8753741e-01   -2.2869729e-01    2.2832627e+00
   9.9173955e-01   -2.0989778e-01    2.2832469e+00
   9.9559194e-01   -1.9102827e-01    2.2832441e+00
   9.9911455e-01   -1.7208875e-01    2.2832536e+00
   1.0022774e+00   -1.5309924e-01    2.2832765e+00
   1.0050805e+00   -1.3404974e-01    2.2833127e+00
   1.0075838e+00   -1.1494023e-01    2.2833602e+00
   1.0096874e+00   -9.5798724e-02    2.2834222e+00
   1.0113913e+00   -7.6618220e-02    2.2834989e+00
   1.0127953e+00   -5.7407716e-02    2.2835866e+00
   1.0137997e+00   -3.8174212e-02    2.2836888e+00
   1.0144042e+00   -1.8924710e-02    2.2838055e+00
   1.0147090e+00    3.3288317e-04    2.2839330e+00
   1.0146141e+00    1.9592296e-02    2.2840749e+00
   1.0141194e+00    3.8845799e-02    2.2842312e+00
   1.0133248e+00    5.8087302e-02    2.2843981e+00
   1.0121306e+00    7.7310805e-02    2.2845793e+00
   1.0106365e+00    9.6509309e-02    2.2847710e+00
   1.0087427e+00    1.1567381e-01    2.2849769e+00
   1.0065490e+00    1.3481332e-01    2.2851934e+00
   1.0039556e+00    1.5389283e-01    2.2854239e+00
   1.0010624e+00    1.7293234e-01    2.2856648e+00
   9.9781943e-01    1.9192185e-01    2.2859179e+00
   9.9421665e-01    2.1083136e-01    2.2861835e+00
   9.9026407e-01    2.2968087e-01    2.2864611e+00
   9.8596170e-01    2.4845039e-01    2.2867507e+00
   9.8128954e-01    2.6713990e-01    2.2870531e+00
   9.7626759e-01    2.8572942e-01    2.2873673e+00
   9.7088584e-01    3.0421895e-01    2.2876938e+00
   9.6514430e-01    3.2259847e-01    2.2880323e+00
   9.5905296e-01    3.4086800e-01    2.2883827e+00
   9.5260181e-01    3.5900753e-01    2.2887450e+00
   9.4581085e-01    3.7702707e-01    2.2891188e+00
   9.3866009e-01    3.9490660e-01    2.2895044e+00
   9.3116951e-01    4.1264615e-01    2.2899012e+00
   9.2333911e-01    4.3023569e-01    2.2903092e+00
   9.1516890e-01    4.4767524e-01    2.2907284e+00
   9.0666885e-01    4.6494479e-01    2.2911581e+00
   8.9782898e-01    4.8205435e-01    2.2915989e+00
   8.8866927e-01    4.9899392e-01    2.2920500e+00
   8.7917973e-01    5.1574348e-01    2.2925116e+00
   8.6937035e-01    5.3231306e-01    2.2929834e+00
   8.5924112e-01    5.4868263e-01    2.2934653e+00
   8.4879205e-01    5.6485221e-01    2.2939572e+00
   8.3803312e-01    5.8082180e-01    2.2944588e+00
   8.2696434e-01    5.9658140e-01    2.2949700e+00
   8.1559570e-01    6.1211099e-01    2.2954904e+00
   8.0392719e-01    6.2743060e-01    2.2960201e+00
   7.9196881e-01    6.4251021e-01    2.2965584e+00
   7.7971057e-01    6.5736983e-01    2.2971059e+00
   7.6718244e-01    6.7197945e-01    2.2976613e+00
   7.5436443e-01    6.8634908e-01    2.2982255e+00
   7.4127653e-01    7.0046871e-01    2.2987975e+00
   7.2791874e-01    7.1432835e-01    2.2993774e+00
   7.1430105e-01    7.2792800e-01    2.2999647e+00
   7.0041347e-01    7.4126766e-01    2.3005599e+00
   6.8627597e-01    7.5432732e-01    2.3011620e+00
   6.7187858e-01    7.6710699e-01    2.3017715e+00
   6.5723126e-01    7.7959667e-01    2.3023879e+00
   6.4234403e-01    7.9179635e-01    2.3030108e+00
   6.2721688e-01    8.0369605e-01    2.3036402e+00
   6.1184980e-01    8.1528575e-01    2.3042759e+00
   5.9625279e-01    8.2657546e-01    2.3049178e+00
   5.8042585e-01    8.3753517e-01    2.3055656e+00
   5.6439895e-01    8.4818490e-01    2.3062183e+00
   5.4815211e-01    8.5851463e-01    2.3068767e+00
   5.3171532e-01    8.6852437e-01    2.3075395e+00
   5.1507856e-01    8.7820412e-01    2.3082072e+00
   4.9825185e-01    8.8756388e-01    2.3088794e+00
   4.8124517e-01    8.9658365e-01    2.3095557e+00
   4.6406850e-01    9.0526342e-01    2.3102355e+00
   4.4673186e-01    9.1361321e-01    2.3109188e+00
   4.2922523e-01    9.2161300e-01    2.3116057e+00
   4.1155862e-01    9.2926280e-01    2.3122958e+00
   3.9375201e-01    9.3656262e-01    2.3129884e+00
   3.7580540e-01    9.4351244e-01    2.3136836e+00
   3.5771878e-01    9.5010227e-01    2.3143811e+00
   3.3951215e-01    9.5633210e-01    2.3150804e+00
   3.2117552e-01    9.6220195e-01    2.3157818e+00
   3.0273885e-01    9.6771181e-01    2.3164842e+00
   2.8419216e-01    9.7285168e-01    2.3171879e+00
   2.6554544e-01    9.7763155e-01    2.3178926e+00
   2.4680868e-01    9.8204144e-01    2.3185979e+00
   2.2799188e-01    9.8608134e-01    2.3193034e+00
   2.0910503e-01    9.8976124e-01    2.3200088e+00
   1.9013813e-01    9.9307116e-01    2.3207145e+00
   1.7112118e-01    9.9601108e-01    2.3214192e+00
   1.5204417e-01    9.9859101e-01    2.3221236e+00
   1.3292708e-01    1.0007810e+00    2.3228266e+00
   1.1376995e-01    1.0026809e+00    2.3235289e+00
   9.4578731e-02    1.0041809e+00    2.3242296e+00
   7.5364426e-02    1.0052808e+00    2.3249282e+00
   5.6132030e-02    1.0059808e+00    2.3256246e+00
   3.6889563e-02    1.0063808e+00    2.3263193e+00
   1.7642022e-02    1.0064808e+00    2.3270119e+00
  -1.6023507e-03    1.0060808e+00    2.3277008e+00
  -2.0836407e-02    1.0053808e+00    2.3283872e+00
  -4.0053278e-02    1.0042809e+00    2.3290702e+00
  -5.9244270e-02    1.0027809e+00    2.3297493e+00
  -7.8401360e-02    1.0009810e+00    2.3304250e+00
  -9.7516602e-02    9.9870101e-01    2.3310958e+00
  -1.1658297e-01    9.9606108e-01    2.3317622e+00
  -1.3559147e-01    9.9303116e-01    2.3324237e+00
  -1.5453012e-01    9.8961125e-01    2.3330800e+00
  -1.7340891e-01    9.8582134e-01    2.3337314e+00
  -1.9219785e-01    9.8166145e-01    2.3343769e+00
  -2.1090693e-01    9.7713157e-01    2.3350169e+00
  -2.2952616e-01    9.7225169e-01    2.3356511e+00
  -2.4805555e-01    9.6702183e-01    2.3362796e+00
  -2.6648508e-01    9.6145197e-01    2.3369021e+00
  -2.8480477e-01    9.5554213e-01    2.3375182e+00
  -3.0300463e-01    9.4929229e-01    2.3381275e+00
  -3.2110464e-01    9.4271246e-01    2.3387308e+00
  -3.3907482e-01    9.3581263e-01    2.3393272e+00
  -3.5691516e-01    9.2858282e-01    2.3399166e+00
  -3.7461568e-01    9.2102302e-01    2.3404985e+00
  -3.9217637e-01    9.1314322e-01    2.3410731e+00
  -4.0959724e-01    9.0493343e-01    2.3416403e+00
  -4.2685829e-01    8.9641365e-01    2.3421996e+00
  -4.4395953e-01    8.8757388e-01    2.3427508e+00
  -4.6090095e-01    8.7842412e-01    2.3432940e+00
  -4.7766257e-01    8.6895436e-01    2.3438285e+00
  -4.9424438e-01    8.5917461e-01    2.3443542e+00
  -5.1064640e-01    8.4908487e-01    2.3448713e+00
  -5.2684862e-01    8.3868514e-01    2.3453790e+00
  -5.4285104e-01    8.2798542e-01    2.3458773e+00
  -5.5864369e-01    8.1696570e-01    2.3463658e+00
  -5.7422655e-01    8.0565600e-01    2.3468446e+00
  -5.8957963e-01    7.9404630e-01    2.3473130e+00
  -6.0471293e-01    7.8213660e-01    2.3477714e+00
  -6.1961645e-01    7.6994692e-01    2.3482195e+00
  -6.3428020e-01    7.5747724e-01    2.3486570e+00
  -6.4871417e-01    7.4472757e-01    2.3490842e+00
  -6.6290837e-01    7.3171791e-01    2.3495009e+00
  -6.7686278e-01    7.1844825e-01    2.3499071e+00
  -6.9057741e-01    7.0492860e-01    2.3503029e+00
  -7.0404227e-01    6.9115895e-01    2.3506879e+00
  -7.1726735e-01    6.7716931e-01    2.3510627e+00
  -7.3024264e-01    6.6293968e-01    2.3514269e+00
  -7.4295816e-01    6.4848006e-01    2.3517800e+00
  -7.5541391e-01    6.3379043e-01    2.3521221e+00
  -7.6760988e-01    6.1889082e-01    2.3524534e+00
  -7.7952609e-01    6.0376121e-01    2.3527730e+00
  -7.9116254e-01    5.8841161e-01    2.3530809e+00
  -8.0249924e-01    5.7285201e-01    2.3533765e+00
  -8.1354618e-01    5.5707242e-01    2.3536602e+00
  -8.2427338e-01    5.4108283e-01    2.3539308e+00
  -8.3470083e-01    5.2489325e-01    2.3541892e+00
  -8.4479855e-01    5.0849367e-01    2.3544343e+00
  -8.5457652e-01    4.9190410e-01    2.3546665e+00
  -8.6403474e-01    4.7512453e-01    2.3548859e+00
  -8.7316323e-01    4.5816497e-01    2.3550921e+00
  -8.8195197e-01    4.4103541e-01    2.3552848e+00
  -8.9042097e-01    4.2373586e-01    2.3554649e+00
  -8.9856023e-01    4.0627631e-01    2.3556319e+00
  -9.0635974e-01    3.8866676e-01    2.3557856e+00
  -9.1382950e-01    3.7091722e-01    2.3559265e+00
  -9.2095951e-01    3.5302768e-01    2.3560542e+00
  -9.2773979e-01    3.3499815e-01    2.3561683e+00
  -9.3418032e-01    3.1684862e-01    2.3562693e+00
  -9.4027111e-01    2.9857909e-01    2.3563568e+00
  -9.4601215e-01    2.8019957e-01    2.3564311e+00
  -9.5139345e-01    2.6170004e-01    2.3564915e+00
  -9.5640502e-01    2.4311052e-01    2.3565379e+00
  -9.6106683e-01    2.2442101e-01    2.3565711e+00
  -9.6535891e-01    2.0564149e-01    2.3565904e+00
  -9.6928125e-01    1.8679198e-01    2.3565958e+00
  -9.7283385e-01    1.6786247e-01    2.3565874e+00
  -9.7602669e-01    1.4886296e-01    2.3565655e+00
  -9.7885978e-01    1.2981345e-01    2.3565304e+00
  -9.8132313e-01    1.1071394e-01    2.3564816e+00
  -9.8341672e-01    9.1569437e-02    2.3564192e+00
  -9.8516055e-01    7.2387932e-02    2.3563439e+00
  -9.8652463e-01    5.3177428e-02    2.3562548e+00
  -9.8752895e-01    3.3943925e-02    2.3561526e+00
  -9.8816351e-01    1.4694422e-02    2.3560370e+00
  -9.8842832e-01   -4.5625804e-03    2.3559080e+00
  -9.8832336e-01   -2.3821583e-02    2.3557657e+00
  -9.8783865e-01   -4.3075086e-02    2.3556099e+00
  -9.8697418e-01   -6.2314589e-02    2.3554404e+00
  -9.8573994e-01   -8.1533093e-02    2.3552578e+00
  -9.8411595e-01   -1.0072060e-01    2.3550615e+00
  -9.8211219e-01   -1.1988010e-01    2.3548517e+00
  -9.7972867e-01   -1.3898961e-01    2.3546286e+00
  -9.7694539e-01   -1.5804912e-01    2.3543914e+00
  -9.7379233e-01   -1.7703863e-01    2.3541415e+00
  -9.7024951e-01   -1.9596814e-01    2.3538780e+00
  -9.6631692e-01   -2.1482765e-01    2.3536010e+00
  -9.6201455e-01   -2.3359717e-01    2.3533114e+00
  -9.5733240e-01   -2.5227668e-01    2.3530087e+00
  -9.5228047e-01   -2.7085620e-01    2.3526935e+00
  -9.4685874e-01   -2.8933573e-01    2.3523657e+00
  -9.4108722e-01   -3.0770525e-01    2.3520261e+00
  -9.3494590e-01   -3.2595478e-01    2.3516741e+00
  -9.2846477e-01   -3.4409431e-01    2.3513107e+00
  -9.2163383e-01   -3.6209385e-01    2.3509357e+00
  -9.1446308e-01   -3.7996339e-01    2.3505494e+00
  -9.0695252e-01   -3.9769293e-01    2.3501519e+00
  -8.9910213e-01   -4.1527247e-01    2.3497433e+00
  -8.9091192e-01   -4.3270202e-01    2.3493235e+00
  -8.8239189e-01   -4.4997158e-01    2.3488930e+00
  -8.7354202e-01   -4.6707114e-01    2.3484519e+00
  -8.6436232e-01   -4.8399070e-01    2.3480002e+00
  -8.5484280e-01   -5.0074027e-01    2.3475376e+00
  -8.4500343e-01   -5.1727984e-01    2.3470649e+00
  -8.3483422e-01   -5.3363942e-01    2.3465817e+00
  -8.2434517e-01   -5.4977900e-01    2.3460886e+00
  -8.1352627e-01   -5.6570859e-01    2.3455851e+00
  -8.0238752e-01   -5.8140818e-01    2.3450718e+00
  -7.9093892e-01   -5.9688778e-01    2.3445489e+00
  -7.7917046e-01   -6.1212739e-01    2.3440162e+00
  -7.6710212e-01   -6.2711700e-01    2.3434746e+00
  -7.5472393e-01   -6.4186662e-01    2.3429235e+00
  -7.4205586e-01   -6.5636625e-01    2.3423639e+00
  -7.2910790e-01   -6.7060588e-01    2.3417960e+00
  -7.1587006e-01   -6.8458552e-01    2.3412196e+00
  -7.0237233e-01   -6.9831516e-01    2.3406356e+00
  -6.8860470e-01   -7.1177482e-01    2.3400439e+00
  -6.7458716e-01   -7.2496448e-01    2.3394451e+00
  -6.6031972e-01   -7.3788414e-01    2.3388393e+00
  -6.4580236e-01   -7.5053382e-01    2.3382265e+00
  -6.3105508e-01   -7.6290350e-01    2.3376074e+00
  -6.1607788e-01   -7.7499318e-01    2.3369820e+00
  -6.0087075e-01   -7.8679288e-01    2.3363505e+00
  -5.8543370e-01   -7.9830258e-01    2.3357128e+00
  -5.6978670e-01   -8.0950229e-01    2.3350697e+00
  -5.5391976e-01   -8.2040201e-01    2.3344209e+00
  -5.3784288e-01   -8.3098174e-01    2.3337669e+00
  -5.2155606e-01   -8.4125147e-01    2.3331076e+00
  -5.0507927e-01   -8.5119122e-01    2.3324438e+00
  -4.8840253e-01   -8.6081097e-01    2.3317751e+00
  -4.7153582e-01   -8.7009073e-01    2.3311020e+00
  -4.5449913e-01   -8.7903050e-01    2.3304253e+00
  -4.3727248e-01   -8.8763028e-01    2.3297442e+00
  -4.1988584e-01   -8.9588006e-01    2.3290598e+00
  -4.0232923e-01   -9.0377986e-01    2.3283719e+00
  -3.8462261e-01   -9.1131966e-01    2.3276811e+00
  -3.6676600e-01   -9.1850948e-01    2.3269875e+00
  -3.4876939e-01   -9.2532930e-01    2.3262915e+00
  -3.3064277e-01   -9.3178914e-01    2.3255934e+00
  -3.1238614e-01   -9.3789898e-01    2.3248932e+00
  -2.9401949e-01   -9.4363883e-01    2.3241916e+00
  -2.7554282e-01   -9.4903869e-01    2.3234886e+00
  -2.5696612e-01   -9.5407856e-01    2.3227845e+00
  -2.3829939e-01   -9.5876844e-01    2.3220797e+00
  -2.1955262e-01   -9.6311833e-01    2.3213745e+00
  -2.0072581e-01   -9.6711822e-01    2.3206690e+00
  -1.8182897e-01   -9.7077813e-01    2.3199633e+00
  -1.6287207e-01   -9.7408804e-01    2.3192581e+00
  -1.4385511e-01   -9.7704797e-01    2.3185531e+00
  -1.2478811e-01   -9.7965790e-01    2.3178489e+00
  -1.0567104e-01   -9.8191784e-01    2.3171455e+00
  -8.6514900e-02   -9.8380779e-01    2.3164432e+00
  -6.7328686e-02   -9.8532775e-01    2.3157426e+00
  -4.8116396e-02   -9.8648772e-01    2.3150436e+00
  -2.8885020e-02   -9.8726770e-01    2.3143466e+00
  -9.6417533e-03   -9.8766769e-01    2.3136520e+00
   9.6055089e-03   -9.8768769e-01    2.3129599e+00
   2.8849674e-02   -9.8731770e-01    2.3122708e+00
   4.8082442e-02   -9.8657772e-01    2.3115847e+00
   6.7297319e-02   -9.8545775e-01    2.3109020e+00
   8.6486312e-02   -9.8395779e-01    2.3102230e+00
   1.0564242e-01   -9.8207784e-01    2.3095479e+00
   1.2476066e-01   -9.7982789e-01    2.3088768e+00
   1.4382901e-01   -9.7721796e-01    2.3082100e+00
   1.6284750e-01   -9.7422804e-01    2.3075479e+00
   1.8179612e-01   -9.7088813e-01    2.3068907e+00
   2.0068488e-01   -9.6717822e-01    2.3062383e+00
   2.1950378e-01   -9.6310833e-01    2.3055911e+00
   2.3823282e-01   -9.5867844e-01    2.3049497e+00
   2.5687202e-01   -9.5387856e-01    2.3043141e+00
   2.7542137e-01   -9.4871870e-01    2.3036844e+00
   2.9386089e-01   -9.4317884e-01    2.3030614e+00
   3.1218058e-01   -9.3727899e-01    2.3024452e+00
   3.3038045e-01   -9.3099916e-01    2.3018361e+00
   3.4845049e-01   -9.2436933e-01    2.3012342e+00
   3.6638072e-01   -9.1737951e-01    2.3006399e+00
   3.8418111e-01   -9.1003970e-01    2.3000528e+00
   4.0183170e-01   -9.0235990e-01    2.2994735e+00
   4.1934245e-01   -8.9435010e-01    2.2989016e+00
   4.3669340e-01   -8.8601032e-01    2.2983379e+00
   4.5389453e-01   -8.7736054e-01    2.2977817e+00
   4.7093583e-01   -8.6840077e-01    2.2972335e+00
   4.8780733e-01   -8.5912101e-01    2.2966937e+00
   5.0449902e-01   -8.4954126e-01    2.2961626e+00
   5.2101092e-01   -8.3964151e-01    2.2956402e+00
   5.3733301e-01   -8.2942178e-01    2.2951269e+00
   5.5344533e-01   -8.1888205e-01    2.2946235e+00
   5.6933787e-01   -8.0802233e-01    2.2941303e+00
   5.8501064e-01   -7.9683262e-01    2.2936474e+00
   6.0044364e-01   -7.8531292e-01    2.2931754e+00
   6.1562689e-01   -7.7348322e-01    2.2927147e+00
   6.3056039e-01   -7.6132354e-01    2.2922653e+00
   6.4523413e-01   -7.4886386e-01    2.2918274e+00
   6.5964812e-01   -7.3609419e-01    2.2914010e+00
   6.7380235e-01   -7.2304453e-01    2.2909860e+00
   6.8769681e-01   -7.0971487e-01    2.2905824e+00
   7.0133152e-01   -6.9611522e-01    2.2901901e+00
   7.1469647e-01   -6.8225558e-01    2.2898093e+00
   7.2780165e-01   -6.6813594e-01    2.2894397e+00
   7.4063707e-01   -6.5378631e-01    2.2890815e+00
   7.5319273e-01   -6.3918669e-01    2.2887351e+00
   7.6548862e-01   -6.2435707e-01    2.2883997e+00
   7.7749475e-01   -6.0930746e-01    2.2880764e+00
   7.8922112e-01   -5.9403786e-01    2.2877646e+00
   8.0065774e-01   -5.7853826e-01    2.2874650e+00
   8.1179460e-01   -5.6282866e-01    2.2871776e+00
   8.2263171e-01   -5.4690907e-01    2.2869025e+00
   8.3315908e-01   -5.3078949e-01    2.2866400e+00
   8.4336670e-01   -5.1445991e-01    2.2863904e+00
   8.5325459e-01   -4.9793034e-01    2.2861539e+00
   8.6280274e-01   -4.8120077e-01    2.2859309e+00
   8.7201116e-01   -4.6429121e-01    2.2857215e+00
   8.8087985e-01   -4.4719165e-01    2.2855256e+00
   8.8940880e-01   -4.2992210e-01    2.2853432e+00
   8.9757803e-01   -4.1248255e-01    2.2851750e+00
   9.0540752e-01   -3.9489300e-01    2.2850200e+00
   9.1287728e-01   -3.7714346e-01    2.2848791e+00
   9.2000730e-01   -3.5924392e-01    2.2847515e+00
   9.2679757e-01   -3.4122439e-01    2.2846370e+00
   9.3323810e-01   -3.2307485e-01    2.2845360e+00
   9.3932888e-01   -3.0480533e-01    2.2844484e+00
   9.4507992e-01   -2.8642580e-01    2.2843739e+00
   9.5049120e-01   -2.6793628e-01    2.2843123e+00
   9.5555273e-01   -2.4935676e-01    2.2842640e+00
   9.6025452e-01   -2.3067724e-01    2.2842293e+00
   9.6460655e-01   -2.1191773e-01    2.2842077e+00
   9.6859884e-01   -1.9307821e-01    2.2841997e+00
   9.7222139e-01   -1.7415870e-01    2.2842055e+00
   9.7548419e-01   -1.5517919e-01    2.2842247e+00
   9.7836724e-01   -1.3613968e-01    2.2842580e+00
   9.8088055e-01   -1.1704018e-01    2.2843050e+00
   9.8302411e-01   -9.7899670e-02    2.2843656e+00
   9.8478793e-01   -7.8721165e-02    2.2844401e+00
   9.8617200e-01   -5.9511661e-02    2.2845285e+00
   9.8718631e-01   -4.0279158e-02    2.2846303e+00
   9.8782088e-01   -2.1029655e-02    2.2847460e+00
   9.8808568e-01   -1.7725525e-03    2.2848749e+00
   9.8798072e-01    1.7486350e-02    2.2850172e+00
   9.8750600e-01    3.6739853e-02    2.2851727e+00
   9.8666152e-01    5.5980356e-02    2.2853415e+00
   9.8544727e-01    7.5200860e-02    2.2855233e+00
   9.8387325e-01    9.4394364e-02    2.2857179e+00
   9.8191946e-01    1.1355387e-01    2.2859260e+00
   9.7959590e-01    1.3267338e-01    2.2861470e+00
   9.7690256e-01    1.5174288e-01    2.2863809e+00
   9.7382946e-01    1.7075239e-01    2.2866281e+00
   9.7039657e-01    1.8970190e-01    2.2868878e+00
   9.6657392e-01    2.0858142e-01    2.2871610e+00
   9.6239148e-01    2.2737093e-01    2.2874465e+00
   9.5782926e-01    2.4608045e-01    2.2877450e+00
   9.5290725e-01    2.6469997e-01    2.2880559e+00
   9.4761545e-01    2.8321949e-01    2.2883793e+00
   9.4197385e-01    3.0162901e-01    2.2887145e+00
   9.3598245e-01    3.1992854e-01    2.2890615e+00
   9.2965124e-01    3.3811807e-01    2.2894199e+00
   9.2298021e-01    3.5617760e-01    2.2897896e+00
   9.1596938e-01    3.7411714e-01    2.2901706e+00
   9.0862872e-01    3.9191668e-01    2.2905625e+00
   9.0095823e-01    4.0957622e-01    2.2909652e+00
   8.9295793e-01    4.2709577e-01    2.2913788e+00
   8.8462779e-01    4.4445532e-01    2.2918031e+00
   8.7595783e-01    4.6164488e-01    2.2922384e+00
   8.6695804e-01    4.7866444e-01    2.2926843e+00
   8.5760843e-01    4.9550401e-01    2.2931415e+00
   8.4793898e-01    5.1214358e-01    2.2936088e+00
   8.3791970e-01    5.2859315e-01    2.2940873e+00
   8.2757058e-01    5.4483273e-01    2.2945761e+00
   8.1690161e-01    5.6085232e-01    2.2950748e+00
   8.0590280e-01    5.7665191e-01    2.2955839e+00
   7.9458414e-01    5.9223151e-01    2.2961028e+00
   7.8294562e-01    6.0757111e-01    2.2966315e+00
   7.7100723e-01    6.2267072e-01    2.2971693e+00
   7.5877897e-01    6.3753034e-01    2.2977157e+00
   7.4624084e-01    6.5214996e-01    2.2982716e+00
   7.3342283e-01    6.6650959e-01    2.2988356e+00
   7.2031494e-01    6.8060923e-01    2.2994082e+00
   7.0692717e-01    6.9444887e-01    2.2999890e+00
   6.9327949e-01    7.0801852e-01    2.3005772e+00
   6.7935192e-01    7.2130817e-01    2.3011735e+00
   6.6516444e-01    7.3431784e-01    2.3017771e+00
   6.5071706e-01    7.4704751e-01    2.3023880e+00
   6.3601977e-01    7.5947719e-01    2.3030057e+00
   6.2107256e-01    7.7160688e-01    2.3036303e+00
   6.0589542e-01    7.8343657e-01    2.3042609e+00
   5.9047835e-01    7.9496627e-01    2.3048981e+00
   5.7483136e-01    8.0618598e-01    2.3055413e+00
   5.5897442e-01    8.1708570e-01    2.3061897e+00
   5.4289754e-01    8.2768543e-01    2.3068439e+00
   5.2662071e-01    8.3795516e-01    2.3075028e+00
   5.1015392e-01    8.4791490e-01    2.3081664e+00
   4.9348717e-01    8.5754466e-01    2.3088348e+00
   4.7664046e-01    8.6685442e-01    2.3095074e+00
   4.5961378e-01    8.7583418e-01    2.3101841e+00
   4.4240712e-01    8.8446396e-01    2.3108647e+00
   4.2503049e-01    8.9275375e-01    2.3115490e+00
   4.0749386e-01    9.0068354e-01    2.3122364e+00
   3.8980725e-01    9.0825335e-01    2.3129266e+00
   3.7195064e-01    9.1546316e-01    2.3136204e+00
   3.5396403e-01    9.2229298e-01    2.3143161e+00
   3.3582741e-01    9.2874282e-01    2.3150145e+00
   3.1756077e-01    9.3481266e-01    2.3157148e+00
   2.9917412e-01    9.4050251e-01    2.3164167e+00
   2.8067744e-01    9.4581238e-01    2.3171198e+00
   2.6207073e-01    9.5074225e-01    2.3178242e+00
   2.4337399e-01    9.5529213e-01    2.3185290e+00
   2.2457721e-01    9.5947202e-01    2.3192348e+00
   2.0571038e-01    9.6327193e-01    2.3199404e+00
   1.8677349e-01    9.6669184e-01    2.3206457e+00
   1.6776656e-01    9.6973176e-01    2.3213508e+00
   1.4869956e-01    9.7238169e-01    2.3220553e+00
   1.2959248e-01    9.7464163e-01    2.3227585e+00
   1.1043534e-01    9.7651158e-01    2.3234606e+00
   9.1244116e-02    9.7798155e-01    2.3241611e+00
   7.2026806e-02    9.7905152e-01    2.3248596e+00
   5.2790402e-02    9.7971150e-01    2.3255559e+00
   3.3544901e-02    9.7997149e-01    2.3262496e+00
   1.4298297e-02    9.7983150e-01    2.3269405e+00
  -4.9417148e-03    9.7929151e-01    2.3276282e+00
  -2.4167236e-02    9.7836154e-01    2.3283127e+00
  -4.3370171e-02    9.7705157e-01    2.3289936e+00
  -6.2543223e-02    9.7536161e-01    2.3296707e+00
  -8.1680393e-02    9.7330167e-01    2.3303438e+00
  -1.0077968e-01    9.7087173e-01    2.3310129e+00
  -1.1981811e-01    9.6807180e-01    2.3316772e+00
  -1.3880666e-01    9.6491188e-01    2.3323371e+00
  -1.5772535e-01    9.6139197e-01    2.3329919e+00
  -1.7658417e-01    9.5750207e-01    2.3336419e+00
  -1.9535315e-01    9.5325218e-01    2.3342860e+00
  -2.1404227e-01    9.4863230e-01    2.3349246e+00
  -2.3263155e-01    9.4365243e-01    2.3355571e+00
  -2.5113098e-01    9.3830257e-01    2.3361837e+00
  -2.6951058e-01    9.3259272e-01    2.3368033e+00
  -2.8778035e-01    9.2652287e-01    2.3374164e+00
  -3.0593028e-01    9.2010304e-01    2.3380227e+00
  -3.2395040e-01    9.1332322e-01    2.3386218e+00
  -3.4183069e-01    9.0620340e-01    2.3392134e+00
  -3.5957116e-01    8.9873359e-01    2.3397974e+00
  -3.7717180e-01    8.9092379e-01    2.3403739e+00
  -3.9461264e-01    8.8277400e-01    2.3409423e+00
  -4.1188368e-01    8.7427422e-01    2.3415021e+00
  -4.2899491e-01    8.6544445e-01    2.3420537e+00
  -4.4592634e-01    8.5628469e-01    2.3425965e+00
  -4.6266798e-01    8.4678493e-01    2.3431300e+00
  -4.7921983e-01    8.3695519e-01    2.3436543e+00
  -4.9558189e-01    8.2679545e-01    2.3441695e+00
  -5.1173416e-01    8.1632572e-01    2.3446748e+00
  -5.2768664e-01    8.0554600e-01    2.3451708e+00
  -5.4342933e-01    7.9445629e-01    2.3456569e+00
  -5.5895225e-01    7.8307658e-01    2.3461331e+00
  -5.7427536e-01    7.7140688e-01    2.3466001e+00
  -5.8936870e-01    7.5945719e-01    2.3470567e+00
  -6.0424225e-01    7.4722750e-01    2.3475035e+00
  -6.1889601e-01    7.3473783e-01    2.3479404e+00
  -6.3331999e-01    7.2197816e-01    2.3483672e+00
  -6.4751419e-01    7.0896849e-01    2.3487839e+00
  -6.6146860e-01    6.9569884e-01    2.3491901e+00
  -6.7517324e-01    6.8217918e-01    2.3495855e+00
  -6.8862811e-01    6.6839954e-01    2.3499701e+00
  -7.0183320e-01    6.5437990e-01    2.3503440e+00
  -7.1476853e-01    6.4012027e-01    2.3507065e+00
  -7.2743410e-01    6.2561065e-01    2.3510574e+00
  -7.3981991e-01    6.1087103e-01    2.3513967e+00
  -7.5192595e-01    5.9590141e-01    2.3517242e+00
  -7.6375224e-01    5.8069181e-01    2.3520400e+00
  -7.7527878e-01    5.6527220e-01    2.3523435e+00
  -7.8650557e-01    5.4962261e-01    2.3526345e+00
  -7.9742262e-01    5.3376302e-01    2.3529129e+00
  -8.0802992e-01    5.1768343e-01    2.3531786e+00
  -8.1831748e-01    5.0140385e-01    2.3534314e+00
  -8.2827531e-01    4.8492428e-01    2.3536708e+00
  -8.3789341e-01    4.6823471e-01    2.3538966e+00
  -8.4718177e-01    4.5136515e-01    2.3541092e+00
  -8.5612040e-01    4.3430559e-01    2.3543078e+00
  -8.6469931e-01    4.1706603e-01    2.3544922e+00
  -8.7291850e-01    3.9964648e-01    2.3546624e+00
  -8.8078796e-01    3.8206694e-01    2.3548189e+00
  -8.8828770e-01    3.6432739e-01    2.3549609e+00
  -8.9541772e-01    3.4643786e-01    2.3550886e+00
  -9.0219799e-01    3.2840832e-01    2.3552027e+00
  -9.0859855e-01    3.1024879e-01    2.3553022e+00
  -9.1464937e-01    2.9195926e-01    2.3553882e+00
  -9.2034045e-01    2.7355974e-01    2.3554604e+00
  -9.2567178e-01    2.5506021e-01    2.3555191e+00
  -9.3064338e-01    2.3645070e-01    2.3555639e+00
  -9.3526522e-01    2.1775118e-01    2.3555956e+00
  -9.3953732e-01    1.9897166e-01    2.3556141e+00
  -9.4344966e-01    1.8011215e-01    2.3556192e+00
  -9.4700226e-01    1.6118264e-01    2.3556107e+00
  -9.5019510e-01    1.4219313e-01    2.3555890e+00
  -9.5301820e-01    1.2314362e-01    2.3555535e+00
  -9.5548154e-01    1.0403412e-01    2.3555046e+00
  -9.5755515e-01    8.4891609e-02    2.3554415e+00
  -9.5925901e-01    6.5707105e-02    2.3553648e+00
  -9.6057312e-01    4.6492601e-02    2.3552738e+00
  -9.6149749e-01    2.7255098e-02    2.3551687e+00
  -9.6202213e-01    8.0028951e-03    2.3550491e+00
  -9.6215702e-01   -1.1255908e-02    2.3549155e+00
  -9.6189216e-01   -3.0513410e-02    2.3547675e+00
  -9.6123756e-01   -4.9760913e-02    2.3546055e+00
  -9.6018321e-01   -6.8991417e-02    2.3544293e+00
  -9.5873910e-01   -8.8195921e-02    2.3542393e+00
  -9.5690524e-01   -1.0737043e-01    2.3540355e+00
  -9.5468162e-01   -1.2649993e-01    2.3538180e+00
  -9.5207823e-01   -1.4557944e-01    2.3535872e+00
  -9.4907509e-01   -1.6459895e-01    2.3533424e+00
  -9.4570216e-01   -1.8355846e-01    2.3530848e+00
  -9.4193947e-01   -2.0244797e-01    2.3528137e+00
  -9.3779701e-01   -2.2125748e-01    2.3525295e+00
  -9.3326477e-01   -2.3997700e-01    2.3522320e+00
  -9.2836275e-01   -2.5859652e-01    2.3519219e+00
  -9.2308095e-01   -2.7711604e-01    2.3515988e+00
  -9.1741936e-01   -2.9551557e-01    2.3512630e+00
  -9.1138798e-01   -3.1380509e-01    2.3509146e+00
  -9.0497681e-01   -3.3196463e-01    2.3505536e+00
  -8.9820584e-01   -3.4998416e-01    2.3501806e+00
  -8.9106507e-01   -3.6787370e-01    2.3497952e+00
  -8.8356450e-01   -3.8561324e-01    2.3493980e+00
  -8.7571411e-01   -4.0319279e-01    2.3489894e+00
  -8.6751391e-01   -4.2061234e-01    2.3485693e+00
  -8.5896389e-01   -4.3786189e-01    2.3481379e+00
  -8.5007405e-01   -4.5495145e-01    2.3476954e+00
  -8.4085437e-01   -4.7185101e-01    2.3472425e+00
  -8.3129486e-01   -4.8856058e-01    2.3467786e+00
  -8.2141551e-01   -5.0508015e-01    2.3463047e+00
  -8.1119633e-01   -5.2140973e-01    2.3458199e+00
  -8.0065730e-01   -5.3751932e-01    2.3453252e+00
  -7.8979842e-01   -5.5341891e-01    2.3448205e+00
  -7.7861969e-01   -5.6908850e-01    2.3443059e+00
  -7.6712111e-01   -5.8452810e-01    2.3437815e+00
  -7.5531267e-01   -5.9973771e-01    2.3432477e+00
  -7.4318436e-01   -6.1469732e-01    2.3427041e+00
  -7.3075619e-01   -6.2939694e-01    2.3421516e+00
  -7.1802814e-01   -6.4383657e-01    2.3415902e+00
  -7.0501022e-01   -6.5801621e-01    2.3410202e+00
  -6.9169241e-01   -6.7192585e-01    2.3404415e+00
  -6.7810471e-01   -6.8555549e-01    2.3398550e+00
  -6.6423712e-01   -6.9890515e-01    2.3392605e+00
  -6.5009962e-01   -7.1197481e-01    2.3386582e+00
  -6.3569223e-01   -7.2474448e-01    2.3380485e+00
  -6.2103492e-01   -7.3722416e-01    2.3374318e+00
  -6.0613769e-01   -7.4940385e-01    2.3368087e+00
  -5.9099055e-01   -7.6129354e-01    2.3361787e+00
  -5.7560348e-01   -7.7286324e-01    2.3355423e+00
  -5.5999647e-01   -7.8412295e-01    2.3349003e+00
  -5.4416952e-01   -7.9508267e-01    2.3342525e+00
  -5.2812263e-01   -8.0571239e-01    2.3335992e+00
  -5.1186580e-01   -8.1602212e-01    2.3329407e+00
  -4.9540901e-01   -8.2600187e-01    2.3322773e+00
  -4.7876225e-01   -8.3566162e-01    2.3316094e+00
  -4.6191554e-01   -8.4497138e-01    2.3309368e+00
  -4.4488886e-01   -8.5396115e-01    2.3302601e+00
  -4.2769220e-01   -8.6260092e-01    2.3295798e+00
  -4.1032556e-01   -8.7089071e-01    2.3288958e+00
  -3.9279894e-01   -8.7884050e-01    2.3282086e+00
  -3.7511233e-01   -8.8645031e-01    2.3275181e+00
  -3.5728571e-01   -8.9369012e-01    2.3268252e+00
  -3.3930911e-01   -9.0058994e-01    2.3261293e+00
  -3.2121249e-01   -9.0711977e-01    2.3254318e+00
  -3.0297586e-01   -9.1328961e-01    2.3247318e+00
  -2.8462921e-01   -9.1909946e-01    2.3240305e+00
  -2.6616254e-01   -9.2453932e-01    2.3233276e+00
  -2.4759585e-01   -9.2960919e-01    2.3226236e+00
  -2.2892912e-01   -9.3429907e-01    2.3219189e+00
  -2.1018234e-01   -9.3861896e-01    2.3212139e+00
  -1.9133554e-01   -9.4256886e-01    2.3205080e+00
  -1.7242867e-01   -9.4613876e-01    2.3198026e+00
  -1.5345175e-01   -9.4932868e-01    2.3190975e+00
  -1.3440479e-01   -9.5214861e-01    2.3183925e+00
  -1.1531775e-01   -9.5458855e-01    2.3176888e+00
  -9.6181642e-02   -9.5665849e-01    2.3169860e+00
  -7.7009465e-02   -9.5835845e-01    2.3162845e+00
  -5.7808212e-02   -9.5968841e-01    2.3155847e+00
  -3.8583875e-02   -9.6063839e-01    2.3148868e+00
  -1.9345449e-02   -9.6120838e-01    2.3141911e+00
  -9.9332916e-05   -9.6140837e-01    2.3134978e+00
   1.9147678e-02   -9.6123837e-01    2.3128071e+00
   3.8386396e-02   -9.6067839e-01    2.3121195e+00
   5.7611221e-02   -9.5973841e-01    2.3114352e+00
   7.6814158e-02   -9.5841845e-01    2.3107543e+00
   9.5986213e-02   -9.5671849e-01    2.3100774e+00
   1.1512339e-01   -9.5462855e-01    2.3094044e+00
   1.3421170e-01   -9.5214861e-01    2.3087361e+00
   1.5324015e-01   -9.4928868e-01    2.3080726e+00
   1.7221873e-01   -9.4603877e-01    2.3074137e+00
   1.9111746e-01   -9.4239886e-01    2.3067605e+00
   2.0994634e-01   -9.3838896e-01    2.3061124e+00
   2.2868537e-01   -9.3398908e-01    2.3054704e+00
   2.4733456e-01   -9.2920920e-01    2.3048344e+00
   2.6587391e-01   -9.2405933e-01    2.3042050e+00
   2.8431343e-01   -9.1853948e-01    2.3035818e+00
   3.0264311e-01   -9.1264963e-01    2.3029652e+00
   3.2085296e-01   -9.0638979e-01    2.3023556e+00
   3.3893299e-01   -8.9977996e-01    2.3017532e+00
   3.5687320e-01   -8.9282014e-01    2.3011583e+00
   3.7468359e-01   -8.8551033e-01    2.3005706e+00
   3.9235415e-01   -8.7786053e-01    2.2999904e+00
   4.0986490e-01   -8.6987073e-01    2.2994184e+00
   4.2722584e-01   -8.6154095e-01    2.2988542e+00
   4.4441697e-01   -8.5288117e-01    2.2982984e+00
   4.6144829e-01   -8.4389141e-01    2.2977508e+00
   4.7828982e-01   -8.3458165e-01    2.2972124e+00
   4.9495155e-01   -8.2493189e-01    2.2966828e+00
   5.1142349e-01   -8.1496215e-01    2.2961623e+00
   5.2768564e-01   -8.0466242e-01    2.2956518e+00
   5.4373802e-01   -7.9402269e-01    2.2951513e+00
   5.5957063e-01   -7.8306298e-01    2.2946609e+00
   5.7516347e-01   -7.7177327e-01    2.2941816e+00
   5.9051656e-01   -7.6015357e-01    2.2937132e+00
   6.0561988e-01   -7.4821388e-01    2.2932561e+00
   6.2047345e-01   -7.3596419e-01    2.2928102e+00
   6.3505728e-01   -7.2338452e-01    2.2923764e+00
   6.4937136e-01   -7.1051485e-01    2.2919544e+00
   6.6341570e-01   -6.9733519e-01    2.2915443e+00
   6.7718028e-01   -6.8387554e-01    2.2911463e+00
   6.9067512e-01   -6.7013589e-01    2.2907600e+00
   7.0388021e-01   -6.5612625e-01    2.2903860e+00
   7.1681554e-01   -6.4185662e-01    2.2900236e+00
   7.2946112e-01   -6.2733700e-01    2.2896735e+00
   7.4181695e-01   -6.1256738e-01    2.2893355e+00
   7.5389303e-01   -5.9755777e-01    2.2890093e+00
   7.6566936e-01   -5.8232816e-01    2.2886955e+00
   7.7714594e-01   -5.6686856e-01    2.2883941e+00
   7.8832277e-01   -5.5117896e-01    2.2881051e+00
   7.9918986e-01   -5.3527937e-01    2.2878288e+00
   8.0973721e-01   -5.1916979e-01    2.2875655e+00
   8.1996482e-01   -5.0285021e-01    2.2873152e+00
   8.2986269e-01   -4.8633064e-01    2.2870782e+00
   8.3942084e-01   -4.6961107e-01    2.2868548e+00
   8.4863925e-01   -4.5270151e-01    2.2866450e+00
   8.5750794e-01   -4.3561195e-01    2.2864491e+00
   8.6602690e-01   -4.1834239e-01    2.2862671e+00
   8.7419613e-01   -4.0089285e-01    2.2860989e+00
   8.8200563e-01   -3.8329330e-01    2.2859447e+00
   8.8946540e-01   -3.6553376e-01    2.2858042e+00
   8.9655545e-01   -3.4763422e-01    2.2856781e+00
   9.0329576e-01   -3.2958469e-01    2.2855656e+00
   9.0967633e-01   -3.1141516e-01    2.2854669e+00
   9.1570716e-01   -2.9312563e-01    2.2853816e+00
   9.2136826e-01   -2.7471610e-01    2.2853105e+00
   9.2666962e-01   -2.5619658e-01    2.2852531e+00
   9.3161123e-01   -2.3758706e-01    2.2852093e+00
   9.3617312e-01   -2.1887755e-01    2.2851798e+00
   9.4037526e-01   -2.0007803e-01    2.2851640e+00
   9.4420766e-01   -1.8120852e-01    2.2851619e+00
   9.4766033e-01   -1.6225901e-01    2.2851740e+00
   9.5074325e-01   -1.4323950e-01    2.2852000e+00
   9.5343644e-01   -1.2416999e-01    2.2852403e+00
   9.5574988e-01   -1.0505049e-01    2.2852946e+00
   9.5768358e-01   -8.5891980e-02    2.2853629e+00
   9.5923754e-01   -6.6694476e-02    2.2854451e+00
   9.6040176e-01   -4.7470972e-02    2.2855415e+00
   9.6118622e-01   -2.8227469e-02    2.2856517e+00
   9.6158094e-01   -8.9717665e-03    2.2857760e+00
   9.6158591e-01    1.0287536e-02    2.2859143e+00
   9.6121113e-01    2.9543039e-02    2.2860662e+00
   9.6045659e-01    4.8786542e-02    2.2862318e+00
   9.5931229e-01    6.8012045e-02    2.2864111e+00
   9.5777825e-01    8.7209550e-02    2.2866043e+00
   9.5585444e-01    1.0637405e-01    2.2868113e+00
   9.5356086e-01    1.2549356e-01    2.2870313e+00
   9.5087752e-01    1.4456307e-01    2.2872649e+00
   9.4782441e-01    1.6358258e-01    2.2875114e+00
   9.4438152e-01    1.8252209e-01    2.2877714e+00
   9.4056886e-01    2.0140160e-01    2.2880442e+00
   9.3638642e-01    2.2020112e-01    2.2883298e+00
   9.3183420e-01    2.3891063e-01    2.2886280e+00
   9.2691219e-01    2.5753015e-01    2.2889388e+00
   9.2162039e-01    2.7604967e-01    2.2892622e+00
   9.1595880e-01    2.9444920e-01    2.2895981e+00
   9.0993741e-01    3.1273873e-01    2.2899460e+00
   9.0354624e-01    3.3090826e-01    2.2903065e+00
   8.9679526e-01    3.4893779e-01    2.2906788e+00
   8.8967448e-01    3.6683733e-01    2.2910635e+00
   8.8219390e-01    3.8457687e-01    2.2914600e+00
   8.7435350e-01    4.0216642e-01    2.2918683e+00
   8.6616329e-01    4.1958597e-01    2.2922880e+00
   8.5760328e-01    4.3683552e-01    2.2927198e+00
   8.4869345e-01    4.5390508e-01    2.2931629e+00
   8.3943379e-01    4.7078464e-01    2.2936171e+00
   8.2983430e-01    4.8747421e-01    2.2940822e+00
   8.1988499e-01    5.0396379e-01    2.2945585e+00
   8.0960583e-01    5.2024337e-01    2.2950451e+00
   7.9899684e-01    5.3631295e-01    2.2955420e+00
   7.8806799e-01    5.5216254e-01    2.2960489e+00
   7.7683928e-01    5.6779214e-01    2.2965649e+00
   7.6529072e-01    5.8320174e-01    2.2970909e+00
   7.5345230e-01    5.9839135e-01    2.2976257e+00
   7.4132399e-01    6.1334096e-01    2.2981692e+00
   7.2890581e-01    6.2805058e-01    2.2987214e+00
   7.1620775e-01    6.4251021e-01    2.2992819e+00
   7.0321982e-01    6.5672984e-01    2.2998511e+00
   6.8995199e-01    6.7067948e-01    2.3004283e+00
   6.7640427e-01    6.8434913e-01    2.3010137e+00
   6.6257666e-01    6.9773878e-01    2.3016070e+00
   6.4845917e-01    7.1083844e-01    2.3022087e+00
   6.3407176e-01    7.2362811e-01    2.3028179e+00
   6.1940446e-01    7.3609779e-01    2.3034349e+00
   6.0447724e-01    7.4823748e-01    2.3040588e+00
   5.8928011e-01    7.6005717e-01    2.3046901e+00
   5.7382306e-01    7.7153688e-01    2.3053283e+00
   5.5812608e-01    7.8267659e-01    2.3059727e+00
   5.4219916e-01    7.9348631e-01    2.3066230e+00
   5.2604230e-01    8.0394604e-01    2.3072791e+00
   5.0967549e-01    8.1407578e-01    2.3079403e+00
   4.9309872e-01    8.2385553e-01    2.3086065e+00
   4.7632200e-01    8.3329528e-01    2.3092775e+00
   4.5936530e-01    8.4239505e-01    2.3099525e+00
   4.4221864e-01    8.5114482e-01    2.3106318e+00
   4.2490199e-01    8.5954460e-01    2.3113148e+00
   4.0741536e-01    8.6758440e-01    2.3120012e+00
   3.8976875e-01    8.7526420e-01    2.3126908e+00
   3.7196214e-01    8.8258401e-01    2.3133836e+00
   3.5401553e-01    8.8953383e-01    2.3140787e+00
   3.3592891e-01    8.9612366e-01    2.3147763e+00
   3.1771228e-01    9.0232350e-01    2.3154757e+00
   2.9936564e-01    9.0815335e-01    2.3161772e+00
   2.8090897e-01    9.1359321e-01    2.3168798e+00
   2.6233227e-01    9.1865308e-01    2.3175840e+00
   2.4366554e-01    9.2332296e-01    2.3182886e+00
   2.2489877e-01    9.2760285e-01    2.3189940e+00
   2.0604195e-01    9.3148275e-01    2.3196998e+00
   1.8711507e-01    9.3496266e-01    2.3204053e+00
   1.6811814e-01    9.3804258e-01    2.3211103e+00
   1.4906114e-01    9.4072251e-01    2.3218147e+00
   1.2994408e-01    9.4299245e-01    2.3225182e+00
   1.1078694e-01    9.4486240e-01    2.3232203e+00
   9.1598713e-02    9.4634236e-01    2.3239208e+00
   7.2382402e-02    9.4741234e-01    2.3246193e+00
   5.3147005e-02    9.4810232e-01    2.3253157e+00
   3.3902511e-02    9.4839231e-01    2.3260096e+00
   1.4654921e-02    9.4830231e-01    2.3267009e+00
  -4.5864745e-03    9.4782232e-01    2.3273892e+00
  -2.3814576e-02    9.4696235e-01    2.3280742e+00
  -4.3021493e-02    9.4571238e-01    2.3287557e+00
  -6.2200525e-02    9.4408242e-01    2.3294334e+00
  -8.1342682e-02    9.4206247e-01    2.3301070e+00
  -1.0043797e-01    9.3966254e-01    2.3307762e+00
  -1.1948638e-01    9.3688261e-01    2.3314410e+00
  -1.3847494e-01    9.3371269e-01    2.3321008e+00
  -1.5739363e-01    9.3017278e-01    2.3327555e+00
  -1.7623248e-01    9.2624288e-01    2.3334044e+00
  -1.9500146e-01    9.2194299e-01    2.3340482e+00
  -2.1367061e-01    9.1726311e-01    2.3346857e+00
  -2.3224991e-01    9.1222324e-01    2.3353174e+00
  -2.5071938e-01    9.0681338e-01    2.3359424e+00
  -2.6908901e-01    9.0104353e-01    2.3365613e+00
  -2.8733880e-01    8.9491369e-01    2.3371733e+00
  -3.0545877e-01    8.8842386e-01    2.3377780e+00
  -3.2344892e-01    8.8158404e-01    2.3383755e+00
  -3.4130924e-01    8.7438422e-01    2.3389658e+00
  -3.5901975e-01    8.6684442e-01    2.3395482e+00
  -3.7657045e-01    8.5894462e-01    2.3401223e+00
  -3.9397134e-01    8.5070483e-01    2.3406886e+00
  -4.1120243e-01    8.4211505e-01    2.3412463e+00
  -4.2826372e-01    8.3318529e-01    2.3417954e+00
  -4.4513521e-01    8.2392552e-01    2.3423353e+00
  -4.6183690e-01    8.1433577e-01    2.3428668e+00
  -4.7833880e-01    8.0442603e-01    2.3433887e+00
  -4.9465091e-01    7.9419629e-01    2.3439016e+00
  -5.1075323e-01    7.8365656e-01    2.3444046e+00
  -5.2666576e-01    7.7279684e-01    2.3448986e+00
  -5.4234851e-01    7.6164713e-01    2.3453822e+00
  -5.5782148e-01    7.5017743e-01    2.3458559e+00
  -5.7306467e-01    7.3841773e-01    2.3463193e+00
  -5.8806810e-01    7.2634804e-01    2.3467719e+00
  -6.0282176e-01    7.1397836e-01    2.3472133e+00
  -6.1732566e-01    7.0131869e-01    2.3476436e+00
  -6.3156981e-01    6.8834903e-01    2.3480624e+00
  -6.4553422e-01    6.7508937e-01    2.3484691e+00
  -6.5921888e-01    6.6154972e-01    2.3488636e+00
  -6.7262379e-01    6.4773007e-01    2.3492462e+00
  -6.8574895e-01    6.3364044e-01    2.3496167e+00
  -6.9858437e-01    6.1928081e-01    2.3499748e+00
  -7.1114003e-01    6.0468119e-01    2.3503212e+00
  -7.2339595e-01    5.8983157e-01    2.3506550e+00
  -7.3536212e-01    5.7474196e-01    2.3509766e+00
  -7.4703854e-01    5.5942235e-01    2.3512862e+00
  -7.5840521e-01    5.4388276e-01    2.3515831e+00
  -7.6947213e-01    5.2812316e-01    2.3518676e+00
  -7.8021932e-01    5.1214358e-01    2.3521390e+00
  -7.9063677e-01    4.9594399e-01    2.3523970e+00
  -8.0073449e-01    4.7954442e-01    2.3526421e+00
  -8.1049247e-01    4.6294485e-01    2.3528735e+00
  -8.1990074e-01    4.4613528e-01    2.3530908e+00
  -8.2895928e-01    4.2914572e-01    2.3532943e+00
  -8.3765810e-01    4.1195616e-01    2.3534834e+00
  -8.4600719e-01    3.9460661e-01    2.3536588e+00
  -8.5399655e-01    3.7708706e-01    2.3538200e+00
  -8.6163619e-01    3.5939752e-01    2.3539674e+00
  -8.6891609e-01    3.4156798e-01    2.3541009e+00
  -8.7583627e-01    3.2359844e-01    2.3542204e+00
  -8.8239671e-01    3.0548891e-01    2.3543260e+00
  -8.8859741e-01    2.8725938e-01    2.3544178e+00
  -8.9443838e-01    2.6889986e-01    2.3544958e+00
  -8.9990962e-01    2.5044033e-01    2.3545597e+00
  -9.0500113e-01    2.3186081e-01    2.3546091e+00
  -9.0971291e-01    2.1319130e-01    2.3546443e+00
  -9.1403496e-01    1.9442178e-01    2.3546647e+00
  -9.1796730e-01    1.7556227e-01    2.3546704e+00
  -9.2149991e-01    1.5663276e-01    2.3546612e+00
  -9.2464278e-01    1.3763325e-01    2.3546376e+00
  -9.2738594e-01    1.1857374e-01    2.3545991e+00
  -9.2973936e-01    9.9452233e-02    2.3545462e+00
  -9.3168305e-01    8.0292728e-02    2.3544783e+00
  -9.3324700e-01    6.1096224e-02    2.3543965e+00
  -9.3441121e-01    4.1871720e-02    2.3543001e+00
  -9.3519568e-01    2.2628217e-02    2.3541899e+00
  -9.3558041e-01    3.3729147e-03    2.3540653e+00
  -9.3558538e-01   -1.5886788e-02    2.3539269e+00
  -9.3519061e-01   -3.5141291e-02    2.3537743e+00
  -9.3439609e-01   -5.4383794e-02    2.3536073e+00
  -9.3321182e-01   -7.3606297e-02    2.3534265e+00
  -9.3161781e-01   -9.2799802e-02    2.3532312e+00
  -9.2963404e-01   -1.1195031e-01    2.3530222e+00
  -9.2724052e-01   -1.3105981e-01    2.3527987e+00
  -9.2444725e-01   -1.5011932e-01    2.3525612e+00
  -9.2125422e-01   -1.6910883e-01    2.3523099e+00
  -9.1766143e-01   -1.8802834e-01    2.3520447e+00
  -9.1368887e-01   -2.0687786e-01    2.3517663e+00
  -9.0931653e-01   -2.2562737e-01    2.3514743e+00
  -9.0456442e-01   -2.4428689e-01    2.3511693e+00
  -8.9942254e-01   -2.6284641e-01    2.3508509e+00
  -8.9391087e-01   -2.8129593e-01    2.3505201e+00
  -8.8801941e-01   -2.9963546e-01    2.3501765e+00
  -8.8175816e-01   -3.1784499e-01    2.3498204e+00
  -8.7511712e-01   -3.3591452e-01    2.3494517e+00
  -8.6810628e-01   -3.5385406e-01    2.3490707e+00
  -8.6072564e-01   -3.7163360e-01    2.3486775e+00
  -8.5297520e-01   -3.8926315e-01    2.3482721e+00
  -8.4485496e-01   -4.0672269e-01    2.3478546e+00
  -8.3636491e-01   -4.2400225e-01    2.3474252e+00
  -8.2752504e-01   -4.4111181e-01    2.3469843e+00
  -8.1832535e-01   -4.5802137e-01    2.3465320e+00
  -8.0877584e-01   -4.7474094e-01    2.3460685e+00
  -7.9887650e-01   -4.9126051e-01    2.3455938e+00
  -7.8864732e-01   -5.0757009e-01    2.3451088e+00
  -7.7807831e-01   -5.2366967e-01    2.3446131e+00
  -7.6718944e-01   -5.3953926e-01    2.3441075e+00
  -7.5597073e-01   -5.5518886e-01    2.3435917e+00
  -7.4443217e-01   -5.7059846e-01    2.3430661e+00
  -7.3257374e-01   -5.8576807e-01    2.3425307e+00
  -7.2039546e-01   -6.0067769e-01    2.3419857e+00
  -7.0790731e-01   -6.1532731e-01    2.3414314e+00
  -6.9510930e-01   -6.2970694e-01    2.3408679e+00
  -6.8200141e-01   -6.4381657e-01    2.3402952e+00
  -6.6859364e-01   -6.5762622e-01    2.3397139e+00
  -6.5489598e-01   -6.7115587e-01    2.3391242e+00
  -6.4091843e-01   -6.8438552e-01    2.3385266e+00
  -6.2665098e-01   -6.9731519e-01    2.3379207e+00
  -6.1212363e-01   -7.0994486e-01    2.3373076e+00
  -5.9733637e-01   -7.2226455e-01    2.3366875e+00
  -5.8229918e-01   -7.3428424e-01    2.3360605e+00
  -5.6702208e-01   -7.4599393e-01    2.3354271e+00
  -5.5151504e-01   -7.5739364e-01    2.3347876e+00
  -5.3577807e-01   -7.6848335e-01    2.3341421e+00
  -5.1982116e-01   -7.7925307e-01    2.3334911e+00
  -5.0366430e-01   -7.8971280e-01    2.3328350e+00
  -4.8729749e-01   -7.9984254e-01    2.3321738e+00
  -4.7073072e-01   -8.0964229e-01    2.3315078e+00
  -4.5397399e-01   -8.1910205e-01    2.3308374e+00
  -4.3701730e-01   -8.2823181e-01    2.3301621e+00
  -4.1989063e-01   -8.3700158e-01    2.3294834e+00
  -4.0257399e-01   -8.4541137e-01    2.3288004e+00
  -3.8509736e-01   -8.5346116e-01    2.3281143e+00
  -3.6744075e-01   -8.6114096e-01    2.3274243e+00
  -3.4964413e-01   -8.6845077e-01    2.3267320e+00
  -3.3168752e-01   -8.7538059e-01    2.3260366e+00
  -3.1359090e-01   -8.8194042e-01    2.3253389e+00
  -2.9535428e-01   -8.8811026e-01    2.3246389e+00
  -2.7699763e-01   -8.9389011e-01    2.3239375e+00
  -2.5852096e-01   -8.9928997e-01    2.3232344e+00
  -2.3994425e-01   -9.0430984e-01    2.3225305e+00
  -2.2126752e-01   -9.0894973e-01    2.3218257e+00
  -2.0250074e-01   -9.1321961e-01    2.3211204e+00
  -1.8364393e-01   -9.1709951e-01    2.3204146e+00
  -1.6472705e-01   -9.2061942e-01    2.3197093e+00
  -1.4573014e-01   -9.2375934e-01    2.3190038e+00
  -1.2669315e-01   -9.2652927e-01    2.3182995e+00
  -1.0759610e-01   -9.2892921e-01    2.3175957e+00
  -8.8451995e-02   -9.3095916e-01    2.3168929e+00
  -6.9274809e-02   -9.3260911e-01    2.3161917e+00
  -5.0069540e-02   -9.3386908e-01    2.3154922e+00
  -3.0842187e-02   -9.3474906e-01    2.3147947e+00
  -1.1601739e-02   -9.3522905e-01    2.3140995e+00
   7.6457071e-03   -9.3530904e-01    2.3134070e+00
   2.6890459e-02   -9.3498905e-01    2.3127175e+00
   4.6124226e-02   -9.3424907e-01    2.3120314e+00
   6.5338109e-02   -9.3310910e-01    2.3113489e+00
   8.4523117e-02   -9.3155914e-01    2.3106704e+00
   1.0366726e-01   -9.2959919e-01    2.3099963e+00
   1.2277552e-01   -9.2723925e-01    2.3093263e+00
   1.4182393e-01   -9.2447932e-01    2.3086614e+00
   1.6081248e-01   -9.2131941e-01    2.3080015e+00
   1.7973118e-01   -9.1777950e-01    2.3073469e+00
   1.9857002e-01   -9.1384960e-01    2.3066979e+00
   2.1733901e-01   -9.0954971e-01    2.3060541e+00
   2.3600816e-01   -9.0486983e-01    2.3054166e+00
   2.5457747e-01   -8.9980996e-01    2.3047855e+00
   2.7304694e-01   -8.9439010e-01    2.3041605e+00
   2.9140658e-01   -8.8860025e-01    2.3035421e+00
   3.0964639e-01   -8.8244041e-01    2.3029307e+00
   3.2775638e-01   -8.7592058e-01    2.3023266e+00
   3.4573654e-01   -8.6904076e-01    2.3017297e+00
   3.6357689e-01   -8.6179094e-01    2.3011405e+00
   3.8125743e-01   -8.5419114e-01    2.3005595e+00
   3.9878816e-01   -8.4623134e-01    2.2999866e+00
   4.1614910e-01   -8.3791156e-01    2.2994223e+00
   4.3334023e-01   -8.2924178e-01    2.2988666e+00
   4.5034159e-01   -8.2021202e-01    2.2983204e+00
   4.6715315e-01   -8.1083226e-01    2.2977835e+00
   4.8377492e-01   -8.0111251e-01    2.2972559e+00
   5.0017693e-01   -7.9103277e-01    2.2967387e+00
   5.1635917e-01   -7.8060304e-01    2.2962320e+00
   5.3232164e-01   -7.6984332e-01    2.2957355e+00
   5.4805435e-01   -7.5873360e-01    2.2952499e+00
   5.6353731e-01   -7.4729390e-01    2.2947755e+00
   5.7878050e-01   -7.3553420e-01    2.2943121e+00
   5.9377393e-01   -7.2345452e-01    2.2938600e+00
   6.0851761e-01   -7.1106484e-01    2.2934191e+00
   6.2299154e-01   -6.9837516e-01    2.2929900e+00
   6.3721571e-01   -6.8538550e-01    2.2925721e+00
   6.5117012e-01   -6.7212584e-01    2.2921658e+00
   6.6486477e-01   -6.5857619e-01    2.2917710e+00
   6.7827968e-01   -6.4476655e-01    2.2913880e+00
   6.9141483e-01   -6.3068691e-01    2.2910171e+00
   7.0427023e-01   -6.1634728e-01    2.2906581e+00
   7.1682589e-01   -6.0174766e-01    2.2903117e+00
   7.2908181e-01   -5.8689804e-01    2.2899779e+00
   7.4102800e-01   -5.7178843e-01    2.2896571e+00
   7.5264446e-01   -5.5643883e-01    2.2893499e+00
   7.6394119e-01   -5.4083923e-01    2.2890560e+00
   7.7488821e-01   -5.2499964e-01    2.2887764e+00
   7.8550551e-01   -5.0893006e-01    2.2885102e+00
   7.9576309e-01   -4.9263048e-01    2.2882587e+00
   8.0568095e-01   -4.7612090e-01    2.2880209e+00
   8.1524909e-01   -4.5941133e-01    2.2877971e+00
   8.2446751e-01   -4.4249177e-01    2.2875874e+00
   8.3333619e-01   -4.2540221e-01    2.2873915e+00
   8.4185515e-01   -4.0813266e-01    2.2872094e+00
   8.5002438e-01   -3.9069311e-01    2.2870412e+00
   8.5784388e-01   -3.7309356e-01    2.2868866e+00
   8.6532363e-01   -3.5534402e-01    2.2867454e+00
   8.7244366e-01   -3.3744448e-01    2.2866182e+00
   8.7920395e-01   -3.1941495e-01    2.2865048e+00
   8.8561450e-01   -3.0125542e-01    2.2864049e+00
   8.9164533e-01   -2.8296589e-01    2.2863197e+00
   8.9730643e-01   -2.6455637e-01    2.2862485e+00
   9.0258780e-01   -2.4602684e-01    2.2861919e+00
   9.0747945e-01   -2.2740733e-01    2.2861500e+00
   9.1198138e-01   -2.0867781e-01    2.2861228e+00
   9.1609359e-01   -1.8985830e-01    2.2861103e+00
   9.1980607e-01   -1.7095878e-01    2.2861128e+00
   9.2311884e-01   -1.5198927e-01    2.2861301e+00
   9.2602188e-01   -1.3294976e-01    2.2861627e+00
   9.2853519e-01   -1.1385026e-01    2.2862097e+00
   9.3063878e-01   -9.4710752e-02    2.2862717e+00
   9.3234263e-01   -7.5526248e-02    2.2863484e+00
   9.3364675e-01   -5.6311744e-02    2.2864397e+00
   9.3455114e-01   -3.7073241e-02    2.2865456e+00
   9.3505579e-01   -1.7820738e-02    2.2866659e+00
   9.3516070e-01    1.4386646e-03    2.2868006e+00
   9.3486586e-01    2.0695267e-02    2.2869497e+00
   9.3417128e-01    3.9941770e-02    2.2871131e+00
   9.3308695e-01    5.9170274e-02    2.2872903e+00
   9.3160287e-01    7.8371778e-02    2.2874818e+00
   9.2971904e-01    9.7538283e-02    2.2876873e+00
   9.2744545e-01    1.1666379e-01    2.2879066e+00
   9.2477210e-01    1.3573330e-01    2.2881398e+00
   9.2170899e-01    1.5474281e-01    2.2883867e+00
   9.1825612e-01    1.7369232e-01    2.2886471e+00
   9.1442347e-01    1.9256183e-01    2.2889205e+00
   9.1019106e-01    2.1135134e-01    2.2892078e+00
   9.0557887e-01    2.3005086e-01    2.2895081e+00
   9.0058690e-01    2.4865038e-01    2.2898213e+00
   8.9521514e-01    2.6713990e-01    2.2901474e+00
   8.8946361e-01    2.8551943e-01    2.2904863e+00
   8.8334228e-01    3.0377896e-01    2.2908377e+00
   8.7684116e-01    3.2189849e-01    2.2912017e+00
   8.6998024e-01    3.3989802e-01    2.2915778e+00
   8.6274952e-01    3.5773756e-01    2.2919660e+00
   8.5514900e-01    3.7542711e-01    2.2923664e+00
   8.4717868e-01    3.9296665e-01    2.2927791e+00
   8.3884855e-01    4.1032621e-01    2.2932034e+00
   8.3015860e-01    4.2750576e-01    2.2936393e+00
   8.2110884e-01    4.4450532e-01    2.2940869e+00
   8.1170925e-01    4.6130489e-01    2.2945456e+00
   8.0194984e-01    4.7790446e-01    2.2950158e+00
   7.9184060e-01    4.9428404e-01    2.2954970e+00
   7.8139153e-01    5.1045362e-01    2.2959890e+00
   7.7060262e-01    5.2640321e-01    2.2964915e+00
   7.5948386e-01    5.4212280e-01    2.2970042e+00
   7.4803526e-01    5.5760240e-01    2.2975271e+00
   7.3626680e-01    5.7284201e-01    2.2980598e+00
   7.2418847e-01    5.8783162e-01    2.2986018e+00
   7.1180028e-01    6.0256124e-01    2.2991531e+00
   6.9910222e-01    6.1704087e-01    2.2997137e+00
   6.8611428e-01    6.3124050e-01    2.3002827e+00
   6.7282646e-01    6.4518014e-01    2.3008606e+00
   6.5924876e-01    6.5882979e-01    2.3014469e+00
   6.4539116e-01    6.7217944e-01    2.3020410e+00
   6.3124367e-01    6.8523911e-01    2.3026435e+00
   6.1682628e-01    6.9799878e-01    2.3032536e+00
   6.0213898e-01    7.1043846e-01    2.3038710e+00
   5.8718178e-01    7.2255814e-01    2.3044959e+00
   5.7196465e-01    7.3434784e-01    2.3051277e+00
   5.5650760e-01    7.4580754e-01    2.3057658e+00
   5.4080062e-01    7.5693725e-01    2.3064105e+00
   5.2485371e-01    7.6772698e-01    2.3070613e+00
   5.0868685e-01    7.7816671e-01    2.3077176e+00
   4.9230004e-01    7.8826645e-01    2.3083793e+00
   4.7570328e-01    7.9801619e-01    2.3090460e+00
   4.5890656e-01    8.0742595e-01    2.3097175e+00
   4.4191987e-01    8.1647572e-01    2.3103933e+00
   4.2475321e-01    8.2516549e-01    2.3110729e+00
   4.0739657e-01    8.3349528e-01    2.3117567e+00
   3.8987994e-01    8.4146507e-01    2.3124437e+00
   3.7219333e-01    8.4906488e-01    2.3131342e+00
   3.5434672e-01    8.5628469e-01    2.3138277e+00
   3.3636011e-01    8.6312451e-01    2.3145235e+00
   3.1822349e-01    8.6957435e-01    2.3152218e+00
   2.9995685e-01    8.7562419e-01    2.3159220e+00
   2.8156020e-01    8.8128404e-01    2.3166240e+00
   2.6304352e-01    8.8653391e-01    2.3173274e+00
   2.4441680e-01    8.9139378e-01    2.3180320e+00
   2.2569005e-01    8.9583367e-01    2.3187371e+00
   2.0687325e-01    8.9988356e-01    2.3194427e+00
   1.8797640e-01    9.0352347e-01    2.3201482e+00
   1.6899949e-01    9.0676339e-01    2.3208537e+00
   1.4996252e-01    9.0959331e-01    2.3215584e+00
   1.3087548e-01    9.1203325e-01    2.3222621e+00
   1.1173836e-01    9.1406320e-01    2.3229647e+00
   9.2558177e-02    9.1570315e-01    2.3236659e+00
   7.3349902e-02    9.1693312e-01    2.3243653e+00
   5.4121537e-02    9.1776310e-01    2.3250625e+00
   3.4879078e-02    9.1819309e-01    2.3257573e+00
   1.5631516e-02    9.1821309e-01    2.3264494e+00
  -3.6122543e-03    9.1782310e-01    2.3271384e+00
  -2.2842936e-02    9.1703312e-01    2.3278240e+00
  -4.2053837e-02    9.1583315e-01    2.3285060e+00
  -6.1234863e-02    9.1422319e-01    2.3291840e+00
  -8.0378014e-02    9.1222324e-01    2.3298578e+00
  -9.9476301e-02    9.0981331e-01    2.3305270e+00
  -1.1851473e-01    9.0701338e-01    2.3311913e+00
  -1.3750329e-01    9.0381346e-01    2.3318509e+00
  -1.5641200e-01    9.0023355e-01    2.3325049e+00
  -1.7525085e-01    8.9627366e-01    2.3331536e+00
  -1.9399987e-01    8.9192377e-01    2.3337963e+00
  -2.1265903e-01    8.8720389e-01    2.3344332e+00
  -2.3122835e-01    8.8211402e-01    2.3350641e+00
  -2.4968784e-01    8.7665416e-01    2.3356884e+00
  -2.6803749e-01    8.7083431e-01    2.3363062e+00
  -2.8626731e-01    8.6466447e-01    2.3369172e+00
  -3.0437730e-01    8.5812464e-01    2.3375212e+00
  -3.2235746e-01    8.5124482e-01    2.3381181e+00
  -3.4019781e-01    8.4401501e-01    2.3387074e+00
  -3.5788834e-01    8.3643520e-01    2.3392889e+00
  -3.7542906e-01    8.2850541e-01    2.3398624e+00
  -3.9280997e-01    8.2022562e-01    2.3404277e+00
  -4.1002108e-01    8.1159584e-01    2.3409844e+00
  -4.2705240e-01    8.0261607e-01    2.3415320e+00
  -4.4388394e-01    7.9327632e-01    2.3420699e+00
  -4.6052569e-01    7.8359657e-01    2.3425986e+00
  -4.7695767e-01    7.7356682e-01    2.3431172e+00
  -4.9316988e-01    7.6317709e-01    2.3436252e+00
  -5.0916232e-01    7.5245737e-01    2.3441231e+00
  -5.2492500e-01    7.4138766e-01    2.3446101e+00
  -5.4043792e-01    7.2999795e-01    2.3450859e+00
  -5.5571108e-01    7.1827825e-01    2.3455506e+00
  -5.7074448e-01    7.0623856e-01    2.3460045e+00
  -5.8550814e-01    6.9387888e-01    2.3464463e+00
  -6.0002203e-01    6.8122921e-01    2.3468771e+00
  -6.1426618e-01    6.6826954e-01    2.3472960e+00
  -6.2824057e-01    6.5502989e-01    2.3477031e+00
  -6.4194521e-01    6.4150024e-01    2.3480985e+00
  -6.5536012e-01    6.2768059e-01    2.3484814e+00
  -6.6848528e-01    6.1359096e-01    2.3488519e+00
  -6.8132070e-01    5.9923133e-01    2.3492100e+00
  -6.9384639e-01    5.8461170e-01    2.3495552e+00
  -7.0606234e-01    5.6973209e-01    2.3498873e+00
  -7.1796856e-01    5.5459248e-01    2.3502065e+00
  -7.2955505e-01    5.3921288e-01    2.3505124e+00
  -7.4081182e-01    5.2358328e-01    2.3508046e+00
  -7.5174885e-01    5.0773369e-01    2.3510838e+00
  -7.6234616e-01    4.9165411e-01    2.3513492e+00
  -7.7261373e-01    4.7535453e-01    2.3516010e+00
  -7.8253159e-01    4.5885495e-01    2.3518389e+00
  -7.9211971e-01    4.4214538e-01    2.3520634e+00
  -8.0134812e-01    4.2524582e-01    2.3522737e+00
  -8.1023679e-01    4.0816626e-01    2.3524704e+00
  -8.1877574e-01    3.9089671e-01    2.3526531e+00
  -8.2694497e-01    3.7345716e-01    2.3528214e+00
  -8.3475447e-01    3.5585761e-01    2.3529756e+00
  -8.4220425e-01    3.3808807e-01    2.3531156e+00
  -8.4926431e-01    3.2017853e-01    2.3532406e+00
  -8.5595466e-01    3.0211900e-01    2.3533512e+00
  -8.6226528e-01    2.8391947e-01    2.3534472e+00
  -8.6817620e-01    2.6558994e-01    2.3535279e+00
  -8.7369740e-01    2.4714042e-01    2.3535937e+00
  -8.7882888e-01    2.2857090e-01    2.3536446e+00
  -8.8356065e-01    2.0990138e-01    2.3536805e+00
  -8.8790269e-01    1.9114187e-01    2.3537016e+00
  -8.9183502e-01    1.7229235e-01    2.3537074e+00
  -8.9537763e-01    1.5335284e-01    2.3536986e+00
  -8.9853050e-01    1.3435333e-01    2.3536753e+00
  -9.0128364e-01    1.1529382e-01    2.3536372e+00
  -9.0363706e-01    9.6178318e-02    2.3535844e+00
  -9.0559075e-01    7.7018813e-02    2.3535168e+00
  -9.0715470e-01    5.7822309e-02    2.3534350e+00
  -9.0830892e-01    3.8597805e-02    2.3533382e+00
  -9.0906341e-01    1.9353302e-02    2.3532269e+00
  -9.0940816e-01    9.6809263e-05    2.3531009e+00
  -9.0934318e-01   -1.9162703e-02    2.3529600e+00
  -9.0885846e-01   -3.8415206e-02    2.3528041e+00
  -9.0796401e-01   -5.7653709e-02    2.3526336e+00
  -9.0664982e-01   -7.6868213e-02    2.3524482e+00
  -9.0492589e-01   -9.6049718e-02    2.3522483e+00
  -9.0279222e-01   -1.1519022e-01    2.3520339e+00
  -9.0024879e-01   -1.3427973e-01    2.3518052e+00
  -8.9728562e-01   -1.5330924e-01    2.3515619e+00
  -8.9392269e-01   -1.7226875e-01    2.3513046e+00
  -8.9016000e-01   -1.9115826e-01    2.3510335e+00
  -8.8598756e-01   -2.0995778e-01    2.3507483e+00
  -8.8142534e-01   -2.2866729e-01    2.3504498e+00
  -8.7647334e-01   -2.4727681e-01    2.3501379e+00
  -8.7112158e-01   -2.6577633e-01    2.3498125e+00
  -8.6538004e-01   -2.8415586e-01    2.3494739e+00
  -8.5923872e-01   -3.0240539e-01    2.3491219e+00
  -8.5271761e-01   -3.2052492e-01    2.3487572e+00
  -8.4580672e-01   -3.3849446e-01    2.3483795e+00
  -8.3850604e-01   -3.5631400e-01    2.3479889e+00
  -8.3081557e-01   -3.7397354e-01    2.3475855e+00
  -8.2275529e-01   -3.9145309e-01    2.3471700e+00
  -8.1431521e-01   -4.0876264e-01    2.3467421e+00
  -8.0550533e-01   -4.2588220e-01    2.3463023e+00
  -7.9632563e-01   -4.4281176e-01    2.3458505e+00
  -7.8678611e-01   -4.5953133e-01    2.3453874e+00
  -7.7690676e-01   -4.7606090e-01    2.3449133e+00
  -7.6666759e-01   -4.9237048e-01    2.3444280e+00
  -7.5609858e-01   -5.0846007e-01    2.3439323e+00
  -7.4519972e-01   -5.2432966e-01    2.3434264e+00
  -7.3397101e-01   -5.3996925e-01    2.3429103e+00
  -7.2241245e-01   -5.5536886e-01    2.3423840e+00
  -7.1053404e-01   -5.7051846e-01    2.3418480e+00
  -6.9834576e-01   -5.8541808e-01    2.3413027e+00
  -6.8584762e-01   -6.0005770e-01    2.3407482e+00
  -6.7303960e-01   -6.1442733e-01    2.3401844e+00
  -6.5992172e-01   -6.2852697e-01    2.3396114e+00
  -6.4650395e-01   -6.4232661e-01    2.3390298e+00
  -6.3279630e-01   -6.5584626e-01    2.3384398e+00
  -6.1879876e-01   -6.6905592e-01    2.3378417e+00
  -6.0451132e-01   -6.8196559e-01    2.3372352e+00
  -5.8995398e-01   -6.9456526e-01    2.3366213e+00
  -5.7512673e-01   -7.0683494e-01    2.3360000e+00
  -5.6003956e-01   -7.1879464e-01    2.3353716e+00
  -5.4470247e-01   -7.3041434e-01    2.3347367e+00
  -5.2910546e-01   -7.4170404e-01    2.3340949e+00
  -5.1327851e-01   -7.5265376e-01    2.3334472e+00
  -4.9721163e-01   -7.6326349e-01    2.3327933e+00
  -4.8092480e-01   -7.7351322e-01    2.3321341e+00
  -4.6441802e-01   -7.8341297e-01    2.3314695e+00
  -4.4770128e-01   -7.9295272e-01    2.3307999e+00
  -4.3078458e-01   -8.0213248e-01    2.3301258e+00
  -4.1366792e-01   -8.1094226e-01    2.3294471e+00
  -3.9637127e-01   -8.1939204e-01    2.3287645e+00
  -3.7890464e-01   -8.2746183e-01    2.3280786e+00
  -3.6125803e-01   -8.3516163e-01    2.3273889e+00
  -3.4346142e-01   -8.4249144e-01    2.3266964e+00
  -3.2551481e-01   -8.4945126e-01    2.3260012e+00
  -3.0743819e-01   -8.5604109e-01    2.3253040e+00
  -2.8922156e-01   -8.6225093e-01    2.3246044e+00
  -2.7087492e-01   -8.6809078e-01    2.3239029e+00
  -2.5242825e-01   -8.7356064e-01    2.3232004e+00
  -2.3386155e-01   -8.7865051e-01    2.3224964e+00
  -2.1520482e-01   -8.8336039e-01    2.3217918e+00
  -1.9644806e-01   -8.8770027e-01    2.3210863e+00
  -1.7761124e-01   -8.9164017e-01    2.3203808e+00
  -1.5869438e-01   -8.9520008e-01    2.3196752e+00
  -1.3970746e-01   -8.9836000e-01    2.3189699e+00
  -1.2066048e-01   -9.0111993e-01    2.3182654e+00
  -1.0156343e-01   -9.0348987e-01    2.3175618e+00
  -8.2413303e-02   -9.0543982e-01    2.3168594e+00
  -6.3228096e-02   -9.0698978e-01    2.3161585e+00
  -4.4014798e-02   -9.0811975e-01    2.3154597e+00
  -2.4781408e-02   -9.0883973e-01    2.3147631e+00
  -5.5365195e-03   -9.0914972e-01    2.3140691e+00
   1.3710676e-02   -9.0903972e-01    2.3133779e+00
   3.2951382e-02   -9.0851974e-01    2.3126900e+00
   5.2176204e-02   -9.0758976e-01    2.3120056e+00
   7.1377148e-02   -9.0624979e-01    2.3113250e+00
   9.0545216e-02   -9.0450984e-01    2.3106484e+00
   1.0967042e-01   -9.0235990e-01    2.3099763e+00
   1.2874875e-01   -8.9980996e-01    2.3093088e+00
   1.4776723e-01   -8.9685004e-01    2.3086464e+00
   1.6672585e-01   -8.9351012e-01    2.3079889e+00
   1.8560462e-01   -8.8976022e-01    2.3073372e+00
   2.0440355e-01   -8.8563033e-01    2.3066911e+00
   2.2311263e-01   -8.8110044e-01    2.3060511e+00
   2.4173188e-01   -8.7618057e-01    2.3054172e+00
   2.6023130e-01   -8.7088071e-01    2.3047902e+00
   2.7862089e-01   -8.6519086e-01    2.3041701e+00
   2.9689066e-01   -8.5911101e-01    2.3035570e+00
   3.1502061e-01   -8.5266118e-01    2.3029517e+00
   3.3302075e-01   -8.4583136e-01    2.3023537e+00
   3.5087108e-01   -8.3861154e-01    2.3017639e+00
   3.6856162e-01   -8.3103174e-01    2.3011825e+00
   3.8609235e-01   -8.2307194e-01    2.3006095e+00
   4.0345328e-01   -8.1475216e-01    2.3000452e+00
   4.2063443e-01   -8.0606238e-01    2.2994901e+00
   4.3762579e-01   -7.9701262e-01    2.2989444e+00
   4.5442737e-01   -7.8761286e-01    2.2984080e+00
   4.7102917e-01   -7.7785311e-01    2.2978813e+00
   4.8742118e-01   -7.6776337e-01    2.2973646e+00
   5.0359343e-01   -7.5732364e-01    2.2968583e+00
   5.1955591e-01   -7.4654392e-01    2.2963620e+00
   5.3527862e-01   -7.3544421e-01    2.2958766e+00
   5.5077157e-01   -7.2401450e-01    2.2954019e+00
   5.6602475e-01   -7.1226480e-01    2.2949380e+00
   5.8102818e-01   -7.0019512e-01    2.2944855e+00
   5.9577185e-01   -6.8781544e-01    2.2940445e+00
   6.1025578e-01   -6.7511576e-01    2.2936151e+00
   6.2444997e-01   -6.6211610e-01    2.2931984e+00
   6.3837441e-01   -6.4880644e-01    2.2927935e+00
   6.5199912e-01   -6.3519679e-01    2.2924016e+00
   6.6531411e-01   -6.2129715e-01    2.2920229e+00
   6.7832938e-01   -6.0709752e-01    2.2916571e+00
   6.9101492e-01   -5.9261789e-01    2.2913052e+00
   7.0338075e-01   -5.7784828e-01    2.2909669e+00
   7.1541686e-01   -5.6281866e-01    2.2906423e+00
   7.2710326e-01   -5.4751906e-01    2.2903322e+00
   7.3845995e-01   -5.3195946e-01    2.2900359e+00
   7.4946692e-01   -5.1615987e-01    2.2897538e+00
   7.6013417e-01   -5.0012028e-01    2.2894857e+00
   7.7044172e-01   -4.8386070e-01    2.2892321e+00
   7.8040953e-01   -4.6738113e-01    2.2889922e+00
   7.9003762e-01   -4.5070156e-01    2.2887661e+00
   7.9930600e-01   -4.3382199e-01    2.2885543e+00
   8.0822465e-01   -4.1675244e-01    2.2883564e+00
   8.1680356e-01   -3.9950288e-01    2.2881721e+00
   8.2502275e-01   -3.8209333e-01    2.2880018e+00
   8.3289221e-01   -3.6451378e-01    2.2878453e+00
   8.4041193e-01   -3.4678424e-01    2.2877025e+00
   8.4756194e-01   -3.2889470e-01    2.2875741e+00
   8.5435221e-01   -3.1087517e-01    2.2874596e+00
   8.6077275e-01   -2.9271564e-01    2.2873594e+00
   8.6681357e-01   -2.7442611e-01    2.2872737e+00
   8.7246468e-01   -2.5601659e-01    2.2872030e+00
   8.7772606e-01   -2.3749706e-01    2.2871470e+00
   8.8258774e-01   -2.1885755e-01    2.2871063e+00
   8.8704970e-01   -2.0011803e-01    2.2870807e+00
   8.9110195e-01   -1.8128852e-01    2.2870704e+00
   8.9473449e-01   -1.6237900e-01    2.2870758e+00
   8.9794732e-01   -1.4338950e-01    2.2870969e+00
   9.0075043e-01   -1.2432999e-01    2.2871332e+00
   9.0313383e-01   -1.0522048e-01    2.2871849e+00
   9.0508752e-01   -8.6060976e-02    2.2872525e+00
   9.0663148e-01   -6.6863472e-02    2.2873350e+00
   9.0776571e-01   -4.7636968e-02    2.2874325e+00
   9.0847023e-01   -2.8391465e-02    2.2875456e+00
   9.0877501e-01   -9.1341624e-03    2.2876731e+00
   9.0866006e-01    1.0124540e-02    2.2878157e+00
   9.0812538e-01    2.9376043e-02    2.2879734e+00
   9.0719095e-01    4.8612546e-02    2.2881453e+00
   9.0583679e-01    6.7824050e-02    2.2883322e+00
   9.0407288e-01    8.7001555e-02    2.2885335e+00
   9.0189923e-01    1.0613406e-01    2.2887492e+00
   8.9931583e-01    1.2522357e-01    2.2889794e+00
   8.9632268e-01    1.4424308e-01    2.2892238e+00
   8.9293976e-01    1.6320259e-01    2.2894817e+00
   8.8914709e-01    1.8208210e-01    2.2897538e+00
   8.8496465e-01    2.0088161e-01    2.2900394e+00
   8.8038244e-01    2.1959113e-01    2.2903386e+00
   8.7541046e-01    2.3819065e-01    2.2906511e+00
   8.7004870e-01    2.5669017e-01    2.2909769e+00
   8.6430716e-01    2.7506970e-01    2.2913155e+00
   8.5817583e-01    2.9331923e-01    2.2916671e+00
   8.5167472e-01    3.1144876e-01    2.2920312e+00
   8.4478381e-01    3.2942829e-01    2.2924083e+00
   8.3752311e-01    3.4725783e-01    2.2927975e+00
   8.2988261e-01    3.6493738e-01    2.2931993e+00
   8.2187231e-01    3.8244693e-01    2.2936132e+00
   8.1349220e-01    3.9978648e-01    2.2940391e+00
   8.0474228e-01    4.1693603e-01    2.2944770e+00
   7.9563255e-01    4.3389560e-01    2.2949264e+00
   7.8615300e-01    4.5065516e-01    2.2953877e+00
   7.7632363e-01    4.6721474e-01    2.2958602e+00
   7.6613443e-01    4.8355431e-01    2.2963440e+00
   7.5559540e-01    4.9966390e-01    2.2968387e+00
   7.4470654e-01    5.1554349e-01    2.2973443e+00
   7.3347783e-01    5.3118308e-01    2.2978605e+00
   7.2189929e-01    5.4656269e-01    2.2983873e+00
   7.1000088e-01    5.6169230e-01    2.2989238e+00
   6.9776263e-01    5.7655191e-01    2.2994706e+00
   6.8519451e-01    5.9114154e-01    2.3000274e+00
   6.7231653e-01    6.0545117e-01    2.3005932e+00
   6.5911867e-01    6.1946080e-01    2.3011684e+00
   6.4561094e-01    6.3318045e-01    2.3017527e+00
   6.3180333e-01    6.4660010e-01    2.3023455e+00
   6.1770582e-01    6.5970977e-01    2.3029466e+00
   6.0331842e-01    6.7249943e-01    2.3035558e+00
   5.8866111e-01    6.8496911e-01    2.3041724e+00
   5.7372390e-01    6.9711880e-01    2.3047967e+00
   5.5852677e-01    7.0893849e-01    2.3054280e+00
   5.4307971e-01    7.2041820e-01    2.3060659e+00
   5.2738273e-01    7.3155791e-01    2.3067103e+00
   5.1144581e-01    7.4234763e-01    2.3073608e+00
   4.9526896e-01    7.5278736e-01    2.3080174e+00
   4.7887215e-01    7.6286710e-01    2.3086793e+00
   4.6225540e-01    7.7258685e-01    2.3093466e+00
   4.4543868e-01    7.8194661e-01    2.3100184e+00
   4.2841200e-01    7.9092638e-01    2.3106951e+00
   4.1119534e-01    7.9953615e-01    2.3113759e+00
   3.9379871e-01    8.0776594e-01    2.3120605e+00
   3.7623208e-01    8.1562574e-01    2.3127485e+00
   3.5849547e-01    8.2309555e-01    2.3134399e+00
   3.4059886e-01    8.3018536e-01    2.3141342e+00
   3.2256225e-01    8.3689519e-01    2.3148309e+00
   3.0437563e-01    8.4321503e-01    2.3155301e+00
   2.8606898e-01    8.4914487e-01    2.3162308e+00
   2.6763232e-01    8.5467473e-01    2.3169334e+00
   2.4908563e-01    8.5981460e-01    2.3176371e+00
   2.3042890e-01    8.6454448e-01    2.3183418e+00
   2.1167214e-01    8.6888436e-01    2.3190473e+00
   1.9283532e-01    8.7280426e-01    2.3197526e+00
   1.7390845e-01    8.7631417e-01    2.3204582e+00
   1.5491152e-01    8.7940409e-01    2.3211634e+00
   1.3585452e-01    8.8207402e-01    2.3218677e+00
   1.1673745e-01    8.8433396e-01    2.3225711e+00
   9.7578303e-02    8.8616392e-01    2.3232731e+00
   7.8384068e-02    8.8758388e-01    2.3239733e+00
   5.9162745e-02    8.8859385e-01    2.3246715e+00
   3.9924322e-02    8.8917384e-01    2.3253673e+00
   2.0677800e-02    8.8935383e-01    2.3260605e+00
   1.4323226e-03    8.8912384e-01    2.3267507e+00
  -1.7804567e-02    8.8848386e-01    2.3274376e+00
  -3.7023424e-02    8.8743388e-01    2.3281209e+00
  -5.6217400e-02    8.8598392e-01    2.3288005e+00
  -7.5376500e-02    8.8414397e-01    2.3294760e+00
  -9.4492733e-02    8.8189403e-01    2.3301471e+00
  -1.1355510e-01    8.7925410e-01    2.3308133e+00
  -1.3256361e-01    8.7621417e-01    2.3314748e+00
  -1.5150226e-01    8.7277426e-01    2.3321309e+00
  -1.7037107e-01    8.6894436e-01    2.3327817e+00
  -1.8915003e-01    8.6471447e-01    2.3334263e+00
  -2.0782916e-01    8.6009459e-01    2.3340646e+00
  -2.2641844e-01    8.5508472e-01    2.3346968e+00
  -2.4489790e-01    8.4968486e-01    2.3353223e+00
  -2.6325754e-01    8.4389501e-01    2.3359407e+00
  -2.8148736e-01    8.3771517e-01    2.3365516e+00
  -2.9958736e-01    8.3115534e-01    2.3371551e+00
  -3.1753756e-01    8.2420552e-01    2.3377504e+00
  -3.3533796e-01    8.1687571e-01    2.3383376e+00
  -3.5297855e-01    8.0917591e-01    2.3389163e+00
  -3.7045935e-01    8.0110611e-01    2.3394867e+00
  -3.8776035e-01    7.9267633e-01    2.3400480e+00
  -4.0489156e-01    7.8387656e-01    2.3406006e+00
  -4.2182298e-01    7.7471680e-01    2.3411434e+00
  -4.3856462e-01    7.6521704e-01    2.3416769e+00
  -4.5510648e-01    7.5536729e-01    2.3422008e+00
  -4.7143857e-01    7.4516756e-01    2.3427145e+00
  -4.8756088e-01    7.3463783e-01    2.3432184e+00
  -5.0344343e-01    7.2376811e-01    2.3437112e+00
  -5.1910620e-01    7.1255840e-01    2.3441936e+00
  -5.3451923e-01    7.0102870e-01    2.3446648e+00
  -5.4968250e-01    6.8915900e-01    2.3451245e+00
  -5.6458602e-01    6.7696932e-01    2.3455726e+00
  -5.7921980e-01    6.6444964e-01    2.3460086e+00
  -5.9357385e-01    6.5161997e-01    2.3464324e+00
  -6.0763816e-01    6.3847031e-01    2.3468434e+00
  -6.2141274e-01    6.2501066e-01    2.3472418e+00
  -6.3488759e-01    6.1125102e-01    2.3476273e+00
  -6.4805271e-01    5.9720138e-01    2.3479995e+00
  -6.6090812e-01    5.8286175e-01    2.3483585e+00
  -6.7345379e-01    5.6825213e-01    2.3487044e+00
  -6.8567973e-01    5.5337251e-01    2.3490369e+00
  -6.9757596e-01    5.3823290e-01    2.3493557e+00
  -7.0915246e-01    5.2284330e-01    2.3496612e+00
  -7.2038924e-01    5.0720370e-01    2.3499527e+00
  -7.3129629e-01    4.9133411e-01    2.3502306e+00
  -7.4185364e-01    4.7522453e-01    2.3504943e+00
  -7.5206126e-01    4.5889495e-01    2.3507438e+00
  -7.6191917e-01    4.4235538e-01    2.3509793e+00
  -7.7141736e-01    4.2559581e-01    2.3512002e+00
  -7.8055584e-01    4.0864625e-01    2.3514068e+00
  -7.8931461e-01    3.9149669e-01    2.3515984e+00
  -7.9771366e-01    3.7416714e-01    2.3517757e+00
  -8.0573301e-01    3.5665759e-01    2.3519380e+00
  -8.1337264e-01    3.3897805e-01    2.3520855e+00
  -8.2063256e-01    3.2113851e-01    2.3522182e+00
  -8.2751276e-01    3.0314897e-01    2.3523362e+00
  -8.3400325e-01    2.8501944e-01    2.3524391e+00
  -8.4010403e-01    2.6674991e-01    2.3525271e+00
  -8.4580510e-01    2.4835039e-01    2.3525997e+00
  -8.5111646e-01    2.2984087e-01    2.3526575e+00
  -8.5602809e-01    2.1122135e-01    2.3527002e+00
  -8.6054002e-01    1.9249183e-01    2.3527277e+00
  -8.6464223e-01    1.7367232e-01    2.3527398e+00
  -8.6833473e-01    1.5477280e-01    2.3527367e+00
  -8.7162750e-01    1.3579329e-01    2.3527185e+00
  -8.7449057e-01    1.1675379e-01    2.3526845e+00
  -8.7695392e-01    9.7649280e-02    2.3526357e+00
  -8.7899755e-01    7.8497775e-02    2.3525714e+00
  -8.8062146e-01    5.9307270e-02    2.3524918e+00
  -8.8182564e-01    4.0085767e-02    2.3523969e+00
  -8.8262010e-01    2.0842264e-02    2.3522870e+00
  -8.8297485e-01    1.5864608e-03    2.3521613e+00
  -8.8291986e-01   -1.7672742e-02    2.3520208e+00
  -8.8242515e-01   -3.6925245e-02    2.3518646e+00
  -8.8150072e-01   -5.6162748e-02    2.3516930e+00
  -8.8015655e-01   -7.5374252e-02    2.3515066e+00
  -8.7837266e-01   -9.4550757e-02    2.3513045e+00
  -8.7617902e-01   -1.1368026e-01    2.3510881e+00
  -8.7355564e-01   -1.3275977e-01    2.3508566e+00
  -8.7052251e-01   -1.5177928e-01    2.3506108e+00
  -8.6706964e-01   -1.7072879e-01    2.3503504e+00
  -8.6320701e-01   -1.8958830e-01    2.3500759e+00
  -8.5894462e-01   -2.0837782e-01    2.3497875e+00
  -8.5428245e-01   -2.2705733e-01    2.3494856e+00
  -8.4921053e-01   -2.4563685e-01    2.3491697e+00
  -8.4372884e-01   -2.6409638e-01    2.3488398e+00
  -8.3783738e-01   -2.8242590e-01    2.3484962e+00
  -8.3154615e-01   -3.0062543e-01    2.3481392e+00
  -8.2484514e-01   -3.1867497e-01    2.3477685e+00
  -8.1772436e-01   -3.3657451e-01    2.3473838e+00
  -8.1020380e-01   -3.5429405e-01    2.3469860e+00
  -8.0228345e-01   -3.7184360e-01    2.3465751e+00
  -7.9397330e-01   -3.8921315e-01    2.3461514e+00
  -7.8527336e-01   -4.0639270e-01    2.3457151e+00
  -7.7620361e-01   -4.2337226e-01    2.3452670e+00
  -7.6676404e-01   -4.4016183e-01    2.3448069e+00
  -7.5698464e-01   -4.5674140e-01    2.3443361e+00
  -7.4684542e-01   -4.7312098e-01    2.3438538e+00
  -7.3638635e-01   -4.8928056e-01    2.3433616e+00
  -7.2558745e-01   -5.0521015e-01    2.3428589e+00
  -7.1445869e-01   -5.2092975e-01    2.3423457e+00
  -7.0300009e-01   -5.3639935e-01    2.3418226e+00
  -6.9123163e-01   -5.5162895e-01    2.3412900e+00
  -6.7912332e-01   -5.6660857e-01    2.3407470e+00
  -6.6670514e-01   -5.8131819e-01    2.3401948e+00
  -6.5395711e-01   -5.9574781e-01    2.3396327e+00
  -6.4089919e-01   -6.0988745e-01    2.3390616e+00
  -6.2752141e-01   -6.2372709e-01    2.3384812e+00
  -6.1382375e-01   -6.3725674e-01    2.3378915e+00
  -5.9982621e-01   -6.5047640e-01    2.3372932e+00
  -5.8552877e-01   -6.6335607e-01    2.3366866e+00
  -5.7093144e-01   -6.7590574e-01    2.3360716e+00
  -5.5605421e-01   -6.8812543e-01    2.3354489e+00
  -5.4089707e-01   -6.9998512e-01    2.3348188e+00
  -5.2547001e-01   -7.1150482e-01    2.3341813e+00
  -5.0979302e-01   -7.2267454e-01    2.3335374e+00
  -4.9386610e-01   -7.3349426e-01    2.3328871e+00
  -4.7771924e-01   -7.4395399e-01    2.3322314e+00
  -4.6134243e-01   -7.5407372e-01    2.3315699e+00
  -4.4475567e-01   -7.6384347e-01    2.3309034e+00
  -4.2796894e-01   -7.7326323e-01    2.3302322e+00
  -4.1099225e-01   -7.8233299e-01    2.3295567e+00
  -3.9382559e-01   -7.9104277e-01    2.3288769e+00
  -3.7648895e-01   -7.9939255e-01    2.3281936e+00
  -3.5897232e-01   -8.0737235e-01    2.3275065e+00
  -3.4128571e-01   -8.1497215e-01    2.3268161e+00
  -3.2344910e-01   -8.2219197e-01    2.3261230e+00
  -3.0544249e-01   -8.2901179e-01    2.3254266e+00
  -2.8730587e-01   -8.3543162e-01    2.3247284e+00
  -2.6901923e-01   -8.4144147e-01    2.3240278e+00
  -2.5060257e-01   -8.4704132e-01    2.3233255e+00
  -2.3206589e-01   -8.5222119e-01    2.3226219e+00
  -2.1341916e-01   -8.5698107e-01    2.3219173e+00
  -1.9467239e-01   -8.6133095e-01    2.3212121e+00
  -1.7582559e-01   -8.6527085e-01    2.3205063e+00
  -1.5690871e-01   -8.6879076e-01    2.3198009e+00
  -1.3791179e-01   -8.7191068e-01    2.3190956e+00
  -1.1886479e-01   -8.7462061e-01    2.3183914e+00
  -9.9747737e-02   -8.7692055e-01    2.3176876e+00
  -8.0597596e-02   -8.7881050e-01    2.3169856e+00
  -6.1408376e-02   -8.8030046e-01    2.3162850e+00
  -4.2192070e-02   -8.8139044e-01    2.3155864e+00
  -2.2956671e-02   -8.8207042e-01    2.3148900e+00
  -3.7116719e-03   -8.8234041e-01    2.3141962e+00
   1.5535432e-02   -8.8220042e-01    2.3135053e+00
   3.4775143e-02   -8.8166043e-01    2.3128176e+00
   5.3998974e-02   -8.8070045e-01    2.3121334e+00
   7.3197924e-02   -8.7934049e-01    2.3114530e+00
   9.2363004e-02   -8.7756054e-01    2.3107769e+00
   1.1148622e-01   -8.7537059e-01    2.3101052e+00
   1.3055457e-01   -8.7276066e-01    2.3094384e+00
   1.4956308e-01   -8.6974074e-01    2.3087768e+00
   1.6851172e-01   -8.6631083e-01    2.3081203e+00
   1.8737053e-01   -8.6247093e-01    2.3074700e+00
   2.0613951e-01   -8.5821104e-01    2.3068259e+00
   2.2481865e-01   -8.5354116e-01    2.3061880e+00
   2.4338797e-01   -8.4847129e-01    2.3055569e+00
   2.6183746e-01   -8.4299143e-01    2.3049331e+00
   2.8016714e-01   -8.3711158e-01    2.3043164e+00
   2.9836701e-01   -8.3083174e-01    2.3037073e+00
   3.1641707e-01   -8.2416191e-01    2.3031064e+00
   3.3432733e-01   -8.1709210e-01    2.3025134e+00
   3.5207779e-01   -8.0965229e-01    2.3019288e+00
   3.6966845e-01   -8.0182249e-01    2.3013527e+00
   3.8707932e-01   -7.9361270e-01    2.3007859e+00
   4.0432040e-01   -7.8503293e-01    2.3002278e+00
   4.2136171e-01   -7.7608316e-01    2.2996795e+00
   4.3820323e-01   -7.6676340e-01    2.2991411e+00
   4.5484499e-01   -7.5707365e-01    2.2986126e+00
   4.7126698e-01   -7.4702391e-01    2.2980945e+00
   4.8745921e-01   -7.3661418e-01    2.2975873e+00
   5.0342168e-01   -7.2584445e-01    2.2970909e+00
   5.1913440e-01   -7.1471474e-01    2.2966061e+00
   5.3459738e-01   -7.0324504e-01    2.2961327e+00
   5.4981060e-01   -6.9144534e-01    2.2956706e+00
   5.6475408e-01   -6.7930566e-01    2.2952207e+00
   5.7942783e-01   -6.6683598e-01    2.2947829e+00
   5.9383183e-01   -6.5405631e-01    2.2943570e+00
   6.0796607e-01   -6.4097665e-01    2.2939430e+00
   6.2181059e-01   -6.2759699e-01    2.2935415e+00
   6.3536537e-01   -6.1391734e-01    2.2931526e+00
   6.4863040e-01   -5.9995770e-01    2.2927761e+00
   6.6158572e-01   -5.8571807e-01    2.2924128e+00
   6.7423130e-01   -5.7118845e-01    2.2920627e+00
   6.8655716e-01   -5.5639883e-01    2.2917259e+00
   6.9855330e-01   -5.4132922e-01    2.2914031e+00
   7.1020974e-01   -5.2599961e-01    2.2910943e+00
   7.2150647e-01   -5.1041002e-01    2.2908003e+00
   7.3245349e-01   -4.9456043e-01    2.2905207e+00
   7.4303081e-01   -4.7847084e-01    2.2902562e+00
   7.5323844e-01   -4.6214126e-01    2.2900067e+00
   7.6306637e-01   -4.4558169e-01    2.2897725e+00
   7.7252459e-01   -4.2880212e-01    2.2895531e+00
   7.8160312e-01   -4.1182256e-01    2.2893489e+00
   7.9031193e-01   -3.9464301e-01    2.2891593e+00
   7.9864104e-01   -3.7727346e-01    2.2889848e+00
   8.0660043e-01   -3.5973391e-01    2.2888248e+00
   8.1418010e-01   -3.4203437e-01    2.2886796e+00
   8.2138007e-01   -3.2417483e-01    2.2885493e+00
   8.2821031e-01   -3.0616529e-01    2.2884332e+00
   8.3465084e-01   -2.8801576e-01    2.2883322e+00
   8.4071165e-01   -2.6972623e-01    2.2882459e+00
   8.4638274e-01   -2.5132671e-01    2.2881743e+00
   8.5165412e-01   -2.3280719e-01    2.2881180e+00
   8.5653578e-01   -2.1416767e-01    2.2880766e+00
   8.6100773e-01   -1.9543815e-01    2.2880505e+00
   8.6506997e-01   -1.7660864e-01    2.2880399e+00
   8.6872250e-01   -1.5769913e-01    2.2880445e+00
   8.7194532e-01   -1.3870962e-01    2.2880653e+00
   8.7475843e-01   -1.1966011e-01    2.2881011e+00
   8.7713183e-01   -1.0055060e-01    2.2881532e+00
   8.7908552e-01   -8.1386096e-02    2.2882208e+00
   8.8059950e-01   -6.2186592e-02    2.2883045e+00
   8.8167378e-01   -4.2957089e-02    2.2884041e+00
   8.8231833e-01   -2.3708586e-02    2.2885194e+00
   8.8253317e-01   -4.4503833e-03    2.2886501e+00
   8.8230829e-01    1.4807419e-02    2.2887967e+00
   8.8165368e-01    3.4054922e-02    2.2889587e+00
   8.8055936e-01    5.3283426e-02    2.2891363e+00
   8.7905529e-01    7.2482930e-02    2.2893284e+00
   8.7711150e-01    9.1643435e-02    2.2895361e+00
   8.7474796e-01    1.1075394e-01    2.2897585e+00
   8.7196468e-01    1.2981345e-01    2.2899956e+00
   8.6876166e-01    1.4880296e-01    2.2902473e+00
   8.6513888e-01    1.6771247e-01    2.2905135e+00
   8.6109636e-01    1.8654198e-01    2.2907943e+00
   8.5663408e-01    2.0528150e-01    2.2910895e+00
   8.5176204e-01    2.2391102e-01    2.2913986e+00
   8.4646025e-01    2.4242054e-01    2.2917223e+00
   8.4075868e-01    2.6081007e-01    2.2920595e+00
   8.3463736e-01    2.7906959e-01    2.2924109e+00
   8.2811625e-01    2.9718913e-01    2.2927756e+00
   8.2119536e-01    3.1515866e-01    2.2931536e+00
   8.1388469e-01    3.3297820e-01    2.2935446e+00
   8.0619422e-01    3.5062775e-01    2.2939480e+00
   7.9812394e-01    3.6810730e-01    2.2943638e+00
   7.8967388e-01    3.8541685e-01    2.2947920e+00
   7.8087398e-01    4.0253641e-01    2.2952315e+00
   7.7170428e-01    4.1946597e-01    2.2956829e+00
   7.6218475e-01    4.3620554e-01    2.2961455e+00
   7.5230541e-01    4.5273511e-01    2.2966195e+00
   7.4207623e-01    4.6904469e-01    2.2971045e+00
   7.3149722e-01    4.8513427e-01    2.2976005e+00
   7.2056837e-01    5.0098386e-01    2.2981074e+00
   7.0928969e-01    5.1658346e-01    2.2986250e+00
   6.9766116e-01    5.3192307e-01    2.2991533e+00
   6.8568279e-01    5.4700268e-01    2.2996924e+00
   6.7336457e-01    5.6179229e-01    2.3002416e+00
   6.6070650e-01    5.7630192e-01    2.3008010e+00
   6.4772855e-01    5.9051155e-01    2.3013697e+00
   6.3442074e-01    6.0442119e-01    2.3019481e+00
   6.2079306e-01    6.1803084e-01    2.3025359e+00
   6.0687548e-01    6.3132050e-01    2.3031318e+00
   5.9264802e-01    6.4429016e-01    2.3037365e+00
   5.7814066e-01    6.5693984e-01    2.3043490e+00
   5.6334340e-01    6.6925952e-01    2.3049695e+00
   5.4828623e-01    6.8124921e-01    2.3055971e+00
   5.3295914e-01    6.9289891e-01    2.3062318e+00
   5.1737213e-01    7.0419862e-01    2.3068734e+00
   5.0154518e-01    7.1514833e-01    2.3075211e+00
   4.8546830e-01    7.2573806e-01    2.3081752e+00
   4.6916147e-01    7.3595780e-01    2.3088349e+00
   4.5263470e-01    7.4581754e-01    2.3094999e+00
   4.3587797e-01    7.5529730e-01    2.3101705e+00
   4.1892127e-01    7.6439706e-01    2.3108455e+00
   4.0176461e-01    7.7311684e-01    2.3115250e+00
   3.8440797e-01    7.8145662e-01    2.3122089e+00
   3.6688135e-01    7.8939642e-01    2.3128961e+00
   3.4917474e-01    7.9695622e-01    2.3135870e+00
   3.3130813e-01    8.0411604e-01    2.3142807e+00
   3.1329151e-01    8.1087586e-01    2.3149770e+00
   2.9512489e-01    8.1723570e-01    2.3156758e+00
   2.7681825e-01    8.2317554e-01    2.3163766e+00
   2.5838159e-01    8.2871540e-01    2.3170792e+00
   2.3982490e-01    8.3382527e-01    2.3177831e+00
   2.2115817e-01    8.3851515e-01    2.3184879e+00
   2.0239139e-01    8.4277504e-01    2.3191931e+00
   1.8353456e-01    8.4661494e-01    2.3198986e+00
   1.6458768e-01    8.5001485e-01    2.3206042e+00
   1.4557073e-01    8.5298477e-01    2.3213092e+00
   1.2649371e-01    8.5553471e-01    2.3220133e+00
   1.0736661e-01    8.5764465e-01    2.3227161e+00
   8.8191435e-02    8.5933461e-01    2.3234176e+00
   6.8986166e-02    8.6059458e-01    2.3241170e+00
   4.9756801e-02    8.6142456e-01    2.3248143e+00
   3.0514339e-02    8.6184455e-01    2.3255090e+00
   1.1266767e-02    8.6182455e-01    2.3262008e+00
  -7.9754171e-03    8.6138456e-01    2.3268894e+00
  -2.7203721e-02    8.6051458e-01    2.3275744e+00
  -4.6407650e-02    8.5922461e-01    2.3282554e+00
  -6.5577714e-02    8.5749466e-01    2.3289321e+00
  -8.4704914e-02    8.5534471e-01    2.3296043e+00
  -1.0377826e-01    8.5277478e-01    2.3302714e+00
  -1.2279675e-01    8.4978486e-01    2.3309336e+00
  -1.4173539e-01    8.4637494e-01    2.3315899e+00
  -1.6060419e-01    8.4256504e-01    2.3322408e+00
  -1.7939314e-01    8.3834515e-01    2.3328859e+00
  -1.9808226e-01    8.3373527e-01    2.3335246e+00
  -2.1666155e-01    8.2873540e-01    2.3341566e+00
  -2.3515100e-01    8.2335554e-01    2.3347826e+00
  -2.5351063e-01    8.1758569e-01    2.3354011e+00
  -2.7175044e-01    8.1143585e-01    2.3360125e+00
  -2.8986043e-01    8.0490602e-01    2.3366166e+00
  -3.0783060e-01    7.9799619e-01    2.3372129e+00
  -3.2565097e-01    7.9071638e-01    2.3378012e+00
  -3.4331154e-01    7.8305658e-01    2.3383810e+00
  -3.6081231e-01    7.7502679e-01    2.3389524e+00
  -3.7813330e-01    7.6662700e-01    2.3395146e+00
  -3.9526450e-01    7.5784723e-01    2.3400673e+00
  -4.1221591e-01    7.4870747e-01    2.3406110e+00
  -4.2895755e-01    7.3920771e-01    2.3411445e+00
  -4.4548942e-01    7.2934797e-01    2.3416679e+00
  -4.6181152e-01    7.1912823e-01    2.3421812e+00
  -4.7789386e-01    7.0855850e-01    2.3426833e+00
  -4.9375644e-01    6.9762879e-01    2.3431749e+00
  -5.0935927e-01    6.8635908e-01    2.3436548e+00
  -5.2471235e-01    6.7473938e-01    2.3441232e+00
  -5.3979570e-01    6.6276969e-01    2.3445793e+00
  -5.5460931e-01    6.5046000e-01    2.3450233e+00
  -5.6912320e-01    6.3782033e-01    2.3454542e+00
  -5.8334737e-01    6.2484067e-01    2.3458722e+00
  -5.9727181e-01    6.1154101e-01    2.3462771e+00
  -6.1088654e-01    5.9792136e-01    2.3466686e+00
  -6.2418155e-01    5.8399172e-01    2.3470464e+00
  -6.3716683e-01    5.6977209e-01    2.3474109e+00
  -6.4982241e-01    5.5526246e-01    2.3477615e+00
  -6.6215826e-01    5.4047284e-01    2.3480986e+00
  -6.7416439e-01    5.2541323e-01    2.3484219e+00
  -6.8583082e-01    5.1009363e-01    2.3487311e+00
  -6.9716752e-01    4.9452403e-01    2.3490267e+00
  -7.0815450e-01    4.7871444e-01    2.3493080e+00
  -7.1879178e-01    4.6265485e-01    2.3495749e+00
  -7.2906935e-01    4.4637527e-01    2.3498273e+00
  -7.3897722e-01    4.2985570e-01    2.3500647e+00
  -7.4851538e-01    4.1312613e-01    2.3502872e+00
  -7.5767384e-01    3.9618657e-01    2.3504946e+00
  -7.6644260e-01    3.7903701e-01    2.3506865e+00
  -7.7481168e-01    3.6169746e-01    2.3508627e+00
  -7.8279105e-01    3.4416791e-01    2.3510235e+00
  -7.9038072e-01    3.2646837e-01    2.3511690e+00
  -7.9757070e-01    3.0859883e-01    2.3512990e+00
  -8.0436097e-01    2.9056930e-01    2.3514134e+00
  -8.1074154e-01    2.7240977e-01    2.3515122e+00
  -8.1673240e-01    2.5410024e-01    2.3515959e+00
  -8.2231356e-01    2.3566072e-01    2.3516640e+00
  -8.2747502e-01    2.1711119e-01    2.3517161e+00
  -8.3223676e-01    1.9845168e-01    2.3517531e+00
  -8.3656881e-01    1.7968216e-01    2.3517738e+00
  -8.4048116e-01    1.6082265e-01    2.3517789e+00
  -8.4396380e-01    1.4188314e-01    2.3517679e+00
  -8.4701674e-01    1.2286363e-01    2.3517408e+00
  -8.4962998e-01    1.0378412e-01    2.3516976e+00
  -8.5180352e-01    8.4648616e-02    2.3516381e+00
  -8.5355735e-01    6.5468111e-02    2.3515632e+00
  -8.5486147e-01    4.6253607e-02    2.3514719e+00
  -8.5574587e-01    2.7014104e-02    2.3513653e+00
  -8.5619055e-01    7.7600014e-03    2.3512429e+00
  -8.5620552e-01   -1.1498901e-02    2.3511049e+00
  -8.5579076e-01   -3.0754404e-02    2.3509515e+00
  -8.5495627e-01   -4.9994907e-02    2.3507831e+00
  -8.5369205e-01   -6.9211411e-02    2.3505995e+00
  -8.5198811e-01   -8.8395915e-02    2.3504003e+00
  -8.4987442e-01   -1.0754042e-01    2.3501866e+00
  -8.4732100e-01   -1.2662993e-01    2.3499576e+00
  -8.4433784e-01   -1.4564944e-01    2.3497135e+00
  -8.4093494e-01   -1.6460895e-01    2.3494549e+00
  -8.3710229e-01   -1.8347846e-01    2.3491814e+00
  -8.3284989e-01   -2.0225798e-01    2.3488935e+00
  -8.2817774e-01   -2.2094749e-01    2.3485911e+00
  -8.2309582e-01   -2.3951701e-01    2.3482749e+00
  -8.1758414e-01   -2.5796654e-01    2.3479441e+00
  -8.1167270e-01   -2.7629606e-01    2.3475997e+00
  -8.0535148e-01   -2.9448559e-01    2.3472417e+00
  -7.9862049e-01   -3.1252513e-01    2.3468700e+00
  -7.9148972e-01   -3.3041467e-01    2.3464850e+00
  -7.8394917e-01   -3.4813421e-01    2.3460865e+00
  -7.7600883e-01   -3.6567375e-01    2.3456749e+00
  -7.6767869e-01   -3.8303331e-01    2.3452506e+00
  -7.5895876e-01   -4.0020286e-01    2.3448137e+00
  -7.4983903e-01   -4.1716243e-01    2.3443639e+00
  -7.4033949e-01   -4.3390199e-01    2.3439020e+00
  -7.3046015e-01   -4.5043157e-01    2.3434280e+00
  -7.2020098e-01   -4.6672115e-01    2.3429420e+00
  -7.0956200e-01   -4.8277073e-01    2.3424441e+00
  -6.9856319e-01   -4.9858032e-01    2.3419350e+00
  -6.8721453e-01   -5.1411992e-01    2.3414153e+00
  -6.7550605e-01   -5.2940953e-01    2.3408845e+00
  -6.6344771e-01   -5.4441914e-01    2.3403430e+00
  -6.5106952e-01   -5.5915876e-01    2.3397921e+00
  -6.3835147e-01   -5.7361838e-01    2.3392309e+00
  -6.2532354e-01   -5.8778802e-01    2.3386606e+00
  -6.1197575e-01   -6.0165766e-01    2.3380811e+00
  -5.9832807e-01   -6.1523731e-01    2.3374928e+00
  -5.8439051e-01   -6.2850697e-01    2.3368963e+00
  -5.7014306e-01   -6.4146663e-01    2.3362910e+00
  -5.5562570e-01   -6.5409631e-01    2.3356782e+00
  -5.4081844e-01   -6.6639599e-01    2.3350575e+00
  -5.2573127e-01   -6.7835568e-01    2.3344291e+00
  -5.1038419e-01   -6.8996538e-01    2.3337939e+00
  -4.9475719e-01   -7.0122509e-01    2.3331512e+00
  -4.7889025e-01   -7.1210481e-01    2.3325025e+00
  -4.6276339e-01   -7.2262454e-01    2.3318472e+00
  -4.4640657e-01   -7.3276427e-01    2.3311862e+00
  -4.2980981e-01   -7.4252402e-01    2.3305194e+00
  -4.1300309e-01   -7.5190378e-01    2.3298478e+00
  -3.9599640e-01   -7.6090355e-01    2.3291717e+00
  -3.7877975e-01   -7.6951333e-01    2.3284909e+00
  -3.6137312e-01   -7.7774311e-01    2.3278059e+00
  -3.4379650e-01   -7.8558291e-01    2.3271177e+00
  -3.2604988e-01   -7.9302272e-01    2.3264262e+00
  -3.0814327e-01   -8.0007254e-01    2.3257318e+00
  -2.9007666e-01   -8.0672237e-01    2.3250345e+00
  -2.7187003e-01   -8.1297220e-01    2.3243351e+00
  -2.5353339e-01   -8.1881205e-01    2.3236339e+00
  -2.3506672e-01   -8.2424191e-01    2.3229310e+00
  -2.1648002e-01   -8.2925178e-01    2.3222268e+00
  -1.9779328e-01   -8.3384166e-01    2.3215220e+00
  -1.7900649e-01   -8.3801156e-01    2.3208167e+00
  -1.6012965e-01   -8.4177146e-01    2.3201110e+00
  -1.4117276e-01   -8.4510137e-01    2.3194056e+00
  -1.2214580e-01   -8.4800130e-01    2.3187007e+00
  -1.0305877e-01   -8.5049123e-01    2.3179967e+00
  -8.3921662e-02   -8.5254118e-01    2.3172940e+00
  -6.4744473e-02   -8.5418114e-01    2.3165928e+00
  -4.5535191e-02   -8.5538111e-01    2.3158936e+00
  -2.6303815e-02   -8.5616109e-01    2.3151967e+00
  -7.0598386e-03   -8.5652108e-01    2.3145023e+00
   1.2187249e-02   -8.5644108e-01    2.3138110e+00
   3.1427950e-02   -8.5594109e-01    2.3131229e+00
   5.0652775e-02   -8.5500112e-01    2.3124385e+00
   6.9852724e-02   -8.5364115e-01    2.3117581e+00
   8.9016807e-02   -8.5185120e-01    2.3110820e+00
   1.0813503e-01   -8.4963126e-01    2.3104107e+00
   1.2720340e-01   -8.4698133e-01    2.3097443e+00
   1.4620192e-01   -8.4390140e-01    2.3090835e+00
   1.6513061e-01   -8.4038150e-01    2.3084283e+00
   1.8396945e-01   -8.3644160e-01    2.3077794e+00
   2.0271847e-01   -8.3207171e-01    2.3071368e+00
   2.2135767e-01   -8.2728183e-01    2.3065012e+00
   2.3988705e-01   -8.2206197e-01    2.3058727e+00
   2.5829661e-01   -8.1643211e-01    2.3052514e+00
   2.7657637e-01   -8.1039227e-01    2.3046377e+00
   2.9471631e-01   -8.0395244e-01    2.3040319e+00
   3.1270646e-01   -7.9711261e-01    2.3034343e+00
   3.3054680e-01   -7.8988280e-01    2.3028450e+00
   3.4822735e-01   -7.8227300e-01    2.3022641e+00
   3.6574809e-01   -7.7428320e-01    2.3016917e+00
   3.8308905e-01   -7.6592342e-01    2.3011285e+00
   4.0025022e-01   -7.5719364e-01    2.3005743e+00
   4.1721162e-01   -7.4809388e-01    2.3000300e+00
   4.3398323e-01   -7.3863412e-01    2.2994951e+00
   4.5053508e-01   -7.2880438e-01    2.2989708e+00
   4.6686716e-01   -7.1861464e-01    2.2984570e+00
   4.8296949e-01   -7.0805491e-01    2.2979540e+00
   4.9883206e-01   -6.9714519e-01    2.2974623e+00
   5.1443489e-01   -6.8587549e-01    2.2969824e+00
   5.2978798e-01   -6.7424579e-01    2.2965141e+00
   5.4486133e-01   -6.6227610e-01    2.2960583e+00
   5.5966495e-01   -6.4995641e-01    2.2956147e+00
   5.7416886e-01   -6.3729674e-01    2.2951844e+00
   5.8838303e-01   -6.2429708e-01    2.2947669e+00
   6.0228749e-01   -6.1098742e-01    2.2943628e+00
   6.1588223e-01   -5.9734777e-01    2.2939721e+00
   6.2915726e-01   -5.8339813e-01    2.2935952e+00
   6.4210258e-01   -5.6913850e-01    2.2932324e+00
   6.5470820e-01   -5.5458888e-01    2.2928839e+00
   6.6697411e-01   -5.3973926e-01    2.2925497e+00
   6.7890032e-01   -5.2461965e-01    2.2922297e+00
   6.9045683e-01   -5.0922005e-01    2.2919250e+00
   7.0166364e-01   -4.9355045e-01    2.2916349e+00
   7.1251074e-01   -4.7764086e-01    2.2913593e+00
   7.2297816e-01   -4.6148128e-01    2.2910992e+00
   7.3308586e-01   -4.4508170e-01    2.2908538e+00
   7.4281387e-01   -4.2846213e-01    2.2906236e+00
   7.5217218e-01   -4.1163257e-01    2.2904082e+00
   7.6115078e-01   -3.9459301e-01    2.2902080e+00
   7.6974968e-01   -3.7736345e-01    2.2900228e+00
   7.7797886e-01   -3.5994390e-01    2.2898522e+00
   7.8580835e-01   -3.4235436e-01    2.2896973e+00
   7.9325812e-01   -3.2459482e-01    2.2895572e+00
   8.0031819e-01   -3.0667528e-01    2.2894322e+00
   8.0698855e-01   -2.8860575e-01    2.2893224e+00
   8.1324921e-01   -2.7039622e-01    2.2892283e+00
   8.1910018e-01   -2.5204669e-01    2.2891499e+00
   8.2454143e-01   -2.3356717e-01    2.2890872e+00
   8.2955300e-01   -2.1496765e-01    2.2890408e+00
   8.3413487e-01   -1.9626813e-01    2.2890106e+00
   8.3828705e-01   -1.7745862e-01    2.2889966e+00
   8.4198954e-01   -1.5855910e-01    2.2889994e+00
   8.4524235e-01   -1.3957959e-01    2.2890189e+00
   8.4805545e-01   -1.2052009e-01    2.2890549e+00
   8.5041886e-01   -1.0141058e-01    2.2891073e+00
   8.5232258e-01   -8.2243074e-02    2.2891767e+00
   8.5378660e-01   -6.3038570e-02    2.2892622e+00
   8.5480091e-01   -4.3806067e-02    2.2893641e+00
   8.5537552e-01   -2.4555564e-02    2.2894818e+00
   8.5551041e-01   -5.2967615e-03    2.2896155e+00
   8.5520558e-01    1.3960441e-02    2.2897649e+00
   8.5446103e-01    3.3204944e-02    2.2899301e+00
   8.5327676e-01    5.2427448e-02    2.2901109e+00
   8.5166276e-01    7.1617952e-02    2.2903069e+00
   8.4960904e-01    9.0766458e-02    2.2905185e+00
   8.4711558e-01    1.0986396e-01    2.2907454e+00
   8.4418239e-01    1.2889347e-01    2.2909877e+00
   8.4081946e-01    1.4786298e-01    2.2912451e+00
   8.3702679e-01    1.6674250e-01    2.2915172e+00
   8.3280437e-01    1.8553201e-01    2.2918041e+00
   8.2815220e-01    2.0421153e-01    2.2921056e+00
   8.2309027e-01    2.2279105e-01    2.2924212e+00
   8.1759859e-01    2.4125057e-01    2.2927514e+00
   8.1170713e-01    2.5958010e-01    2.2930950e+00
   8.0540590e-01    2.7777963e-01    2.2934524e+00
   7.9869490e-01    2.9582916e-01    2.2938235e+00
   7.9158412e-01    3.1372870e-01    2.2942078e+00
   7.8407355e-01    3.3145824e-01    2.2946053e+00
   7.7616320e-01    3.4900779e-01    2.2950159e+00
   7.6785305e-01    3.6637734e-01    2.2954395e+00
   7.5914312e-01    3.8355690e-01    2.2958762e+00
   7.5004338e-01    4.0051646e-01    2.2963253e+00
   7.4054384e-01    4.1726603e-01    2.2967872e+00
   7.3066449e-01    4.3379560e-01    2.2972612e+00
   7.2039533e-01    4.5008518e-01    2.2977476e+00
   7.0975635e-01    4.6613476e-01    2.2982454e+00
   6.9875754e-01    4.8193436e-01    2.2987544e+00
   6.8739889e-01    4.9747395e-01    2.2992745e+00
   6.7570040e-01    5.1276356e-01    2.2998050e+00
   6.6366206e-01    5.2779317e-01    2.3003459e+00
   6.5129386e-01    5.4254279e-01    2.3008966e+00
   6.3860579e-01    5.5702242e-01    2.3014568e+00
   6.2560786e-01    5.7122205e-01    2.3020262e+00
   6.1229005e-01    5.8512169e-01    2.3026049e+00
   5.9867236e-01    5.9873134e-01    2.3031923e+00
   5.8475479e-01    6.1203100e-01    2.3037883e+00
   5.7053733e-01    6.2501066e-01    2.3043927e+00
   5.5602997e-01    6.3766033e-01    2.3050052e+00
   5.4123270e-01    6.4997002e-01    2.3056257e+00
   5.2615554e-01    6.6193971e-01    2.3062538e+00
   5.1080845e-01    6.7355941e-01    2.3068890e+00
   4.9519144e-01    6.8480912e-01    2.3075313e+00
   4.7931451e-01    6.9569884e-01    2.3081804e+00
   4.6319764e-01    7.0620856e-01    2.3088354e+00
   4.4683083e-01    7.1634830e-01    2.3094967e+00
   4.3023407e-01    7.2609805e-01    2.3101634e+00
   4.1340736e-01    7.3544781e-01    2.3108355e+00
   3.9637068e-01    7.4440758e-01    2.3115124e+00
   3.7912402e-01    7.5295736e-01    2.3121939e+00
   3.6168739e-01    7.6108715e-01    2.3128792e+00
   3.4405077e-01    7.6880695e-01    2.3135687e+00
   3.2624416e-01    7.7610676e-01    2.3142613e+00
   3.0826755e-01    7.8297658e-01    2.3149570e+00
   2.9013093e-01    7.8941642e-01    2.3156553e+00
   2.7184429e-01    7.9542626e-01    2.3163559e+00
   2.5341764e-01    8.0101612e-01    2.3170585e+00
   2.3488094e-01    8.0616598e-01    2.3177619e+00
   2.1622422e-01    8.1089586e-01    2.3184666e+00
   1.9745745e-01    8.1518575e-01    2.3191721e+00
   1.7861062e-01    8.1905565e-01    2.3198774e+00
   1.5967374e-01    8.2249556e-01    2.3205829e+00
   1.4065680e-01    8.2550548e-01    2.3212882e+00
   1.2158979e-01    8.2808542e-01    2.3219922e+00
   1.0246270e-01    8.3022536e-01    2.3226952e+00
   8.3287524e-02    8.3193532e-01    2.3233968e+00
   6.4082257e-02    8.3320528e-01    2.3240963e+00
   4.4852893e-02    8.3403526e-01    2.3247936e+00
   2.5610426e-02    8.3443525e-01    2.3254882e+00
   6.3627458e-03    8.3438525e-01    2.3261798e+00
  -1.2878852e-02    8.3389527e-01    2.3268680e+00
  -3.2103671e-02    8.3297529e-01    2.3275525e+00
  -5.1303620e-02    8.3161533e-01    2.3282329e+00
  -7.0467704e-02    8.2982537e-01    2.3289089e+00
  -8.9586930e-02    8.2759543e-01    2.3295802e+00
  -1.0865230e-01    8.2493550e-01    2.3302465e+00
  -1.2765083e-01    8.2184558e-01    2.3309072e+00
  -1.4656952e-01    8.1832567e-01    2.3315620e+00
  -1.6540837e-01    8.1437577e-01    2.3322108e+00
  -1.8415739e-01    8.0999588e-01    2.3328533e+00
  -2.0279659e-01    8.0520601e-01    2.3334889e+00
  -2.2132597e-01    7.9998614e-01    2.3341175e+00
  -2.3973553e-01    7.9436629e-01    2.3347389e+00
  -2.5801528e-01    7.8833644e-01    2.3353527e+00
  -2.7616521e-01    7.8190661e-01    2.3359589e+00
  -2.9416535e-01    7.7507679e-01    2.3365569e+00
  -3.1200569e-01    7.6785697e-01    2.3371463e+00
  -3.2969623e-01    7.6024717e-01    2.3377275e+00
  -3.4720699e-01    7.5225738e-01    2.3382995e+00
  -3.6454795e-01    7.4388759e-01    2.3388627e+00
  -3.8168913e-01    7.3513782e-01    2.3394160e+00
  -3.9864054e-01    7.2600805e-01    2.3399597e+00
  -4.1539217e-01    7.1651830e-01    2.3404937e+00
  -4.3191405e-01    7.0663855e-01    2.3410166e+00
  -4.4822616e-01    6.9639882e-01    2.3415293e+00
  -4.6428853e-01    6.8579909e-01    2.3420305e+00
  -4.8012113e-01    6.7482937e-01    2.3425208e+00
  -4.9569400e-01    6.6350967e-01    2.3429992e+00
  -5.1099713e-01    6.5182997e-01    2.3434654e+00
  -5.2604052e-01    6.3981028e-01    2.3439197e+00
  -5.4079419e-01    6.2744060e-01    2.3443611e+00
  -5.5525813e-01    6.1472093e-01    2.3447896e+00
  -5.6942235e-01    6.0168126e-01    2.3452050e+00
  -5.8326686e-01    5.8830161e-01    2.3456065e+00
  -5.9680166e-01    5.7461196e-01    2.3459946e+00
  -6.1000675e-01    5.6059232e-01    2.3463685e+00
  -6.2288213e-01    5.4627269e-01    2.3467284e+00
  -6.3540782e-01    5.3164307e-01    2.3470735e+00
  -6.4759380e-01    5.1673346e-01    2.3474043e+00
  -6.5942009e-01    5.0154385e-01    2.3477202e+00
  -6.7089667e-01    4.8607425e-01    2.3480215e+00
  -6.8202354e-01    4.7035466e-01    2.3483085e+00
  -6.9278072e-01    4.5438507e-01    2.3485803e+00
  -7.0317819e-01    4.3817549e-01    2.3488376e+00
  -7.1320596e-01    4.2173591e-01    2.3490798e+00
  -7.2287402e-01    4.0507634e-01    2.3493076e+00
  -7.3215239e-01    3.8819678e-01    2.3495197e+00
  -7.4106104e-01    3.7112722e-01    2.3497172e+00
  -7.4957001e-01    3.5384766e-01    2.3498988e+00
  -7.5767929e-01    3.3637811e-01    2.3500647e+00
  -7.6537887e-01    3.1872857e-01    2.3502146e+00
  -7.7266877e-01    3.0089903e-01    2.3503484e+00
  -7.7951900e-01    2.8289950e-01    2.3504653e+00
  -7.8594953e-01    2.6474996e-01    2.3505659e+00
  -7.9194039e-01    2.4644044e-01    2.3506496e+00
  -7.9748158e-01    2.2800091e-01    2.3507162e+00
  -8.0259307e-01    2.0943139e-01    2.3507664e+00
  -8.0726488e-01    1.9074188e-01    2.3507999e+00
  -8.1149700e-01    1.7195236e-01    2.3508170e+00
  -8.1528943e-01    1.5307285e-01    2.3508175e+00
  -8.1865216e-01    1.3411334e-01    2.3508021e+00
  -8.2158518e-01    1.1507383e-01    2.3507706e+00
  -8.2406851e-01    9.5975323e-02    2.3507225e+00
  -8.2613213e-01    7.6825818e-02    2.3506590e+00
  -8.2775604e-01    5.7634313e-02    2.3505793e+00
  -8.2893024e-01    3.8410810e-02    2.3504833e+00
  -8.2967473e-01    1.9166307e-02    2.3503717e+00
  -8.2996952e-01   -9.1129783e-05    2.3502438e+00
  -8.2981460e-01   -1.9349699e-02    2.3500997e+00
  -8.2921995e-01   -3.8599201e-02    2.3499399e+00
  -8.2817560e-01   -5.7829705e-02    2.3497641e+00
  -8.2668152e-01   -7.7031209e-02    2.3495723e+00
  -8.2473773e-01   -9.6191714e-02    2.3493646e+00
  -8.2236420e-01   -1.1530022e-01    2.3491419e+00
  -8.1954094e-01   -1.3434973e-01    2.3489034e+00
  -8.1627795e-01   -1.5332924e-01    2.3486496e+00
  -8.1257523e-01   -1.7222875e-01    2.3483806e+00
  -8.0843276e-01   -1.9103826e-01    2.3480964e+00
  -8.0386055e-01   -2.0974778e-01    2.3477975e+00
  -7.9884859e-01   -2.2833730e-01    2.3474836e+00
  -7.9340688e-01   -2.4680682e-01    2.3471552e+00
  -7.8753541e-01   -2.6514635e-01    2.3468122e+00
  -7.8123418e-01   -2.8334588e-01    2.3464548e+00
  -7.7451318e-01   -3.0139541e-01    2.3460834e+00
  -7.6737242e-01   -3.1927495e-01    2.3456981e+00
  -7.5981188e-01   -3.3698450e-01    2.3452990e+00
  -7.5184155e-01   -3.5451404e-01    2.3448864e+00
  -7.4347144e-01   -3.7185360e-01    2.3444608e+00
  -7.3470153e-01   -3.8899315e-01    2.3440223e+00
  -7.2554183e-01   -4.0593272e-01    2.3435712e+00
  -7.1599231e-01   -4.2264228e-01    2.3431077e+00
  -7.0605299e-01   -4.3914186e-01    2.3426317e+00
  -6.9573386e-01   -4.5539144e-01    2.3421439e+00
  -6.8503491e-01   -4.7140102e-01    2.3416442e+00
  -6.7397612e-01   -4.8716062e-01    2.3411333e+00
  -6.6254751e-01   -5.0266022e-01    2.3406110e+00
  -6.5076905e-01   -5.1787982e-01    2.3400781e+00
  -6.3863075e-01   -5.3282944e-01    2.3395343e+00
  -6.2615260e-01   -5.4748906e-01    2.3389803e+00
  -6.1333459e-01   -5.6184869e-01    2.3384162e+00
  -6.0018671e-01   -5.7590833e-01    2.3378424e+00
  -5.8671897e-01   -5.8966797e-01    2.3372593e+00
  -5.7293134e-01   -6.0309762e-01    2.3366671e+00
  -5.5883384e-01   -6.1621728e-01    2.3360660e+00
  -5.4444643e-01   -6.2899695e-01    2.3354569e+00
  -5.2974914e-01   -6.4143663e-01    2.3348391e+00
  -5.1477194e-01   -6.5352632e-01    2.3342137e+00
  -4.9951483e-01   -6.6526602e-01    2.3335808e+00
  -4.8398779e-01   -6.7663572e-01    2.3329409e+00
  -4.6820084e-01   -6.8764544e-01    2.3322942e+00
  -4.5214395e-01   -6.9826517e-01    2.3316406e+00
  -4.3584712e-01   -7.0850490e-01    2.3309811e+00
  -4.1931035e-01   -7.1835465e-01    2.3303158e+00
  -4.0254362e-01   -7.2780440e-01    2.3296451e+00
  -3.8554694e-01   -7.3685417e-01    2.3289690e+00
  -3.6835028e-01   -7.4548395e-01    2.3282887e+00
  -3.5094365e-01   -7.5371373e-01    2.3276038e+00
  -3.3335702e-01   -7.6152353e-01    2.3269154e+00
  -3.1559041e-01   -7.6892334e-01    2.3262235e+00
  -2.9765380e-01   -7.7591316e-01    2.3255285e+00
  -2.7956719e-01   -7.8248299e-01    2.3248310e+00
  -2.6133056e-01   -7.8864283e-01    2.3241311e+00
  -2.4296391e-01   -7.9439268e-01    2.3234295e+00
  -2.2446723e-01   -7.9973255e-01    2.3227262e+00
  -2.0586052e-01   -8.0465242e-01    2.3220219e+00
  -1.8715377e-01   -8.0916230e-01    2.3213170e+00
  -1.6834698e-01   -8.1325220e-01    2.3206115e+00
  -1.4945013e-01   -8.1691210e-01    2.3199059e+00
  -1.3047322e-01   -8.2015202e-01    2.3192004e+00
  -1.1143624e-01   -8.2294195e-01    2.3184960e+00
  -9.2330190e-02   -8.2529189e-01    2.3177922e+00
  -7.3178055e-02   -8.2720184e-01    2.3170900e+00
  -5.3984827e-02   -8.2865180e-01    2.3163896e+00
  -3.4763499e-02   -8.2964177e-01    2.3156915e+00
  -1.5524064e-02   -8.3017176e-01    2.3149961e+00
   3.7230830e-03   -8.3025176e-01    2.3143036e+00
   2.2967151e-02   -8.2987177e-01    2.3136145e+00
   4.2196941e-02   -8.2905179e-01    2.3129291e+00
   6.1402863e-02   -8.2778182e-01    2.3122478e+00
   8.0574918e-02   -8.2608187e-01    2.3115708e+00
   9.9705111e-02   -8.2395192e-01    2.3108984e+00
   1.1878545e-01   -8.2139199e-01    2.3102309e+00
   1.3779394e-01   -8.1841206e-01    2.3095690e+00
   1.5674258e-01   -8.1502215e-01    2.3089122e+00
   1.7561137e-01   -8.1120225e-01    2.3082614e+00
   1.9439034e-01   -8.0695236e-01    2.3076169e+00
   2.1305949e-01   -8.0228248e-01    2.3069793e+00
   2.3161882e-01   -7.9718261e-01    2.3063488e+00
   2.5005834e-01   -7.9165275e-01    2.3057257e+00
   2.6835806e-01   -7.8568291e-01    2.3051108e+00
   2.8651798e-01   -7.7928307e-01    2.3045040e+00
   3.0450813e-01   -7.7244325e-01    2.3039065e+00
   3.2233849e-01   -7.6518344e-01    2.3033177e+00
   3.3998907e-01   -7.5750364e-01    2.3027384e+00
   3.5745987e-01   -7.4941384e-01    2.3021685e+00
   3.7473091e-01   -7.4091406e-01    2.3016088e+00
   3.9181218e-01   -7.3202429e-01    2.3010587e+00
   4.0868367e-01   -7.2276453e-01    2.3005187e+00
   4.2534540e-01   -7.1311478e-01    2.2999892e+00
   4.4179736e-01   -7.0310504e-01    2.2994697e+00
   4.5800957e-01   -6.9271531e-01    2.2989616e+00
   4.7398203e-01   -6.8197559e-01    2.2984647e+00
   4.8971473e-01   -6.7087587e-01    2.2979789e+00
   5.0517771e-01   -6.5940617e-01    2.2975055e+00
   5.2038094e-01   -6.4758647e-01    2.2970440e+00
   5.3530445e-01   -6.3541679e-01    2.2965950e+00
   5.4993823e-01   -6.2289711e-01    2.2961590e+00
   5.6427229e-01   -6.1004744e-01    2.2957361e+00
   5.7830663e-01   -5.9685778e-01    2.2953265e+00
   5.9202126e-01   -5.8335813e-01    2.2949305e+00
   6.0543617e-01   -5.6952849e-01    2.2945477e+00
   6.1851137e-01   -5.5539886e-01    2.2941793e+00
   6.3126686e-01   -5.4097923e-01    2.2938244e+00
   6.4368264e-01   -5.2624961e-01    2.2934840e+00
   6.5573873e-01   -5.1124000e-01    2.2931586e+00
   6.6743513e-01   -4.9594039e-01    2.2928481e+00
   6.7876184e-01   -4.8037079e-01    2.2925529e+00
   6.8969887e-01   -4.6452120e-01    2.2922737e+00
   7.0024622e-01   -4.4840162e-01    2.2920105e+00
   7.1039389e-01   -4.3204204e-01    2.2917633e+00
   7.2014189e-01   -4.1543247e-01    2.2915324e+00
   7.2949020e-01   -3.9859290e-01    2.2913174e+00
   7.3844882e-01   -3.8154335e-01    2.2911180e+00
   7.4699775e-01   -3.6428379e-01    2.2909348e+00
   7.5516698e-01   -3.4684424e-01    2.2907665e+00
   7.6293651e-01   -3.2922470e-01    2.2906139e+00
   7.7031634e-01   -3.1143516e-01    2.2904765e+00
   7.7731646e-01   -2.9348562e-01    2.2903540e+00
   7.8390688e-01   -2.7539609e-01    2.2902472e+00
   7.9008760e-01   -2.5715656e-01    2.2901561e+00
   7.9585862e-01   -2.3877703e-01    2.2900808e+00
   8.0119995e-01   -2.2027751e-01    2.2900219e+00
   8.0610159e-01   -2.0164799e-01    2.2899796e+00
   8.1054356e-01   -1.8290847e-01    2.2899547e+00
   8.1452586e-01   -1.6405896e-01    2.2899471e+00
   8.1804848e-01   -1.4512945e-01    2.2899566e+00
   8.2109143e-01   -1.2610994e-01    2.2899840e+00
   8.2365470e-01   -1.0702043e-01    2.2900291e+00
   8.2574829e-01   -8.7877929e-02    2.2900915e+00
   8.2737220e-01   -6.8686424e-02    2.2901712e+00
   8.2851643e-01   -4.9460921e-02    2.2902683e+00
   8.2919097e-01   -3.0213418e-02    2.2903825e+00
   8.2939581e-01   -1.0954915e-02    2.2905136e+00
   8.2912096e-01    8.3020874e-03    2.2906620e+00
   8.2838641e-01    2.7547090e-02    2.2908268e+00
   8.2718216e-01    4.6768594e-02    2.2910083e+00
   8.2551819e-01    6.5955099e-02    2.2912061e+00
   8.2340450e-01    8.5096604e-02    2.2914197e+00
   8.2084108e-01    1.0418411e-01    2.2916491e+00
   8.1782794e-01    1.2320362e-01    2.2918942e+00
   8.1439506e-01    1.4215313e-01    2.2921539e+00
   8.1052243e-01    1.6102264e-01    2.2924288e+00
   8.0622006e-01    1.7979216e-01    2.2927185e+00
   8.0150793e-01    1.9846168e-01    2.2930221e+00
   7.9636605e-01    2.1702120e-01    2.2933404e+00
   7.9079441e-01    2.3545072e-01    2.2936733e+00
   7.8479301e-01    2.5375025e-01    2.2940206e+00
   7.7837185e-01    2.7190978e-01    2.2943820e+00
   7.7152092e-01    2.8989932e-01    2.2947577e+00
   7.6423024e-01    3.0771886e-01    2.2951479e+00
   7.5651978e-01    3.2536840e-01    2.2955520e+00
   7.4837954e-01    3.4281795e-01    2.2959702e+00
   7.3981953e-01    3.6006750e-01    2.2964019e+00
   7.3085972e-01    3.7710706e-01    2.2968466e+00
   7.2150011e-01    3.9393663e-01    2.2973040e+00
   7.1175070e-01    4.1053620e-01    2.2977739e+00
   7.0163147e-01    4.2691578e-01    2.2982555e+00
   6.9114242e-01    4.4306536e-01    2.2987487e+00
   6.8030353e-01    4.5897495e-01    2.2992527e+00
   6.6910481e-01    4.7463454e-01    2.2997679e+00
   6.5756624e-01    4.9005415e-01    2.3002936e+00
   6.4568783e-01    5.0520376e-01    2.3008296e+00
   6.3347956e-01    5.2008337e-01    2.3013754e+00
   6.2093144e-01    5.3468299e-01    2.3019315e+00
   6.0805345e-01    5.4899262e-01    2.3024974e+00
   5.9485560e-01    5.6301226e-01    2.3030726e+00
   5.8134787e-01    5.7672191e-01    2.3036568e+00
   5.6752026e-01    5.9011156e-01    2.3042502e+00
   5.5338277e-01    6.0318122e-01    2.3048524e+00
   5.3895538e-01    6.1592090e-01    2.3054627e+00
   5.2422809e-01    6.2832058e-01    2.3060813e+00
   5.0922090e-01    6.4038026e-01    2.3067075e+00
   4.9392381e-01    6.5206996e-01    2.3073415e+00
   4.7836678e-01    6.6339967e-01    2.3079822e+00
   4.6253983e-01    6.7434939e-01    2.3086299e+00
   4.4644296e-01    6.8491911e-01    2.3092846e+00
   4.3010614e-01    6.9508885e-01    2.3099450e+00
   4.1350938e-01    7.0483860e-01    2.3106117e+00
   3.9668266e-01    7.1417836e-01    2.3112838e+00
   3.7961599e-01    7.2308813e-01    2.3119614e+00
   3.6232934e-01    7.3155791e-01    2.3126438e+00
   3.4484271e-01    7.3958770e-01    2.3133301e+00
   3.2715610e-01    7.4717751e-01    2.3140205e+00
   3.0927949e-01    7.5432732e-01    2.3147146e+00
   2.9124288e-01    7.6103715e-01    2.3154112e+00
   2.7304625e-01    7.6730699e-01    2.3161105e+00
   2.5469961e-01    7.7313684e-01    2.3168119e+00
   2.3622294e-01    7.7852670e-01    2.3175149e+00
   2.1762623e-01    7.8348657e-01    2.3182191e+00
   1.9891948e-01    7.8799645e-01    2.3189240e+00
   1.8011268e-01    7.9207635e-01    2.3196294e+00
   1.6120583e-01    7.9570625e-01    2.3203352e+00
   1.4222891e-01    7.9888617e-01    2.3210403e+00
   1.2317193e-01    8.0161610e-01    2.3217450e+00
   1.0406485e-01    8.0387604e-01    2.3224481e+00
   8.4897699e-02    8.0567600e-01    2.3231501e+00
   6.5696446e-02    8.0700596e-01    2.3238499e+00
   4.6469088e-02    8.0786594e-01    2.3245473e+00
   2.7225619e-02    8.0825593e-01    2.3252419e+00
   7.9786333e-03    8.0818593e-01    2.3259333e+00
  -1.1261673e-02    8.0766594e-01    2.3266212e+00
  -3.0483512e-02    8.0667597e-01    2.3273051e+00
  -4.9677486e-02    8.0523601e-01    2.3279847e+00
  -6.8833598e-02    8.0335606e-01    2.3286598e+00
  -8.7939858e-02    8.0102612e-01    2.3293299e+00
  -1.0699027e-01    7.9826619e-01    2.3299949e+00
  -1.2596884e-01    7.9505627e-01    2.3306541e+00
  -1.4486757e-01    7.9141636e-01    2.3313073e+00
  -1.6367647e-01    7.8733647e-01    2.3319541e+00
  -1.8239555e-01    7.8282659e-01    2.3325946e+00
  -2.0099481e-01    7.7788671e-01    2.3332277e+00
  -2.1948425e-01    7.7252685e-01    2.3338538e+00
  -2.3784388e-01    7.6674700e-01    2.3344723e+00
  -2.5607371e-01    7.6054716e-01    2.3350830e+00
  -2.7415374e-01    7.5394733e-01    2.3356855e+00
  -2.9209395e-01    7.4695751e-01    2.3362802e+00
  -3.0987438e-01    7.3957770e-01    2.3368663e+00
  -3.2748501e-01    7.3180790e-01    2.3374435e+00
  -3.4492585e-01    7.2365811e-01    2.3380119e+00
  -3.6218690e-01    7.1512833e-01    2.3385710e+00
  -3.7925817e-01    7.0622856e-01    2.3391207e+00
  -3.9611968e-01    6.9693880e-01    2.3396601e+00
  -4.1277142e-01    6.8726905e-01    2.3401891e+00
  -4.2919341e-01    6.7721931e-01    2.3407072e+00
  -4.4536566e-01    6.6677958e-01    2.3412135e+00
  -4.6128817e-01    6.5595986e-01    2.3417081e+00
  -4.7694096e-01    6.4474015e-01    2.3421901e+00
  -4.9231403e-01    6.3314045e-01    2.3426593e+00
  -5.0738738e-01    6.2117076e-01    2.3431151e+00
  -5.2216103e-01    6.0882108e-01    2.3435574e+00
  -5.3663496e-01    5.9612141e-01    2.3439864e+00
  -5.5078919e-01    5.8306174e-01    2.3444013e+00
  -5.6462372e-01    5.6967209e-01    2.3448023e+00
  -5.7813853e-01    5.5595244e-01    2.3451895e+00
  -5.9132364e-01    5.4192281e-01    2.3455626e+00
  -6.0417904e-01    5.2759318e-01    2.3459217e+00
  -6.1670473e-01    5.1296355e-01    2.3462668e+00
  -6.2888072e-01    4.9804394e-01    2.3465972e+00
  -6.4071700e-01    4.8285433e-01    2.3469135e+00
  -6.5219358e-01    4.6738473e-01    2.3472148e+00
  -6.6330047e-01    4.5165514e-01    2.3475009e+00
  -6.7402767e-01    4.3566555e-01    2.3477716e+00
  -6.8437518e-01    4.1941597e-01    2.3480267e+00
  -6.9433301e-01    4.0293640e-01    2.3482662e+00
  -7.0389115e-01    3.8621683e-01    2.3484895e+00
  -7.1303962e-01    3.6926727e-01    2.3486965e+00
  -7.2177841e-01    3.5210771e-01    2.3488873e+00
  -7.3008753e-01    3.3473816e-01    2.3490610e+00
  -7.3797698e-01    3.1716861e-01    2.3492183e+00
  -7.4542675e-01    2.9940907e-01    2.3493584e+00
  -7.5244685e-01    2.8146953e-01    2.3494818e+00
  -7.5901728e-01    2.6337000e-01    2.3495878e+00
  -7.6513805e-01    2.4510047e-01    2.3496764e+00
  -7.7079915e-01    2.2670095e-01    2.3497476e+00
  -7.7601057e-01    2.0816143e-01    2.3498017e+00
  -7.8076232e-01    1.8949191e-01    2.3498382e+00
  -7.8505440e-01    1.7071239e-01    2.3498575e+00
  -7.8889680e-01    1.5184288e-01    2.3498599e+00
  -7.9226952e-01    1.3288337e-01    2.3498448e+00
  -7.9519255e-01    1.1384386e-01    2.3498129e+00
  -7.9766588e-01    9.4744355e-02    2.3497645e+00
  -7.9967953e-01    7.5590850e-02    2.3496992e+00
  -8.0125348e-01    5.6395345e-02    2.3496177e+00
  -8.0237772e-01    3.7168842e-02    2.3495198e+00
  -8.0305225e-01    1.7921339e-02    2.3494057e+00
  -8.0327708e-01   -1.3365637e-03    2.3492753e+00
  -8.0306220e-01   -2.0594666e-02    2.3491290e+00
  -8.0239760e-01   -3.9842169e-02    2.3489667e+00
  -8.0128329e-01   -5.9068673e-02    2.3487884e+00
  -7.9971926e-01   -7.8264177e-02    2.3485941e+00
  -7.9771550e-01   -9.7418682e-02    2.3483844e+00
  -7.9526202e-01   -1.1652019e-01    2.3481588e+00
  -7.9236881e-01   -1.3555970e-01    2.3479179e+00
  -7.8901587e-01   -1.5451921e-01    2.3476610e+00
  -7.8522320e-01   -1.7340872e-01    2.3473888e+00
  -7.8099079e-01   -1.9218824e-01    2.3471016e+00
  -7.7629864e-01   -2.1086775e-01    2.3467986e+00
  -7.7115676e-01   -2.2942727e-01    2.3464803e+00
  -7.6556513e-01   -2.4785680e-01    2.3461467e+00
  -7.5952376e-01   -2.6613633e-01    2.3457981e+00
  -7.5303263e-01   -2.8426586e-01    2.3454344e+00
  -7.4609176e-01   -3.0222539e-01    2.3450557e+00
  -7.3871112e-01   -3.2001493e-01    2.3446625e+00
  -7.3089072e-01   -3.3760448e-01    2.3442548e+00
  -7.2263055e-01   -3.5500403e-01    2.3438328e+00
  -7.1395059e-01   -3.7218359e-01    2.3433972e+00
  -7.0485086e-01   -3.8915315e-01    2.3429480e+00
  -6.9534133e-01   -4.0590272e-01    2.3424857e+00
  -6.8544199e-01   -4.2241229e-01    2.3420111e+00
  -6.7515284e-01   -4.3869187e-01    2.3415242e+00
  -6.6449386e-01   -4.5472146e-01    2.3410257e+00
  -6.5345507e-01   -4.7050105e-01    2.3405154e+00
  -6.4205644e-01   -4.8601065e-01    2.3399941e+00
  -6.3030797e-01   -5.0126025e-01    2.3394621e+00
  -6.1819966e-01   -5.1622987e-01    2.3389192e+00
  -6.0574150e-01   -5.3089949e-01    2.3383658e+00
  -5.9293348e-01   -5.4527912e-01    2.3378020e+00
  -5.7978561e-01   -5.5934875e-01    2.3372281e+00
  -5.6630787e-01   -5.7308840e-01    2.3366448e+00
  -5.5249026e-01   -5.8648805e-01    2.3360517e+00
  -5.3835276e-01   -5.9955771e-01    2.3354495e+00
  -5.2389539e-01   -6.1226739e-01    2.3348384e+00
  -5.0912812e-01   -6.2461707e-01    2.3342187e+00
  -4.9406094e-01   -6.3659676e-01    2.3335909e+00
  -4.7871386e-01   -6.4820646e-01    2.3329557e+00
  -4.6307686e-01   -6.5943617e-01    2.3323128e+00
  -4.4716994e-01   -6.7028589e-01    2.3316630e+00
  -4.3101307e-01   -6.8073562e-01    2.3310070e+00
  -4.1459628e-01   -6.9079536e-01    2.3303445e+00
  -3.9794952e-01   -7.0045511e-01    2.3296766e+00
  -3.8107281e-01   -7.0969487e-01    2.3290035e+00
  -3.6396615e-01   -7.1853464e-01    2.3283249e+00
  -3.4665950e-01   -7.2695442e-01    2.3276422e+00
  -3.2915287e-01   -7.3494422e-01    2.3269554e+00
  -3.1145626e-01   -7.4251402e-01    2.3262648e+00
  -2.9357965e-01   -7.4966384e-01    2.3255708e+00
  -2.7554304e-01   -7.5637367e-01    2.3248741e+00
  -2.5734641e-01   -7.6264350e-01    2.3241749e+00
  -2.3900977e-01   -7.6848335e-01    2.3234737e+00
  -2.2053310e-01   -7.7388321e-01    2.3227707e+00
  -2.0193639e-01   -7.7884308e-01    2.3220665e+00
  -1.8322964e-01   -7.8335297e-01    2.3213615e+00
  -1.6441285e-01   -7.8742286e-01    2.3206558e+00
  -1.4550599e-01   -7.9104277e-01    2.3199501e+00
  -1.2652907e-01   -7.9421269e-01    2.3192451e+00
  -1.0747209e-01   -7.9694262e-01    2.3185404e+00
  -8.8362016e-02   -7.9921256e-01    2.3178371e+00
  -6.9201865e-02   -8.0104251e-01    2.3171352e+00
  -5.0004622e-02   -8.0242248e-01    2.3164351e+00
  -3.0780283e-02   -8.0336245e-01    2.3157373e+00
  -1.1538838e-02   -8.0385244e-01    2.3150421e+00
   7.7080190e-03   -8.0389244e-01    2.3143499e+00
   2.6951395e-02   -8.0348245e-01    2.3136610e+00
   4.6179194e-02   -8.0263247e-01    2.3129759e+00
   6.5383128e-02   -8.0132250e-01    2.3122950e+00
   8.4549205e-02   -7.9955255e-01    2.3116187e+00
   1.0367143e-01   -7.9733261e-01    2.3109473e+00
   1.2272981e-01   -7.9463268e-01    2.3102816e+00
   1.4171836e-01   -7.9147276e-01    2.3096217e+00
   1.6061709e-01   -7.8785285e-01    2.3089683e+00
   1.7942600e-01   -7.8376296e-01    2.3083216e+00
   1.9813509e-01   -7.7921308e-01    2.3076817e+00
   2.1671438e-01   -7.7420320e-01    2.3070499e+00
   2.3518386e-01   -7.6875335e-01    2.3064251e+00
   2.5351354e-01   -7.6287350e-01    2.3058085e+00
   2.7169343e-01   -7.5656366e-01    2.3052003e+00
   2.8973351e-01   -7.4983383e-01    2.3046002e+00
   3.0761380e-01   -7.4270402e-01    2.3040087e+00
   3.2532431e-01   -7.3516421e-01    2.3034262e+00
   3.4286504e-01   -7.2721442e-01    2.3028528e+00
   3.6020599e-01   -7.1887463e-01    2.3022894e+00
   3.7735717e-01   -7.1012486e-01    2.3017358e+00
   3.9429859e-01   -7.0098510e-01    2.3011925e+00
   4.1102025e-01   -6.9143534e-01    2.3006600e+00
   4.2750218e-01   -6.8148560e-01    2.3001391e+00
   4.4374436e-01   -6.7113587e-01    2.2996296e+00
   4.5971682e-01   -6.6039614e-01    2.2991327e+00
   4.7542954e-01   -6.4927643e-01    2.2986478e+00
   4.9087254e-01   -6.3776673e-01    2.2981754e+00
   5.0602582e-01   -6.2588704e-01    2.2977161e+00
   5.2088938e-01   -6.1364735e-01    2.2972698e+00
   5.3546322e-01   -6.0106768e-01    2.2968363e+00
   5.4972735e-01   -5.8812801e-01    2.2964166e+00
   5.6368176e-01   -5.7486835e-01    2.2960103e+00
   5.7731647e-01   -5.6126870e-01    2.2956180e+00
   5.9062147e-01   -5.4734906e-01    2.2952398e+00
   6.0358677e-01   -5.3310943e-01    2.2948761e+00
   6.1620238e-01   -5.1856981e-01    2.2945272e+00
   6.2845830e-01   -5.0371019e-01    2.2941934e+00
   6.4034454e-01   -4.8856058e-01    2.2938751e+00
   6.5186109e-01   -4.7312098e-01    2.2935721e+00
   6.6298796e-01   -4.5740139e-01    2.2932852e+00
   6.7372515e-01   -4.4142180e-01    2.2930141e+00
   6.8406267e-01   -4.2517222e-01    2.2927593e+00
   6.9401051e-01   -4.0868264e-01    2.2925203e+00
   7.0355866e-01   -3.9195308e-01    2.2922974e+00
   7.1268715e-01   -3.7500351e-01    2.2920911e+00
   7.2141594e-01   -3.5783396e-01    2.2919008e+00
   7.2972507e-01   -3.4045441e-01    2.2917271e+00
   7.3760452e-01   -3.2288486e-01    2.2915702e+00
   7.4506429e-01   -3.0512532e-01    2.2914297e+00
   7.5208438e-01   -2.8719578e-01    2.2913063e+00
   7.5865481e-01   -2.6909625e-01    2.2912002e+00
   7.6479557e-01   -2.5083672e-01    2.2911108e+00
   7.7047665e-01   -2.3243720e-01    2.2910389e+00
   7.7571805e-01   -2.1389767e-01    2.2909838e+00
   7.8049978e-01   -1.9524816e-01    2.2909460e+00
   7.8484183e-01   -1.7647864e-01    2.2909249e+00
   7.8872419e-01   -1.5761913e-01    2.2909210e+00
   7.9215687e-01   -1.3866962e-01    2.2909338e+00
   7.9512987e-01   -1.1964011e-01    2.2909638e+00
   7.9763318e-01   -1.0054060e-01    2.2910112e+00
   7.9966682e-01   -8.1388096e-02    2.2910758e+00
   8.0122077e-01   -6.2191592e-02    2.2911580e+00
   8.0229505e-01   -4.2962089e-02    2.2912577e+00
   8.0286965e-01   -2.3711586e-02    2.2913754e+00
   8.0295457e-01   -4.4524833e-03    2.2915109e+00
   8.0252982e-01    1.4802419e-02    2.2916646e+00
   8.0162537e-01    3.4038923e-02    2.2918355e+00
   8.0021125e-01    5.3246427e-02    2.2920244e+00
   7.9832742e-01    7.2411932e-02    2.2922300e+00
   7.9595389e-01    9.1524438e-02    2.2924528e+00
   7.9312064e-01    1.1057395e-01    2.2926916e+00
   7.8982767e-01    1.2954346e-01    2.2929464e+00
   7.8608497e-01    1.4843297e-01    2.2932168e+00
   7.8189253e-01    1.6723248e-01    2.2935027e+00
   7.7726035e-01    1.8592200e-01    2.2938036e+00
   7.7218843e-01    2.0450152e-01    2.2941196e+00
   7.6668675e-01    2.2296104e-01    2.2944501e+00
   7.6074532e-01    2.4127057e-01    2.2947953e+00
   7.5437413e-01    2.5945010e-01    2.2951551e+00
   7.4757318e-01    2.7745964e-01    2.2955291e+00
   7.4034246e-01    2.9530918e-01    2.2959174e+00
   7.3268197e-01    3.1296872e-01    2.2963198e+00
   7.2460171e-01    3.3044827e-01    2.2967360e+00
   7.1610166e-01    3.4772782e-01    2.2971658e+00
   7.0719183e-01    3.6479738e-01    2.2976089e+00
   6.9788219e-01    3.8164695e-01    2.2980647e+00
   6.8816277e-01    3.9827652e-01    2.2985337e+00
   6.7805353e-01    4.1465609e-01    2.2990149e+00
   6.6755448e-01    4.3079568e-01    2.2995084e+00
   6.5667561e-01    4.4668527e-01    2.3000137e+00
   6.4540693e-01    4.6229486e-01    2.3005311e+00
   6.3377840e-01    4.7763447e-01    2.3010594e+00
   6.2177005e-01    4.9268408e-01    2.3015994e+00
   6.0940184e-01    5.0743370e-01    2.3021500e+00
   5.9668379e-01    5.2188332e-01    2.3027112e+00
   5.8361589e-01    5.3602296e-01    2.3032826e+00
   5.7020812e-01    5.4984260e-01    2.3038640e+00
   5.5648047e-01    5.6333225e-01    2.3044545e+00
   5.4241296e-01    5.7648191e-01    2.3050548e+00
   5.2804555e-01    5.8929158e-01    2.3056634e+00
   5.1336824e-01    6.0174126e-01    2.3062805e+00
   4.9839104e-01    6.1383095e-01    2.3069059e+00
   4.8312393e-01    6.2556065e-01    2.3075391e+00
   4.6759690e-01    6.3694035e-01    2.3081791e+00
   4.5181994e-01    6.4797007e-01    2.3088256e+00
   4.3581304e-01    6.5864979e-01    2.3094778e+00
   4.1958620e-01    6.6900952e-01    2.3101356e+00
   4.0315940e-01    6.7904927e-01    2.3107984e+00
   3.8654265e-01    6.8876901e-01    2.3114656e+00
   3.6974592e-01    6.9814877e-01    2.3121369e+00
   3.5273924e-01    7.0716854e-01    2.3128131e+00
   3.3551258e-01    7.1575832e-01    2.3134942e+00
   3.1805595e-01    7.2385811e-01    2.3141800e+00
   3.0032934e-01    7.3135791e-01    2.3148711e+00
   2.8230273e-01    7.3811774e-01    2.3155678e+00
   2.6398609e-01    7.4402759e-01    2.3162687e+00
   2.4537938e-01    7.4894746e-01    2.3169730e+00
   2.2651255e-01    7.5273736e-01    2.3176785e+00
   2.0744553e-01    7.5533730e-01    2.3183826e+00
   1.8824828e-01    7.5667726e-01    2.3190824e+00
   1.6900073e-01    7.5675726e-01    2.3197749e+00
   1.4978286e-01    7.5564729e-01    2.3204578e+00
   1.3066464e-01    7.5344734e-01    2.3211292e+00
   1.1167610e-01    7.5031743e-01    2.3217893e+00
   9.2805305e-02    7.4650752e-01    2.3224403e+00
   7.4029338e-02    7.4226763e-01    2.3230848e+00
   5.5291705e-02    7.3784847e-01    2.3236265e+00
   3.6543688e-02    7.3348858e-01    2.3242691e+00
   1.7746561e-02    7.2931012e-01    2.3247147e+00
  -1.0950785e-03    7.2534238e-01    2.3250633e+00
  -1.9981424e-02    7.2156679e-01    2.3251147e+00
  -3.8908071e-02    7.1799407e-01    2.3247687e+00
  -5.7860434e-02    7.1462350e-01    2.3241249e+00
  -7.6828118e-02    7.1144580e-01    2.3230828e+00
  -9.5798547e-02    7.0841025e-01    2.3217416e+00
  -1.1476714e-01    7.0546614e-01    2.3202008e+00
  -1.3372551e-01    7.0262418e-01    2.3183602e+00
  -1.5269384e-01    6.9986222e-01    2.3165206e+00
  -1.7167573e-01    6.9721097e-01    2.3145821e+00
  -1.9069038e-01    6.9469828e-01    2.3128460e+00
  -2.0973777e-01    6.9234416e-01    2.3113123e+00
  -2.2884430e-01    6.9017787e-01    2.3100823e+00
  -2.4798637e-01    6.8819870e-01    2.3092552e+00
  -2.6715399e-01    6.8640665e-01    2.3088306e+00
  -2.8634359e-01    6.8476100e-01    2.3089082e+00
  -3.0553598e-01    6.8319392e-01    2.3091866e+00
  -3.2471401e-01    6.8159396e-01    2.3098646e+00
  -3.4387851e-01    6.7975329e-01    2.3106403e+00
  -3.6298676e-01    6.7743335e-01    2.3113106e+00
  -3.8198528e-01    6.7439343e-01    2.3119717e+00
  -4.0080417e-01    6.7034353e-01    2.3126191e+00
  -4.1932356e-01    6.6510367e-01    2.3132471e+00
  -4.3747350e-01    6.5867383e-01    2.3138534e+00
  -4.5515404e-01    6.5107403e-01    2.3144343e+00
  -4.7231521e-01    6.4235426e-01    2.3149885e+00
  -4.8890701e-01    6.3258451e-01    2.3155147e+00
  -5.0489946e-01    6.2185479e-01    2.3160125e+00
  -5.2029250e-01    6.1030508e-01    2.3164828e+00
  -5.3514607e-01    5.9805540e-01    2.3169286e+00
  -5.4951010e-01    5.8522573e-01    2.3173527e+00
  -5.6343454e-01    5.7192607e-01    2.3177577e+00
  -5.7696934e-01    5.5823643e-01    2.3181458e+00
  -5.9018442e-01    5.4421679e-01    2.3185200e+00
  -6.0307979e-01    5.2992716e-01    2.3188808e+00
  -6.1570539e-01    5.1537754e-01    2.3192301e+00
  -6.2804124e-01    5.0059792e-01    2.3195672e+00
  -6.4008734e-01    4.8556831e-01    2.3198922e+00
  -6.5181371e-01    4.7029870e-01    2.3202039e+00
  -6.6322035e-01    4.5477910e-01    2.3205024e+00
  -6.7426729e-01    4.3900951e-01    2.3207861e+00
  -6.8492455e-01    4.2296992e-01    2.3210539e+00
  -6.9519213e-01    4.0668034e-01    2.3213058e+00
  -7.0504004e-01    3.9012077e-01    2.3215408e+00
  -7.1445830e-01    3.7333120e-01    2.3217586e+00
  -7.2343690e-01    3.5629164e-01    2.3219588e+00
  -7.3196585e-01    3.3902209e-01    2.3221412e+00
  -7.4003516e-01    3.2153254e-01    2.3223055e+00
  -7.4765481e-01    3.0384300e-01    2.3224523e+00
  -7.5481480e-01    2.8596346e-01    2.3225811e+00
  -7.6150514e-01    2.6791393e-01    2.3226918e+00
  -7.6774582e-01    2.4968440e-01    2.3227850e+00
  -7.7351684e-01    2.3131487e-01    2.3228604e+00
  -7.7883819e-01    2.1280535e-01    2.3229186e+00
  -7.8369986e-01    1.9416583e-01    2.3229593e+00
  -7.8810186e-01    1.7541631e-01    2.3229827e+00
  -7.9205418e-01    1.5656680e-01    2.3229892e+00
  -7.9554682e-01    1.3762729e-01    2.3229786e+00
  -7.9858976e-01    1.1860778e-01    2.3229512e+00
  -8.0118302e-01    9.9525274e-02    2.3229072e+00
  -8.0331659e-01    8.0384769e-02    2.3228462e+00
  -8.0500045e-01    6.1198264e-02    2.3227688e+00
  -8.0622463e-01    4.1977761e-02    2.3226746e+00
  -8.0698911e-01    2.2734258e-02    2.3225637e+00
  -8.0730388e-01    3.4772549e-03    2.3224365e+00
  -8.0715895e-01   -1.5781748e-02    2.3222928e+00
  -8.0655431e-01   -3.5031251e-02    2.3221326e+00
  -8.0549996e-01   -5.4260754e-02    2.3219564e+00
  -8.0398590e-01   -7.3459258e-02    2.3217639e+00
  -8.0200213e-01   -9.2616764e-02    2.3215549e+00
  -7.9956864e-01   -1.1171627e-01    2.3213300e+00
  -7.9667542e-01   -1.3075578e-01    2.3210891e+00
  -7.9332249e-01   -1.4972529e-01    2.3208321e+00
  -7.8950983e-01   -1.6860480e-01    2.3205593e+00
  -7.8524743e-01   -1.8737432e-01    2.3202711e+00
  -7.8051531e-01   -2.0604383e-01    2.3199667e+00
  -7.7534345e-01   -2.2459336e-01    2.3196474e+00
  -7.6972184e-01   -2.4301288e-01    2.3193129e+00
  -7.6365048e-01   -2.6129241e-01    2.3189632e+00
  -7.5714936e-01   -2.7941194e-01    2.3185991e+00
  -7.5022848e-01   -2.9738148e-01    2.3182211e+00
  -7.4286783e-01   -3.1518102e-01    2.3178285e+00
  -7.3509740e-01   -3.3279056e-01    2.3174225e+00
  -7.2691718e-01   -3.5022011e-01    2.3170031e+00
  -7.1831719e-01   -3.6744967e-01    2.3165701e+00
  -7.0931740e-01   -3.8447923e-01    2.3161241e+00
  -6.9991782e-01   -4.0127879e-01    2.3156653e+00
  -6.9010843e-01   -4.1784836e-01    2.3151936e+00
  -6.7990924e-01   -4.3417794e-01    2.3147095e+00
  -6.6932023e-01   -4.5025753e-01    2.3142132e+00
  -6.5834141e-01   -4.6607712e-01    2.3137047e+00
  -6.4698276e-01   -4.8161672e-01    2.3131847e+00
  -6.3525429e-01   -4.9688632e-01    2.3126532e+00
  -6.2316596e-01   -5.1186594e-01    2.3121109e+00
  -6.1071780e-01   -5.2655556e-01    2.3115578e+00
  -5.9792978e-01   -5.4094519e-01    2.3109946e+00
  -5.8481189e-01   -5.5503482e-01    2.3104217e+00
  -5.7136414e-01   -5.6880447e-01    2.3098393e+00
  -5.5759651e-01   -5.8226412e-01    2.3092475e+00
  -5.4352899e-01   -5.9540378e-01    2.3086473e+00
  -5.2915158e-01   -6.0820345e-01    2.3080384e+00
  -5.1448428e-01   -6.2067313e-01    2.3074215e+00
  -4.9951707e-01   -6.3278281e-01    2.3067964e+00
  -4.8427995e-01   -6.4454251e-01    2.3061640e+00
  -4.6876292e-01   -6.5593222e-01    2.3055243e+00
  -4.5296597e-01   -6.6694193e-01    2.3048772e+00
  -4.3691908e-01   -6.7756166e-01    2.3042240e+00
  -4.2061225e-01   -6.8779139e-01    2.3035642e+00
  -4.0406548e-01   -6.9762114e-01    2.3028987e+00
  -3.8727876e-01   -7.0704090e-01    2.3022275e+00
  -3.7027207e-01   -7.1605066e-01    2.3015513e+00
  -3.5304542e-01   -7.2464044e-01    2.3008703e+00
  -3.3561879e-01   -7.3282023e-01    2.3001850e+00
  -3.1801217e-01   -7.4058003e-01    2.2994963e+00
  -3.0021556e-01   -7.4790984e-01    2.2988038e+00
  -2.8224894e-01   -7.5480966e-01    2.2981083e+00
  -2.6412232e-01   -7.6127950e-01    2.2974101e+00
  -2.4584569e-01   -7.6731934e-01    2.2967097e+00
  -2.2742903e-01   -7.7290920e-01    2.2960074e+00
  -2.0888234e-01   -7.7805906e-01    2.2953037e+00
  -1.9021561e-01   -7.8274894e-01    2.2945989e+00
  -1.7143884e-01   -7.8699883e-01    2.2938933e+00
  -1.5257201e-01   -7.9079873e-01    2.2931878e+00
  -1.3361511e-01   -7.9413865e-01    2.2924823e+00
  -1.1458815e-01   -7.9703857e-01    2.2917774e+00
  -9.5500114e-02   -7.9947851e-01    2.2910737e+00
  -7.6356994e-02   -8.0146846e-01    2.2903712e+00
  -5.7171787e-02   -8.0301842e-01    2.2896704e+00
  -3.7956481e-02   -8.0410839e-01    2.2889718e+00
  -1.8720072e-02   -8.0474837e-01    2.2882756e+00
   5.2644714e-04   -8.0493837e-01    2.2875824e+00
   1.9772085e-02   -8.0466838e-01    2.2868925e+00
   3.9005850e-02   -8.0393839e-01    2.2862063e+00
   5.8215749e-02   -8.0274842e-01    2.2855243e+00
   7.7391791e-02   -8.0108847e-01    2.2848469e+00
   9.6521984e-02   -7.9895852e-01    2.2841745e+00
   1.1559333e-01   -7.9636859e-01    2.2835075e+00
   1.3460185e-01   -7.9330867e-01    2.2828462e+00
   1.5352054e-01   -7.8978876e-01    2.2821914e+00
   1.7235939e-01   -7.8581886e-01    2.2815427e+00
   1.9108844e-01   -7.8138898e-01    2.2809013e+00
   2.0970767e-01   -7.7650910e-01    2.2802670e+00
   2.2820710e-01   -7.7118924e-01    2.2796403e+00
   2.4657672e-01   -7.6542939e-01    2.2790213e+00
   2.6480654e-01   -7.5923955e-01    2.2784105e+00
   2.8287658e-01   -7.5260972e-01    2.2778086e+00
   3.0079683e-01   -7.4555990e-01    2.2772151e+00
   3.1853730e-01   -7.3809009e-01    2.2766310e+00
   3.3609799e-01   -7.3020030e-01    2.2760565e+00
   3.5345893e-01   -7.2189051e-01    2.2754921e+00
   3.7062010e-01   -7.1317074e-01    2.2749379e+00
   3.8757150e-01   -7.0404097e-01    2.2743942e+00
   4.0430316e-01   -6.9451122e-01    2.2738613e+00
   4.2078508e-01   -6.8457148e-01    2.2733402e+00
   4.3703725e-01   -6.7424174e-01    2.2728303e+00
   4.5302969e-01   -6.6352202e-01    2.2723325e+00
   4.6875240e-01   -6.5241231e-01    2.2718471e+00
   4.8421538e-01   -6.4093260e-01    2.2713738e+00
   4.9938864e-01   -6.2908291e-01    2.2709136e+00
   5.1427218e-01   -6.1686323e-01    2.2704664e+00
   5.2885601e-01   -6.0429355e-01    2.2700325e+00
   5.4314012e-01   -5.9138388e-01    2.2696119e+00
   5.5712451e-01   -5.7814423e-01    2.2692044e+00
   5.7077920e-01   -5.6456458e-01    2.2688112e+00
   5.8411417e-01   -5.5067493e-01    2.2684317e+00
   5.9710945e-01   -5.3647530e-01    2.2680666e+00
   6.0977501e-01   -5.2196568e-01    2.2677157e+00
   6.2209088e-01   -5.0716606e-01    2.2673793e+00
   6.3405705e-01   -4.9207645e-01    2.2670577e+00
   6.4566352e-01   -4.7670684e-01    2.2667510e+00
   6.5690031e-01   -4.6106725e-01    2.2664595e+00
   6.6776739e-01   -4.4516766e-01    2.2661832e+00
   6.7824480e-01   -4.2900808e-01    2.2659227e+00
   6.8835251e-01   -4.1261850e-01    2.2656773e+00
   6.9806053e-01   -3.9597893e-01    2.2654479e+00
   7.0736887e-01   -3.7912936e-01    2.2652345e+00
   7.1628753e-01   -3.6204981e-01    2.2650367e+00
   7.2478650e-01   -3.4478025e-01    2.2648553e+00
   7.3288578e-01   -3.2730070e-01    2.2646899e+00
   7.4055539e-01   -3.0963116e-01    2.2645412e+00
   7.4779533e-01   -2.9179162e-01    2.2644093e+00
   7.5460558e-01   -2.7377209e-01    2.2642940e+00
   7.6096617e-01   -2.5559255e-01    2.2641961e+00
   7.6687709e-01   -2.3726303e-01    2.2641154e+00
   7.7233833e-01   -2.1879351e-01    2.2640519e+00
   7.7732991e-01   -2.0019399e-01    2.2640063e+00
   7.8186182e-01   -1.8147447e-01    2.2639780e+00
   7.8593405e-01   -1.6265495e-01    2.2639669e+00
   7.8954661e-01   -1.4373544e-01    2.2639731e+00
   7.9270947e-01   -1.2473593e-01    2.2639960e+00
   7.9541265e-01   -1.0566643e-01    2.2640360e+00
   7.9767613e-01   -8.6538921e-02    2.2640922e+00
   7.9947992e-01   -6.7364416e-02    2.2641652e+00
   8.0083401e-01   -4.8151912e-02    2.2642547e+00
   8.0173840e-01   -2.8914409e-02    2.2643605e+00
   8.0218308e-01   -9.6598059e-03    2.2644830e+00
   8.0215808e-01    9.5992968e-03    2.2646224e+00
   8.0166337e-01    2.8852100e-02    2.2647787e+00
   8.0068897e-01    4.8086603e-02    2.2649520e+00
   7.9922488e-01    6.7290107e-02    2.2651428e+00
   7.9729107e-01    8.6449612e-02    2.2653501e+00
   7.9485758e-01    1.0555812e-01    2.2655750e+00
   7.9195438e-01    1.2459763e-01    2.2658162e+00
   7.8857146e-01    1.4354714e-01    2.2660741e+00
   7.8472882e-01    1.6241665e-01    2.2663480e+00
   7.8042645e-01    1.8119617e-01    2.2666377e+00
   7.7566434e-01    1.9985568e-01    2.2669431e+00
   7.7046249e-01    2.1839520e-01    2.2672634e+00
   7.6482089e-01    2.3680473e-01    2.2675986e+00
   7.5874954e-01    2.5508426e-01    2.2679483e+00
   7.5224842e-01    2.7320379e-01    2.2683123e+00
   7.4531754e-01    2.9117333e-01    2.2686907e+00
   7.3795689e-01    3.0896287e-01    2.2690832e+00
   7.3016647e-01    3.2657241e-01    2.2694899e+00
   7.2195627e-01    3.4399196e-01    2.2699103e+00
   7.1331630e-01    3.6120152e-01    2.2703447e+00
   7.0426654e-01    3.7819108e-01    2.2707922e+00
   6.9479699e-01    3.9496064e-01    2.2712532e+00
   6.8492763e-01    4.1149022e-01    2.2717269e+00
   6.7465847e-01    4.2776980e-01    2.2722131e+00
   6.6399950e-01    4.4380938e-01    2.2727116e+00
   6.5295071e-01    4.5957898e-01    2.2732222e+00
   6.4154209e-01    4.7508858e-01    2.2737439e+00
   6.2977362e-01    4.9031818e-01    2.2742765e+00
   6.1765532e-01    5.0527780e-01    2.2748197e+00
   6.0518716e-01    5.1994742e-01    2.2753734e+00
   5.9238914e-01    5.3432705e-01    2.2759369e+00
   5.7926126e-01    5.4840668e-01    2.2765101e+00
   5.6580351e-01    5.6217633e-01    2.2770929e+00
   5.5203588e-01    5.7563598e-01    2.2776846e+00
   5.3796836e-01    5.8876564e-01    2.2782847e+00
   5.2359095e-01    6.0156531e-01    2.2788936e+00
   5.0891366e-01    6.1403499e-01    2.2795109e+00
   4.9395645e-01    6.2614467e-01    2.2801357e+00
   4.7871933e-01    6.3790437e-01    2.2807680e+00
   4.6320229e-01    6.4930408e-01    2.2814078e+00
   4.4743533e-01    6.6033379e-01    2.2820540e+00
   4.3140844e-01    6.7100352e-01    2.2827068e+00
   4.1514160e-01    6.8128325e-01    2.2833655e+00
   3.9863482e-01    6.9119299e-01    2.2840302e+00
   3.8190809e-01    7.0072275e-01    2.2847000e+00
   3.6497139e-01    7.0986251e-01    2.2853746e+00
   3.4783472e-01    7.1862229e-01    2.2860537e+00
   3.3049808e-01    7.2698207e-01    2.2867370e+00
   3.1297146e-01    7.3494187e-01    2.2874243e+00
   2.9526485e-01    7.4249167e-01    2.2881151e+00
   2.7739823e-01    7.4963149e-01    2.2888088e+00
   2.5936162e-01    7.5635131e-01    2.2895055e+00
   2.4116500e-01    7.6265115e-01    2.2902049e+00
   2.2283835e-01    7.6851100e-01    2.2909059e+00
   2.0437168e-01    7.7393086e-01    2.2916087e+00
   1.8577498e-01    7.7891073e-01    2.2923131e+00
   1.6707823e-01    7.8345061e-01    2.2930178e+00
   1.4827144e-01    7.8755051e-01    2.2937234e+00
   1.2937459e-01    7.9122041e-01    2.2944291e+00
   1.1039769e-01    7.9446033e-01    2.2951346e+00
   9.1362713e-02    7.9728026e-01    2.2958392e+00
   7.2267670e-02    7.9969019e-01    2.2965429e+00
   5.3125552e-02    8.0169014e-01    2.2972454e+00
   3.3945357e-02    8.0330010e-01    2.2979465e+00
   1.4737077e-02    8.0451007e-01    2.2986457e+00
  -4.4931890e-03    8.0533005e-01    2.2993429e+00
  -2.3735753e-02    8.0574004e-01    2.3000376e+00
  -4.2983321e-02    8.0574004e-01    2.3007296e+00
  -6.2225997e-02    8.0533005e-01    2.3014184e+00
  -8.1454796e-02    8.0448007e-01    2.3021035e+00
  -1.0066372e-01    8.0319010e-01    2.3027848e+00
  -1.1983179e-01    8.0144015e-01    2.3034612e+00
  -1.3895001e-01    7.9923020e-01    2.3041326e+00
  -1.5800840e-01    7.9654027e-01    2.3047984e+00
  -1.7699695e-01    7.9337036e-01    2.3054582e+00
  -1.9589568e-01    7.8973045e-01    2.3061114e+00
  -2.1469460e-01    7.8561056e-01    2.3067576e+00
  -2.3339371e-01    7.8103067e-01    2.3073969e+00
  -2.5197301e-01    7.7599081e-01    2.3080285e+00
  -2.7042251e-01    7.7050095e-01    2.3086523e+00
  -2.8874221e-01    7.6458110e-01    2.3092683e+00
  -3.0691211e-01    7.5823126e-01    2.3098758e+00
  -3.2493222e-01    7.5146144e-01    2.3104749e+00
  -3.4279254e-01    7.4428162e-01    2.3110653e+00
  -3.6048307e-01    7.3669182e-01    2.3116467e+00
  -3.7800382e-01    7.2870203e-01    2.3122191e+00
  -3.9532480e-01    7.2031224e-01    2.3127814e+00
  -4.1244601e-01    7.1151247e-01    2.3133336e+00
  -4.2935747e-01    7.0230271e-01    2.3138754e+00
  -4.4603917e-01    6.9269296e-01    2.3144059e+00
  -4.6247115e-01    6.8266322e-01    2.3149245e+00
  -4.7865339e-01    6.7223348e-01    2.3154312e+00
  -4.9456591e-01    6.6139376e-01    2.3159253e+00
  -5.1018873e-01    6.5014405e-01    2.3164060e+00
  -5.2552184e-01    6.3849436e-01    2.3168735e+00
  -5.4055523e-01    6.2645467e-01    2.3173273e+00
  -5.5526894e-01    6.1404499e-01    2.3177670e+00
  -5.6967293e-01    6.0126532e-01    2.3181929e+00
  -5.8374724e-01    5.8812566e-01    2.3186044e+00
  -5.9750184e-01    5.7464600e-01    2.3190019e+00
  -6.1091674e-01    5.6083636e-01    2.3193848e+00
  -6.2400194e-01    5.4670673e-01    2.3197536e+00
  -6.3674743e-01    5.3227710e-01    2.3201080e+00
  -6.4915322e-01    5.1754748e-01    2.3204481e+00
  -6.6120932e-01    5.0252787e-01    2.3207735e+00
  -6.7289572e-01    4.8722826e-01    2.3210836e+00
  -6.8422243e-01    4.7164866e-01    2.3213787e+00
  -6.9517944e-01    4.5580907e-01    2.3216587e+00
  -7.0575677e-01    4.3971949e-01    2.3219232e+00
  -7.1594441e-01    4.2337991e-01    2.3221719e+00
  -7.2574236e-01    4.0680034e-01    2.3224049e+00
  -7.3514063e-01    3.8999077e-01    2.3226219e+00
  -7.4413922e-01    3.7296121e-01    2.3228229e+00
  -7.5272813e-01    3.5572166e-01    2.3230077e+00
  -7.6090735e-01    3.3828211e-01    2.3231763e+00
  -7.6867688e-01    3.2066256e-01    2.3233289e+00
  -7.7602673e-01    3.0286302e-01    2.3234651e+00
  -7.8295690e-01    2.8489349e-01    2.3235850e+00
  -7.8945739e-01    2.6676396e-01    2.3236884e+00
  -7.9552819e-01    2.4848443e-01    2.3237751e+00
  -8.0116930e-01    2.3006490e-01    2.3238455e+00
  -8.0635074e-01    2.1152538e-01    2.3238984e+00
  -8.1109250e-01    1.9285586e-01    2.3239346e+00
  -8.1538458e-01    1.7407635e-01    2.3239538e+00
  -8.1920699e-01    1.5520684e-01    2.3239556e+00
  -8.2257971e-01    1.3623733e-01    2.3239404e+00
  -8.2549275e-01    1.1719782e-01    2.3239082e+00
  -8.2794610e-01    9.8099311e-02    2.3238590e+00
  -8.2993976e-01    7.8943806e-02    2.3237929e+00
  -8.3149372e-01    5.9747302e-02    2.3237108e+00
  -8.3259797e-01    4.0519798e-02    2.3236122e+00
  -8.3326251e-01    2.1271295e-02    2.3234976e+00
  -8.3348734e-01    2.0133927e-03    2.3233672e+00
  -8.3327246e-01   -1.7244710e-02    2.3232210e+00
  -8.3261785e-01   -3.6492213e-02    2.3230591e+00
  -8.3153352e-01   -5.5720716e-02    2.3228818e+00
  -8.2999947e-01   -7.4919221e-02    2.3226886e+00
  -8.2803569e-01   -9.4076726e-02    2.3224802e+00
  -8.2563218e-01   -1.1318623e-01    2.3222564e+00
  -8.2278894e-01   -1.3223574e-01    2.3220172e+00
  -8.1950596e-01   -1.5120525e-01    2.3217628e+00
  -8.1578325e-01   -1.7010476e-01    2.3214930e+00
  -8.1163079e-01   -1.8890428e-01    2.3212086e+00
  -8.0703858e-01   -2.0760379e-01    2.3209090e+00
  -8.0201663e-01   -2.2620331e-01    2.3205947e+00
  -7.9656493e-01   -2.4467284e-01    2.3202659e+00
  -7.9069346e-01   -2.6301236e-01    2.3199229e+00
  -7.8440222e-01   -2.8121189e-01    2.3195659e+00
  -7.7768123e-01   -2.9925143e-01    2.3191946e+00
  -7.7055045e-01   -3.1714097e-01    2.3188096e+00
  -7.6298991e-01   -3.3485051e-01    2.3184104e+00
  -7.5500959e-01   -3.5237006e-01    2.3179975e+00
  -7.4660950e-01   -3.6969961e-01    2.3175709e+00
  -7.3779961e-01   -3.8681917e-01    2.3171311e+00
  -7.2856994e-01   -4.0371873e-01    2.3166778e+00
  -7.1894047e-01   -4.2038830e-01    2.3162118e+00
  -7.0891119e-01   -4.3682787e-01    2.3157330e+00
  -6.9849210e-01   -4.5301746e-01    2.3152420e+00
  -6.8769320e-01   -4.6895704e-01    2.3147392e+00
  -6.7653446e-01   -4.8464664e-01    2.3142252e+00
  -6.6501589e-01   -5.0007624e-01    2.3137002e+00
  -6.5315746e-01   -5.1524585e-01    2.3131648e+00
  -6.4096919e-01   -5.3014546e-01    2.3126195e+00
  -6.2846105e-01   -5.4477509e-01    2.3120646e+00
  -6.1564304e-01   -5.5913472e-01    2.3115006e+00
  -6.0251515e-01   -5.7321435e-01    2.3109274e+00
  -5.8907740e-01   -5.8700400e-01    2.3103451e+00
  -5.7534975e-01   -6.0050365e-01    2.3097546e+00
  -5.6133221e-01   -6.1369331e-01    2.3091558e+00
  -5.4701479e-01   -6.2657297e-01    2.3085485e+00
  -5.3241746e-01   -6.3911265e-01    2.3079336e+00
  -5.1754022e-01   -6.5132234e-01    2.3073109e+00
  -5.0237308e-01   -6.6318203e-01    2.3066804e+00
  -4.8694602e-01   -6.7469173e-01    2.3060431e+00
  -4.7123904e-01   -6.8582144e-01    2.3053984e+00
  -4.5528213e-01   -6.9658117e-01    2.3047474e+00
  -4.3907528e-01   -7.0696090e-01    2.3040901e+00
  -4.2261849e-01   -7.1695064e-01    2.3034267e+00
  -4.0593175e-01   -7.2655039e-01    2.3027578e+00
  -3.8902505e-01   -7.3575015e-01    2.3020838e+00
  -3.7189838e-01   -7.4453993e-01    2.3014049e+00
  -3.5457174e-01   -7.5291971e-01    2.3007218e+00
  -3.3705511e-01   -7.6088951e-01    2.3000348e+00
  -3.1934850e-01   -7.6843931e-01    2.2993440e+00
  -3.0147189e-01   -7.7557913e-01    2.2986500e+00
  -2.8343528e-01   -7.8228895e-01    2.2979533e+00
  -2.6524865e-01   -7.8857879e-01    2.2972543e+00
  -2.4691201e-01   -7.9443864e-01    2.2965530e+00
  -2.2845534e-01   -7.9987850e-01    2.2958504e+00
  -2.0986864e-01   -8.0488837e-01    2.2951462e+00
  -1.9117190e-01   -8.0946825e-01    2.2944411e+00
  -1.7237511e-01   -8.1360814e-01    2.2937356e+00
  -1.5348827e-01   -8.1731805e-01    2.2930300e+00
  -1.3452136e-01   -8.2058796e-01    2.2923246e+00
  -1.1548439e-01   -8.2340789e-01    2.2916200e+00
  -9.6386339e-02   -8.2578783e-01    2.2909163e+00
  -7.7236210e-02   -8.2772778e-01    2.2902140e+00
  -5.8046988e-02   -8.2920774e-01    2.2895135e+00
  -3.8827671e-02   -8.3024771e-01    2.2888151e+00
  -1.9589248e-02   -8.3082770e-01    2.2881193e+00
  -3.4290870e-04   -8.3097770e-01    2.2874264e+00
   1.8901930e-02   -8.3066770e-01    2.2867368e+00
   3.8135697e-02   -8.2992772e-01    2.2860507e+00
   5.7346593e-02   -8.2874775e-01    2.2853685e+00
   7.6526622e-02   -8.2712780e-01    2.2846907e+00
   9.5664790e-02   -8.2507785e-01    2.2840175e+00
   1.1474710e-01   -8.2259791e-01    2.2833493e+00
   1.3377557e-01   -8.1966799e-01    2.2826863e+00
   1.5273419e-01   -8.1630807e-01    2.2820289e+00
   1.7160298e-01   -8.1251817e-01    2.2813779e+00
   1.9037195e-01   -8.0827828e-01    2.2807337e+00
   2.0905110e-01   -8.0359840e-01    2.2800958e+00
   2.2760044e-01   -7.9847854e-01    2.2794658e+00
   2.4603996e-01   -7.9292868e-01    2.2788429e+00
   2.6432969e-01   -7.8693883e-01    2.2782284e+00
   2.8247963e-01   -7.8051900e-01    2.2776221e+00
   3.0046978e-01   -7.7367918e-01    2.2770246e+00
   3.1831012e-01   -7.6642936e-01    2.2764354e+00
   3.3596071e-01   -7.5875956e-01    2.2758560e+00
   3.5344150e-01   -7.5069977e-01    2.2752856e+00
   3.7074251e-01   -7.4222999e-01    2.2747246e+00
   3.8783375e-01   -7.3338022e-01    2.2741738e+00
   4.0472523e-01   -7.2415045e-01    2.2736329e+00
   4.2140694e-01   -7.1453070e-01    2.2731024e+00
   4.3786889e-01   -7.0454096e-01    2.2725825e+00
   4.5409108e-01   -6.9418123e-01    2.2720738e+00
   4.7007353e-01   -6.8344151e-01    2.2715765e+00
