    1    1 2500    1.00
  -8.0362e-01  -2.9472e-01   2.4015e+00
  -7.9692e-01  -3.1278e-01   2.4015e+00
  -7.8982e-01  -3.3068e-01   2.4015e+00
  -7.8230e-01  -3.4841e-01   2.4015e+00
  -7.7439e-01  -3.6597e-01   2.4015e+00
  -7.6608e-01  -3.8335e-01   2.4015e+00
  -7.5738e-01  -4.0053e-01   2.4015e+00
  -7.4828e-01  -4.1751e-01   2.4015e+00
  -7.3880e-01  -4.3427e-01   2.4015e+00
  -7.2894e-01  -4.5081e-01   2.4015e+00
  -7.1870e-01  -4.6713e-01   2.4015e+00
  -7.0809e-01  -4.8320e-01   2.4015e+00
  -6.9711e-01  -4.9902e-01   2.4015e+00
  -6.8577e-01  -5.1459e-01   2.4015e+00
  -6.7408e-01  -5.2990e-01   2.4015e+00
  -6.6204e-01  -5.4493e-01   2.4015e+00
  -6.4967e-01  -5.5969e-01   2.4015e+00
  -6.3696e-01  -5.7416e-01   2.4015e+00
  -6.2392e-01  -5.8834e-01   2.4015e+00
  -6.1057e-01  -6.0222e-01   2.4015e+00
  -5.9692e-01  -6.1580e-01   2.4015e+00
  -5.8296e-01  -6.2907e-01   2.4015e+00
  -5.6871e-01  -6.4203e-01   2.4015e+00
  -5.5418e-01  -6.5468e-01   2.4015e+00
  -5.3938e-01  -6.6700e-01   2.4015e+00
  -5.2431e-01  -6.7899e-01   2.4015e+00
  -5.0898e-01  -6.9065e-01   2.4015e+00
  -4.9341e-01  -7.0198e-01   2.4015e+00
  -4.7759e-01  -7.1296e-01   2.4015e+00
  -4.6153e-01  -7.2360e-01   2.4015e+00
  -4.4524e-01  -7.3387e-01   2.4015e+00
  -4.2872e-01  -7.4378e-01   2.4015e+00
  -4.1198e-01  -7.5330e-01   2.4015e+00
  -3.9503e-01  -7.6244e-01   2.4015e+00
  -3.7786e-01  -7.7116e-01   2.4015e+00
  -3.6048e-01  -7.7948e-01   2.4015e+00
  -3.4291e-01  -7.8736e-01   2.4015e+00
  -3.2515e-01  -7.9481e-01   2.4015e+00
  -3.0721e-01  -8.0182e-01   2.4015e+00
  -2.8911e-01  -8.0838e-01   2.4015e+00
  -2.7084e-01  -8.1451e-01   2.4015e+00
  -2.5244e-01  -8.2019e-01   2.4015e+00
  -2.3391e-01  -8.2544e-01   2.4015e+00
  -2.1527e-01  -8.3028e-01   2.4015e+00
  -1.9653e-01  -8.3470e-01   2.4015e+00
  -1.7769e-01  -8.3872e-01   2.4015e+00
  -1.5877e-01  -8.4234e-01   2.4015e+00
  -1.3979e-01  -8.4557e-01   2.4015e+00
  -1.2074e-01  -8.4841e-01   2.4015e+00
  -1.0163e-01  -8.5085e-01   2.4015e+00
  -8.2481e-02  -8.5289e-01   2.4015e+00
  -6.3291e-02  -8.5453e-01   2.4015e+00
  -4.4070e-02  -8.5575e-01   2.4015e+00
  -2.4827e-02  -8.5655e-01   2.4015e+00
  -5.5708e-03  -8.5691e-01   2.4015e+00
   1.3689e-02  -8.5684e-01   2.4015e+00
   3.2941e-02  -8.5631e-01   2.4015e+00
   5.2177e-02  -8.5534e-01   2.4015e+00
   7.1384e-02  -8.5392e-01   2.4015e+00
   9.0553e-02  -8.5205e-01   2.4015e+00
   1.0967e-01  -8.4974e-01   2.4015e+00
   1.2873e-01  -8.4698e-01   2.4015e+00
   1.4773e-01  -8.4378e-01   2.4015e+00
   1.6664e-01  -8.4015e-01   2.4015e+00
   1.8547e-01  -8.3609e-01   2.4015e+00
   2.0420e-01  -8.3161e-01   2.4015e+00
   2.2282e-01  -8.2671e-01   2.4015e+00
   2.4134e-01  -8.2139e-01   2.4015e+00
   2.5972e-01  -8.1566e-01   2.4015e+00
   2.7798e-01  -8.0952e-01   2.4015e+00
   2.9609e-01  -8.0298e-01   2.4015e+00
   3.1406e-01  -7.9603e-01   2.4015e+00
   3.3186e-01  -7.8869e-01   2.4015e+00
   3.4950e-01  -7.8095e-01   2.4015e+00
   3.6696e-01  -7.7283e-01   2.4015e+00
   3.8424e-01  -7.6432e-01   2.4015e+00
   4.0132e-01  -7.5542e-01   2.4015e+00
   4.1821e-01  -7.4616e-01   2.4015e+00
   4.3488e-01  -7.3653e-01   2.4015e+00
   4.5135e-01  -7.2653e-01   2.4015e+00
   4.6758e-01  -7.1617e-01   2.4015e+00
   4.8359e-01  -7.0546e-01   2.4015e+00
   4.9936e-01  -6.9440e-01   2.4015e+00
   5.1488e-01  -6.8299e-01   2.4015e+00
   5.3014e-01  -6.7125e-01   2.4015e+00
   5.4513e-01  -6.5916e-01   2.4015e+00
   5.5985e-01  -6.4674e-01   2.4015e+00
   5.7429e-01  -6.3399e-01   2.4015e+00
   5.8843e-01  -6.2092e-01   2.4015e+00
   6.0228e-01  -6.0753e-01   2.4015e+00
   6.1581e-01  -5.9383e-01   2.4015e+00
   6.2904e-01  -5.7983e-01   2.4015e+00
   6.4194e-01  -5.6553e-01   2.4015e+00
   6.5452e-01  -5.5094e-01   2.4015e+00
   6.6677e-01  -5.3608e-01   2.4015e+00
   6.7868e-01  -5.2095e-01   2.4015e+00
   6.9025e-01  -5.0555e-01   2.4015e+00
   7.0147e-01  -4.8989e-01   2.4015e+00
   7.1233e-01  -4.7399e-01   2.4015e+00
   7.2283e-01  -4.5784e-01   2.4015e+00
   7.3296e-01  -4.4146e-01   2.4015e+00
   7.4272e-01  -4.2486e-01   2.4015e+00
   7.5209e-01  -4.0803e-01   2.4015e+00
   7.6107e-01  -3.9099e-01   2.4015e+00
   7.6966e-01  -3.7376e-01   2.4015e+00
   7.7785e-01  -3.5632e-01   2.4015e+00
   7.8563e-01  -3.3871e-01   2.4015e+00
   7.9300e-01  -3.2091e-01   2.4015e+00
   7.9996e-01  -3.0295e-01   2.4015e+00
   8.0649e-01  -2.8483e-01   2.4015e+00
   8.1260e-01  -2.6657e-01   2.4015e+00
   8.1828e-01  -2.4817e-01   2.4015e+00
   8.2352e-01  -2.2963e-01   2.4015e+00
   8.2834e-01  -2.1099e-01   2.4015e+00
   8.3272e-01  -1.9223e-01   2.4015e+00
   8.3666e-01  -1.7338e-01   2.4015e+00
   8.4018e-01  -1.5444e-01   2.4015e+00
   8.4325e-01  -1.3543e-01   2.4015e+00
   8.4590e-01  -1.1635e-01   2.4015e+00
   8.4811e-01  -9.7222e-02   2.4015e+00
   8.4990e-01  -7.8045e-02   2.4015e+00
   8.5126e-01  -5.8834e-02   2.4015e+00
   8.5220e-01  -3.9597e-02   2.4015e+00
   8.5271e-01  -2.0344e-02   2.4015e+00
   8.5280e-01  -1.0843e-03   2.4015e+00
   8.5247e-01   1.8173e-02   2.4015e+00
   8.5172e-01   3.7418e-02   2.4015e+00
   8.5055e-01   5.6642e-02   2.4015e+00
   8.4896e-01   7.5836e-02   2.4015e+00
   8.4694e-01   9.4989e-02   2.4015e+00
   8.4450e-01   1.1409e-01   2.4015e+00
   8.4162e-01   1.3314e-01   2.4015e+00
   8.3832e-01   1.5211e-01   2.4015e+00
   8.3458e-01   1.7100e-01   2.4015e+00
   8.3040e-01   1.8981e-01   2.4015e+00
   8.2579e-01   2.0851e-01   2.4015e+00
   8.2075e-01   2.2709e-01   2.4015e+00
   8.1527e-01   2.4556e-01   2.4015e+00
   8.0936e-01   2.6389e-01   2.4015e+00
   8.0302e-01   2.8207e-01   2.4015e+00
   7.9626e-01   3.0011e-01   2.4015e+00
   7.8908e-01   3.1798e-01   2.4015e+00
   7.8150e-01   3.3568e-01   2.4015e+00
   7.7351e-01   3.5321e-01   2.4015e+00
   7.6512e-01   3.7055e-01   2.4015e+00
   7.5635e-01   3.8769e-01   2.4015e+00
   7.4719e-01   4.0463e-01   2.4015e+00
   7.3765e-01   4.2137e-01   2.4015e+00
   7.2774e-01   4.3788e-01   2.4015e+00
   7.1746e-01   4.5417e-01   2.4015e+00
   7.0683e-01   4.7023e-01   2.4015e+00
   6.9583e-01   4.8604e-01   2.4015e+00
   6.8449e-01   5.0161e-01   2.4015e+00
   6.7281e-01   5.1692e-01   2.4015e+00
   6.6078e-01   5.3196e-01   2.4015e+00
   6.4843e-01   5.4674e-01   2.4015e+00
   6.3575e-01   5.6123e-01   2.4015e+00
   6.2275e-01   5.7545e-01   2.4015e+00
   6.0944e-01   5.8936e-01   2.4015e+00
   5.9582e-01   6.0298e-01   2.4015e+00
   5.8190e-01   6.1629e-01   2.4015e+00
   5.6769e-01   6.2929e-01   2.4015e+00
   5.5319e-01   6.4197e-01   2.4015e+00
   5.3841e-01   6.5432e-01   2.4015e+00
   5.2336e-01   6.6633e-01   2.4015e+00
   5.0804e-01   6.7801e-01   2.4015e+00
   4.9247e-01   6.8935e-01   2.4015e+00
   4.7665e-01   7.0033e-01   2.4015e+00
   4.6059e-01   7.1096e-01   2.4015e+00
   4.4429e-01   7.2122e-01   2.4015e+00
   4.2777e-01   7.3112e-01   2.4015e+00
   4.1103e-01   7.4065e-01   2.4015e+00
   3.9409e-01   7.4980e-01   2.4015e+00
   3.7694e-01   7.5858e-01   2.4015e+00
   3.5961e-01   7.6697e-01   2.4015e+00
   3.4209e-01   7.7498e-01   2.4015e+00
   3.2440e-01   7.8260e-01   2.4015e+00
   3.0655e-01   7.8983e-01   2.4015e+00
   2.8855e-01   7.9667e-01   2.4015e+00
   2.7040e-01   8.0310e-01   2.4015e+00
   2.5211e-01   8.0914e-01   2.4015e+00
   2.3369e-01   8.1476e-01   2.4015e+00
   2.1514e-01   8.1997e-01   2.4015e+00
   1.9649e-01   8.2476e-01   2.4015e+00
   1.7773e-01   8.2913e-01   2.4015e+00
   1.5888e-01   8.3307e-01   2.4015e+00
   1.3994e-01   8.3658e-01   2.4015e+00
   1.2093e-01   8.3967e-01   2.4015e+00
   1.0186e-01   8.4233e-01   2.4015e+00
   8.2727e-02   8.4457e-01   2.4015e+00
   6.3555e-02   8.4640e-01   2.4015e+00
   4.4348e-02   8.4783e-01   2.4015e+00
   2.5116e-02   8.4886e-01   2.4015e+00
   5.8668e-03   8.4950e-01   2.4015e+00
  -1.3391e-02   8.4975e-01   2.4015e+00
  -3.2651e-02   8.4962e-01   2.4015e+00
  -5.1903e-02   8.4910e-01   2.4015e+00
  -7.1142e-02   8.4819e-01   2.4015e+00
  -9.0358e-02   8.4690e-01   2.4015e+00
  -1.0954e-01   8.4521e-01   2.4015e+00
  -1.2869e-01   8.4311e-01   2.4015e+00
  -1.4778e-01   8.4061e-01   2.4015e+00
  -1.6682e-01   8.3769e-01   2.4015e+00
  -1.8579e-01   8.3436e-01   2.4015e+00
  -2.0468e-01   8.3060e-01   2.4015e+00
  -2.2348e-01   8.2643e-01   2.4015e+00
  -2.4219e-01   8.2183e-01   2.4015e+00
  -2.6078e-01   8.1682e-01   2.4015e+00
  -2.7926e-01   8.1139e-01   2.4015e+00
  -2.9761e-01   8.0555e-01   2.4015e+00
  -3.1583e-01   7.9930e-01   2.4015e+00
  -3.3390e-01   7.9264e-01   2.4015e+00
  -3.5182e-01   7.8558e-01   2.4015e+00
  -3.6958e-01   7.7813e-01   2.4015e+00
  -3.8717e-01   7.7028e-01   2.4015e+00
  -4.0458e-01   7.6204e-01   2.4015e+00
  -4.2180e-01   7.5342e-01   2.4015e+00
  -4.3883e-01   7.4441e-01   2.4015e+00
  -4.5565e-01   7.3503e-01   2.4015e+00
  -4.7225e-01   7.2527e-01   2.4015e+00
  -4.8863e-01   7.1514e-01   2.4015e+00
  -5.0477e-01   7.0464e-01   2.4015e+00
  -5.2067e-01   6.9377e-01   2.4015e+00
  -5.3632e-01   6.8254e-01   2.4015e+00
  -5.5170e-01   6.7094e-01   2.4015e+00
  -5.6681e-01   6.5900e-01   2.4015e+00
  -5.8163e-01   6.4671e-01   2.4015e+00
  -5.9618e-01   6.3408e-01   2.4015e+00
  -6.1042e-01   6.2112e-01   2.4015e+00
  -6.2437e-01   6.0784e-01   2.4015e+00
  -6.3801e-01   5.9424e-01   2.4015e+00
  -6.5134e-01   5.8034e-01   2.4015e+00
  -6.6436e-01   5.6614e-01   2.4015e+00
  -6.7704e-01   5.5165e-01   2.4015e+00
  -6.8940e-01   5.3688e-01   2.4015e+00
  -7.0141e-01   5.2183e-01   2.4015e+00
  -7.1308e-01   5.0650e-01   2.4015e+00
  -7.2438e-01   4.9091e-01   2.4015e+00
  -7.3532e-01   4.7506e-01   2.4015e+00
  -7.4589e-01   4.5895e-01   2.4015e+00
  -7.5607e-01   4.4261e-01   2.4015e+00
  -7.6587e-01   4.2603e-01   2.4015e+00
  -7.7528e-01   4.0922e-01   2.4015e+00
  -7.8430e-01   3.9221e-01   2.4015e+00
  -7.9293e-01   3.7499e-01   2.4015e+00
  -8.0117e-01   3.5758e-01   2.4015e+00
  -8.0901e-01   3.3999e-01   2.4015e+00
  -8.1645e-01   3.2222e-01   2.4015e+00
  -8.2350e-01   3.0430e-01   2.4015e+00
  -8.3015e-01   2.8622e-01   2.4015e+00
  -8.3639e-01   2.6800e-01   2.4015e+00
  -8.4223e-01   2.4965e-01   2.4015e+00
  -8.4766e-01   2.3117e-01   2.4015e+00
  -8.5268e-01   2.1258e-01   2.4015e+00
  -8.5728e-01   1.9388e-01   2.4015e+00
  -8.6146e-01   1.7507e-01   2.4015e+00
  -8.6522e-01   1.5618e-01   2.4015e+00
  -8.6855e-01   1.3722e-01   2.4015e+00
  -8.7145e-01   1.1818e-01   2.4015e+00
  -8.7393e-01   9.9077e-02   2.4015e+00
  -8.7599e-01   7.9927e-02   2.4015e+00
  -8.7761e-01   6.0736e-02   2.4015e+00
  -8.7882e-01   4.1514e-02   2.4015e+00
  -8.7960e-01   2.2270e-02   2.4015e+00
  -8.7996e-01   3.0137e-03   2.4015e+00
  -8.7991e-01  -1.6246e-02   2.4015e+00
  -8.7943e-01  -3.5500e-02   2.4015e+00
  -8.7855e-01  -5.4739e-02   2.4015e+00
  -8.7725e-01  -7.3955e-02   2.4015e+00
  -8.7553e-01  -9.3138e-02   2.4015e+00
  -8.7341e-01  -1.1228e-01   2.4015e+00
  -8.7086e-01  -1.3137e-01   2.4015e+00
  -8.6791e-01  -1.5040e-01   2.4015e+00
  -8.6454e-01  -1.6937e-01   2.4015e+00
  -8.6076e-01  -1.8825e-01   2.4015e+00
  -8.5657e-01  -2.0705e-01   2.4015e+00
  -8.5196e-01  -2.2575e-01   2.4015e+00
  -8.4696e-01  -2.4435e-01   2.4015e+00
  -8.4154e-01  -2.6283e-01   2.4015e+00
  -8.3573e-01  -2.8119e-01   2.4015e+00
  -8.2953e-01  -2.9943e-01   2.4015e+00
  -8.2293e-01  -3.1752e-01   2.4015e+00
  -8.1595e-01  -3.3547e-01   2.4015e+00
  -8.0858e-01  -3.5326e-01   2.4015e+00
  -8.0083e-01  -3.7090e-01   2.4015e+00
  -7.9269e-01  -3.8835e-01   2.4015e+00
  -7.8418e-01  -4.0563e-01   2.4015e+00
  -7.7528e-01  -4.2271e-01   2.4015e+00
  -7.6601e-01  -4.3959e-01   2.4015e+00
  -7.5635e-01  -4.5625e-01   2.4015e+00
  -7.4631e-01  -4.7269e-01   2.4015e+00
  -7.3591e-01  -4.8890e-01   2.4015e+00
  -7.2513e-01  -5.0486e-01   2.4015e+00
  -7.1398e-01  -5.2057e-01   2.4015e+00
  -7.0248e-01  -5.3602e-01   2.4015e+00
  -6.9064e-01  -5.5120e-01   2.4015e+00
  -6.7845e-01  -5.6612e-01   2.4015e+00
  -6.6594e-01  -5.8076e-01   2.4015e+00
  -6.5312e-01  -5.9513e-01   2.4015e+00
  -6.3998e-01  -6.0922e-01   2.4015e+00
  -6.2656e-01  -6.2302e-01   2.4015e+00
  -6.1284e-01  -6.3654e-01   2.4015e+00
  -5.9885e-01  -6.4978e-01   2.4015e+00
  -5.8458e-01  -6.6272e-01   2.4015e+00
  -5.7005e-01  -6.7535e-01   2.4015e+00
  -5.5525e-01  -6.8768e-01   2.4015e+00
  -5.4020e-01  -6.9970e-01   2.4015e+00
  -5.2489e-01  -7.1139e-01   2.4015e+00
  -5.0933e-01  -7.2274e-01   2.4015e+00
  -4.9352e-01  -7.3374e-01   2.4015e+00
  -4.7747e-01  -7.4438e-01   2.4015e+00
  -4.6118e-01  -7.5465e-01   2.4015e+00
  -4.4465e-01  -7.6455e-01   2.4015e+00
  -4.2791e-01  -7.7406e-01   2.4015e+00
  -4.1095e-01  -7.8319e-01   2.4015e+00
  -3.9379e-01  -7.9193e-01   2.4015e+00
  -3.7643e-01  -8.0028e-01   2.4015e+00
  -3.5890e-01  -8.0825e-01   2.4015e+00
  -3.4119e-01  -8.1583e-01   2.4015e+00
  -3.2333e-01  -8.2303e-01   2.4015e+00
  -3.0532e-01  -8.2986e-01   2.4015e+00
  -2.8717e-01  -8.3629e-01   2.4015e+00
  -2.6888e-01  -8.4234e-01   2.4015e+00
  -2.5047e-01  -8.4799e-01   2.4015e+00
  -2.3194e-01  -8.5324e-01   2.4015e+00
  -2.1330e-01  -8.5808e-01   2.4015e+00
  -1.9455e-01  -8.6250e-01   2.4015e+00
  -1.7571e-01  -8.6649e-01   2.4015e+00
  -1.5678e-01  -8.7004e-01   2.4015e+00
  -1.3777e-01  -8.7315e-01   2.4015e+00
  -1.1870e-01  -8.7583e-01   2.4015e+00
  -9.9572e-02  -8.7806e-01   2.4015e+00
  -8.0397e-02  -8.7987e-01   2.4015e+00
  -6.1187e-02  -8.8125e-01   2.4015e+00
  -4.1951e-02  -8.8221e-01   2.4015e+00
  -2.2700e-02  -8.8276e-01   2.4015e+00
  -3.4404e-03  -8.8291e-01   2.4015e+00
   1.5818e-02  -8.8266e-01   2.4015e+00
   3.5066e-02  -8.8201e-01   2.4015e+00
   5.4298e-02  -8.8096e-01   2.4015e+00
   7.3503e-02  -8.7951e-01   2.4015e+00
   9.2673e-02  -8.7766e-01   2.4015e+00
   1.1180e-01  -8.7540e-01   2.4015e+00
   1.3087e-01  -8.7273e-01   2.4015e+00
   1.4988e-01  -8.6964e-01   2.4015e+00
   1.6882e-01  -8.6614e-01   2.4015e+00
   1.8768e-01  -8.6222e-01   2.4015e+00
   2.0645e-01  -8.5789e-01   2.4015e+00
   2.2511e-01  -8.5314e-01   2.4015e+00
   2.4367e-01  -8.4798e-01   2.4015e+00
   2.6211e-01  -8.4242e-01   2.4015e+00
   2.8042e-01  -8.3645e-01   2.4015e+00
   2.9859e-01  -8.3008e-01   2.4015e+00
   3.1663e-01  -8.2331e-01   2.4015e+00
   3.3451e-01  -8.1616e-01   2.4015e+00
   3.5223e-01  -8.0861e-01   2.4015e+00
   3.6978e-01  -8.0068e-01   2.4015e+00
   3.8715e-01  -7.9236e-01   2.4015e+00
   4.0434e-01  -7.8367e-01   2.4015e+00
   4.2133e-01  -7.7461e-01   2.4015e+00
   4.3812e-01  -7.6518e-01   2.4015e+00
   4.5471e-01  -7.5538e-01   2.4015e+00
   4.7108e-01  -7.4524e-01   2.4015e+00
   4.8722e-01  -7.3473e-01   2.4015e+00
   5.0314e-01  -7.2389e-01   2.4015e+00
   5.1881e-01  -7.1270e-01   2.4015e+00
   5.3424e-01  -7.0118e-01   2.4015e+00
   5.4942e-01  -6.8932e-01   2.4015e+00
   5.6434e-01  -6.7713e-01   2.4015e+00
   5.7898e-01  -6.6462e-01   2.4015e+00
   5.9335e-01  -6.5180e-01   2.4015e+00
   6.0743e-01  -6.3866e-01   2.4015e+00
   6.2123e-01  -6.2522e-01   2.4015e+00
   6.3473e-01  -6.1149e-01   2.4015e+00
   6.4793e-01  -5.9746e-01   2.4015e+00
   6.6083e-01  -5.8316e-01   2.4015e+00
   6.7342e-01  -5.6858e-01   2.4015e+00
   6.8569e-01  -5.5374e-01   2.4015e+00
   6.9764e-01  -5.3864e-01   2.4015e+00
   7.0927e-01  -5.2329e-01   2.4015e+00
   7.2057e-01  -5.0769e-01   2.4015e+00
   7.3152e-01  -4.9185e-01   2.4015e+00
   7.4213e-01  -4.7577e-01   2.4015e+00
   7.5238e-01  -4.5946e-01   2.4015e+00
   7.6226e-01  -4.4293e-01   2.4015e+00
   7.7177e-01  -4.2618e-01   2.4015e+00
   7.8090e-01  -4.0922e-01   2.4015e+00
   7.8963e-01  -3.9206e-01   2.4015e+00
   7.9798e-01  -3.7470e-01   2.4015e+00
   8.0594e-01  -3.5716e-01   2.4015e+00
   8.1349e-01  -3.3945e-01   2.4015e+00
   8.2065e-01  -3.2157e-01   2.4015e+00
   8.2741e-01  -3.0353e-01   2.4015e+00
   8.3377e-01  -2.8535e-01   2.4015e+00
   8.3972e-01  -2.6704e-01   2.4015e+00
   8.4527e-01  -2.4860e-01   2.4015e+00
   8.5042e-01  -2.3003e-01   2.4015e+00
   8.5515e-01  -2.1137e-01   2.4015e+00
   8.5947e-01  -1.9260e-01   2.4015e+00
   8.6338e-01  -1.7374e-01   2.4015e+00
   8.6688e-01  -1.5480e-01   2.4015e+00
   8.6997e-01  -1.3579e-01   2.4015e+00
   8.7264e-01  -1.1672e-01   2.4015e+00
   8.7490e-01  -9.7589e-02   2.4015e+00
   8.7675e-01  -7.8418e-02   2.4015e+00
   8.7819e-01  -5.9212e-02   2.4015e+00
   8.7921e-01  -3.9979e-02   2.4015e+00
   8.7982e-01  -2.0729e-02   2.4015e+00
   8.8001e-01  -1.4705e-03   2.4015e+00
   8.7978e-01   1.7788e-02   2.4015e+00
   8.7912e-01   3.7036e-02   2.4015e+00
   8.7802e-01   5.6265e-02   2.4015e+00
   8.7649e-01   7.5463e-02   2.4015e+00
   8.7452e-01   9.4622e-02   2.4015e+00
   8.7211e-01   1.1373e-01   2.4015e+00
   8.6927e-01   1.3278e-01   2.4015e+00
   8.6599e-01   1.5176e-01   2.4015e+00
   8.6229e-01   1.7066e-01   2.4015e+00
   8.5816e-01   1.8947e-01   2.4015e+00
   8.5363e-01   2.0819e-01   2.4015e+00
   8.4869e-01   2.2680e-01   2.4015e+00
   8.4335e-01   2.4531e-01   2.4015e+00
   8.3762e-01   2.6370e-01   2.4015e+00
   8.3150e-01   2.8196e-01   2.4015e+00
   8.2499e-01   3.0009e-01   2.4015e+00
   8.1810e-01   3.1807e-01   2.4015e+00
   8.1082e-01   3.3590e-01   2.4015e+00
   8.0316e-01   3.5357e-01   2.4015e+00
   7.9512e-01   3.7107e-01   2.4015e+00
   7.8669e-01   3.8839e-01   2.4015e+00
   7.7788e-01   4.0552e-01   2.4015e+00
   7.6870e-01   4.2245e-01   2.4015e+00
   7.5914e-01   4.3917e-01   2.4015e+00
   7.4921e-01   4.5567e-01   2.4015e+00
   7.3892e-01   4.7195e-01   2.4015e+00
   7.2827e-01   4.8800e-01   2.4015e+00
   7.1727e-01   5.0381e-01   2.4015e+00
   7.0593e-01   5.1937e-01   2.4015e+00
   6.9425e-01   5.3469e-01   2.4015e+00
   6.8224e-01   5.4974e-01   2.4015e+00
   6.6991e-01   5.6454e-01   2.4015e+00
   6.5726e-01   5.7907e-01   2.4015e+00
   6.4431e-01   5.9332e-01   2.4015e+00
   6.3106e-01   6.0729e-01   2.4015e+00
   6.1751e-01   6.2098e-01   2.4015e+00
   6.0368e-01   6.3438e-01   2.4015e+00
   5.8956e-01   6.4748e-01   2.4015e+00
   5.7517e-01   6.6028e-01   2.4015e+00
   5.6050e-01   6.7277e-01   2.4015e+00
   5.4557e-01   6.8493e-01   2.4015e+00
   5.3038e-01   6.9677e-01   2.4015e+00
   5.1493e-01   7.0828e-01   2.4015e+00
   4.9924e-01   7.1944e-01   2.4015e+00
   4.8330e-01   7.3026e-01   2.4015e+00
   4.6713e-01   7.4072e-01   2.4015e+00
   4.5074e-01   7.5083e-01   2.4015e+00
   4.3413e-01   7.6057e-01   2.4015e+00
   4.1730e-01   7.6995e-01   2.4015e+00
   4.0028e-01   7.7896e-01   2.4015e+00
   3.8307e-01   7.8760e-01   2.4015e+00
   3.6567e-01   7.9587e-01   2.4015e+00
   3.4810e-01   8.0375e-01   2.4015e+00
   3.3036e-01   8.1125e-01   2.4015e+00
   3.1246e-01   8.1836e-01   2.4015e+00
   2.9441e-01   8.2508e-01   2.4015e+00
   2.7622e-01   8.3139e-01   2.4015e+00
   2.5789e-01   8.3731e-01   2.4015e+00
   2.3944e-01   8.4283e-01   2.4015e+00
   2.2087e-01   8.4795e-01   2.4015e+00
   2.0220e-01   8.5268e-01   2.4015e+00
   1.8343e-01   8.5701e-01   2.4015e+00
   1.6458e-01   8.6095e-01   2.4015e+00
   1.4565e-01   8.6452e-01   2.4015e+00
   1.2666e-01   8.6770e-01   2.4015e+00
   1.0760e-01   8.7050e-01   2.4015e+00
   8.8497e-02   8.7292e-01   2.4015e+00
   6.9346e-02   8.7495e-01   2.4015e+00
   5.0157e-02   8.7661e-01   2.4015e+00
   3.0938e-02   8.7787e-01   2.4015e+00
   1.1698e-02   8.7873e-01   2.4015e+00
  -7.5564e-03   8.7919e-01   2.4015e+00
  -2.6816e-02   8.7924e-01   2.4015e+00
  -4.6072e-02   8.7887e-01   2.4015e+00
  -6.5316e-02   8.7809e-01   2.4015e+00
  -8.4538e-02   8.7689e-01   2.4015e+00
  -1.0373e-01   8.7527e-01   2.4015e+00
  -1.2288e-01   8.7323e-01   2.4015e+00
  -1.4198e-01   8.7078e-01   2.4015e+00
  -1.6103e-01   8.6792e-01   2.4015e+00
  -1.8001e-01   8.6465e-01   2.4015e+00
  -1.9892e-01   8.6097e-01   2.4015e+00
  -2.1774e-01   8.5690e-01   2.4015e+00
  -2.3647e-01   8.5242e-01   2.4015e+00
  -2.5510e-01   8.4754e-01   2.4015e+00
  -2.7362e-01   8.4225e-01   2.4015e+00
  -2.9203e-01   8.3657e-01   2.4015e+00
  -3.1030e-01   8.3050e-01   2.4015e+00
  -3.2844e-01   8.2402e-01   2.4015e+00
  -3.4644e-01   8.1716e-01   2.4015e+00
  -3.6428e-01   8.0991e-01   2.4015e+00
  -3.8197e-01   8.0228e-01   2.4015e+00
  -3.9949e-01   7.9428e-01   2.4015e+00
  -4.1684e-01   7.8592e-01   2.4015e+00
  -4.3401e-01   7.7720e-01   2.4015e+00
  -4.5100e-01   7.6814e-01   2.4015e+00
  -4.6781e-01   7.5873e-01   2.4015e+00
  -4.8442e-01   7.4898e-01   2.4015e+00
  -5.0083e-01   7.3890e-01   2.4015e+00
  -5.1703e-01   7.2848e-01   2.4015e+00
  -5.3300e-01   7.1773e-01   2.4015e+00
  -5.4874e-01   7.0663e-01   2.4015e+00
  -5.6424e-01   6.9519e-01   2.4015e+00
  -5.7947e-01   6.8340e-01   2.4015e+00
  -5.9443e-01   6.7127e-01   2.4015e+00
  -6.0910e-01   6.5879e-01   2.4015e+00
  -6.2348e-01   6.4598e-01   2.4015e+00
  -6.3755e-01   6.3283e-01   2.4015e+00
  -6.5131e-01   6.1935e-01   2.4015e+00
  -6.6476e-01   6.0557e-01   2.4015e+00
  -6.7789e-01   5.9148e-01   2.4015e+00
  -6.9071e-01   5.7710e-01   2.4015e+00
  -7.0320e-01   5.6244e-01   2.4015e+00
  -7.1537e-01   5.4752e-01   2.4015e+00
  -7.2722e-01   5.3233e-01   2.4015e+00
  -7.3872e-01   5.1689e-01   2.4015e+00
  -7.4989e-01   5.0119e-01   2.4015e+00
  -7.6070e-01   4.8525e-01   2.4015e+00
  -7.7114e-01   4.6907e-01   2.4015e+00
  -7.8121e-01   4.5265e-01   2.4015e+00
  -7.9090e-01   4.3600e-01   2.4015e+00
  -8.0019e-01   4.1914e-01   2.4015e+00
  -8.0910e-01   4.0206e-01   2.4015e+00
  -8.1761e-01   3.8478e-01   2.4015e+00
  -8.2572e-01   3.6732e-01   2.4015e+00
  -8.3346e-01   3.4968e-01   2.4015e+00
  -8.4081e-01   3.3188e-01   2.4015e+00
  -8.4779e-01   3.1392e-01   2.4015e+00
  -8.5439e-01   2.9583e-01   2.4015e+00
  -8.6063e-01   2.7761e-01   2.4015e+00
  -8.6650e-01   2.5927e-01   2.4015e+00
  -8.7200e-01   2.4081e-01   2.4015e+00
  -8.7712e-01   2.2224e-01   2.4015e+00
  -8.8186e-01   2.0358e-01   2.4015e+00
  -8.8620e-01   1.8481e-01   2.4015e+00
  -8.9014e-01   1.6596e-01   2.4015e+00
  -8.9367e-01   1.4702e-01   2.4015e+00
  -8.9677e-01   1.2802e-01   2.4015e+00
  -8.9946e-01   1.0895e-01   2.4015e+00
  -9.0172e-01   8.9819e-02   2.4015e+00
  -9.0354e-01   7.0646e-02   2.4015e+00
  -9.0495e-01   5.1438e-02   2.4015e+00
  -9.0592e-01   3.2203e-02   2.4015e+00
  -9.0648e-01   1.2951e-02   2.4015e+00
  -9.0663e-01  -6.3080e-03   2.4015e+00
  -9.0636e-01  -2.5566e-02   2.4015e+00
  -9.0569e-01  -4.4814e-02   2.4015e+00
  -9.0462e-01  -6.4044e-02   2.4015e+00
  -9.0315e-01  -8.3247e-02   2.4015e+00
  -9.0128e-01  -1.0242e-01   2.4015e+00
  -8.9902e-01  -1.2154e-01   2.4015e+00
  -8.9635e-01  -1.4062e-01   2.4015e+00
  -8.9329e-01  -1.5963e-01   2.4015e+00
  -8.8984e-01  -1.7858e-01   2.4015e+00
  -8.8598e-01  -1.9745e-01   2.4015e+00
  -8.8172e-01  -2.1623e-01   2.4015e+00
  -8.7707e-01  -2.3492e-01   2.4015e+00
  -8.7201e-01  -2.5351e-01   2.4015e+00
  -8.6656e-01  -2.7198e-01   2.4015e+00
  -8.6072e-01  -2.9033e-01   2.4015e+00
  -8.5447e-01  -3.0855e-01   2.4015e+00
  -8.4784e-01  -3.2663e-01   2.4015e+00
  -8.4081e-01  -3.4456e-01   2.4015e+00
  -8.3340e-01  -3.6234e-01   2.4015e+00
  -8.2560e-01  -3.7995e-01   2.4015e+00
  -8.1743e-01  -3.9739e-01   2.4015e+00
  -8.0888e-01  -4.1465e-01   2.4015e+00
  -7.9997e-01  -4.3172e-01   2.4015e+00
  -7.9069e-01  -4.4860e-01   2.4015e+00
  -7.8106e-01  -4.6528e-01   2.4015e+00
  -7.7108e-01  -4.8175e-01   2.4015e+00
  -7.6076e-01  -4.9801e-01   2.4015e+00
  -7.5010e-01  -5.1405e-01   2.4015e+00
  -7.3910e-01  -5.2986e-01   2.4015e+00
  -7.2777e-01  -5.4544e-01   2.4015e+00
  -7.1611e-01  -5.6077e-01   2.4015e+00
  -7.0413e-01  -5.7585e-01   2.4015e+00
  -6.9183e-01  -5.9067e-01   2.4015e+00
  -6.7922e-01  -6.0522e-01   2.4015e+00
  -6.6630e-01  -6.1950e-01   2.4015e+00
  -6.5307e-01  -6.3350e-01   2.4015e+00
  -6.3955e-01  -6.4722e-01   2.4015e+00
  -6.2574e-01  -6.6064e-01   2.4015e+00
  -6.1165e-01  -6.7378e-01   2.4015e+00
  -5.9729e-01  -6.8661e-01   2.4015e+00
  -5.8266e-01  -6.9914e-01   2.4015e+00
  -5.6778e-01  -7.1136e-01   2.4015e+00
  -5.5264e-01  -7.2327e-01   2.4015e+00
  -5.3726e-01  -7.3486e-01   2.4015e+00
  -5.2164e-01  -7.4612e-01   2.4015e+00
  -5.0578e-01  -7.5705e-01   2.4015e+00
  -4.8969e-01  -7.6764e-01   2.4015e+00
  -4.7338e-01  -7.7788e-01   2.4015e+00
  -4.5685e-01  -7.8777e-01   2.4015e+00
  -4.4011e-01  -7.9729e-01   2.4015e+00
  -4.2317e-01  -8.0645e-01   2.4015e+00
  -4.0603e-01  -8.1524e-01   2.4015e+00
  -3.8871e-01  -8.2366e-01   2.4015e+00
  -3.7121e-01  -8.3169e-01   2.4015e+00
  -3.5353e-01  -8.3935e-01   2.4015e+00
  -3.3570e-01  -8.4663e-01   2.4015e+00
  -3.1772e-01  -8.5353e-01   2.4015e+00
  -2.9959e-01  -8.6004e-01   2.4015e+00
  -2.8133e-01  -8.6616e-01   2.4015e+00
  -2.6294e-01  -8.7189e-01   2.4015e+00
  -2.4444e-01  -8.7722e-01   2.4015e+00
  -2.2582e-01  -8.8215e-01   2.4015e+00
  -2.0710e-01  -8.8668e-01   2.4015e+00
  -1.8829e-01  -8.9080e-01   2.4015e+00
  -1.6939e-01  -8.9451e-01   2.4015e+00
  -1.5041e-01  -8.9780e-01   2.4015e+00
  -1.3137e-01  -9.0068e-01   2.4015e+00
  -1.1227e-01  -9.0315e-01   2.4015e+00
  -9.3116e-02  -9.0520e-01   2.4015e+00
  -7.3926e-02  -9.0684e-01   2.4015e+00
  -5.4705e-02  -9.0807e-01   2.4015e+00
  -3.5463e-02  -9.0889e-01   2.4015e+00
  -1.6208e-02  -9.0931e-01   2.4015e+00
   3.0519e-03  -9.0933e-01   2.4015e+00
   2.2308e-02  -9.0895e-01   2.4015e+00
   4.1552e-02  -9.0817e-01   2.4015e+00
   6.0776e-02  -9.0700e-01   2.4015e+00
   7.9972e-02  -9.0543e-01   2.4015e+00
   9.9132e-02  -9.0347e-01   2.4015e+00
   1.1825e-01  -9.0112e-01   2.4015e+00
   1.3731e-01  -8.9837e-01   2.4015e+00
   1.5631e-01  -8.9522e-01   2.4015e+00
   1.7524e-01  -8.9168e-01   2.4015e+00
   1.9409e-01  -8.8774e-01   2.4015e+00
   2.1286e-01  -8.8340e-01   2.4015e+00
   2.3153e-01  -8.7866e-01   2.4015e+00
   2.5009e-01  -8.7353e-01   2.4015e+00
   2.6854e-01  -8.6800e-01   2.4015e+00
   2.8686e-01  -8.6207e-01   2.4015e+00
   3.0506e-01  -8.5576e-01   2.4015e+00
   3.2311e-01  -8.4905e-01   2.4015e+00
   3.4102e-01  -8.4196e-01   2.4015e+00
   3.5877e-01  -8.3448e-01   2.4015e+00
   3.7635e-01  -8.2662e-01   2.4015e+00
   3.9377e-01  -8.1839e-01   2.4015e+00
   4.1100e-01  -8.0980e-01   2.4015e+00
   4.2805e-01  -8.0083e-01   2.4015e+00
   4.4490e-01  -7.9152e-01   2.4015e+00
   4.6156e-01  -7.8185e-01   2.4015e+00
   4.7801e-01  -7.7184e-01   2.4015e+00
   4.9426e-01  -7.6149e-01   2.4015e+00
   5.1029e-01  -7.5081e-01   2.4015e+00
   5.2609e-01  -7.3980e-01   2.4015e+00
   5.4167e-01  -7.2848e-01   2.4015e+00
   5.5700e-01  -7.1683e-01   2.4015e+00
   5.7210e-01  -7.0486e-01   2.4015e+00
   5.8694e-01  -6.9259e-01   2.4015e+00
   6.0152e-01  -6.8000e-01   2.4015e+00
   6.1582e-01  -6.6711e-01   2.4015e+00
   6.2985e-01  -6.5391e-01   2.4015e+00
   6.4359e-01  -6.4041e-01   2.4015e+00
   6.5703e-01  -6.2662e-01   2.4015e+00
   6.7017e-01  -6.1254e-01   2.4015e+00
   6.8300e-01  -5.9818e-01   2.4015e+00
   6.9552e-01  -5.8354e-01   2.4015e+00
   7.0772e-01  -5.6863e-01   2.4015e+00
   7.1959e-01  -5.5347e-01   2.4015e+00
   7.3113e-01  -5.3805e-01   2.4015e+00
   7.4235e-01  -5.2239e-01   2.4015e+00
   7.5323e-01  -5.0650e-01   2.4015e+00
   7.6377e-01  -4.9038e-01   2.4015e+00
   7.7396e-01  -4.7404e-01   2.4015e+00
   7.8381e-01  -4.5749e-01   2.4015e+00
   7.9331e-01  -4.4074e-01   2.4015e+00
   8.0245e-01  -4.2378e-01   2.4015e+00
   8.1123e-01  -4.0664e-01   2.4015e+00
   8.1964e-01  -3.8932e-01   2.4015e+00
   8.2769e-01  -3.7182e-01   2.4015e+00
   8.3536e-01  -3.5415e-01   2.4015e+00
   8.4265e-01  -3.3632e-01   2.4015e+00
   8.4956e-01  -3.1835e-01   2.4015e+00
   8.5610e-01  -3.0023e-01   2.4015e+00
   8.6225e-01  -2.8198e-01   2.4015e+00
   8.6802e-01  -2.6360e-01   2.4015e+00
   8.7340e-01  -2.4511e-01   2.4015e+00
   8.7838e-01  -2.2651e-01   2.4015e+00
   8.8298e-01  -2.0780e-01   2.4015e+00
   8.8717e-01  -1.8901e-01   2.4015e+00
   8.9097e-01  -1.7012e-01   2.4015e+00
   8.9436e-01  -1.5117e-01   2.4015e+00
   8.9734e-01  -1.3214e-01   2.4015e+00
   8.9991e-01  -1.1305e-01   2.4015e+00
   9.0206e-01  -9.3911e-02   2.4015e+00
   9.0380e-01  -7.4730e-02   2.4015e+00
   9.0511e-01  -5.5515e-02   2.4015e+00
   9.0601e-01  -3.6276e-02   2.4015e+00
   9.0648e-01  -1.7023e-02   2.4015e+00
   9.0654e-01   2.2371e-03   2.4015e+00
   9.0618e-01   2.1493e-02   2.4015e+00
   9.0540e-01   4.0737e-02   2.4015e+00
   9.0420e-01   5.9960e-02   2.4015e+00
   9.0260e-01   7.9153e-02   2.4015e+00
   9.0059e-01   9.8307e-02   2.4015e+00
   8.9817e-01   1.1742e-01   2.4015e+00
   8.9536e-01   1.3647e-01   2.4015e+00
   8.9216e-01   1.5546e-01   2.4015e+00
   8.8857e-01   1.7438e-01   2.4015e+00
   8.8459e-01   1.9323e-01   2.4015e+00
   8.8022e-01   2.1198e-01   2.4015e+00
   8.7547e-01   2.3065e-01   2.4015e+00
   8.7033e-01   2.4921e-01   2.4015e+00
   8.6481e-01   2.6766e-01   2.4015e+00
   8.5890e-01   2.8599e-01   2.4015e+00
   8.5259e-01   3.0419e-01   2.4015e+00
   8.4590e-01   3.2225e-01   2.4015e+00
   8.3883e-01   3.4016e-01   2.4015e+00
   8.3136e-01   3.5792e-01   2.4015e+00
   8.2352e-01   3.7551e-01   2.4015e+00
   8.1531e-01   3.9293e-01   2.4015e+00
   8.0672e-01   4.1017e-01   2.4015e+00
   7.9778e-01   4.2723e-01   2.4015e+00
   7.8847e-01   4.4409e-01   2.4015e+00
   7.7881e-01   4.6075e-01   2.4015e+00
   7.6881e-01   4.7721e-01   2.4015e+00
   7.5846e-01   4.9345e-01   2.4015e+00
   7.4776e-01   5.0947e-01   2.4015e+00
   7.3673e-01   5.2526e-01   2.4015e+00
   7.2537e-01   5.4081e-01   2.4015e+00
   7.1367e-01   5.5611e-01   2.4015e+00
   7.0164e-01   5.7115e-01   2.4015e+00
   6.8929e-01   5.8593e-01   2.4015e+00
   6.7662e-01   6.0043e-01   2.4015e+00
   6.6364e-01   6.1466e-01   2.4015e+00
   6.5036e-01   6.2860e-01   2.4015e+00
   6.3677e-01   6.4226e-01   2.4015e+00
   6.2290e-01   6.5562e-01   2.4015e+00
   6.0875e-01   6.6868e-01   2.4015e+00
   5.9432e-01   6.8144e-01   2.4015e+00
   5.7963e-01   6.9389e-01   2.4015e+00
   5.6468e-01   7.0603e-01   2.4015e+00
   5.4947e-01   7.1785e-01   2.4015e+00
   5.3402e-01   7.2935e-01   2.4015e+00
   5.1833e-01   7.4052e-01   2.4015e+00
   5.0240e-01   7.5135e-01   2.4015e+00
   4.8625e-01   7.6184e-01   2.4015e+00
   4.6988e-01   7.7199e-01   2.4015e+00
   4.5330e-01   7.8179e-01   2.4015e+00
   4.3652e-01   7.9124e-01   2.4015e+00
   4.1955e-01   8.0035e-01   2.4015e+00
   4.0239e-01   8.0910e-01   2.4015e+00
   3.8507e-01   8.1751e-01   2.4015e+00
   3.6757e-01   8.2557e-01   2.4015e+00
   3.4993e-01   8.3328e-01   2.4015e+00
   3.3213e-01   8.4065e-01   2.4015e+00
   3.1420e-01   8.4767e-01   2.4015e+00
   2.9613e-01   8.5434e-01   2.4015e+00
   2.7793e-01   8.6064e-01   2.4015e+00
   2.5961e-01   8.6658e-01   2.4015e+00
   2.4117e-01   8.7215e-01   2.4015e+00
   2.2262e-01   8.7734e-01   2.4015e+00
   2.0397e-01   8.8215e-01   2.4015e+00
   1.8523e-01   8.8656e-01   2.4015e+00
   1.6639e-01   8.9058e-01   2.4015e+00
   1.4747e-01   8.9419e-01   2.4015e+00
   1.2848e-01   8.9740e-01   2.4015e+00
   1.0943e-01   9.0021e-01   2.4015e+00
   9.0320e-02   9.0262e-01   2.4015e+00
   7.1165e-02   9.0462e-01   2.4015e+00
   5.1972e-02   9.0622e-01   2.4015e+00
   3.2749e-02   9.0742e-01   2.4015e+00
   1.3506e-02   9.0822e-01   2.4015e+00
  -5.7496e-03   9.0862e-01   2.4015e+00
  -2.5009e-02   9.0863e-01   2.4015e+00
  -4.4265e-02   9.0824e-01   2.4015e+00
  -6.3509e-02   9.0746e-01   2.4015e+00
  -8.2734e-02   9.0630e-01   2.4015e+00
  -1.0193e-01   9.0475e-01   2.4015e+00
  -1.2109e-01   9.0281e-01   2.4015e+00
  -1.4021e-01   9.0049e-01   2.4015e+00
  -1.5928e-01   8.9779e-01   2.4015e+00
  -1.7829e-01   8.9470e-01   2.4015e+00
  -1.9724e-01   8.9122e-01   2.4015e+00
  -2.1610e-01   8.8735e-01   2.4015e+00
  -2.3488e-01   8.8309e-01   2.4015e+00
  -2.5357e-01   8.7842e-01   2.4015e+00
  -2.7215e-01   8.7336e-01   2.4015e+00
  -2.9062e-01   8.6789e-01   2.4015e+00
  -3.0896e-01   8.6201e-01   2.4015e+00
  -3.2716e-01   8.5573e-01   2.4015e+00
  -3.4523e-01   8.4904e-01   2.4015e+00
  -3.6314e-01   8.4195e-01   2.4015e+00
  -3.8088e-01   8.3448e-01   2.4015e+00
  -3.9847e-01   8.2662e-01   2.4015e+00
  -4.1588e-01   8.1838e-01   2.4015e+00
  -4.3311e-01   8.0978e-01   2.4015e+00
  -4.5016e-01   8.0082e-01   2.4015e+00
  -4.6702e-01   7.9151e-01   2.4015e+00
  -4.8369e-01   7.8187e-01   2.4015e+00
  -5.0017e-01   7.7190e-01   2.4015e+00
  -5.1644e-01   7.6160e-01   2.4015e+00
  -5.3251e-01   7.5098e-01   2.4015e+00
  -5.4837e-01   7.4005e-01   2.4015e+00
  -5.6401e-01   7.2881e-01   2.4015e+00
  -5.7942e-01   7.1726e-01   2.4015e+00
  -5.9460e-01   7.0541e-01   2.4015e+00
  -6.0954e-01   6.9324e-01   2.4015e+00
  -6.2422e-01   6.8078e-01   2.4015e+00
  -6.3863e-01   6.6801e-01   2.4015e+00
  -6.5278e-01   6.5493e-01   2.4015e+00
  -6.6663e-01   6.4156e-01   2.4015e+00
  -6.8020e-01   6.2788e-01   2.4015e+00
  -6.9345e-01   6.1391e-01   2.4015e+00
  -7.0639e-01   5.9965e-01   2.4015e+00
  -7.1901e-01   5.8510e-01   2.4015e+00
  -7.3130e-01   5.7027e-01   2.4015e+00
  -7.4325e-01   5.5516e-01   2.4015e+00
  -7.5485e-01   5.3979e-01   2.4015e+00
  -7.6611e-01   5.2416e-01   2.4015e+00
  -7.7701e-01   5.0829e-01   2.4015e+00
  -7.8756e-01   4.9217e-01   2.4015e+00
  -7.9776e-01   4.7583e-01   2.4015e+00
  -8.0760e-01   4.5928e-01   2.4015e+00
  -8.1709e-01   4.4252e-01   2.4015e+00
  -8.2623e-01   4.2556e-01   2.4015e+00
  -8.3501e-01   4.0842e-01   2.4015e+00
  -8.4345e-01   3.9111e-01   2.4015e+00
  -8.5153e-01   3.7363e-01   2.4015e+00
  -8.5926e-01   3.5599e-01   2.4015e+00
  -8.6664e-01   3.3820e-01   2.4015e+00
  -8.7366e-01   3.2026e-01   2.4015e+00
  -8.8031e-01   3.0219e-01   2.4015e+00
  -8.8658e-01   2.8398e-01   2.4015e+00
  -8.9248e-01   2.6564e-01   2.4015e+00
  -8.9798e-01   2.4719e-01   2.4015e+00
  -9.0309e-01   2.2862e-01   2.4015e+00
  -9.0779e-01   2.0994e-01   2.4015e+00
  -9.1208e-01   1.9116e-01   2.4015e+00
  -9.1596e-01   1.7230e-01   2.4015e+00
  -9.1943e-01   1.5335e-01   2.4015e+00
  -9.2249e-01   1.3434e-01   2.4015e+00
  -9.2515e-01   1.1526e-01   2.4015e+00
  -9.2740e-01   9.6135e-02   2.4015e+00
  -9.2925e-01   7.6965e-02   2.4015e+00
  -9.3072e-01   5.7761e-02   2.4015e+00
  -9.3179e-01   3.8531e-02   2.4015e+00
  -9.3248e-01   1.9284e-02   2.4015e+00
  -9.3279e-01   2.6631e-05   2.4015e+00
  -9.3271e-01  -1.9233e-02   2.4015e+00
  -9.3223e-01  -3.8487e-02   2.4015e+00
  -9.3137e-01  -5.7727e-02   2.4015e+00
  -9.3011e-01  -7.6946e-02   2.4015e+00
  -9.2845e-01  -9.6134e-02   2.4015e+00
  -9.2639e-01  -1.1528e-01   2.4015e+00
  -9.2393e-01  -1.3439e-01   2.4015e+00
  -9.2107e-01  -1.5343e-01   2.4015e+00
  -9.1780e-01  -1.7241e-01   2.4015e+00
  -9.1414e-01  -1.9132e-01   2.4015e+00
  -9.1009e-01  -2.1015e-01   2.4015e+00
  -9.0564e-01  -2.2889e-01   2.4015e+00
  -9.0080e-01  -2.4753e-01   2.4015e+00
  -8.9558e-01  -2.6607e-01   2.4015e+00
  -8.8998e-01  -2.8450e-01   2.4015e+00
  -8.8400e-01  -3.0280e-01   2.4015e+00
  -8.7765e-01  -3.2098e-01   2.4015e+00
  -8.7091e-01  -3.3903e-01   2.4015e+00
  -8.6381e-01  -3.5693e-01   2.4015e+00
  -8.5634e-01  -3.7468e-01   2.4015e+00
  -8.4850e-01  -3.9227e-01   2.4015e+00
  -8.4030e-01  -4.0970e-01   2.4015e+00
  -8.3174e-01  -4.2695e-01   2.4015e+00
  -8.2282e-01  -4.4403e-01   2.4015e+00
  -8.1356e-01  -4.6091e-01   2.4015e+00
  -8.0396e-01  -4.7761e-01   2.4015e+00
  -7.9401e-01  -4.9410e-01   2.4015e+00
  -7.8372e-01  -5.1038e-01   2.4015e+00
  -7.7310e-01  -5.2645e-01   2.4015e+00
  -7.6216e-01  -5.4230e-01   2.4015e+00
  -7.5089e-01  -5.5792e-01   2.4015e+00
  -7.3930e-01  -5.7330e-01   2.4015e+00
  -7.2741e-01  -5.8845e-01   2.4015e+00
  -7.1520e-01  -6.0335e-01   2.4015e+00
  -7.0270e-01  -6.1799e-01   2.4015e+00
  -6.8990e-01  -6.3239e-01   2.4015e+00
  -6.7681e-01  -6.4652e-01   2.4015e+00
  -6.6344e-01  -6.6038e-01   2.4015e+00
  -6.4979e-01  -6.7397e-01   2.4015e+00
  -6.3587e-01  -6.8727e-01   2.4015e+00
  -6.2167e-01  -7.0029e-01   2.4015e+00
  -6.0720e-01  -7.1300e-01   2.4015e+00
  -5.9247e-01  -7.2541e-01   2.4015e+00
  -5.7748e-01  -7.3750e-01   2.4015e+00
  -5.6224e-01  -7.4927e-01   2.4015e+00
  -5.4675e-01  -7.6071e-01   2.4015e+00
  -5.3101e-01  -7.7182e-01   2.4015e+00
  -5.1505e-01  -7.8260e-01   2.4015e+00
  -4.9886e-01  -7.9304e-01   2.4015e+00
  -4.8246e-01  -8.0314e-01   2.4015e+00
  -4.6586e-01  -8.1289e-01   2.4015e+00
  -4.4905e-01  -8.2230e-01   2.4015e+00
  -4.3206e-01  -8.3136e-01   2.4015e+00
  -4.1488e-01  -8.4007e-01   2.4015e+00
  -3.9752e-01  -8.4842e-01   2.4015e+00
  -3.7999e-01  -8.5640e-01   2.4015e+00
  -3.6230e-01  -8.6401e-01   2.4015e+00
  -3.4446e-01  -8.7125e-01   2.4015e+00
  -3.2646e-01  -8.7811e-01   2.4015e+00
  -3.0832e-01  -8.8460e-01   2.4015e+00
  -2.9006e-01  -8.9070e-01   2.4015e+00
  -2.7167e-01  -8.9642e-01   2.4015e+00
  -2.5316e-01  -9.0176e-01   2.4015e+00
  -2.3455e-01  -9.0672e-01   2.4015e+00
  -2.1584e-01  -9.1130e-01   2.4015e+00
  -1.9705e-01  -9.1549e-01   2.4015e+00
  -1.7817e-01  -9.1929e-01   2.4015e+00
  -1.5921e-01  -9.2270e-01   2.4015e+00
  -1.4019e-01  -9.2572e-01   2.4015e+00
  -1.2111e-01  -9.2833e-01   2.4015e+00
  -1.0197e-01  -9.3054e-01   2.4015e+00
  -8.2798e-02  -9.3234e-01   2.4015e+00
  -6.3589e-02  -9.3373e-01   2.4015e+00
  -4.4355e-02  -9.3472e-01   2.4015e+00
  -2.5104e-02  -9.3531e-01   2.4015e+00
  -5.8451e-03  -9.3550e-01   2.4015e+00
   1.3414e-02  -9.3530e-01   2.4015e+00
   3.2665e-02  -9.3472e-01   2.4015e+00
   5.1900e-02  -9.3375e-01   2.4015e+00
   7.1112e-02  -9.3240e-01   2.4015e+00
   9.0295e-02  -9.3068e-01   2.4015e+00
   1.0944e-01  -9.2857e-01   2.4015e+00
   1.2854e-01  -9.2608e-01   2.4015e+00
   1.4758e-01  -9.2321e-01   2.4015e+00
   1.6656e-01  -9.1994e-01   2.4015e+00
   1.8547e-01  -9.1629e-01   2.4015e+00
   2.0430e-01  -9.1224e-01   2.4015e+00
   2.2304e-01  -9.0780e-01   2.4015e+00
   2.4169e-01  -9.0297e-01   2.4015e+00
   2.6022e-01  -8.9774e-01   2.4015e+00
   2.7865e-01  -8.9213e-01   2.4015e+00
   2.9695e-01  -8.8614e-01   2.4015e+00
   3.1513e-01  -8.7976e-01   2.4015e+00
   3.3316e-01  -8.7302e-01   2.4015e+00
   3.5106e-01  -8.6589e-01   2.4015e+00
   3.6880e-01  -8.5840e-01   2.4015e+00
   3.8639e-01  -8.5055e-01   2.4015e+00
   4.0381e-01  -8.4233e-01   2.4015e+00
   4.2105e-01  -8.3376e-01   2.4015e+00
   4.3812e-01  -8.2484e-01   2.4015e+00
   4.5500e-01  -8.1556e-01   2.4015e+00
   4.7169e-01  -8.0595e-01   2.4015e+00
   4.8819e-01  -7.9601e-01   2.4015e+00
   5.0448e-01  -7.8573e-01   2.4015e+00
   5.2056e-01  -7.7514e-01   2.4015e+00
   5.3643e-01  -7.6423e-01   2.4015e+00
   5.5209e-01  -7.5301e-01   2.4015e+00
   5.6752e-01  -7.4149e-01   2.4015e+00
   5.8272e-01  -7.2966e-01   2.4015e+00
   5.9767e-01  -7.1752e-01   2.4015e+00
   6.1238e-01  -7.0508e-01   2.4015e+00
   6.2682e-01  -6.9234e-01   2.4015e+00
   6.4100e-01  -6.7931e-01   2.4015e+00
   6.5489e-01  -6.6597e-01   2.4015e+00
   6.6850e-01  -6.5234e-01   2.4015e+00
   6.8181e-01  -6.3842e-01   2.4015e+00
   6.9482e-01  -6.2421e-01   2.4015e+00
   7.0752e-01  -6.0974e-01   2.4015e+00
   7.1991e-01  -5.9499e-01   2.4015e+00
   7.3199e-01  -5.7999e-01   2.4015e+00
   7.4375e-01  -5.6474e-01   2.4015e+00
   7.5520e-01  -5.4925e-01   2.4015e+00
   7.6633e-01  -5.3353e-01   2.4015e+00
   7.7713e-01  -5.1759e-01   2.4015e+00
   7.8761e-01  -5.0143e-01   2.4015e+00
   7.9776e-01  -4.8506e-01   2.4015e+00
   8.0757e-01  -4.6849e-01   2.4015e+00
   8.1705e-01  -4.5172e-01   2.4015e+00
   8.2617e-01  -4.3476e-01   2.4015e+00
   8.3494e-01  -4.1761e-01   2.4015e+00
   8.4336e-01  -4.0029e-01   2.4015e+00
   8.5141e-01  -3.8279e-01   2.4015e+00
   8.5910e-01  -3.6514e-01   2.4015e+00
   8.6643e-01  -3.4732e-01   2.4015e+00
   8.7338e-01  -3.2936e-01   2.4015e+00
   8.7997e-01  -3.1126e-01   2.4015e+00
   8.8618e-01  -2.9303e-01   2.4015e+00
   8.9202e-01  -2.7468e-01   2.4015e+00
   8.9748e-01  -2.5621e-01   2.4015e+00
   9.0257e-01  -2.3764e-01   2.4015e+00
   9.0727e-01  -2.1896e-01   2.4015e+00
   9.1159e-01  -2.0019e-01   2.4015e+00
   9.1552e-01  -1.8134e-01   2.4015e+00
   9.1906e-01  -1.6240e-01   2.4015e+00
   9.2221e-01  -1.4340e-01   2.4015e+00
   9.2495e-01  -1.2434e-01   2.4015e+00
   9.2730e-01  -1.0522e-01   2.4015e+00
   9.2925e-01  -8.6063e-02   2.4015e+00
   9.3079e-01  -6.6866e-02   2.4015e+00
   9.3194e-01  -4.7640e-02   2.4015e+00
   9.3268e-01  -2.8394e-02   2.4015e+00
   9.3301e-01  -9.1375e-03   2.4015e+00
   9.3295e-01   1.0122e-02   2.4015e+00
   9.3248e-01   2.9376e-02   2.4015e+00
   9.3161e-01   4.8616e-02   2.4015e+00
   9.3034e-01   6.7834e-02   2.4015e+00
   9.2866e-01   8.7020e-02   2.4015e+00
   9.2658e-01   1.0617e-01   2.4015e+00
   9.2409e-01   1.2527e-01   2.4015e+00
   9.2120e-01   1.4431e-01   2.4015e+00
   9.1790e-01   1.6328e-01   2.4015e+00
   9.1420e-01   1.8218e-01   2.4015e+00
   9.1010e-01   2.0100e-01   2.4015e+00
   9.0561e-01   2.1973e-01   2.4015e+00
   9.0073e-01   2.3836e-01   2.4015e+00
   8.9548e-01   2.5689e-01   2.4015e+00
   8.8986e-01   2.7531e-01   2.4015e+00
   8.8388e-01   2.9362e-01   2.4015e+00
   8.7756e-01   3.1181e-01   2.4015e+00
   8.7089e-01   3.2988e-01   2.4015e+00
   8.6388e-01   3.4782e-01   2.4015e+00
   8.5653e-01   3.6562e-01   2.4015e+00
   8.4885e-01   3.8329e-01   2.4015e+00
   8.4083e-01   4.0080e-01   2.4015e+00
   8.3247e-01   4.1815e-01   2.4015e+00
   8.2377e-01   4.3533e-01   2.4015e+00
   8.1472e-01   4.5233e-01   2.4015e+00
   8.0532e-01   4.6914e-01   2.4015e+00
   7.9558e-01   4.8575e-01   2.4015e+00
   7.8548e-01   5.0216e-01   2.4015e+00
   7.7505e-01   5.1835e-01   2.4015e+00
   7.6427e-01   5.3431e-01   2.4015e+00
   7.5317e-01   5.5005e-01   2.4015e+00
   7.4175e-01   5.6555e-01   2.4015e+00
   7.3001e-01   5.8082e-01   2.4015e+00
   7.1796e-01   5.9585e-01   2.4015e+00
   7.0561e-01   6.1063e-01   2.4015e+00
   6.9297e-01   6.2516e-01   2.4015e+00
   6.8003e-01   6.3943e-01   2.4015e+00
   6.6681e-01   6.5343e-01   2.4015e+00
   6.5330e-01   6.6715e-01   2.4015e+00
   6.3950e-01   6.8059e-01   2.4015e+00
   6.2543e-01   6.9374e-01   2.4015e+00
   6.1108e-01   7.0659e-01   2.4015e+00
   5.9647e-01   7.1914e-01   2.4015e+00
   5.8159e-01   7.3137e-01   2.4015e+00
   5.6646e-01   7.4329e-01   2.4015e+00
   5.5109e-01   7.5489e-01   2.4015e+00
   5.3548e-01   7.6617e-01   2.4015e+00
   5.1964e-01   7.7713e-01   2.4015e+00
   5.0358e-01   7.8776e-01   2.4015e+00
   4.8731e-01   7.9806e-01   2.4015e+00
   4.7083e-01   8.0804e-01   2.4015e+00
   4.5416e-01   8.1768e-01   2.4015e+00
   4.3729e-01   8.2698e-01   2.4015e+00
   4.2024e-01   8.3593e-01   2.4015e+00
   4.0301e-01   8.4454e-01   2.4015e+00
   3.8561e-01   8.5279e-01   2.4015e+00
   3.6804e-01   8.6069e-01   2.4015e+00
   3.5032e-01   8.6822e-01   2.4015e+00
   3.3244e-01   8.7539e-01   2.4015e+00
   3.1443e-01   8.8219e-01   2.4015e+00
   2.9627e-01   8.8862e-01   2.4015e+00
   2.7799e-01   8.9468e-01   2.4015e+00
   2.5959e-01   9.0036e-01   2.4015e+00
   2.4107e-01   9.0566e-01   2.4015e+00
   2.2245e-01   9.1059e-01   2.4015e+00
   2.0374e-01   9.1514e-01   2.4015e+00
   1.8493e-01   9.1931e-01   2.4015e+00
   1.6605e-01   9.2310e-01   2.4015e+00
   1.4710e-01   9.2652e-01   2.4015e+00
   1.2808e-01   9.2956e-01   2.4015e+00
   1.0900e-01   9.3222e-01   2.4015e+00
   8.9880e-02   9.3451e-01   2.4015e+00
   7.0715e-02   9.3641e-01   2.4015e+00
   5.1516e-02   9.3794e-01   2.4015e+00
   3.2290e-02   9.3908e-01   2.4015e+00
   1.3045e-02   9.3985e-01   2.4015e+00
  -6.2108e-03   9.4022e-01   2.4015e+00
  -2.5471e-02   9.4020e-01   2.4015e+00
  -4.4726e-02   9.3979e-01   2.4015e+00
  -6.3969e-02   9.3899e-01   2.4015e+00
  -8.3192e-02   9.3780e-01   2.4015e+00
  -1.0239e-01   9.3621e-01   2.4015e+00
  -1.2154e-01   9.3423e-01   2.4015e+00
  -1.4066e-01   9.3186e-01   2.4015e+00
  -1.5972e-01   9.2911e-01   2.4015e+00
  -1.7872e-01   9.2596e-01   2.4015e+00
  -1.9765e-01   9.2244e-01   2.4015e+00
  -2.1651e-01   9.1852e-01   2.4015e+00
  -2.3529e-01   9.1423e-01   2.4015e+00
  -2.5397e-01   9.0955e-01   2.4015e+00
  -2.7255e-01   9.0448e-01   2.4015e+00
  -2.9102e-01   8.9903e-01   2.4015e+00
  -3.0938e-01   8.9320e-01   2.4015e+00
  -3.2761e-01   8.8698e-01   2.4015e+00
  -3.4570e-01   8.8038e-01   2.4015e+00
  -3.6365e-01   8.7339e-01   2.4015e+00
  -3.8144e-01   8.6603e-01   2.4015e+00
  -3.9908e-01   8.5829e-01   2.4015e+00
  -4.1655e-01   8.5019e-01   2.4015e+00
  -4.3385e-01   8.4173e-01   2.4015e+00
  -4.5098e-01   8.3292e-01   2.4015e+00
  -4.6793e-01   8.2377e-01   2.4015e+00
  -4.8470e-01   8.1429e-01   2.4015e+00
  -5.0128e-01   8.0449e-01   2.4015e+00
  -5.1767e-01   7.9438e-01   2.4015e+00
  -5.3387e-01   7.8396e-01   2.4015e+00
  -5.4986e-01   7.7324e-01   2.4015e+00
  -5.6566e-01   7.6221e-01   2.4015e+00
  -5.8124e-01   7.5089e-01   2.4015e+00
  -5.9659e-01   7.3927e-01   2.4015e+00
  -6.1172e-01   7.2734e-01   2.4015e+00
  -6.2659e-01   7.1511e-01   2.4015e+00
  -6.4122e-01   7.0257e-01   2.4015e+00
  -6.5557e-01   6.8974e-01   2.4015e+00
  -6.6966e-01   6.7660e-01   2.4015e+00
  -6.8346e-01   6.6317e-01   2.4015e+00
  -6.9698e-01   6.4944e-01   2.4015e+00
  -7.1020e-01   6.3544e-01   2.4015e+00
  -7.2313e-01   6.2117e-01   2.4015e+00
  -7.3577e-01   6.0663e-01   2.4015e+00
  -7.4810e-01   5.9184e-01   2.4015e+00
  -7.6014e-01   5.7681e-01   2.4015e+00
  -7.7187e-01   5.6153e-01   2.4015e+00
  -7.8329e-01   5.4602e-01   2.4015e+00
  -7.9438e-01   5.3028e-01   2.4015e+00
  -8.0515e-01   5.1431e-01   2.4015e+00
  -8.1558e-01   4.9812e-01   2.4015e+00
  -8.2566e-01   4.8171e-01   2.4015e+00
  -8.3539e-01   4.6509e-01   2.4015e+00
  -8.4476e-01   4.4826e-01   2.4015e+00
  -8.5377e-01   4.3124e-01   2.4015e+00
  -8.6241e-01   4.1403e-01   2.4015e+00
  -8.7069e-01   3.9664e-01   2.4015e+00
  -8.7861e-01   3.7908e-01   2.4015e+00
  -8.8618e-01   3.6137e-01   2.4015e+00
  -8.9339e-01   3.4351e-01   2.4015e+00
  -9.0025e-01   3.2551e-01   2.4015e+00
  -9.0676e-01   3.0739e-01   2.4015e+00
  -9.1292e-01   2.8914e-01   2.4015e+00
  -9.1871e-01   2.7077e-01   2.4015e+00
  -9.2414e-01   2.5229e-01   2.4015e+00
  -9.2919e-01   2.3371e-01   2.4015e+00
  -9.3386e-01   2.1502e-01   2.4015e+00
  -9.3813e-01   1.9624e-01   2.4015e+00
  -9.4200e-01   1.7737e-01   2.4015e+00
  -9.4546e-01   1.5843e-01   2.4015e+00
  -9.4851e-01   1.3941e-01   2.4015e+00
  -9.5116e-01   1.2033e-01   2.4015e+00
  -9.5340e-01   1.0121e-01   2.4015e+00
  -9.5524e-01   8.2035e-02   2.4015e+00
  -9.5669e-01   6.2830e-02   2.4015e+00
  -9.5776e-01   4.3600e-02   2.4015e+00
  -9.5846e-01   2.4352e-02   2.4015e+00
  -9.5878e-01   5.0954e-03   2.4015e+00
  -9.5873e-01  -1.4164e-02   2.4015e+00
  -9.5832e-01  -3.3420e-02   2.4015e+00
  -9.5754e-01  -5.2664e-02   2.4015e+00
  -9.5640e-01  -7.1889e-02   2.4015e+00
  -9.5488e-01  -9.1089e-02   2.4015e+00
  -9.5299e-01  -1.1026e-01   2.4015e+00
  -9.5073e-01  -1.2938e-01   2.4015e+00
  -9.4809e-01  -1.4846e-01   2.4015e+00
  -9.4507e-01  -1.6748e-01   2.4015e+00
  -9.4167e-01  -1.8644e-01   2.4015e+00
  -9.3790e-01  -2.0533e-01   2.4015e+00
  -9.3374e-01  -2.2413e-01   2.4015e+00
  -9.2919e-01  -2.4285e-01   2.4015e+00
  -9.2426e-01  -2.6147e-01   2.4015e+00
  -9.1895e-01  -2.7998e-01   2.4015e+00
  -9.1326e-01  -2.9838e-01   2.4015e+00
  -9.0718e-01  -3.1665e-01   2.4015e+00
  -9.0071e-01  -3.3479e-01   2.4015e+00
  -8.9387e-01  -3.5280e-01   2.4015e+00
  -8.8666e-01  -3.7065e-01   2.4015e+00
  -8.7907e-01  -3.8836e-01   2.4015e+00
  -8.7114e-01  -4.0591e-01   2.4015e+00
  -8.6285e-01  -4.2329e-01   2.4015e+00
  -8.5422e-01  -4.4051e-01   2.4015e+00
  -8.4526e-01  -4.5756e-01   2.4015e+00
  -8.3597e-01  -4.7443e-01   2.4015e+00
  -8.2636e-01  -4.9112e-01   2.4015e+00
  -8.1644e-01  -5.0763e-01   2.4015e+00
  -8.0620e-01  -5.2394e-01   2.4015e+00
  -7.9564e-01  -5.4005e-01   2.4015e+00
  -7.8476e-01  -5.5595e-01   2.4015e+00
  -7.7357e-01  -5.7162e-01   2.4015e+00
  -7.6206e-01  -5.8706e-01   2.4015e+00
  -7.5023e-01  -6.0225e-01   2.4015e+00
  -7.3808e-01  -6.1720e-01   2.4015e+00
  -7.2563e-01  -6.3190e-01   2.4015e+00
  -7.1288e-01  -6.4633e-01   2.4015e+00
  -6.9983e-01  -6.6050e-01   2.4015e+00
  -6.8650e-01  -6.7440e-01   2.4015e+00
  -6.7290e-01  -6.8804e-01   2.4015e+00
  -6.5904e-01  -7.0140e-01   2.4015e+00
  -6.4491e-01  -7.1450e-01   2.4015e+00
  -6.3053e-01  -7.2731e-01   2.4015e+00
  -6.1590e-01  -7.3984e-01   2.4015e+00
  -6.0103e-01  -7.5207e-01   2.4015e+00
  -5.8591e-01  -7.6400e-01   2.4015e+00
  -5.7055e-01  -7.7562e-01   2.4015e+00
  -5.5496e-01  -7.8693e-01   2.4015e+00
  -5.3914e-01  -7.9791e-01   2.4015e+00
  -5.2309e-01  -8.0857e-01   2.4015e+00
  -5.0683e-01  -8.1889e-01   2.4015e+00
  -4.9037e-01  -8.2888e-01   2.4015e+00
  -4.7370e-01  -8.3854e-01   2.4015e+00
  -4.5685e-01  -8.4786e-01   2.4015e+00
  -4.3982e-01  -8.5685e-01   2.4015e+00
  -4.2261e-01  -8.6550e-01   2.4015e+00
  -4.0524e-01  -8.7381e-01   2.4015e+00
  -3.8770e-01  -8.8177e-01   2.4015e+00
  -3.7000e-01  -8.8938e-01   2.4015e+00
  -3.5216e-01  -8.9662e-01   2.4015e+00
  -3.3416e-01  -9.0348e-01   2.4015e+00
  -3.1603e-01  -9.0997e-01   2.4015e+00
  -2.9776e-01  -9.1606e-01   2.4015e+00
  -2.7936e-01  -9.2177e-01   2.4015e+00
  -2.6085e-01  -9.2708e-01   2.4015e+00
  -2.4223e-01  -9.3199e-01   2.4015e+00
  -2.2350e-01  -9.3651e-01   2.4015e+00
  -2.0469e-01  -9.4065e-01   2.4015e+00
  -1.8580e-01  -9.4439e-01   2.4015e+00
  -1.6684e-01  -9.4776e-01   2.4015e+00
  -1.4781e-01  -9.5075e-01   2.4015e+00
  -1.2873e-01  -9.5336e-01   2.4015e+00
  -1.0960e-01  -9.5560e-01   2.4015e+00
  -9.0432e-02  -9.5747e-01   2.4015e+00
  -7.1231e-02  -9.5897e-01   2.4015e+00
  -5.2004e-02  -9.6009e-01   2.4015e+00
  -3.2759e-02  -9.6085e-01   2.4015e+00
  -1.3503e-02  -9.6123e-01   2.4015e+00
   5.7568e-03  -9.6125e-01   2.4015e+00
   2.5013e-02  -9.6089e-01   2.4015e+00
   4.4259e-02  -9.6016e-01   2.4015e+00
   6.3487e-02  -9.5906e-01   2.4015e+00
   8.2690e-02  -9.5758e-01   2.4015e+00
   1.0186e-01  -9.5572e-01   2.4015e+00
   1.2099e-01  -9.5349e-01   2.4015e+00
   1.4007e-01  -9.5087e-01   2.4015e+00
   1.5909e-01  -9.4787e-01   2.4015e+00
   1.7805e-01  -9.4448e-01   2.4015e+00
   1.9694e-01  -9.4071e-01   2.4015e+00
   2.1575e-01  -9.3655e-01   2.4015e+00
   2.3446e-01  -9.3201e-01   2.4015e+00
   2.5308e-01  -9.2709e-01   2.4015e+00
   2.7160e-01  -9.2179e-01   2.4015e+00
   2.9001e-01  -9.1612e-01   2.4015e+00
   3.0829e-01  -9.1007e-01   2.4015e+00
   3.2645e-01  -9.0366e-01   2.4015e+00
   3.4448e-01  -8.9688e-01   2.4015e+00
   3.6237e-01  -8.8974e-01   2.4015e+00
   3.8010e-01  -8.8223e-01   2.4015e+00
   3.9769e-01  -8.7437e-01   2.4015e+00
   4.1510e-01  -8.6615e-01   2.4015e+00
   4.3235e-01  -8.5758e-01   2.4015e+00
   4.4943e-01  -8.4867e-01   2.4015e+00
   4.6632e-01  -8.3942e-01   2.4015e+00
   4.8302e-01  -8.2983e-01   2.4015e+00
   4.9953e-01  -8.1992e-01   2.4015e+00
   5.1585e-01  -8.0968e-01   2.4015e+00
   5.3196e-01  -7.9913e-01   2.4015e+00
   5.4787e-01  -7.8828e-01   2.4015e+00
   5.6357e-01  -7.7711e-01   2.4015e+00
   5.7905e-01  -7.6565e-01   2.4015e+00
   5.9430e-01  -7.5389e-01   2.4015e+00
   6.0932e-01  -7.4184e-01   2.4015e+00
   6.2410e-01  -7.2949e-01   2.4015e+00
   6.3863e-01  -7.1685e-01   2.4015e+00
   6.5290e-01  -7.0392e-01   2.4015e+00
   6.6691e-01  -6.9070e-01   2.4015e+00
   6.8065e-01  -6.7720e-01   2.4015e+00
   6.9410e-01  -6.6342e-01   2.4015e+00
   7.0727e-01  -6.4936e-01   2.4015e+00
   7.2014e-01  -6.3503e-01   2.4015e+00
   7.3271e-01  -6.2044e-01   2.4015e+00
   7.4497e-01  -6.0559e-01   2.4015e+00
   7.5692e-01  -5.9049e-01   2.4015e+00
   7.6856e-01  -5.7514e-01   2.4015e+00
   7.7988e-01  -5.5956e-01   2.4015e+00
   7.9089e-01  -5.4376e-01   2.4015e+00
   8.0158e-01  -5.2773e-01   2.4015e+00
   8.1195e-01  -5.1150e-01   2.4015e+00
   8.2200e-01  -4.9507e-01   2.4015e+00
   8.3172e-01  -4.7845e-01   2.4015e+00
   8.4113e-01  -4.6165e-01   2.4015e+00
   8.5022e-01  -4.4466e-01   2.4015e+00
   8.5898e-01  -4.2751e-01   2.4015e+00
   8.6741e-01  -4.1020e-01   2.4015e+00
   8.7551e-01  -3.9272e-01   2.4015e+00
   8.8326e-01  -3.7509e-01   2.4015e+00
   8.9067e-01  -3.5731e-01   2.4015e+00
   8.9771e-01  -3.3939e-01   2.4015e+00
   9.0440e-01  -3.2132e-01   2.4015e+00
   9.1071e-01  -3.0313e-01   2.4015e+00
   9.1663e-01  -2.8480e-01   2.4015e+00
   9.2218e-01  -2.6636e-01   2.4015e+00
   9.2733e-01  -2.4780e-01   2.4015e+00
   9.3210e-01  -2.2914e-01   2.4015e+00
   9.3647e-01  -2.1038e-01   2.4015e+00
   9.4046e-01  -1.9154e-01   2.4015e+00
   9.4406e-01  -1.7262e-01   2.4015e+00
   9.4729e-01  -1.5363e-01   2.4015e+00
   9.5014e-01  -1.3459e-01   2.4015e+00
   9.5262e-01  -1.1549e-01   2.4015e+00
   9.5473e-01  -9.6343e-02   2.4015e+00
   9.5647e-01  -7.7162e-02   2.4015e+00
   9.5785e-01  -5.7951e-02   2.4015e+00
   9.5886e-01  -3.8718e-02   2.4015e+00
   9.5949e-01  -1.9469e-02   2.4015e+00
   9.5975e-01  -2.1067e-04   2.4015e+00
   9.5963e-01   1.9049e-02   2.4015e+00
   9.5913e-01   3.8302e-02   2.4015e+00
   9.5825e-01   5.7542e-02   2.4015e+00
   9.5698e-01   7.6760e-02   2.4015e+00
   9.5534e-01   9.5949e-02   2.4015e+00
   9.5331e-01   1.1510e-01   2.4015e+00
   9.5090e-01   1.3421e-01   2.4015e+00
   9.4811e-01   1.5327e-01   2.4015e+00
   9.4495e-01   1.7227e-01   2.4015e+00
   9.4142e-01   1.9120e-01   2.4015e+00
   9.3752e-01   2.1006e-01   2.4015e+00
   9.3325e-01   2.2884e-01   2.4015e+00
   9.2861e-01   2.4753e-01   2.4015e+00
   9.2360e-01   2.6613e-01   2.4015e+00
   9.1822e-01   2.8462e-01   2.4015e+00
   9.1246e-01   3.0300e-01   2.4015e+00
   9.0633e-01   3.2126e-01   2.4015e+00
   8.9983e-01   3.3939e-01   2.4015e+00
   8.9295e-01   3.5738e-01   2.4015e+00
   8.8570e-01   3.7522e-01   2.4015e+00
   8.7808e-01   3.9291e-01   2.4015e+00
   8.7011e-01   4.1044e-01   2.4015e+00
   8.6177e-01   4.2780e-01   2.4015e+00
   8.5309e-01   4.4499e-01   2.4015e+00
   8.4406e-01   4.6201e-01   2.4015e+00
   8.3469e-01   4.7883e-01   2.4015e+00
   8.2498e-01   4.9547e-01   2.4015e+00
   8.1495e-01   5.1191e-01   2.4015e+00
   8.0460e-01   5.2815e-01   2.4015e+00
   7.9392e-01   5.4418e-01   2.4015e+00
   7.8294e-01   5.6000e-01   2.4015e+00
   7.7163e-01   5.7559e-01   2.4015e+00
   7.6002e-01   5.9096e-01   2.4015e+00
   7.4810e-01   6.0609e-01   2.4015e+00
   7.3588e-01   6.2097e-01   2.4015e+00
   7.2336e-01   6.3561e-01   2.4015e+00
   7.1055e-01   6.4999e-01   2.4015e+00
   6.9744e-01   6.6410e-01   2.4015e+00
   6.8406e-01   6.7795e-01   2.4015e+00
   6.7039e-01   6.9152e-01   2.4015e+00
   6.5646e-01   7.0482e-01   2.4015e+00
   6.4227e-01   7.1784e-01   2.4015e+00
   6.2782e-01   7.3057e-01   2.4015e+00
   6.1312e-01   7.4302e-01   2.4015e+00
   5.9819e-01   7.5518e-01   2.4015e+00
   5.8302e-01   7.6706e-01   2.4015e+00
   5.6764e-01   7.7864e-01   2.4015e+00
   5.5203e-01   7.8993e-01   2.4015e+00
   5.3621e-01   8.0092e-01   2.4015e+00
   5.2019e-01   8.1161e-01   2.4015e+00
   5.0397e-01   8.2199e-01   2.4015e+00
   4.8756e-01   8.3207e-01   2.4015e+00
   4.7096e-01   8.4183e-01   2.4015e+00
   4.5417e-01   8.5127e-01   2.4015e+00
   4.3721e-01   8.6039e-01   2.4015e+00
   4.2007e-01   8.6919e-01   2.4015e+00
   4.0278e-01   8.7766e-01   2.4015e+00
   3.8532e-01   8.8579e-01   2.4015e+00
   3.6770e-01   8.9358e-01   2.4015e+00
   3.4994e-01   9.0102e-01   2.4015e+00
   3.3204e-01   9.0812e-01   2.4015e+00
   3.1399e-01   9.1486e-01   2.4015e+00
   2.9582e-01   9.2123e-01   2.4015e+00
   2.7752e-01   9.2724e-01   2.4015e+00
   2.5911e-01   9.3288e-01   2.4015e+00
   2.4058e-01   9.3815e-01   2.4015e+00
   2.2195e-01   9.4303e-01   2.4015e+00
   2.0322e-01   9.4754e-01   2.4015e+00
   1.8441e-01   9.5166e-01   2.4015e+00
   1.6552e-01   9.5541e-01   2.4015e+00
   1.4656e-01   9.5877e-01   2.4015e+00
   1.2753e-01   9.6177e-01   2.4015e+00
   1.0845e-01   9.6439e-01   2.4015e+00
   8.9321e-02   9.6664e-01   2.4015e+00
   7.0153e-02   9.6852e-01   2.4015e+00
   5.0953e-02   9.7003e-01   2.4015e+00
   3.1728e-02   9.7118e-01   2.4015e+00
   1.2484e-02   9.7197e-01   2.4015e+00
  -6.7715e-03   9.7238e-01   2.4015e+00
  -2.6031e-02   9.7242e-01   2.4015e+00
  -4.5288e-02   9.7209e-01   2.4015e+00
  -6.4535e-02   9.7137e-01   2.4015e+00
  -8.3763e-02   9.7027e-01   2.4015e+00
  -1.0297e-01   9.6879e-01   2.4015e+00
  -1.2213e-01   9.6691e-01   2.4015e+00
  -1.4126e-01   9.6464e-01   2.4015e+00
  -1.6033e-01   9.6198e-01   2.4015e+00
  -1.7935e-01   9.5893e-01   2.4015e+00
  -1.9830e-01   9.5548e-01   2.4015e+00
  -2.1717e-01   9.5165e-01   2.4015e+00
  -2.3597e-01   9.4744e-01   2.4015e+00
  -2.5467e-01   9.4284e-01   2.4015e+00
  -2.7328e-01   9.3787e-01   2.4015e+00
  -2.9178e-01   9.3252e-01   2.4015e+00
  -3.1017e-01   9.2680e-01   2.4015e+00
  -3.2844e-01   9.2072e-01   2.4015e+00
  -3.4659e-01   9.1426e-01   2.4015e+00
  -3.6460e-01   9.0744e-01   2.4015e+00
  -3.8247e-01   9.0025e-01   2.4015e+00
  -4.0019e-01   8.9271e-01   2.4015e+00
  -4.1775e-01   8.8480e-01   2.4015e+00
  -4.3515e-01   8.7654e-01   2.4015e+00
  -4.5238e-01   8.6794e-01   2.4015e+00
  -4.6944e-01   8.5899e-01   2.4015e+00
  -4.8631e-01   8.4971e-01   2.4015e+00
  -5.0301e-01   8.4011e-01   2.4015e+00
  -5.1952e-01   8.3018e-01   2.4015e+00
  -5.3583e-01   8.1995e-01   2.4015e+00
  -5.5196e-01   8.0942e-01   2.4015e+00
  -5.6789e-01   7.9859e-01   2.4015e+00
  -5.8361e-01   7.8747e-01   2.4015e+00
  -5.9912e-01   7.7606e-01   2.4015e+00
  -6.1442e-01   7.6436e-01   2.4015e+00
  -6.2949e-01   7.5236e-01   2.4015e+00
  -6.4432e-01   7.4007e-01   2.4015e+00
  -6.5890e-01   7.2749e-01   2.4015e+00
  -6.7322e-01   7.1461e-01   2.4015e+00
  -6.8726e-01   7.0143e-01   2.4015e+00
  -7.0102e-01   6.8795e-01   2.4015e+00
  -7.1449e-01   6.7418e-01   2.4015e+00
  -7.2766e-01   6.6013e-01   2.4015e+00
  -7.4052e-01   6.4580e-01   2.4015e+00
  -7.5308e-01   6.3120e-01   2.4015e+00
  -7.6534e-01   6.1634e-01   2.4015e+00
  -7.7730e-01   6.0124e-01   2.4015e+00
  -7.8896e-01   5.8592e-01   2.4015e+00
  -8.0034e-01   5.7037e-01   2.4015e+00
  -8.1142e-01   5.5462e-01   2.4015e+00
  -8.2221e-01   5.3867e-01   2.4015e+00
  -8.3271e-01   5.2252e-01   2.4015e+00
  -8.4290e-01   5.0618e-01   2.4015e+00
  -8.5279e-01   4.8965e-01   2.4015e+00
  -8.6235e-01   4.7294e-01   2.4015e+00
  -8.7158e-01   4.5603e-01   2.4015e+00
  -8.8047e-01   4.3895e-01   2.4015e+00
  -8.8900e-01   4.2168e-01   2.4015e+00
  -8.9717e-01   4.0424e-01   2.4015e+00
  -9.0497e-01   3.8663e-01   2.4015e+00
  -9.1239e-01   3.6886e-01   2.4015e+00
  -9.1946e-01   3.5094e-01   2.4015e+00
  -9.2615e-01   3.3288e-01   2.4015e+00
  -9.3249e-01   3.1469e-01   2.4015e+00
  -9.3848e-01   2.9639e-01   2.4015e+00
  -9.4413e-01   2.7797e-01   2.4015e+00
  -9.4943e-01   2.5946e-01   2.4015e+00
  -9.5439e-01   2.4085e-01   2.4015e+00
  -9.5901e-01   2.2215e-01   2.4015e+00
  -9.6327e-01   2.0337e-01   2.4015e+00
  -9.6719e-01   1.8451e-01   2.4015e+00
  -9.7074e-01   1.6558e-01   2.4015e+00
  -9.7392e-01   1.4659e-01   2.4015e+00
  -9.7673e-01   1.2753e-01   2.4015e+00
  -9.7916e-01   1.0843e-01   2.4015e+00
  -9.8121e-01   8.9277e-02   2.4015e+00
  -9.8287e-01   7.0089e-02   2.4015e+00
  -9.8415e-01   5.0872e-02   2.4015e+00
  -9.8505e-01   3.1633e-02   2.4015e+00
  -9.8557e-01   1.2380e-02   2.4015e+00
  -9.8572e-01  -6.8790e-03   2.4015e+00
  -9.8548e-01  -2.6137e-02   2.4015e+00
  -9.8487e-01  -4.5387e-02   2.4015e+00
  -9.8389e-01  -6.4622e-02   2.4015e+00
  -9.8252e-01  -8.3833e-02   2.4015e+00
  -9.8076e-01  -1.0301e-01   2.4015e+00
  -9.7862e-01  -1.2215e-01   2.4015e+00
  -9.7610e-01  -1.4125e-01   2.4015e+00
  -9.7319e-01  -1.6029e-01   2.4015e+00
  -9.6990e-01  -1.7926e-01   2.4015e+00
  -9.6624e-01  -1.9817e-01   2.4015e+00
  -9.6222e-01  -2.1701e-01   2.4015e+00
  -9.5783e-01  -2.3576e-01   2.4015e+00
  -9.5309e-01  -2.5443e-01   2.4015e+00
  -9.4800e-01  -2.7300e-01   2.4015e+00
  -9.4257e-01  -2.9148e-01   2.4015e+00
  -9.3679e-01  -3.0985e-01   2.4015e+00
  -9.3066e-01  -3.2811e-01   2.4015e+00
  -9.2418e-01  -3.4625e-01   2.4015e+00
  -9.1734e-01  -3.6425e-01   2.4015e+00
  -9.1015e-01  -3.8212e-01   2.4015e+00
  -9.0259e-01  -3.9983e-01   2.4015e+00
  -8.9468e-01  -4.1740e-01   2.4015e+00
  -8.8642e-01  -4.3479e-01   2.4015e+00
  -8.7781e-01  -4.5202e-01   2.4015e+00
  -8.6886e-01  -4.6907e-01   2.4015e+00
  -8.5958e-01  -4.8595e-01   2.4015e+00
  -8.4998e-01  -5.0265e-01   2.4015e+00
  -8.4007e-01  -5.1916e-01   2.4015e+00
  -8.2984e-01  -5.3548e-01   2.4015e+00
  -8.1932e-01  -5.5161e-01   2.4015e+00
  -8.0849e-01  -5.6754e-01   2.4015e+00
  -7.9736e-01  -5.8326e-01   2.4015e+00
  -7.8593e-01  -5.9876e-01   2.4015e+00
  -7.7419e-01  -6.1403e-01   2.4015e+00
  -7.6215e-01  -6.2906e-01   2.4015e+00
  -7.4981e-01  -6.4384e-01   2.4015e+00
  -7.3717e-01  -6.5837e-01   2.4015e+00
  -7.2423e-01  -6.7265e-01   2.4015e+00
  -7.1102e-01  -6.8665e-01   2.4015e+00
  -6.9752e-01  -7.0040e-01   2.4015e+00
  -6.8377e-01  -7.1388e-01   2.4015e+00
  -6.6976e-01  -7.2709e-01   2.4015e+00
  -6.5550e-01  -7.4004e-01   2.4015e+00
  -6.4101e-01  -7.5273e-01   2.4015e+00
  -6.2628e-01  -7.6514e-01   2.4015e+00
  -6.1133e-01  -7.7728e-01   2.4015e+00
  -5.9615e-01  -7.8913e-01   2.4015e+00
  -5.8075e-01  -8.0070e-01   2.4015e+00
  -5.6513e-01  -8.1197e-01   2.4015e+00
  -5.4929e-01  -8.2293e-01   2.4015e+00
  -5.3324e-01  -8.3357e-01   2.4015e+00
  -5.1697e-01  -8.4388e-01   2.4015e+00
  -5.0050e-01  -8.5385e-01   2.4015e+00
  -4.8381e-01  -8.6348e-01   2.4015e+00
  -4.6694e-01  -8.7276e-01   2.4015e+00
  -4.4987e-01  -8.8168e-01   2.4015e+00
  -4.3261e-01  -8.9024e-01   2.4015e+00
  -4.1519e-01  -8.9844e-01   2.4015e+00
  -3.9760e-01  -9.0628e-01   2.4015e+00
  -3.7985e-01  -9.1377e-01   2.4015e+00
  -3.6196e-01  -9.2089e-01   2.4015e+00
  -3.4393e-01  -9.2767e-01   2.4015e+00
  -3.2577e-01  -9.3409e-01   2.4015e+00
  -3.0749e-01  -9.4015e-01   2.4015e+00
  -2.8910e-01  -9.4587e-01   2.4015e+00
  -2.7060e-01  -9.5123e-01   2.4015e+00
  -2.5200e-01  -9.5623e-01   2.4015e+00
  -2.3331e-01  -9.6086e-01   2.4015e+00
  -2.1452e-01  -9.6512e-01   2.4015e+00
  -1.9566e-01  -9.6901e-01   2.4015e+00
  -1.7672e-01  -9.7251e-01   2.4015e+00
  -1.5772e-01  -9.7563e-01   2.4015e+00
  -1.3865e-01  -9.7837e-01   2.4015e+00
  -1.1954e-01  -9.8072e-01   2.4015e+00
  -1.0038e-01  -9.8271e-01   2.4015e+00
  -8.1188e-02  -9.8434e-01   2.4015e+00
  -6.1971e-02  -9.8561e-01   2.4015e+00
  -4.2733e-02  -9.8653e-01   2.4015e+00
  -2.3482e-02  -9.8712e-01   2.4015e+00
  -4.2240e-03  -9.8736e-01   2.4015e+00
   1.5036e-02  -9.8727e-01   2.4015e+00
   3.4290e-02  -9.8682e-01   2.4015e+00
   5.3533e-02  -9.8602e-01   2.4015e+00
   7.2757e-02  -9.8485e-01   2.4015e+00
   9.1954e-02  -9.8329e-01   2.4015e+00
   1.1112e-01  -9.8135e-01   2.4015e+00
   1.3023e-01  -9.7900e-01   2.4015e+00
   1.4929e-01  -9.7626e-01   2.4015e+00
   1.6830e-01  -9.7311e-01   2.4015e+00
   1.8723e-01  -9.6956e-01   2.4015e+00
   2.0608e-01  -9.6562e-01   2.4015e+00
   2.2485e-01  -9.6131e-01   2.4015e+00
   2.4353e-01  -9.5663e-01   2.4015e+00
   2.6212e-01  -9.5159e-01   2.4015e+00
   2.8061e-01  -9.4620e-01   2.4015e+00
   2.9900e-01  -9.4047e-01   2.4015e+00
   3.1728e-01  -9.3440e-01   2.4015e+00
   3.3544e-01  -9.2799e-01   2.4015e+00
   3.5348e-01  -9.2124e-01   2.4015e+00
   3.7138e-01  -9.1414e-01   2.4015e+00
   3.8915e-01  -9.0671e-01   2.4015e+00
   4.0677e-01  -8.9893e-01   2.4015e+00
   4.2423e-01  -8.9080e-01   2.4015e+00
   4.4153e-01  -8.8233e-01   2.4015e+00
   4.5865e-01  -8.7352e-01   2.4015e+00
   4.7560e-01  -8.6438e-01   2.4015e+00
   4.9237e-01  -8.5490e-01   2.4015e+00
   5.0895e-01  -8.4510e-01   2.4015e+00
   5.2533e-01  -8.3498e-01   2.4015e+00
   5.4152e-01  -8.2454e-01   2.4015e+00
   5.5750e-01  -8.1379e-01   2.4015e+00
   5.7328e-01  -8.0274e-01   2.4015e+00
   5.8883e-01  -7.9139e-01   2.4015e+00
   6.0417e-01  -7.7973e-01   2.4015e+00
   6.1927e-01  -7.6778e-01   2.4015e+00
   6.3414e-01  -7.5554e-01   2.4015e+00
   6.4877e-01  -7.4301e-01   2.4015e+00
   6.6315e-01  -7.3020e-01   2.4015e+00
   6.7727e-01  -7.1711e-01   2.4015e+00
   6.9114e-01  -7.0374e-01   2.4015e+00
   7.0474e-01  -6.9010e-01   2.4015e+00
   7.1807e-01  -6.7620e-01   2.4015e+00
   7.3112e-01  -6.6204e-01   2.4015e+00
   7.4390e-01  -6.4763e-01   2.4015e+00
   7.5639e-01  -6.3297e-01   2.4015e+00
   7.6858e-01  -6.1806e-01   2.4015e+00
   7.8048e-01  -6.0292e-01   2.4015e+00
   7.9208e-01  -5.8754e-01   2.4015e+00
   8.0337e-01  -5.7194e-01   2.4015e+00
   8.1435e-01  -5.5612e-01   2.4015e+00
   8.2502e-01  -5.4008e-01   2.4015e+00
   8.3537e-01  -5.2384e-01   2.4015e+00
   8.4540e-01  -5.0739e-01   2.4015e+00
   8.5510e-01  -4.9076e-01   2.4015e+00
   8.6448e-01  -4.7394e-01   2.4015e+00
   8.7353e-01  -4.5694e-01   2.4015e+00
   8.8226e-01  -4.3977e-01   2.4015e+00
   8.9066e-01  -4.2243e-01   2.4015e+00
   8.9872e-01  -4.0494e-01   2.4015e+00
   9.0645e-01  -3.8730e-01   2.4015e+00
   9.1385e-01  -3.6952e-01   2.4015e+00
   9.2090e-01  -3.5160e-01   2.4015e+00
   9.2761e-01  -3.3355e-01   2.4015e+00
   9.3398e-01  -3.1537e-01   2.4015e+00
   9.3999e-01  -2.9707e-01   2.4015e+00
   9.4564e-01  -2.7866e-01   2.4015e+00
   9.5093e-01  -2.6014e-01   2.4015e+00
   9.5586e-01  -2.4152e-01   2.4015e+00
   9.6042e-01  -2.2281e-01   2.4015e+00
   9.6460e-01  -2.0401e-01   2.4015e+00
   9.6842e-01  -1.8513e-01   2.4015e+00
   9.7185e-01  -1.6618e-01   2.4015e+00
   9.7491e-01  -1.4716e-01   2.4015e+00
   9.7759e-01  -1.2809e-01   2.4015e+00
   9.7989e-01  -1.0897e-01   2.4015e+00
   9.8182e-01  -8.9807e-02   2.4015e+00
   9.8336e-01  -7.0609e-02   2.4015e+00
   9.8454e-01  -5.1386e-02   2.4015e+00
   9.8535e-01  -3.2143e-02   2.4015e+00
   9.8579e-01  -1.2888e-02   2.4015e+00
   9.8587e-01   6.3714e-03   2.4015e+00
   9.8559e-01   2.5629e-02   2.4015e+00
   9.8496e-01   4.4878e-02   2.4015e+00
   9.8396e-01   6.4113e-02   2.4015e+00
   9.8261e-01   8.3325e-02   2.4015e+00
   9.8091e-01   1.0251e-01   2.4015e+00
   9.7884e-01   1.2166e-01   2.4015e+00
   9.7642e-01   1.4076e-01   2.4015e+00
   9.7363e-01   1.5982e-01   2.4015e+00
   9.7048e-01   1.7882e-01   2.4015e+00
   9.6696e-01   1.9776e-01   2.4015e+00
   9.6308e-01   2.1662e-01   2.4015e+00
   9.5884e-01   2.3541e-01   2.4015e+00
   9.5424e-01   2.5411e-01   2.4015e+00
   9.4929e-01   2.7272e-01   2.4015e+00
   9.4399e-01   2.9124e-01   2.4015e+00
   9.3835e-01   3.0966e-01   2.4015e+00
   9.3237e-01   3.2796e-01   2.4015e+00
   9.2604e-01   3.4615e-01   2.4015e+00
   9.1938e-01   3.6423e-01   2.4015e+00
   9.1238e-01   3.8217e-01   2.4015e+00
   9.0504e-01   3.9998e-01   2.4015e+00
   8.9736e-01   4.1764e-01   2.4015e+00
   8.8934e-01   4.3515e-01   2.4015e+00
   8.8098e-01   4.5250e-01   2.4015e+00
   8.7227e-01   4.6967e-01   2.4015e+00
   8.6322e-01   4.8667e-01   2.4015e+00
   8.5382e-01   5.0349e-01   2.4015e+00
   8.4410e-01   5.2011e-01   2.4015e+00
   8.3403e-01   5.3653e-01   2.4015e+00
   8.2365e-01   5.5275e-01   2.4015e+00
   8.1294e-01   5.6876e-01   2.4015e+00
   8.0193e-01   5.8456e-01   2.4015e+00
   7.9061e-01   6.0014e-01   2.4015e+00
   7.7899e-01   6.1550e-01   2.4015e+00
   7.6707e-01   6.3063e-01   2.4015e+00
   7.5487e-01   6.4553e-01   2.4015e+00
   7.4237e-01   6.6019e-01   2.4015e+00
   7.2960e-01   6.7461e-01   2.4015e+00
   7.1655e-01   6.8877e-01   2.4015e+00
   7.0322e-01   7.0267e-01   2.4015e+00
   6.8961e-01   7.1630e-01   2.4015e+00
   6.7574e-01   7.2966e-01   2.4015e+00
   6.6160e-01   7.4274e-01   2.4015e+00
   6.4719e-01   7.5552e-01   2.4015e+00
   6.3254e-01   7.6801e-01   2.4015e+00
   6.1763e-01   7.8021e-01   2.4015e+00
   6.0248e-01   7.9210e-01   2.4015e+00
   5.8709e-01   8.0368e-01   2.4015e+00
   5.7148e-01   8.1496e-01   2.4015e+00
   5.5565e-01   8.2593e-01   2.4015e+00
   5.3961e-01   8.3659e-01   2.4015e+00
   5.2337e-01   8.4695e-01   2.4015e+00
   5.0694e-01   8.5699e-01   2.4015e+00
   4.9032e-01   8.6674e-01   2.4015e+00
   4.7354e-01   8.7618e-01   2.4015e+00
   4.5658e-01   8.8532e-01   2.4015e+00
   4.3947e-01   8.9415e-01   2.4015e+00
   4.2220e-01   9.0267e-01   2.4015e+00
   4.0477e-01   9.1088e-01   2.4015e+00
   3.8721e-01   9.1878e-01   2.4015e+00
   3.6949e-01   9.2634e-01   2.4015e+00
   3.5164e-01   9.3357e-01   2.4015e+00
   3.3365e-01   9.4045e-01   2.4015e+00
   3.1553e-01   9.4698e-01   2.4015e+00
   2.9729e-01   9.5314e-01   2.4015e+00
   2.7892e-01   9.5892e-01   2.4015e+00
   2.6043e-01   9.6433e-01   2.4015e+00
   2.4184e-01   9.6936e-01   2.4015e+00
   2.2314e-01   9.7399e-01   2.4015e+00
   2.0436e-01   9.7825e-01   2.4015e+00
   1.8549e-01   9.8212e-01   2.4015e+00
   1.6655e-01   9.8561e-01   2.4015e+00
   1.4755e-01   9.8872e-01   2.4015e+00
   1.2848e-01   9.9147e-01   2.4015e+00
   1.0937e-01   9.9386e-01   2.4015e+00
   9.0220e-02   9.9589e-01   2.4015e+00
   7.1033e-02   9.9756e-01   2.4015e+00
   5.1818e-02   9.9888e-01   2.4015e+00
   3.2583e-02   9.9985e-01   2.4015e+00
   1.3333e-02   1.0005e+00   2.4015e+00
  -5.9244e-03   1.0007e+00   2.4015e+00
  -2.5184e-02   1.0007e+00   2.4015e+00
  -4.4439e-02   1.0002e+00   2.4015e+00
  -6.3683e-02   9.9946e-01   2.4015e+00
  -8.2909e-02   9.9832e-01   2.4015e+00
  -1.0211e-01   9.9682e-01   2.4015e+00
  -1.2128e-01   9.9496e-01   2.4015e+00
  -1.4041e-01   9.9274e-01   2.4015e+00
  -1.5950e-01   9.9016e-01   2.4015e+00
  -1.7853e-01   9.8721e-01   2.4015e+00
  -1.9750e-01   9.8389e-01   2.4015e+00
  -2.1640e-01   9.8020e-01   2.4015e+00
  -2.3523e-01   9.7614e-01   2.4015e+00
  -2.5397e-01   9.7169e-01   2.4015e+00
  -2.7262e-01   9.6687e-01   2.4015e+00
  -2.9116e-01   9.6167e-01   2.4015e+00
  -3.0959e-01   9.5609e-01   2.4015e+00
  -3.2791e-01   9.5013e-01   2.4015e+00
  -3.4610e-01   9.4380e-01   2.4015e+00
  -3.6416e-01   9.3710e-01   2.4015e+00
  -3.8207e-01   9.3004e-01   2.4015e+00
  -3.9985e-01   9.2262e-01   2.4015e+00
  -4.1747e-01   9.1485e-01   2.4015e+00
  -4.3494e-01   9.0675e-01   2.4015e+00
  -4.5226e-01   8.9832e-01   2.4015e+00
  -4.6942e-01   8.8957e-01   2.4015e+00
  -4.8641e-01   8.8050e-01   2.4015e+00
  -5.0324e-01   8.7113e-01   2.4015e+00
  -5.1989e-01   8.6146e-01   2.4015e+00
  -5.3637e-01   8.5148e-01   2.4015e+00
  -5.5266e-01   8.4122e-01   2.4015e+00
  -5.6877e-01   8.3065e-01   2.4015e+00
  -5.8468e-01   8.1980e-01   2.4015e+00
  -6.0038e-01   8.0865e-01   2.4015e+00
  -6.1588e-01   7.9721e-01   2.4015e+00
  -6.3115e-01   7.8548e-01   2.4015e+00
  -6.4620e-01   7.7346e-01   2.4015e+00
  -6.6101e-01   7.6115e-01   2.4015e+00
  -6.7558e-01   7.4855e-01   2.4015e+00
  -6.8990e-01   7.3567e-01   2.4015e+00
  -7.0396e-01   7.2251e-01   2.4015e+00
  -7.1775e-01   7.0907e-01   2.4015e+00
  -7.3127e-01   6.9535e-01   2.4015e+00
  -7.4452e-01   6.8137e-01   2.4015e+00
  -7.5747e-01   6.6712e-01   2.4015e+00
  -7.7013e-01   6.5260e-01   2.4015e+00
  -7.8250e-01   6.3784e-01   2.4015e+00
  -7.9456e-01   6.2282e-01   2.4015e+00
  -8.0632e-01   6.0757e-01   2.4015e+00
  -8.1777e-01   5.9208e-01   2.4015e+00
  -8.2892e-01   5.7638e-01   2.4015e+00
  -8.3976e-01   5.6046e-01   2.4015e+00
  -8.5030e-01   5.4434e-01   2.4015e+00
  -8.6053e-01   5.2802e-01   2.4015e+00
  -8.7046e-01   5.1152e-01   2.4015e+00
  -8.8008e-01   4.9483e-01   2.4015e+00
  -8.8939e-01   4.7797e-01   2.4015e+00
  -8.9839e-01   4.6094e-01   2.4015e+00
  -9.0707e-01   4.4375e-01   2.4015e+00
  -9.1543e-01   4.2640e-01   2.4015e+00
  -9.2346e-01   4.0890e-01   2.4015e+00
  -9.3117e-01   3.9124e-01   2.4015e+00
  -9.3854e-01   3.7345e-01   2.4015e+00
  -9.4558e-01   3.5552e-01   2.4015e+00
  -9.5228e-01   3.3747e-01   2.4015e+00
  -9.5865e-01   3.1929e-01   2.4015e+00
  -9.6468e-01   3.0100e-01   2.4015e+00
  -9.7036e-01   2.8260e-01   2.4015e+00
  -9.7570e-01   2.6409e-01   2.4015e+00
  -9.8068e-01   2.4549e-01   2.4015e+00
  -9.8531e-01   2.2679e-01   2.4015e+00
  -9.8958e-01   2.0801e-01   2.4015e+00
  -9.9348e-01   1.8915e-01   2.4015e+00
  -9.9700e-01   1.7022e-01   2.4015e+00
  -1.0002e+00   1.5122e-01   2.4015e+00
  -1.0029e+00   1.3216e-01   2.4015e+00
  -1.0053e+00   1.1305e-01   2.4015e+00
  -1.0074e+00   9.3898e-02   2.4015e+00
  -1.0090e+00   7.4710e-02   2.4015e+00
  -1.0103e+00   5.5494e-02   2.4015e+00
  -1.0113e+00   3.6256e-02   2.4015e+00
  -1.0118e+00   1.7005e-02   2.4015e+00
  -1.0120e+00  -2.2535e-03   2.4015e+00
  -1.0119e+00  -2.1513e-02   2.4015e+00
  -1.0114e+00  -4.0766e-02   2.4015e+00
  -1.0105e+00  -6.0006e-02   2.4015e+00
  -1.0093e+00  -7.9226e-02   2.4015e+00
  -1.0077e+00  -9.8419e-02   2.4015e+00
  -1.0057e+00  -1.1758e-01   2.4015e+00
  -1.0034e+00  -1.3669e-01   2.4015e+00
  -1.0007e+00  -1.5576e-01   2.4015e+00
  -9.9757e-01  -1.7477e-01   2.4015e+00
  -9.9411e-01  -1.9372e-01   2.4015e+00
  -9.9028e-01  -2.1260e-01   2.4015e+00
  -9.8610e-01  -2.3139e-01   2.4015e+00
  -9.8155e-01  -2.5011e-01   2.4015e+00
  -9.7664e-01  -2.6873e-01   2.4015e+00
  -9.7139e-01  -2.8726e-01   2.4015e+00
  -9.6578e-01  -3.0569e-01   2.4015e+00
  -9.5982e-01  -3.2400e-01   2.4015e+00
  -9.5353e-01  -3.4221e-01   2.4015e+00
  -9.4689e-01  -3.6028e-01   2.4015e+00
  -9.3991e-01  -3.7824e-01   2.4015e+00
  -9.3259e-01  -3.9605e-01   2.4015e+00
  -9.2495e-01  -4.1373e-01   2.4015e+00
  -9.1697e-01  -4.3126e-01   2.4015e+00
  -9.0867e-01  -4.4864e-01   2.4015e+00
  -9.0004e-01  -4.6586e-01   2.4015e+00
  -8.9109e-01  -4.8291e-01   2.4015e+00
  -8.8183e-01  -4.9980e-01   2.4015e+00
  -8.7225e-01  -5.1651e-01   2.4015e+00
  -8.6236e-01  -5.3303e-01   2.4015e+00
  -8.5216e-01  -5.4937e-01   2.4015e+00
  -8.4164e-01  -5.6551e-01   2.4015e+00
  -8.3082e-01  -5.8144e-01   2.4015e+00
  -8.1969e-01  -5.9716e-01   2.4015e+00
  -8.0826e-01  -6.1265e-01   2.4015e+00
  -7.9652e-01  -6.2793e-01   2.4015e+00
  -7.8449e-01  -6.4297e-01   2.4015e+00
  -7.7217e-01  -6.5777e-01   2.4015e+00
  -7.5957e-01  -6.7233e-01   2.4015e+00
  -7.4668e-01  -6.8665e-01   2.4015e+00
  -7.3353e-01  -7.0072e-01   2.4015e+00
  -7.2012e-01  -7.1454e-01   2.4015e+00
  -7.0645e-01  -7.2811e-01   2.4015e+00
  -6.9253e-01  -7.4142e-01   2.4015e+00
  -6.7837e-01  -7.5447e-01   2.4015e+00
  -6.6397e-01  -7.6726e-01   2.4015e+00
  -6.4934e-01  -7.7979e-01   2.4015e+00
  -6.3448e-01  -7.9205e-01   2.4015e+00
  -6.1940e-01  -8.0402e-01   2.4015e+00
  -6.0410e-01  -8.1572e-01   2.4015e+00
  -5.8858e-01  -8.2712e-01   2.4015e+00
  -5.7284e-01  -8.3823e-01   2.4015e+00
  -5.5690e-01  -8.4903e-01   2.4015e+00
  -5.4075e-01  -8.5953e-01   2.4015e+00
  -5.2440e-01  -8.6971e-01   2.4015e+00
  -5.0785e-01  -8.7956e-01   2.4015e+00
  -4.9111e-01  -8.8909e-01   2.4015e+00
  -4.7419e-01  -8.9828e-01   2.4015e+00
  -4.5709e-01  -9.0714e-01   2.4015e+00
  -4.3981e-01  -9.1564e-01   2.4015e+00
  -4.2236e-01  -9.2380e-01   2.4015e+00
  -4.0475e-01  -9.3160e-01   2.4015e+00
  -3.8699e-01  -9.3905e-01   2.4015e+00
  -3.6908e-01  -9.4614e-01   2.4015e+00
  -3.5104e-01  -9.5287e-01   2.4015e+00
  -3.3286e-01  -9.5924e-01   2.4015e+00
  -3.1456e-01  -9.6525e-01   2.4015e+00
  -2.9615e-01  -9.7091e-01   2.4015e+00
  -2.7764e-01  -9.7622e-01   2.4015e+00
  -2.5903e-01  -9.8118e-01   2.4015e+00
  -2.4033e-01  -9.8580e-01   2.4015e+00
  -2.2155e-01  -9.9007e-01   2.4015e+00
  -2.0270e-01  -9.9400e-01   2.4015e+00
  -1.8378e-01  -9.9759e-01   2.4015e+00
  -1.6479e-01  -1.0008e+00   2.4015e+00
  -1.4575e-01  -1.0037e+00   2.4015e+00
  -1.2666e-01  -1.0063e+00   2.4015e+00
  -1.0752e-01  -1.0085e+00   2.4015e+00
  -8.8350e-02  -1.0103e+00   2.4015e+00
  -6.9146e-02  -1.0117e+00   2.4015e+00
  -4.9918e-02  -1.0128e+00   2.4015e+00
  -3.0672e-02  -1.0136e+00   2.4015e+00
  -1.1415e-02  -1.0139e+00   2.4015e+00
   7.8444e-03  -1.0139e+00   2.4015e+00
   2.7100e-02  -1.0135e+00   2.4015e+00
   4.6345e-02  -1.0128e+00   2.4015e+00
   6.5571e-02  -1.0116e+00   2.4015e+00
   8.4771e-02  -1.0101e+00   2.4015e+00
   1.0394e-01  -1.0082e+00   2.4015e+00
   1.2306e-01  -1.0060e+00   2.4015e+00
   1.4214e-01  -1.0033e+00   2.4015e+00
   1.6117e-01  -1.0003e+00   2.4015e+00
   1.8013e-01  -9.9697e-01   2.4015e+00
   1.9903e-01  -9.9325e-01   2.4015e+00
   2.1786e-01  -9.8919e-01   2.4015e+00
   2.3661e-01  -9.8479e-01   2.4015e+00
   2.5528e-01  -9.8005e-01   2.4015e+00
   2.7386e-01  -9.7499e-01   2.4015e+00
   2.9234e-01  -9.6959e-01   2.4015e+00
   3.1073e-01  -9.6386e-01   2.4015e+00
   3.2902e-01  -9.5781e-01   2.4015e+00
   3.4719e-01  -9.5143e-01   2.4015e+00
   3.6524e-01  -9.4471e-01   2.4015e+00
   3.8316e-01  -9.3766e-01   2.4015e+00
   4.0095e-01  -9.3027e-01   2.4015e+00
   4.1859e-01  -9.2253e-01   2.4015e+00
   4.3607e-01  -9.1445e-01   2.4015e+00
   4.5338e-01  -9.0601e-01   2.4015e+00
   4.7052e-01  -8.9722e-01   2.4015e+00
   4.8747e-01  -8.8809e-01   2.4015e+00
   5.0424e-01  -8.7861e-01   2.4015e+00
   5.2081e-01  -8.6879e-01   2.4015e+00
   5.3718e-01  -8.5865e-01   2.4015e+00
   5.5335e-01  -8.4818e-01   2.4015e+00
   5.6931e-01  -8.3741e-01   2.4015e+00
   5.8507e-01  -8.2634e-01   2.4015e+00
   6.0062e-01  -8.1498e-01   2.4015e+00
   6.1597e-01  -8.0333e-01   2.4015e+00
   6.3110e-01  -7.9142e-01   2.4015e+00
   6.4601e-01  -7.7923e-01   2.4015e+00
   6.6071e-01  -7.6679e-01   2.4015e+00
   6.7518e-01  -7.5408e-01   2.4015e+00
   6.8943e-01  -7.4111e-01   2.4015e+00
   7.0343e-01  -7.2789e-01   2.4015e+00
   7.1718e-01  -7.1441e-01   2.4015e+00
   7.3068e-01  -7.0067e-01   2.4015e+00
   7.4392e-01  -6.8668e-01   2.4015e+00
   7.5688e-01  -6.7244e-01   2.4015e+00
   7.6957e-01  -6.5795e-01   2.4015e+00
   7.8196e-01  -6.4321e-01   2.4015e+00
   7.9407e-01  -6.2822e-01   2.4015e+00
   8.0587e-01  -6.1301e-01   2.4015e+00
   8.1737e-01  -5.9756e-01   2.4015e+00
   8.2857e-01  -5.8189e-01   2.4015e+00
   8.3945e-01  -5.6600e-01   2.4015e+00
   8.5003e-01  -5.4990e-01   2.4015e+00
   8.6029e-01  -5.3360e-01   2.4015e+00
   8.7023e-01  -5.1711e-01   2.4015e+00
   8.7986e-01  -5.0042e-01   2.4015e+00
   8.8917e-01  -4.8356e-01   2.4015e+00
   8.9816e-01  -4.6653e-01   2.4015e+00
   9.0682e-01  -4.4933e-01   2.4015e+00
   9.1516e-01  -4.3197e-01   2.4015e+00
   9.2318e-01  -4.1446e-01   2.4015e+00
   9.3086e-01  -3.9680e-01   2.4015e+00
   9.3822e-01  -3.7900e-01   2.4015e+00
   9.4524e-01  -3.6106e-01   2.4015e+00
   9.5192e-01  -3.4300e-01   2.4015e+00
   9.5826e-01  -3.2481e-01   2.4015e+00
   9.6426e-01  -3.0651e-01   2.4015e+00
   9.6992e-01  -2.8810e-01   2.4015e+00
   9.7523e-01  -2.6959e-01   2.4015e+00
   9.8019e-01  -2.5098e-01   2.4015e+00
   9.8479e-01  -2.3228e-01   2.4015e+00
   9.8904e-01  -2.1349e-01   2.4015e+00
   9.9293e-01  -1.9463e-01   2.4015e+00
   9.9646e-01  -1.7569e-01   2.4015e+00
   9.9963e-01  -1.5670e-01   2.4015e+00
   1.0024e+00  -1.3764e-01   2.4015e+00
   1.0049e+00  -1.1854e-01   2.4015e+00
   1.0070e+00  -9.9395e-02   2.4015e+00
   1.0087e+00  -8.0214e-02   2.4015e+00
   1.0101e+00  -6.1005e-02   2.4015e+00
   1.0112e+00  -4.1774e-02   2.4015e+00
   1.0119e+00  -2.2528e-02   2.4015e+00
   1.0123e+00  -3.2715e-03   2.4015e+00
   1.0123e+00   1.5988e-02   2.4015e+00
   1.0120e+00   3.5246e-02   2.4015e+00
   1.0113e+00   5.4494e-02   2.4015e+00
   1.0103e+00   7.3728e-02   2.4015e+00
   1.0090e+00   9.2939e-02   2.4015e+00
   1.0073e+00   1.1212e-01   2.4015e+00
   1.0052e+00   1.3127e-01   2.4015e+00
   1.0027e+00   1.5037e-01   2.4015e+00
   9.9993e-01   1.6943e-01   2.4015e+00
   9.9677e-01   1.8843e-01   2.4015e+00
   9.9324e-01   2.0736e-01   2.4015e+00
   9.8936e-01   2.2623e-01   2.4015e+00
   9.8514e-01   2.4502e-01   2.4015e+00
   9.8056e-01   2.6373e-01   2.4015e+00
   9.7565e-01   2.8235e-01   2.4015e+00
   9.7041e-01   3.0088e-01   2.4015e+00
   9.6483e-01   3.1932e-01   2.4015e+00
   9.5892e-01   3.3765e-01   2.4015e+00
   9.5268e-01   3.5587e-01   2.4015e+00
   9.4610e-01   3.7397e-01   2.4015e+00
   9.3919e-01   3.9195e-01   2.4015e+00
   9.3195e-01   4.0979e-01   2.4015e+00
   9.2437e-01   4.2750e-01   2.4015e+00
   9.1645e-01   4.4505e-01   2.4015e+00
   9.0819e-01   4.6245e-01   2.4015e+00
   8.9960e-01   4.7969e-01   2.4015e+00
   8.9066e-01   4.9675e-01   2.4015e+00
   8.8140e-01   5.1364e-01   2.4015e+00
   8.7181e-01   5.3034e-01   2.4015e+00
   8.6189e-01   5.4685e-01   2.4015e+00
   8.5165e-01   5.6316e-01   2.4015e+00
   8.4109e-01   5.7927e-01   2.4015e+00
   8.3023e-01   5.9517e-01   2.4015e+00
   8.1907e-01   6.1087e-01   2.4015e+00
   8.0761e-01   6.2635e-01   2.4015e+00
   7.9585e-01   6.4161e-01   2.4015e+00
   7.8382e-01   6.5664e-01   2.4015e+00
   7.7150e-01   6.7145e-01   2.4015e+00
   7.5891e-01   6.8603e-01   2.4015e+00
   7.4606e-01   7.0036e-01   2.4015e+00
   7.3293e-01   7.1446e-01   2.4015e+00
   7.1954e-01   7.2831e-01   2.4015e+00
   7.0590e-01   7.4189e-01   2.4015e+00
   6.9199e-01   7.5522e-01   2.4015e+00
   6.7782e-01   7.6827e-01   2.4015e+00
   6.6341e-01   7.8104e-01   2.4015e+00
   6.4874e-01   7.9352e-01   2.4015e+00
   6.3383e-01   8.0571e-01   2.4015e+00
   6.1867e-01   8.1760e-01   2.4015e+00
   6.0329e-01   8.2918e-01   2.4015e+00
   5.8768e-01   8.4046e-01   2.4015e+00
   5.7185e-01   8.5144e-01   2.4015e+00
   5.5582e-01   8.6211e-01   2.4015e+00
   5.3958e-01   8.7247e-01   2.4015e+00
   5.2316e-01   8.8253e-01   2.4015e+00
   5.0655e-01   8.9228e-01   2.4015e+00
   4.8976e-01   9.0172e-01   2.4015e+00
   4.7280e-01   9.1084e-01   2.4015e+00
   4.5567e-01   9.1965e-01   2.4015e+00
   4.3838e-01   9.2813e-01   2.4015e+00
   4.2093e-01   9.3629e-01   2.4015e+00
   4.0333e-01   9.4411e-01   2.4015e+00
   3.8558e-01   9.5159e-01   2.4015e+00
   3.6769e-01   9.5872e-01   2.4015e+00
   3.4967e-01   9.6551e-01   2.4015e+00
   3.3152e-01   9.7196e-01   2.4015e+00
   3.1325e-01   9.7806e-01   2.4015e+00
   2.9488e-01   9.8382e-01   2.4015e+00
   2.7639e-01   9.8924e-01   2.4015e+00
   2.5782e-01   9.9433e-01   2.4015e+00
   2.3915e-01   9.9908e-01   2.4015e+00
   2.2041e-01   1.0035e+00   2.4015e+00
   2.0159e-01   1.0076e+00   2.4015e+00
   1.8270e-01   1.0114e+00   2.4015e+00
   1.6375e-01   1.0148e+00   2.4015e+00
   1.4474e-01   1.0179e+00   2.4015e+00
   1.2568e-01   1.0207e+00   2.4015e+00
   1.0658e-01   1.0231e+00   2.4015e+00
   8.7430e-02   1.0252e+00   2.4015e+00
   6.8250e-02   1.0269e+00   2.4015e+00
   4.9042e-02   1.0284e+00   2.4015e+00
   2.9812e-02   1.0294e+00   2.4015e+00
   1.0565e-02   1.0301e+00   2.4015e+00
  -8.6917e-03   1.0305e+00   2.4015e+00
  -2.7951e-02   1.0305e+00   2.4015e+00
  -4.7208e-02   1.0301e+00   2.4015e+00
  -6.6454e-02   1.0294e+00   2.4015e+00
  -8.5682e-02   1.0283e+00   2.4015e+00
  -1.0489e-01   1.0268e+00   2.4015e+00
  -1.2406e-01   1.0250e+00   2.4015e+00
  -1.4319e-01   1.0228e+00   2.4015e+00
  -1.6228e-01   1.0202e+00   2.4015e+00
  -1.8131e-01   1.0173e+00   2.4015e+00
  -2.0029e-01   1.0140e+00   2.4015e+00
  -2.1919e-01   1.0103e+00   2.4015e+00
  -2.3802e-01   1.0062e+00   2.4015e+00
  -2.5677e-01   1.0018e+00   2.4015e+00
  -2.7543e-01   9.9705e-01   2.4015e+00
  -2.9399e-01   9.9191e-01   2.4015e+00
  -3.1245e-01   9.8641e-01   2.4015e+00
  -3.3079e-01   9.8055e-01   2.4015e+00
  -3.4902e-01   9.7433e-01   2.4015e+00
  -3.6713e-01   9.6776e-01   2.4015e+00
  -3.8510e-01   9.6083e-01   2.4015e+00
  -4.0293e-01   9.5356e-01   2.4015e+00
  -4.2062e-01   9.4595e-01   2.4015e+00
  -4.3817e-01   9.3800e-01   2.4015e+00
  -4.5555e-01   9.2971e-01   2.4015e+00
  -4.7277e-01   9.2109e-01   2.4015e+00
  -4.8983e-01   9.1214e-01   2.4015e+00
  -5.0671e-01   9.0288e-01   2.4015e+00
  -5.2342e-01   8.9329e-01   2.4015e+00
  -5.3995e-01   8.8340e-01   2.4015e+00
  -5.5629e-01   8.7321e-01   2.4015e+00
  -5.7244e-01   8.6272e-01   2.4015e+00
  -5.8839e-01   8.5193e-01   2.4015e+00
  -6.0415e-01   8.4086e-01   2.4015e+00
  -6.1971e-01   8.2950e-01   2.4015e+00
  -6.3506e-01   8.1787e-01   2.4015e+00
  -6.5019e-01   8.0596e-01   2.4015e+00
  -6.6510e-01   7.9377e-01   2.4015e+00
  -6.7979e-01   7.8130e-01   2.4015e+00
  -6.9423e-01   7.6857e-01   2.4015e+00
  -7.0844e-01   7.5556e-01   2.4015e+00
  -7.2239e-01   7.4228e-01   2.4015e+00
  -7.3609e-01   7.2874e-01   2.4015e+00
  -7.4952e-01   7.1494e-01   2.4015e+00
  -7.6269e-01   7.0089e-01   2.4015e+00
  -7.7559e-01   6.8659e-01   2.4015e+00
  -7.8822e-01   6.7205e-01   2.4015e+00
  -8.0058e-01   6.5727e-01   2.4015e+00
  -8.1266e-01   6.4228e-01   2.4015e+00
  -8.2447e-01   6.2706e-01   2.4015e+00
  -8.3600e-01   6.1163e-01   2.4015e+00
  -8.4724e-01   5.9599e-01   2.4015e+00
  -8.5820e-01   5.8015e-01   2.4015e+00
  -8.6886e-01   5.6412e-01   2.4015e+00
  -8.7923e-01   5.4789e-01   2.4015e+00
  -8.8929e-01   5.3146e-01   2.4015e+00
  -8.9905e-01   5.1486e-01   2.4015e+00
  -9.0850e-01   4.9808e-01   2.4015e+00
  -9.1764e-01   4.8112e-01   2.4015e+00
  -9.2646e-01   4.6400e-01   2.4015e+00
  -9.3497e-01   4.4672e-01   2.4015e+00
  -9.4316e-01   4.2929e-01   2.4015e+00
  -9.5102e-01   4.1171e-01   2.4015e+00
  -9.5857e-01   3.9399e-01   2.4015e+00
  -9.6579e-01   3.7614e-01   2.4015e+00
  -9.7267e-01   3.5815e-01   2.4015e+00
  -9.7923e-01   3.4004e-01   2.4015e+00
  -9.8544e-01   3.2181e-01   2.4015e+00
  -9.9132e-01   3.0347e-01   2.4015e+00
  -9.9685e-01   2.8502e-01   2.4015e+00
  -1.0020e+00   2.6647e-01   2.4015e+00
  -1.0069e+00   2.4784e-01   2.4015e+00
  -1.0114e+00   2.2911e-01   2.4015e+00
  -1.0156e+00   2.1032e-01   2.4015e+00
  -1.0195e+00   1.9145e-01   2.4015e+00
  -1.0230e+00   1.7251e-01   2.4015e+00
  -1.0262e+00   1.5352e-01   2.4015e+00
  -1.0291e+00   1.3447e-01   2.4015e+00
  -1.0316e+00   1.1538e-01   2.4015e+00
  -1.0338e+00   9.6249e-02   2.4015e+00
  -1.0356e+00   7.7078e-02   2.4015e+00
  -1.0371e+00   5.7876e-02   2.4015e+00
  -1.0383e+00   3.8650e-02   2.4015e+00
  -1.0390e+00   1.9405e-02   2.4015e+00
  -1.0394e+00   1.4884e-04   2.4015e+00
  -1.0394e+00  -1.9111e-02   2.4015e+00
  -1.0390e+00  -3.8367e-02   2.4015e+00
  -1.0383e+00  -5.7611e-02   2.4015e+00
  -1.0371e+00  -7.6837e-02   2.4015e+00
  -1.0356e+00  -9.6037e-02   2.4015e+00
  -1.0337e+00  -1.1520e-01   2.4015e+00
  -1.0314e+00  -1.3433e-01   2.4015e+00
  -1.0288e+00  -1.5341e-01   2.4015e+00
  -1.0258e+00  -1.7244e-01   2.4015e+00
  -1.0225e+00  -1.9140e-01   2.4015e+00
  -1.0187e+00  -2.1030e-01   2.4015e+00
  -1.0147e+00  -2.2912e-01   2.4015e+00
  -1.0102e+00  -2.4786e-01   2.4015e+00
  -1.0054e+00  -2.6651e-01   2.4015e+00
  -1.0002e+00  -2.8506e-01   2.4015e+00
  -9.9468e-01  -3.0350e-01   2.4015e+00
  -9.8879e-01  -3.2184e-01   2.4015e+00
  -9.8256e-01  -3.4007e-01   2.4015e+00
  -9.7600e-01  -3.5817e-01   2.4015e+00
  -9.6911e-01  -3.7616e-01   2.4015e+00
  -9.6190e-01  -3.9402e-01   2.4015e+00
  -9.5439e-01  -4.1175e-01   2.4015e+00
  -9.4658e-01  -4.2936e-01   2.4015e+00
  -9.3846e-01  -4.4683e-01   2.4015e+00
  -9.3006e-01  -4.6415e-01   2.4015e+00
  -9.2136e-01  -4.8134e-01   2.4015e+00
  -9.1237e-01  -4.9837e-01   2.4015e+00
  -9.0308e-01  -5.1524e-01   2.4015e+00
  -8.9349e-01  -5.3195e-01   2.4015e+00
  -8.8361e-01  -5.4848e-01   2.4015e+00
  -8.7342e-01  -5.6482e-01   2.4015e+00
  -8.6293e-01  -5.8097e-01   2.4015e+00
  -8.5214e-01  -5.9693e-01   2.4015e+00
  -8.4105e-01  -6.1267e-01   2.4015e+00
  -8.2966e-01  -6.2820e-01   2.4015e+00
  -8.1797e-01  -6.4351e-01   2.4015e+00
  -8.0598e-01  -6.5858e-01   2.4015e+00
  -7.9371e-01  -6.7342e-01   2.4015e+00
  -7.8114e-01  -6.8802e-01   2.4015e+00
  -7.6829e-01  -7.0237e-01   2.4015e+00
  -7.5516e-01  -7.1646e-01   2.4015e+00
  -7.4176e-01  -7.3029e-01   2.4015e+00
  -7.2810e-01  -7.4387e-01   2.4015e+00
  -7.1418e-01  -7.5718e-01   2.4015e+00
  -7.0002e-01  -7.7024e-01   2.4015e+00
  -6.8563e-01  -7.8303e-01   2.4015e+00
  -6.7101e-01  -7.9558e-01   2.4015e+00
  -6.5618e-01  -8.0786e-01   2.4015e+00
  -6.4115e-01  -8.1990e-01   2.4015e+00
  -6.2591e-01  -8.3168e-01   2.4015e+00
  -6.1048e-01  -8.4321e-01   2.4015e+00
  -5.9486e-01  -8.5447e-01   2.4015e+00
  -5.7904e-01  -8.6546e-01   2.4015e+00
  -5.6303e-01  -8.7617e-01   2.4015e+00
  -5.4683e-01  -8.8657e-01   2.4015e+00
  -5.3042e-01  -8.9667e-01   2.4015e+00
  -5.1382e-01  -9.0644e-01   2.4015e+00
  -4.9703e-01  -9.1586e-01   2.4015e+00
  -4.8005e-01  -9.2495e-01   2.4015e+00
  -4.6288e-01  -9.3368e-01   2.4015e+00
  -4.4554e-01  -9.4206e-01   2.4015e+00
  -4.2803e-01  -9.5009e-01   2.4015e+00
  -4.1037e-01  -9.5777e-01   2.4015e+00
  -3.9256e-01  -9.6510e-01   2.4015e+00
  -3.7462e-01  -9.7210e-01   2.4015e+00
  -3.5655e-01  -9.7876e-01   2.4015e+00
  -3.3835e-01  -9.8508e-01   2.4015e+00
  -3.2005e-01  -9.9107e-01   2.4015e+00
  -3.0164e-01  -9.9673e-01   2.4015e+00
  -2.8313e-01  -1.0020e+00   2.4015e+00
  -2.6452e-01  -1.0070e+00   2.4015e+00
  -2.4582e-01  -1.0116e+00   2.4015e+00
  -2.2704e-01  -1.0159e+00   2.4015e+00
  -2.0818e-01  -1.0198e+00   2.4015e+00
  -1.8925e-01  -1.0234e+00   2.4015e+00
  -1.7026e-01  -1.0266e+00   2.4015e+00
  -1.5121e-01  -1.0294e+00   2.4015e+00
  -1.3212e-01  -1.0319e+00   2.4015e+00
  -1.1298e-01  -1.0341e+00   2.4015e+00
  -9.3809e-02  -1.0359e+00   2.4015e+00
  -7.4608e-02  -1.0374e+00   2.4015e+00
  -5.5384e-02  -1.0386e+00   2.4015e+00
  -3.6142e-02  -1.0395e+00   2.4015e+00
  -1.6889e-02  -1.0399e+00   2.4015e+00
   2.3702e-03  -1.0401e+00   2.4015e+00
   2.1629e-02  -1.0399e+00   2.4015e+00
   4.0880e-02  -1.0393e+00   2.4015e+00
   6.0116e-02  -1.0383e+00   2.4015e+00
   7.9330e-02  -1.0370e+00   2.4015e+00
   9.8514e-02  -1.0353e+00   2.4015e+00
   1.1766e-01  -1.0332e+00   2.4015e+00
   1.3676e-01  -1.0308e+00   2.4015e+00
   1.5582e-01  -1.0280e+00   2.4015e+00
   1.7481e-01  -1.0248e+00   2.4015e+00
   1.9375e-01  -1.0212e+00   2.4015e+00
   2.1261e-01  -1.0174e+00   2.4015e+00
   2.3141e-01  -1.0132e+00   2.4015e+00
   2.5012e-01  -1.0086e+00   2.4015e+00
   2.6875e-01  -1.0037e+00   2.4015e+00
   2.8730e-01  -9.9853e-01   2.4015e+00
   3.0574e-01  -9.9298e-01   2.4015e+00
   3.2408e-01  -9.8711e-01   2.4015e+00
   3.4231e-01  -9.8090e-01   2.4015e+00
   3.6043e-01  -9.7436e-01   2.4015e+00
   3.7842e-01  -9.6749e-01   2.4015e+00
   3.9629e-01  -9.6030e-01   2.4015e+00
   4.1402e-01  -9.5278e-01   2.4015e+00
   4.3161e-01  -9.4493e-01   2.4015e+00
   4.4905e-01  -9.3677e-01   2.4015e+00
   4.6635e-01  -9.2829e-01   2.4015e+00
   4.8348e-01  -9.1950e-01   2.4015e+00
   5.0045e-01  -9.1040e-01   2.4015e+00
   5.1725e-01  -9.0098e-01   2.4015e+00
   5.3387e-01  -8.9124e-01   2.4015e+00
   5.5030e-01  -8.8119e-01   2.4015e+00
   5.6654e-01  -8.7083e-01   2.4015e+00
   5.8257e-01  -8.6015e-01   2.4015e+00
   5.9838e-01  -8.4916e-01   2.4015e+00
   6.1398e-01  -8.3787e-01   2.4015e+00
   6.2936e-01  -8.2628e-01   2.4015e+00
   6.4452e-01  -8.1439e-01   2.4015e+00
   6.5945e-01  -8.0223e-01   2.4015e+00
   6.7416e-01  -7.8979e-01   2.4015e+00
   6.8863e-01  -7.7709e-01   2.4015e+00
   7.0289e-01  -7.6413e-01   2.4015e+00
   7.1691e-01  -7.5093e-01   2.4015e+00
   7.3070e-01  -7.3749e-01   2.4015e+00
   7.4425e-01  -7.2381e-01   2.4015e+00
   7.5757e-01  -7.0989e-01   2.4015e+00
   7.7063e-01  -6.9573e-01   2.4015e+00
   7.8343e-01  -6.8135e-01   2.4015e+00
   7.9597e-01  -6.6673e-01   2.4015e+00
   8.0823e-01  -6.5187e-01   2.4015e+00
   8.2021e-01  -6.3679e-01   2.4015e+00
   8.3190e-01  -6.2149e-01   2.4015e+00
   8.4330e-01  -6.0596e-01   2.4015e+00
   8.5439e-01  -5.9022e-01   2.4015e+00
   8.6519e-01  -5.7427e-01   2.4015e+00
   8.7569e-01  -5.5812e-01   2.4015e+00
   8.8588e-01  -5.4178e-01   2.4015e+00
   8.9577e-01  -5.2525e-01   2.4015e+00
   9.0536e-01  -5.0855e-01   2.4015e+00
   9.1464e-01  -4.9168e-01   2.4015e+00
   9.2362e-01  -4.7464e-01   2.4015e+00
   9.3229e-01  -4.5744e-01   2.4015e+00
   9.4064e-01  -4.4008e-01   2.4015e+00
   9.4867e-01  -4.2258e-01   2.4015e+00
   9.5638e-01  -4.0493e-01   2.4015e+00
   9.6375e-01  -3.8713e-01   2.4015e+00
   9.7078e-01  -3.6920e-01   2.4015e+00
   9.7746e-01  -3.5114e-01   2.4015e+00
   9.8379e-01  -3.3295e-01   2.4015e+00
   9.8977e-01  -3.1464e-01   2.4015e+00
   9.9538e-01  -2.9622e-01   2.4015e+00
   1.0006e+00  -2.7769e-01   2.4015e+00
   1.0055e+00  -2.5906e-01   2.4015e+00
   1.0101e+00  -2.4034e-01   2.4015e+00
   1.0142e+00  -2.2154e-01   2.4015e+00
   1.0181e+00  -2.0267e-01   2.4015e+00
   1.0216e+00  -1.8373e-01   2.4015e+00
   1.0248e+00  -1.6473e-01   2.4015e+00
   1.0276e+00  -1.4569e-01   2.4015e+00
   1.0302e+00  -1.2660e-01   2.4015e+00
   1.0324e+00  -1.0747e-01   2.4015e+00
   1.0343e+00  -8.8301e-02   2.4015e+00
   1.0359e+00  -6.9108e-02   2.4015e+00
   1.0372e+00  -4.9891e-02   2.4015e+00
   1.0381e+00  -3.0654e-02   2.4015e+00
   1.0387e+00  -1.1404e-02   2.4015e+00
   1.0390e+00   7.8541e-03   2.4015e+00
   1.0389e+00   2.7114e-02   2.4015e+00
   1.0384e+00   4.6368e-02   2.4015e+00
   1.0376e+00   6.5609e-02   2.4015e+00
   1.0364e+00   8.4830e-02   2.4015e+00
   1.0348e+00   1.0403e-01   2.4015e+00
   1.0329e+00   1.2319e-01   2.4015e+00
   1.0306e+00   1.4231e-01   2.4015e+00
   1.0279e+00   1.6139e-01   2.4015e+00
   1.0250e+00   1.8042e-01   2.4015e+00
   1.0217e+00   1.9940e-01   2.4015e+00
   1.0181e+00   2.1831e-01   2.4015e+00
   1.0141e+00   2.3717e-01   2.4015e+00
   1.0099e+00   2.5596e-01   2.4015e+00
   1.0053e+00   2.7467e-01   2.4015e+00
   1.0005e+00   2.9330e-01   2.4015e+00
   9.9525e-01   3.1184e-01   2.4015e+00
   9.8972e-01   3.3029e-01   2.4015e+00
   9.8385e-01   3.4864e-01   2.4015e+00
   9.7765e-01   3.6687e-01   2.4015e+00
   9.7110e-01   3.8498e-01   2.4015e+00
   9.6421e-01   4.0297e-01   2.4015e+00
   9.5698e-01   4.2082e-01   2.4015e+00
   9.4942e-01   4.3853e-01   2.4015e+00
   9.4152e-01   4.5610e-01   2.4015e+00
   9.3329e-01   4.7351e-01   2.4015e+00
   9.2473e-01   4.9076e-01   2.4015e+00
   9.1585e-01   5.0785e-01   2.4015e+00
   9.0665e-01   5.2477e-01   2.4015e+00
   8.9713e-01   5.4152e-01   2.4015e+00
   8.8730e-01   5.5808e-01   2.4015e+00
   8.7717e-01   5.7446e-01   2.4015e+00
   8.6673e-01   5.9064e-01   2.4015e+00
   8.5599e-01   6.0663e-01   2.4015e+00
   8.4495e-01   6.2241e-01   2.4015e+00
   8.3363e-01   6.3799e-01   2.4015e+00
   8.2201e-01   6.5336e-01   2.4015e+00
   8.1012e-01   6.6850e-01   2.4015e+00
   7.9795e-01   6.8343e-01   2.4015e+00
   7.8550e-01   6.9813e-01   2.4015e+00
   7.7278e-01   7.1259e-01   2.4015e+00
   7.5980e-01   7.2682e-01   2.4015e+00
   7.4656e-01   7.4081e-01   2.4015e+00
   7.3306e-01   7.5454e-01   2.4015e+00
   7.1929e-01   7.6801e-01   2.4015e+00
   7.0527e-01   7.8122e-01   2.4015e+00
   6.9100e-01   7.9415e-01   2.4015e+00
   6.7648e-01   8.0680e-01   2.4015e+00
   6.6171e-01   8.1916e-01   2.4015e+00
   6.4670e-01   8.3124e-01   2.4015e+00
   6.3147e-01   8.4301e-01   2.4015e+00
   6.1600e-01   8.5450e-01   2.4015e+00
   6.0033e-01   8.6569e-01   2.4015e+00
   5.8446e-01   8.7661e-01   2.4015e+00
   5.6841e-01   8.8724e-01   2.4015e+00
   5.5217e-01   8.9761e-01   2.4015e+00
   5.3577e-01   9.0770e-01   2.4015e+00
   5.1919e-01   9.1750e-01   2.4015e+00
   5.0244e-01   9.2700e-01   2.4015e+00
   4.8550e-01   9.3617e-01   2.4015e+00
   4.6837e-01   9.4497e-01   2.4015e+00
   4.5104e-01   9.5337e-01   2.4015e+00
   4.3349e-01   9.6132e-01   2.4015e+00
   4.1575e-01   9.6881e-01   2.4015e+00
   3.9781e-01   9.7582e-01   2.4015e+00
   3.7971e-01   9.8238e-01   2.4015e+00
   3.6147e-01   9.8857e-01   2.4015e+00
   3.4313e-01   9.9447e-01   2.4015e+00
   3.2475e-01   1.0002e+00   2.4015e+00
   3.0638e-01   1.0060e+00   2.4015e+00
   2.8807e-01   1.0120e+00   2.4015e+00
   2.6989e-01   1.0183e+00   2.4015e+00
   2.5191e-01   1.0252e+00   2.4015e+00
   2.3418e-01   1.0328e+00   2.4015e+00
   2.1676e-01   1.0410e+00   2.4015e+00
   1.9970e-01   1.0499e+00   2.4015e+00
   1.8302e-01   1.0595e+00   2.4015e+00
   1.6668e-01   1.0697e+00   2.4015e+00
   1.5056e-01   1.0803e+00   2.4015e+00
   1.3444e-01   1.0908e+00   2.4015e+00
   1.1811e-01   1.1010e+00   2.4015e+00
   1.0134e-01   1.1105e+00   2.4015e+00
   8.3972e-02   1.1188e+00   2.4015e+00
   6.6027e-02   1.1258e+00   2.4015e+00
   4.7590e-02   1.1314e+00   2.4015e+00
   2.8767e-02   1.1354e+00   2.4015e+00
   9.6824e-03   1.1380e+00   2.4015e+00
  -9.5443e-03   1.1391e+00   2.4015e+00
  -2.8801e-02   1.1389e+00   2.4014e+00
  -4.8008e-02   1.1375e+00   2.4012e+00
  -6.7120e-02   1.1351e+00   2.4007e+00
  -8.6127e-02   1.1321e+00   2.4000e+00
  -1.0504e-01   1.1286e+00   2.3991e+00
  -1.2389e-01   1.1248e+00   2.3978e+00
  -1.4269e-01   1.1209e+00   2.3963e+00
  -1.6148e-01   1.1171e+00   2.3945e+00
  -1.8027e-01   1.1134e+00   2.3925e+00
  -1.9907e-01   1.1099e+00   2.3902e+00
  -2.1789e-01   1.1066e+00   2.3878e+00
  -2.3672e-01   1.1035e+00   2.3852e+00
  -2.5557e-01   1.1004e+00   2.3827e+00
  -2.7443e-01   1.0974e+00   2.3802e+00
  -2.9331e-01   1.0943e+00   2.3781e+00
  -3.1219e-01   1.0908e+00   2.3766e+00
  -3.3101e-01   1.0868e+00   2.3755e+00
  -3.4968e-01   1.0821e+00   2.3749e+00
  -3.6810e-01   1.0765e+00   2.3746e+00
  -3.8614e-01   1.0698e+00   2.3745e+00
  -4.0367e-01   1.0618e+00   2.3745e+00
  -4.2053e-01   1.0525e+00   2.3745e+00
  -4.3658e-01   1.0418e+00   2.3745e+00
  -4.5167e-01   1.0299e+00   2.3745e+00
  -4.6577e-01   1.0168e+00   2.3745e+00
  -4.7886e-01   1.0026e+00   2.3745e+00
  -4.9101e-01   9.8770e-01   2.3745e+00
  -5.0239e-01   9.7216e-01   2.3745e+00
  -5.1323e-01   9.5624e-01   2.3745e+00
  -5.2394e-01   9.4023e-01   2.3745e+00
  -5.3496e-01   9.2444e-01   2.3745e+00
  -5.4653e-01   9.0904e-01   2.3745e+00
  -5.5877e-01   8.9417e-01   2.3745e+00
  -5.7170e-01   8.7990e-01   2.3745e+00
  -5.8524e-01   8.6620e-01   2.3745e+00
  -5.9928e-01   8.5301e-01   2.3745e+00
  -6.1370e-01   8.4025e-01   2.3745e+00
  -6.2842e-01   8.2783e-01   2.3745e+00
  -6.4334e-01   8.1565e-01   2.3745e+00
  -6.5835e-01   8.0359e-01   2.3745e+00
  -6.7333e-01   7.9148e-01   2.3745e+00
  -6.8818e-01   7.7921e-01   2.3745e+00
  -7.0282e-01   7.6670e-01   2.3745e+00
  -7.1718e-01   7.5387e-01   2.3745e+00
  -7.3125e-01   7.4071e-01   2.3745e+00
  -7.4499e-01   7.2721e-01   2.3745e+00
  -7.5840e-01   7.1339e-01   2.3745e+00
  -7.7149e-01   6.9927e-01   2.3745e+00
  -7.8430e-01   6.8488e-01   2.3745e+00
  -7.9682e-01   6.7024e-01   2.3745e+00
  -8.0907e-01   6.5538e-01   2.3745e+00
  -8.2107e-01   6.4032e-01   2.3745e+00
  -8.3281e-01   6.2505e-01   2.3745e+00
  -8.4429e-01   6.0959e-01   2.3745e+00
  -8.5550e-01   5.9393e-01   2.3745e+00
  -8.6642e-01   5.7806e-01   2.3745e+00
  -8.7705e-01   5.6200e-01   2.3745e+00
  -8.8737e-01   5.4574e-01   2.3745e+00
  -8.9737e-01   5.2928e-01   2.3745e+00
  -9.0705e-01   5.1263e-01   2.3745e+00
  -9.1640e-01   4.9579e-01   2.3745e+00
  -9.2543e-01   4.7878e-01   2.3745e+00
  -9.3414e-01   4.6160e-01   2.3745e+00
  -9.4252e-01   4.4426e-01   2.3745e+00
  -9.5059e-01   4.2677e-01   2.3745e+00
  -9.5833e-01   4.0914e-01   2.3745e+00
  -9.6575e-01   3.9136e-01   2.3745e+00
  -9.7285e-01   3.7346e-01   2.3745e+00
  -9.7961e-01   3.5543e-01   2.3745e+00
  -9.8604e-01   3.3727e-01   2.3745e+00
  -9.9214e-01   3.1900e-01   2.3745e+00
  -9.9790e-01   3.0062e-01   2.3745e+00
  -1.0033e+00   2.8214e-01   2.3745e+00
  -1.0084e+00   2.6356e-01   2.3745e+00
  -1.0131e+00   2.4489e-01   2.3745e+00
  -1.0175e+00   2.2614e-01   2.3745e+00
  -1.0215e+00   2.0731e-01   2.3745e+00
  -1.0253e+00   1.8841e-01   2.3745e+00
  -1.0286e+00   1.6944e-01   2.3745e+00
  -1.0316e+00   1.5042e-01   2.3745e+00
  -1.0343e+00   1.3135e-01   2.3745e+00
  -1.0366e+00   1.1223e-01   2.3745e+00
  -1.0386e+00   9.3070e-02   2.3745e+00
  -1.0402e+00   7.3878e-02   2.3745e+00
  -1.0414e+00   5.4658e-02   2.3745e+00
  -1.0423e+00   3.5419e-02   2.3745e+00
  -1.0428e+00   1.6166e-02   2.3745e+00
  -1.0430e+00  -3.0935e-03   2.3745e+00
  -1.0427e+00  -2.2352e-02   2.3745e+00
  -1.0422e+00  -4.1602e-02   2.3745e+00
  -1.0412e+00  -6.0838e-02   2.3745e+00
  -1.0399e+00  -8.0052e-02   2.3745e+00
  -1.0382e+00  -9.9238e-02   2.3745e+00
  -1.0361e+00  -1.1839e-01   2.3745e+00
  -1.0337e+00  -1.3750e-01   2.3745e+00
  -1.0310e+00  -1.5656e-01   2.3745e+00
  -1.0279e+00  -1.7557e-01   2.3745e+00
  -1.0245e+00  -1.9452e-01   2.3745e+00
  -1.0207e+00  -2.1341e-01   2.3745e+00
  -1.0166e+00  -2.3223e-01   2.3745e+00
  -1.0122e+00  -2.5097e-01   2.3745e+00
  -1.0074e+00  -2.6963e-01   2.3745e+00
  -1.0023e+00  -2.8820e-01   2.3745e+00
  -9.9686e-01  -3.0668e-01   2.3745e+00
  -9.9110e-01  -3.2506e-01   2.3745e+00
  -9.8502e-01  -3.4333e-01   2.3745e+00
  -9.7861e-01  -3.6150e-01   2.3745e+00
  -9.7188e-01  -3.7954e-01   2.3745e+00
  -9.6482e-01  -3.9746e-01   2.3745e+00
  -9.5743e-01  -4.1525e-01   2.3745e+00
  -9.4971e-01  -4.3289e-01   2.3745e+00
  -9.4167e-01  -4.5039e-01   2.3745e+00
  -8.0362e-01  -2.9472e-01   2.4015e+00
