 
 PENTRC START => v1.5.5-378-gf06e6abd
 _____________________________________________
 Reading dcon eigenfuctions from file:
   euler.bin
   mpert =     34,  mlow =    -12, mhigh =     21
   mstep =    599,  mfix =      8, msing =      0
   Reconstructing flux functions and metric tensors
   Computing action matrices
   1.6479888811782459     
 Reading table from file: 
   g147131.02300_DIIID_KEFIT.kin
 Reading table from file: 
   gpec_xclebsch_n1.out
   Displacements input in hamada coordinates:
    -> b, bp, r, rc raised to  0  0  0  0
 Calculating dB/B, div(xi_prp)
   |----------|   0% iterations complete
   |oo--------|  20% iterations complete
   |oooo------|  40% iterations complete
   |oooooo----|  60% iterations complete
   |oooooooo--|  80% iterations complete
   |oooooooooo| 100% iterations complete
 Reading table from file: 
   gpec_pmodb_n1.out
   -> Using div(xi_perp) = -(dB/B+kappa.xi_perp)
   Displacements input in hamada coordinates:
    -> b, bp, r, rc raised to  0  0  0  0
   -> Weighting by 1/B
   |----------|   0% iterations complete
   |oo--------|  20% iterations complete
   |oooo------|  40% iterations complete
   |oooooo----|  60% iterations complete
   |oooooooo--|  80% iterations complete
   |oooooooooo| 100% iterations complete
 ---------------------------------------------
 Calculating particle transport and torque
 ---------------------------------------------
 ---------------------------------------------
 fcgl - Fluid Chew-Goldberger-Low calculation
 fcgl - Calculating using dynamic integration
  psi = 0.0  -> T_phi =   0.00E+00  2.19E-03j
 TRACE tpsi start method=fcgl psi=  0.10224598621083623       n=           1  l=           0  electron= F
 TRACE eq q=   1.1472053580525210       epsr=  0.10658477400614860       bmin=   1.5588966981052934       bmax=   1.8702797951361481     
 TRACE eq theta_bmin=   4.5505131916601764E-003  theta_bmax=  0.50427460749343200     
 TRACE eq wdian=   7233.4998592451002       wdiat=   28942.868990266616       welec=   80162.112602766414     
 TRACE eq wtran=   315479.37979814975       wgyro=   80955165.366512209       nuk=   338.86508832243175     
 TRACE dbob_m_f=  (-1.54996456892203057E-008,2.61395141469679704E-008)  (4.50077865465998037E-008,-3.59070467197842265E-008)  (1.24616467770155998E-008,-1.20802193441914328E-008)  (9.97824452707280082E-008,-6.33911759774602331E-008)  (1.50349985201453914E-008,-7.91737133255365290E-008)  (2.17968276119474505E-007,-1.18191285905971545E-008) (-1.69742258017215066E-007,-3.66282018045095753E-007)   (6.02310850073977857E-007,4.77125843686617076E-007) (-1.15810198570385905E-006,-2.07206337474150953E-006)   (1.27277061274008914E-006,3.72666884161079862E-006)  (1.07079101763872246E-006,-1.66748956700367896E-006)   (1.03013406245116205E-005,1.23396820628383950E-006)   (6.46538881045291731E-005,3.18874665646825064E-004)  (1.11104090021467025E-005,-2.85400755272706191E-004)  (3.01863580018542344E-004,-2.63566439273691061E-004) (-4.16922344725641706E-006,-2.96318626767892212E-007)  (2.98126100730203528E-006,-6.40069158869351368E-007)   (6.11304109979065536E-007,1.13703855951711942E-006)  (2.40939516358928177E-007,-1.62261848858525416E-007)   (5.99885271616419709E-008,4.93339537284822872E-008) (-2.54812110584321008E-009,-2.77134522269325276E-008) (-1.49647122048155242E-008,-7.56465363271084641E-009)  (-5.18413731023098181E-008,4.64753856032499808E-009) (-4.27566261156592092E-008,-8.51003883068665759E-009)  (-6.54274161221070068E-008,9.97718355354066427E-009) (-4.67501581879045143E-008,-5.35387450165041726E-009)  (-5.53208455905753820E-008,1.02103899189010740E-008) (-2.61155998177151963E-008,-2.26417735077335712E-009)  (-2.28096350620068913E-008,9.67108602230498179E-009)   (1.10663472023327530E-008,1.92218547396784503E-009)   (1.53892640623612071E-008,1.05544472259523153E-008)   (4.24823106440807784E-008,4.69661644612890968E-009)   (3.34309903865210128E-008,9.62122182236960759E-009)   (4.19906566157640524E-008,3.08683413902779810E-009)
 TRACE divx_m_f=  (1.54396574743624266E-008,-2.58101959656591539E-008)  (-4.60039440983748183E-008,3.55740814149941384E-008)  (-1.01698822376236682E-008,1.34306535860195244E-008)  (-1.06277767608331157E-007,5.96033318533773405E-008)   (7.82251936754194459E-009,1.01985623917133493E-007) (-2.49558874070155303E-007,-1.88814103661170813E-008)   (3.78200546916956106E-007,6.00461510602019499E-007) (-6.86806146419127456E-007,-6.07960769275082138E-007)   (2.56569494172434872E-006,3.96799590990112049E-006) (-6.91815383628329243E-007,-4.76561443623137469E-006)   (1.53534638626074222E-006,9.95787657469824391E-006)  (-7.45993222314823419E-006,1.11744874236158854E-005) (-3.88758379938263990E-005,-4.47848954583764125E-004)   (8.11958298005009843E-006,5.72142634490996837E-004)  (-5.96162673094352189E-004,5.06492891480540635E-004)  (-1.87667195371569377E-005,1.92321554335249494E-005)  (-6.24532980784436010E-006,2.40685188309478069E-006) (-1.43949029619652615E-006,-1.96168171679836535E-006)  (-5.54243011299642652E-007,1.52308212691062912E-007) (-1.17983519027618378E-007,-1.19155204720465601E-007)  (-2.55841752221856414E-008,3.09134555360019425E-008)   (1.29269445949845817E-008,2.47113382572157561E-010)  (5.00565264995010769E-008,-3.88390814379038648E-009)   (4.29772486910938653E-008,8.47258293779243319E-009)  (6.50508232789216475E-008,-9.25259587908326957E-009)   (4.64835055976076042E-008,5.61436042871835735E-009)  (5.55057942677092973E-008,-1.03339337491974177E-008)   (2.61244984233582103E-008,2.42528380149745426E-009)  (2.27666352367272932E-008,-9.51389684761424674E-009) (-1.09829996217470710E-008,-1.92002019876119262E-009) (-1.52454695390139613E-008,-1.03027417808295699E-008) (-4.24890973482602419E-008,-4.37644058640657747E-009) (-3.30284027889703463E-008,-9.67291021289986295E-009) (-4.17208262368071692E-008,-2.96794966002560952E-009)
 TRACE fcgl theta=   0.0000000000000000       dbob=  (3.89462096289153658E-004,-2.28836128552222228E-004)  divx=  (-6.58637913443286833E-004,6.70975646692343968E-004)  kapx=  (1.34587908577066587E-004,-2.21069759070060884E-004)
 TRACE fcgl integrands=   5.3705939078231821E-006   3.9501975351800925E-007
 TRACE fcgl theta=   1.9531250000000000E-003  dbob=  (3.99302232319935404E-004,-2.21357102085818709E-004)  divx=  (-6.78159793143295084E-004,6.55112279550566085E-004)  kapx=  (1.39428780411679840E-004,-2.16877588732373701E-004)
 TRACE fcgl integrands=   5.4013382154416884E-006   4.1040902010112009E-007
 TRACE fcgl theta=   3.9062500000000000E-003  dbob=  (4.08943326726684761E-004,-2.13682440996715767E-004)  divx=  (-6.97266122306032477E-004,6.38833323233518402E-004)  kapx=  (1.44161397789673858E-004,-2.12575441118401304E-004)
 TRACE fcgl integrands=   5.4330221936540448E-006   4.2593989649815761E-007
 TRACE fcgl theta=   5.8593750000000000E-003  dbob=  (4.18382512133202837E-004,-2.05817344192382452E-004)  divx=  (-7.15949639010268540E-004,6.22150700681005104E-004)  kapx=  (1.48783563438532852E-004,-2.08166678244311326E-004)
 TRACE fcgl integrands=   5.4656299950052587E-006   4.4160442151948915E-007
 TRACE fcgl theta=   7.8125000000000000E-003  dbob=  (4.27617285883107154E-004,-1.97766873880956032E-004)  divx=  (-7.34203627921610762E-004,6.05076326882403922E-004)  kapx=  (1.53293171019251804E-004,-2.03654726500723945E-004)
 TRACE fcgl integrands=   5.4991468289995815E-006   4.5739565878320375E-007
 TRACE fcgl theta=   9.7656250000000000E-003  dbob=  (4.36645433097901880E-004,-1.89535901675493202E-004)  divx=  (-7.52021845515135840E-004,5.87622047158325739E-004)  kapx=  (1.57688206208616980E-004,-1.99043072741416282E-004)
 TRACE fcgl integrands=   5.5335582383644463E-006   4.7330754826202895E-007
 TRACE fcgl theta=   1.1718750000000000E-002  dbob=  (4.45464936495663802E-004,-1.81129075202511488E-004)  divx=  (-7.69398431865651118E-004,5.69799595678720499E-004)  kapx=  (1.61966747684993658E-004,-1.94335260238104519E-004)
 TRACE fcgl integrands=   5.5688493553922596E-006   4.8933469562730475E-007
 TRACE fcgl theta=   1.3671875000000000E-002  dbob=  (4.54073878681857568E-004,-1.72550807991953231E-004)  divx=  (-7.86327814672321541E-004,5.51620577006009332E-004)  kapx=  (1.66126967995231987E-004,-1.89534884507028050E-004)
 TRACE fcgl integrands=   5.6050041732234002E-006   5.0547210996924234E-007
 TRACE fcgl theta=   1.5625000000000000E-002  dbob=  (4.62470343196758754E-004,-1.63805293921645291E-004)  divx=  (-8.02804611757133944E-004,5.33096471960709493E-004)  kapx=  (1.70167134280187595E-004,-1.84645589019532088E-004)
 TRACE fcgl integrands=   5.6420048664982273E-006   5.2171490415445887E-007
 TRACE fcgl theta=   1.7578125000000000E-002  dbob=  (4.70652320783694319E-004,-1.54896545883929655E-004)  divx=  (-8.18823538459340907E-004,5.14238667514391613E-004)  kapx=  (1.74085608837823294E-004,-1.79671060815230979E-004)
 TRACE fcgl integrands=   5.6798311936675680E-006   5.3805797498266833E-007
 TRACE fcgl theta=   1.9531250000000000E-002  dbob=  (4.78617627114406711E-004,-1.45828456736119818E-004)  divx=  (-8.34379326126095857E-004,4.95058508820604834E-004)  kapx=  (1.77880849505844573E-004,-1.74615026042242508E-004)
 TRACE fcgl integrands=   5.7184600094854410E-006   5.5449568222009172E-007
 TRACE fcgl theta=   2.1484375000000000E-002  dbob=  (4.86363837583210327E-004,-1.36604879091077787E-004)  divx=  (-8.49466657283621846E-004,4.75567369999132063E-004)  kapx=  (1.81551409850205759E-004,-1.69481245454027138E-004)
 TRACE fcgl integrands=   5.7578649109718470E-006   5.7102154637139603E-007
 TRACE fcgl theta=   2.3437500000000000E-002  dbob=  (4.93888243796068238E-004,-1.27229719195223609E-004)  divx=  (-8.64080122098720492E-004,4.55776738987687309E-004)  kapx=  (1.85095939151326127E-004,-1.64273509896231836E-004)
 TRACE fcgl integrands=   5.7980160336619531E-006   5.8762798462781772E-007
 TRACE fcgl theta=   2.5390625000000000E-002  dbob=  (5.01187835092697085E-004,-1.17707039112684950E-004)  divx=  (-8.78214199465134722E-004,4.35698310751430923E-004)  kapx=  (1.88513182186218818E-004,-1.58995635819373000E-004)
 TRACE fcgl integrands=   5.8388800075514237E-006   6.0430610279286729E-007
 TRACE fcgl theta=   2.7343750000000000E-002  dbob=  (5.08259306927008278E-004,-1.08041160753236912E-004)  divx=  (-8.91863264550117932E-004,4.15344082461239659E-004)  kapx=  (1.91801978811554827E-004,-1.53651460854001374E-004)
 TRACE fcgl integrands=   5.8804200741591891E-006   6.2104555821092957E-007
 TRACE fcgl theta=   2.9296875000000000E-002  dbob=  (5.15099096285616506E-004,-9.82367649941082340E-005)  divx=  (-9.05021623004792172E-004,3.94726443962338600E-004)  kapx=  (1.94961263359587833E-004,-1.48244839484115183E-004)
 TRACE fcgl integrands=   5.9225963579466399E-006   6.3783450495108318E-007
 TRACE fcgl theta=   3.1250000000000000E-002  dbob=  (5.21703442646670934E-004,-8.82989792735322602E-005)  divx=  (-9.17683570377542373E-004,3.73858256977569836E-004)  kapx=  (1.97990063865435720E-004,-1.42779638852018781E-004)
 TRACE fcgl integrands=   5.9653662773627241E-006   6.5465962793567541E-007
 TRACE fcgl theta=   3.3203125000000000E-002  dbob=  (5.28068471375201594E-004,-7.82334475734153902E-005)  divx=  (-9.29843473675354549E-004,3.52752917020825825E-004)  kapx=  (2.00887501150076478E-004,-1.37259734723705224E-004)
 TRACE fcgl integrands=   6.0086850734296262E-006   6.7150626760863459E-007
 TRACE fcgl theta=   3.5156250000000000E-002  dbob=  (5.34190295016146312E-004,-6.80463776305703470E-005)  divx=  (-9.41495870592516464E-004,3.31424392907270118E-004)  kapx=  (2.03652787788185076E-004,-1.31689007638349879E-004)
 TRACE fcgl integrands=   6.0525064274249926E-006   6.8835863140774230E-007
 TRACE fcgl theta=   3.7109375000000000E-002  dbob=  (5.40065126771724791E-004,-5.77445614677837870E-005)  divx=  (-9.52635580758459514E-004,3.09887239985708453E-004)  kapx=  (2.06285226993367361E-004,-1.26071339258962347E-004)
 TRACE fcgl integrands=   6.0967831341923203E-006   7.0520008305214782E-007
 TRACE fcgl theta=   3.9062500000000000E-002  dbob=  (5.45689399609938916E-004,-4.73353668441533210E-005)  divx=  (-9.63257822520293652E-004,2.88156584712099455E-004)  kapx=  (2.08784211455177368E-004,-1.20410608933973064E-004)
 TRACE fcgl integrands=   6.1414677942015509E-006   7.2201349579725257E-007
 TRACE fcgl theta=   4.1015625000000000E-002  dbob=  (5.51059883999504901E-004,-3.68266988991308459E-005)  divx=  (-9.73358328324413786E-004,2.66248079843049343E-004)  kapx=  (2.11149222162454442E-004,-1.14710690471959249E-004)
 TRACE fcgl integrands=   6.1865134858927868E-006   7.3878165164107017E-007
 TRACE fcgl theta=   4.2968750000000000E-002  dbob=  (5.56173797233900182E-004,-2.62269330063518406E-005)  divx=  (-9.82933451725743037E-004,2.44177831254793613E-004)  kapx=  (2.13379827245921427E-004,-1.08975449124220893E-004)
 TRACE fcgl integrands=   6.2318743801880661E-006   7.5548766525203280E-007
 TRACE fcgl theta=   4.4921875000000000E-002  dbob=  (5.61028897698266074E-004,-1.55448215568768558E-005)  divx=  (-9.91980259437800832E-004,2.21962299082778915E-004)  kapx=  (2.15475680869767379E-004,-1.03208738762951033E-004)
 TRACE fcgl integrands=   6.2775062613766461E-006   7.7211540933820361E-007
 TRACE fcgl theta=   4.6875000000000000E-002  dbob=  (5.65623558226805833E-004,-4.78937895401849490E-006)  divx=  (-1.00049660262126108E-003,1.99618177427309212E-004)  kapx=  (2.17436522197227622E-004,-9.74143992366453566E-005)
 TRACE fcgl integrands=   6.3233669227972405E-006   7.8864991743849993E-007
 TRACE fcgl theta=   4.8828125000000000E-002  dbob=   (5.69956813849588568E-004,6.03024957130399909E-006)  divx=  (-1.00848116274811174E-003,1.77162258187744780E-004)  kapx=  (2.19262174449261584E-004,-9.15962538795243864E-005)
 TRACE fcgl integrands=   6.3694164116906468E-006   8.0507774075942175E-007
 TRACE fcgl theta=   5.0781250000000000E-002  dbob=   (5.74028380668959869E-004,1.69049287055733506E-005)  divx=  (-1.01593346880624047E-003,1.54611285591086344E-004)  kapx=  (2.20952544068640300E-004,-8.57581071483298421E-005)
 TRACE fcgl integrands=   6.4156171050196670E-006   8.2138723769776187E-007
 TRACE fcgl theta=   5.2734375000000000E-002  dbob=   (5.77838644252071077E-004,2.78256761073607836E-005)  divx=  (-1.02285388424096127E-003,1.31981808608819750E-004)  kapx=  (2.22507619994445096E-004,-7.99037423580902667E-005)
 TRACE fcgl integrands=   6.4619336066117205E-006   8.3756877799239202E-007
 TRACE fcgl theta=   5.4687500000000000E-002  dbob=   (5.81388617679639598E-004,3.87838003072996904E-005)  divx=  (-1.02924356376886622E-003,1.09290038669472767E-004)  kapx=  (2.23927473044613313E-004,-7.40369194883862356E-005)
 TRACE fcgl integrands=   6.5083324652679296E-006   8.5361484786997064E-007
 TRACE fcgl theta=   5.6640625000000000E-002  dbob=   (5.84679871147658734E-004,4.97710262073912326E-005)  divx=  (-1.03510438194184969E-003,8.65517198591447785E-005)  kapx=  (2.25212255397095479E-004,-6.81613730332679987E-005)
 TRACE fcgl integrands=   6.5547817230450361E-006   8.6952004785577452E-007
 TRACE fcgl theta=   5.8593750000000000E-002  dbob=   (5.87714436673748408E-004,6.07796015725627553E-005)  divx=  (-1.04043883698147141E-003,6.37820181697306739E-005)  kapx=  (2.26362200153861501E-004,-6.22808098711467146E-005)
 TRACE fcgl integrands=   6.6012503122724761E-006   8.8528098082019127E-007
 TRACE fcgl theta=   6.0546875000000000E-002  dbob=   (5.90494692914541393E-004,7.18023789298546044E-005)  divx=  (-1.04524993484796363E-003,4.09954353411198932E-005)  kapx=  (2.27377620966711118E-004,-5.63989071354872488E-005)
 TRACE fcgl integrands=   6.6477073285279110E-006   9.0089603399175079E-007
 TRACE fcgl theta=   6.2500000000000000E-002  dbob=   (5.93023236268350185E-004,8.28328686367967238E-005)  divx=  (-1.04954105966824579E-003,1.82057515085431422E-005)  kapx=  (2.28258911699947805E-004,-5.05193100726699347E-005)
 TRACE fcgl integrands=   6.6941212142962160E-006   9.1636506473509800E-007
 TRACE fcgl theta=   6.4453125000000000E-002  dbob=   (5.95302745248985922E-004,9.38652604713556489E-005)  divx= (-1.05331583745418172E-003,-4.57400071212467457E-006)  kapx=  (2.29006546102597899E-004,-4.46456298796154901E-005)
 TRACE fcgl integrands=   6.7404588939561460E-006   9.3168900551215968E-007
 TRACE fcgl theta=   6.6406250000000000E-002  dbob=   (5.97335845524015006E-004,1.04894412837668567E-004)  divx= (-1.05657800044838684E-003,-2.73315297971126032E-005)  kapx=  (2.29621077462185920E-004,-3.87814415202779802E-005)
 TRACE fcgl integrands=   6.7866849047253330E-006   9.4686940828139036E-007
 TRACE fcgl theta=   6.8359375000000000E-002  dbob=   (5.99124982990229720E-004,1.15915810472275857E-004)  divx= (-1.05933125941633124E-003,-5.00552474192507446E-005)  kapx=  (2.30103138213050762E-004,-3.29302815265125563E-005)
 TRACE fcgl integrands=   6.8327605699833269E-006   9.6190795234861261E-007
 TRACE fcgl theta=   7.0312500000000000E-002  dbob=   (6.00672311812555496E-004,1.26925493269736833E-004)  divx= (-1.06157919076208299E-003,-7.27342016803185758E-005)  kapx=  (2.30453439474763747E-004,-2.70956457947091285E-005)
 TRACE fcgl integrands=   6.8786432608301333E-006   9.7680594212694469E-007
 TRACE fcgl theta=   7.2265625000000000E-002  dbob=   (6.01979603507286345E-004,1.37919960423156876E-004)  divx= (-1.06332514450770610E-003,-9.53579856339541214E-005)  kapx=  (2.30672770500209875E-004,-2.12809873946013771E-005)
 TRACE fcgl integrands=   6.9242857887867552E-006   9.9156382223000059E-007
 TRACE fcgl theta=   7.4218750000000000E-002  dbob=   (6.03048181957427441E-004,1.48896055402891048E-004)  divx= (-1.06457217799341055E-003,-1.17916626581891055E-004)  kapx=  (2.30761998017991554E-004,-1.54897144104999964E-005)
 TRACE fcgl integrands=   6.9696359672939635E-006   1.0061807367350874E-006
 TRACE fcgl theta=   7.6171875000000000E-002  dbob=   (6.03878887778410214E-004,1.59850838299396841E-004)  divx= (-1.06532301869794420E-003,-1.40400462624120758E-004)  kapx=  (2.30722065459766992E-004,-9.72518783763804144E-006)
 TRACE fcgl integrands=   7.0146363723305029E-006   1.0206541573246695E-006
 TRACE fcgl theta=   7.8125000000000000E-002  dbob=   (6.04472073794058208E-004,1.70781452677583301E-004)  divx= (-1.06558005793307956E-003,-1.62800013563170796E-004)  kapx=  (2.30553992069510675E-004,-3.99071955720625281E-006)
 TRACE fcgl integrands=   7.0592243233844754E-006   1.0349796014512077E-006
 TRACE fcgl theta=   8.0078125000000000E-002  dbob=   (6.04827631633654181E-004,1.81684994296738711E-004)  divx= (-1.06534537542980648E-003,-1.85105853470830789E-004)  kapx=   (2.30258871898076148E-004,1.71042958704603924E-006)
 TRACE fcgl integrands=   7.1033320956059804E-006   1.0491504568652350E-006
 TRACE fcgl theta=   8.2031250000000000E-002  dbob=   (6.04945047724197060E-004,1.92558388833816065E-004)  divx= (-1.06462079310924956E-003,-2.07308492013832577E-004)  kapx=   (2.29837872692526251E-004,7.37505159000825588E-006)
 TRACE fcgl integrands=   7.1468873627657405E-006   1.0631579230677177E-006
 TRACE fcgl theta=   8.3984375000000000E-002  dbob=   (6.04823485328965377E-004,2.03398285125322908E-004)  divx= (-1.06340795471898046E-003,-2.29398271019732388E-004)  kapx=   (2.29292234695007541E-004,1.29999929472047397E-005)
 TRACE fcgl integrands=   7.1898138592152427E-006   1.0769910738257567E-006
 TRACE fcgl theta=   8.5937500000000000E-002  dbob=   (6.04461887868145906E-004,2.14200969455083460E-004)  divx= (-1.06170842660861732E-003,-2.51365281785863608E-004)  kapx=   (2.28623269370235708E-004,1.85821561653900738E-005)
 TRACE fcgl integrands=   7.2320322379910687E-006   1.0906370381958343E-006
 TRACE fcgl theta=   8.7890625000000000E-002  dbob=   (6.03859097630279939E-004,2.24962305123833445E-004)  divx= (-1.05952381379760129E-003,-2.73199307354242275E-004)  kapx=   (2.27832358083660674E-004,2.41185011152044148E-005)
 TRACE fcgl integrands=   7.2734610921222766E-006   1.1040812909210683E-006
 TRACE fcgl theta=   8.9843750000000000E-002  dbob=   (6.03013983207427049E-004,2.35677700021488909E-004)  divx= (-1.05685588471517372E-003,-2.94889792472541096E-004)  kapx=   (2.26920950753873338E-004,2.96060462255260933E-005)
 TRACE fcgl integrands=   7.3140180976362891E-006   1.1173080369930763E-006
 TRACE fcgl theta=   9.1796875000000000E-002  dbob=   (6.01925568603499037E-004,2.46342103275928967E-004)  divx= (-1.05370669760908959E-003,-3.16425842326847331E-004)  kapx=   (2.25890564502795278E-004,3.50418695254591818E-005)
 TRACE fcgl integrands=   7.3536212301964925E-006   1.1303006699506333E-006
 TRACE fcgl theta=   9.3750000000000000E-002  dbob=   (6.00593156991714402E-004,2.56950030371938239E-004)  divx= (-1.05007872164294188E-003,-3.37796249463831553E-004)  kapx=   (2.24742782325613739E-004,4.04231095459466571E-005)
 TRACE fcgl integrands=   7.3921900031204366E-006   1.1430422794318704E-006
 TRACE fcgl theta=   9.5703125000000000E-002  dbob=   (5.99016442526411415E-004,2.67495614520012594E-004)  divx= (-1.04597494612525092E-003,-3.58989546716843009E-004)  kapx=   (2.23479251799419754E-004,4.57469660984152076E-005)
 TRACE fcgl integrands=   7.4296466729737379E-006   1.1555161808395020E-006
 TRACE fcgl theta=   9.7656250000000000E-002  dbob=   (5.97195604415591270E-004,2.77972680601169309E-004)  divx= (-1.04139897210614755E-003,-3.79994082505832279E-004)  kapx=   (2.22101683845278141E-004,5.10107009523314849E-005)
 TRACE fcgl integrands=   7.4659173601232215E-006   1.1677064388710236E-006
 TRACE fcgl theta=   9.9609375000000000E-002  dbob=   (5.95131378580801085E-004,2.88374836803996634E-004)  divx= (-1.03635508168733884E-003,-4.00798113677560590E-004)  kapx=   (2.20611851553268877E-004,5.62116384367819782E-005)
 TRACE fcgl integrands=   7.5009330355240526E-006   1.1795983571660760E-006
 TRACE fcgl theta=  0.10156250000000000       dbob=   (5.92825103599288927E-004,2.98695578171346329E-004)  divx= (-1.03084828174770308E-003,-4.21389910157392148E-004)  kapx=   (2.19011589074207078E-004,6.13471659930229097E-005)
 TRACE fcgl integrands=   7.5346303314216156E-006   1.1911789083928755E-006
 TRACE fcgl theta=  0.10351562500000000       dbob=   (5.90278739155015693E-004,3.08928395734143081E-004)  divx= (-1.02488432030632573E-003,-4.41757865144610064E-004)  kapx=   (2.17302790575655018E-004,6.64147347052334918E-005)
 TRACE fcgl integrands=   7.5669521422402558E-006   1.2024370826031094E-006
 TRACE fcgl theta=  0.10546875000000000       dbob=   (5.87494856826859826E-004,3.19066884754205457E-004)  divx= (-1.01846967533455643E-003,-4.61890604425148452E-004)  kapx=   (2.15487409253848304E-004,7.14118598354714974E-005)
 TRACE fcgl integrands=   7.5978479922573938E-006   1.2133641364133729E-006
 TRACE fcgl theta=  0.10742187500000000       dbob=   (5.84476604618262797E-004,3.29104845828731638E-004)  divx= (-1.01161151739356824E-003,-4.81777088600980467E-004)  kapx=   (2.13567456387652723E-004,7.63361213861244142E-005)
 TRACE fcgl integrands=   7.6272741581722826E-006   1.2239537312340071E-006
 TRACE fcgl theta=  0.10937500000000000       dbob=   (5.81227648089918452E-004,3.39036373204842001E-004)  divx= (-1.00431764892182211E-003,-5.01406702623148712E-004)  kapx=   (2.11545000415951827E-004,8.11851647091533558E-005)
 TRACE fcgl integrands=   7.6551935467584292E-006   1.2342019550239373E-006
 TRACE fcgl theta=  0.11132812500000000       dbob=   (5.77752092211850522E-004,3.48855925570301520E-004)  divx= (-9.96596424244392638E-004,-5.20769327923068176E-004)  kapx=   (2.09422166016271058E-004,8.59567011763833280E-005)
 TRACE fcgl integrands=   7.6815753397898276E-006   1.2441072285321199E-006
 TRACE fcgl theta=  0.11328125000000000       dbob=   (5.74054389033036203E-004,3.58558375764582459E-004)  divx= (-9.88456655353326915E-004,-5.39855393603172191E-004)  kapx=   (2.07201133160145356E-004,9.06485089192948660E-005)
 TRACE fcgl integrands=   7.7063944297099276E-006   1.2536701033143909E-006
 TRACE fcgl theta=  0.11523437500000000       dbob=   (5.70139236923073714E-004,3.68139037216427280E-004)  divx= (-9.79907509162858707E-004,-5.58655904497593276E-004)  kapx=   (2.04884136119892497E-004,9.52584336405829977E-005)
 TRACE fcgl integrands=   7.7296306794684851E-006   1.2628929646252811E-006
 TRACE fcgl theta=  0.11718750000000000       dbob=   (5.66011477439346791E-004,3.77593666373984382E-004)  divx= (-9.70958402243553525E-004,-5.77162445361029618E-004)  kapx=   (2.02473462402103367E-004,9.97843894935226180E-005)
 TRACE fcgl integrands=   7.7512680480592202E-006   1.2717796572509501E-006
 TRACE fcgl theta=  0.11914062500000000       dbob=   (5.61675995805058074E-004,3.86918441861035700E-004)  divx= (-9.61618898975561548E-004,-5.95367161899605451E-004)  kapx=   (1.99971451585251737E-004,1.04224360019284875E-004)
 TRACE fcgl integrands=   7.7712936291303813E-006   1.2803350562003927E-006
 TRACE fcgl theta=  0.12109375000000000       dbob=   (5.57137630561212269E-004,3.96109922478732736E-004)  divx= (-9.51898618645694852E-004,-6.13262720733001327E-004)  kapx=   (1.97380494042241291E-004,1.08576399127134296E-004)
 TRACE fcgl integrands=   7.7896966533197547E-006   1.2885646067068197E-006
 TRACE fcgl theta=  0.12304687500000000       dbob=   (5.52401097213194416E-004,4.05164987394312809E-004)  divx= (-9.41807156279642456E-004,-6.30842251590699936E-004)  kapx=   (1.94703029533224020E-004,1.12838632098193563E-004)
 TRACE fcgl integrands=   7.8064675055375168E-006   1.2964738590900243E-006
 TRACE fcgl theta=  0.12500000000000000       dbob=   (5.47470929682850873E-004,4.14080762845788809E-004)  divx= (-9.31354021001597069E-004,-6.48099276026637056E-004)  kapx=   (1.91941545659373098E-004,1.17009256590424124E-004)
 TRACE fcgl integrands=   7.8215968062882947E-006   1.3040680236604228E-006
 TRACE fcgl theta=  0.12695312500000000       dbob=   (5.42351442167993462E-004,4.22854540389817327E-004)  divx= (-9.20548594516306610E-004,-6.65027627631438033E-004)  kapx=   (1.89098576174156574E-004,1.21086543620810353E-004)
 TRACE fcgl integrands=   7.8350746014417525E-006   1.3113515690596595E-006
 TRACE fcgl theta=  0.12890625000000000       dbob=   (5.37046712681713673E-004,4.31483692092904988E-004)  divx= (-9.09400110991051731E-004,-6.81621369093939750E-004)  kapx=   (1.86176699154669029E-004,1.25068838500517381E-004)
 TRACE fcgl integrands=   7.8468896979212326E-006   1.3183278843659117E-006
 TRACE fcgl theta=  0.13085937500000000       dbob=   (5.31560588178220687E-004,4.39965588098678812E-004)  divx= (-8.97917658261030024E-004,-6.97874711498682582E-004)  kapx=   (1.83178535041404668E-004,1.28954561700001885E-004)
 TRACE fcgl integrands=   7.8570291739968868E-006   1.3249990211505959E-006
 TRACE fcgl theta=  0.13281250000000000       dbob=   (5.25896709854675455E-004,4.48297521702279746E-004)  divx= (-8.86110198974970572E-004,-7.13781940949526441E-004)  kapx=   (1.80106744560147559E-004,1.32742209623623348E-004)
 TRACE fcgl integrands=   7.8654780827540849E-006   1.3313655267207183E-006
 TRACE fcgl theta=  0.13476562500000000       dbob=   (5.20058556029526892E-004,4.56476646453729074E-004)  divx= (-8.73986609117716868E-004,-7.29337357007721278E-004)  kapx=   (1.76964026544094988E-004,1.36430355276996102E-004)
 TRACE fcgl integrands=   7.8722193564363305E-006   1.3374263743234220E-006
 TRACE fcgl theta=  0.13671875000000000       dbob=   (5.14049499006933685E-004,4.64499928940471907E-004)  divx= (-8.61555730362331012E-004,-7.44535226570423934E-004)  kapx=   (1.73753115677698663E-004,1.40017648814976014E-004)
 TRACE fcgl integrands=   7.8772339083456830E-006   1.3431789904526293E-006
 TRACE fcgl theta=  0.13867187500000000       dbob=   (5.07872871600035126E-004,4.72364119825661132E-004)  divx= (-8.48826431971653008E-004,-7.59369755752457008E-004)  kapx=   (1.70476780185808941E-004,1.43502817963397938E-004)
 TRACE fcgl integrands=   7.8805009184299034E-006   1.3486193739128090E-006
 TRACE fcgl theta=  0.14062500000000000       dbob=   (5.01532038541915815E-004,4.80065744514676369E-004)  divx= (-8.35807677526760975E-004,-7.73835081141161017E-004)  kapx=   (1.67137819492422580E-004,1.46884668313242324E-004)
 TRACE fcgl integrands=   7.8819982791685777E-006   1.3537422962748232E-006
 TRACE fcgl theta=  0.14257812500000000       dbob=   (4.95030467881635056E-004,4.87601113566031846E-004)  divx= (-8.22508591627022336E-004,-7.87925280548789687E-004)  kapx=   (1.63739061872693640E-004,1.50162083491378921E-004)
 TRACE fcgl integrands=   7.8817031703928756E-006   1.3585415690823205E-006
 TRACE fcgl theta=  0.14453125000000000       dbob=   (4.88371797643320673E-004,4.94966351733770911E-004)  divx= (-8.08938521883081929E-004,-8.01634402168063137E-004)  kapx=   (1.60283362119880628E-004,1.53334025217146113E-004)
 TRACE fcgl integrands=   7.8795927256467085E-006   1.3630103598637524E-006
 TRACE fcgl theta=  0.14648437500000000       dbob=   (4.81559893498981510E-004,5.02157443402735898E-004)  divx= (-7.95107091990503298E-004,-8.14956509919606792E-004)  kapx=   (1.56773599245760894E-004,1.56399533258435447E-004)
 TRACE fcgl integrands=   7.8756447489111768E-006   1.3671415368411532E-006
 TRACE fcgl theta=  0.14843750000000000       dbob=   (4.74598893932525997E-004,5.09170291223556750E-004)  divx= (-7.81024242390388314E-004,-8.27885741832373951E-004)  kapx=   (1.53212674228931159E-004,1.59357725304408600E-004)
 TRACE fcgl integrands=   7.8698384391310595E-006   1.3709280212993795E-006
 TRACE fcgl theta=  0.15039062500000000       dbob=   (4.67493240300429597E-004,5.16000784026249813E-004)  divx= (-7.66700255941675556E-004,-8.40416377574862514E-004)  kapx=   (1.49603507820622979E-004,1.62207796774306351E-004)
 TRACE fcgl integrands=   7.8621550810216653E-006   1.3743631269093674E-006
 TRACE fcgl theta=  0.15234375000000000       dbob=   (4.60247690259176585E-004,5.22644869629911761E-004)  divx= (-7.52145767084117216E-004,-8.52542910795596248E-004)  kapx=   (1.45949038412470316E-004,1.64949020582842243E-004)
 TRACE fcgl integrands=   7.8525786639803333E-006   1.3774408668343371E-006
 TRACE fcgl theta=  0.15429687500000000       dbob=   (4.52867314159418016E-004,5.29098627993171444E-004)  divx= (-7.37371754090290332E-004,-8.64260121758039681E-004)  kapx=   (1.42252219965436158E-004,1.67580746882434119E-004)
 TRACE fcgl integrands=   7.8410963963325767E-006   1.3801562120647187E-006
 TRACE fcgl theta=  0.15625000000000000       dbob=   (4.45357475127826743E-004,5.35358340269277049E-004)  divx= (-7.22389515116076135E-004,-8.75563145871227416E-004)  kapx=   (1.38516019994124696E-004,1.70102402800975184E-004)
 TRACE fcgl integrands=   7.8276990892491615E-006   1.3825052879428742E-006
 TRACE fcgl theta=  0.15820312500000000       dbob=   (4.37723794598298343E-004,5.41420549725617380E-004)  divx= (-7.07210629790875158E-004,-8.86447534107930469E-004)  kapx=   (1.34743417596288408E-004,1.72513492191156545E-004)
 TRACE fcgl integrands=   7.8123813930267261E-006   1.3844855000181733E-006
 TRACE fcgl theta=  0.16015625000000000       dbob=   (4.29972105949715617E-004,5.47282111127689796E-004)  divx= (-6.91846908977261817E-004,-8.96909301935046614E-004)  kapx=   (1.30937401513773100E-004,1.74813595403678409E-004)
 TRACE fcgl integrands=   7.7951418775187284E-006   1.3860955849488353E-006
 TRACE fcgl theta=  0.16210937500000000       dbob=   (4.22108399604150691E-004,5.52940226024820850E-004)  divx= (-6.76310336021304593E-004,-9.06944964209366994E-004)  kapx=   (1.27100968208576951E-004,1.77002369092273072E-004)
 TRACE fcgl integrands=   7.7759829577890396E-006   1.3873355868536698E-006
 TRACE fcgl theta=  0.16406250000000000       dbob=   (4.14138763397311495E-004,5.58392462350585012E-004)  divx= (-6.60613003270003407E-004,-9.16551554457783980E-004)  kapx=   (1.23237119936345956E-004,1.79079546053599484E-004)
 TRACE fcgl integrands=   7.7549106749932643E-006   1.3882067640276153E-006
 TRACE fcgl theta=  0.16601562500000000       dbob=   (4.06069322228825116E-004,5.63636757798873411E-004)  divx= (-6.44767047827795952E-004,-9.25726627998956094E-004)  kapx=   (1.19348862799485418E-004,1.81044935100041341E-004)
 TRACE fcgl integrands=   7.7319343505591857E-006   1.3887114350015060E-006
 TRACE fcgl theta=  0.16796875000000000       dbob=   (3.97906180927604992E-004,5.68671407487659694E-004)  divx= (-6.28784590453965848E-004,-9.34468249404838184E-004)  kapx=   (1.15439204763180428E-004,1.82898420958589245E-004)
 TRACE fcgl integrands=   7.7070661384870186E-006   1.3888527763117670E-006
 TRACE fcgl theta=  0.16992187500000000       dbob=   (3.89655373938577025E-004,5.73495037409177031E-004)  divx= (-6.12677681178296334E-004,-9.42774965778330636E-004)  kapx=   (1.11511153619859655E-004,1.84639964184576803E-004)
 TRACE fcgl integrands=   7.6803205056585149E-006   1.3886345868614899E-006
 TRACE fcgl theta=  0.17187500000000000       dbob=   (3.81322824879340959E-004,5.78106566025486462E-004)  divx= (-5.96458254661101357E-004,-9.50645768176194709E-004)  kapx=   (1.07567714890880199E-004,1.86269601075354123E-004)
 TRACE fcgl integrands=   7.6517136731758592E-006   1.3880610352686163E-006
 TRACE fcgl theta=  0.17382812500000000       dbob=   (3.72914318270983530E-004,5.82505157050151510E-004)  divx= (-5.80138097587436729E-004,-9.58080044182582223E-004)  kapx=   (1.03611889658226599E-004,1.87787443566215357E-004)
 TRACE fcgl integrands=   7.6212630528116960E-006   1.3871364070435467E-006
 TRACE fcgl theta=  0.17578125000000000       dbob=   (3.64435484869530624E-004,5.86690166920471323E-004)  divx= (-5.63728829516661084E-004,-9.65077525098948430E-004)  kapx=   (9.96466723235652299E-005,1.89193679089238553E-004)
 TRACE fcgl integrands=   7.5889867116333522E-006   1.3858648678182047E-006
 TRACE fcgl theta=  0.17773437500000000       dbob=   (3.55891801074194769E-004,5.90661090686234484E-004)  divx= (-5.47241897667705428E-004,-9.71638231436591933E-004)  kapx=   (9.56750482967553292E-005,1.90488570375178725E-004)
 TRACE fcgl integrands=   7.5549028948836324E-006   1.3842502572295638E-006
 TRACE fcgl theta=  0.17968750000000000       dbob=   (3.47288601929762286E-004,5.94417510012185341E-004)  divx= (-5.30688585171084628E-004,-9.77762420370696010E-004)  kapx=   (9.16999916206611711E-005,1.91672455179255335E-004)
 TRACE fcgl integrands=   7.5190296324921433E-006   1.3822959255705701E-006
 TRACE fcgl theta=  0.18164062500000000       dbob=   (3.38631106336472550E-004,5.97959046720943099E-004)  divx= (-5.14080031423405962E-004,-9.83450538547887354E-004)  kapx=   (8.77244625434667061E-005,1.92745745913472128E-004)
 TRACE fcgl integrands=   7.4813844484856815E-006   1.3800046221411540E-006
 TRACE fcgl theta=  0.18359375000000000       dbob=   (3.29924452289839093E-004,6.01285324815020706E-004)  divx= (-4.97427262396806045E-004,-9.88703183156873413E-004)  kapx=   (8.37514050534834758E-005,1.93708929170926354E-004)
 TRACE fcgl integrands=   7.4419841854750616E-006   1.3773784405801505E-006
 TRACE fcgl theta=  0.18554687500000000       dbob=   (3.21173739344682329E-004,6.04395943248677492E-004)  divx= (-4.80741228133453450E-004,-9.93521073511043637E-004)  kapx=   (7.97837443943855606E-005,1.94562565131183073E-004)
 TRACE fcgl integrands=   7.4008449487779772E-006   1.3744188225796283E-006
 TRACE fcgl theta=  0.18750000000000000       dbob=   (3.12384075070003947E-004,6.07290460921289330E-004)  divx= (-4.64032844231569437E-004,-9.97905034601281795E-004)  kapx=   (7.58243845807827447E-005,1.95307286839996232E-004)
 TRACE fcgl integrands=   7.3579821670758077E-006   1.3711266175284971E-006
 TRACE fcgl theta=  0.18945312500000000       dbob=   (3.03560622058116091E-004,6.09968394489879468E-004)  divx= (-4.47313033927945812E-004,-1.00185599321227854E-003)  kapx=   (7.18762059349148602E-005,1.95943799361199538E-004)
 TRACE fcgl integrands=   7.3134107592699383E-006   1.3675021920467185E-006
 TRACE fcgl theta=  0.19140625000000000       dbob=   (2.94708642081194716E-004,6.12429228709297866E-004)  divx= (-4.30592767411219735E-004,-1.00537498631558223E-003)  kapx=   (6.79420626650125098E-005,1.96472878803142180E-004)
 TRACE fcgl integrands=   7.2671453908354828E-006   1.3635455802770561E-006
 TRACE fcgl theta=  0.19335937500000000       dbob=   (2.85833534244170156E-004,6.14672438163643741E-004)  divx= (-4.13883095253255134E-004,-1.00846318061648425E-003)  kapx=   (6.40247805045424893E-005,1.96895371226420255E-004)
 TRACE fcgl integrands=   7.2192007978413092E-006   1.3592566633821032E-006
 TRACE fcgl theta=  0.19531250000000000       dbob=   (2.76940864442875993E-004,6.16697518507139495E-004)  divx= (-3.97195173301349922E-004,-1.01112190139412148E-003)  kapx=   (6.01271544292369649E-005,1.97212191443490992E-004)
 TRACE fcgl integrands=   7.1695921532005212E-006   1.3546353650887803E-006
 TRACE fcgl theta=  0.19726562500000000       dbob=   (2.68036384065786532E-004,6.18504024734050175E-004)  divx= (-3.80540276997134606E-004,-1.01335266818194242E-003)  kapx=   (5.62519464656740370E-005,1.97424321723946121E-004)
 TRACE fcgl integrands=   7.1183354478234181E-006   1.3496818494116030E-006
 TRACE fcgl theta=  0.19921875000000000       dbob=   (2.59126036631244464E-004,6.20091613581991337E-004)  divx= (-3.63929803834055448E-004,-1.01515723442498792E-003)  kapx=   (5.24018836014054923E-005,1.97532810421498293E-004)
 TRACE fcgl integrands=   7.0654478592397648E-006   1.3443967068941308E-006
 TRACE fcgl theta=  0.20117187500000000       dbob=   (2.50215951877106192E-004,6.21460086964582023E-004)  divx= (-3.47375263482088063E-004,-1.01653762804467863E-003)  kapx=   (4.85796558024909357E-005,1.97538770540048303E-004)
 TRACE fcgl integrands=   7.0109480819035092E-006   1.3387811167982764E-006
 TRACE fcgl theta=  0.20312500000000000       dbob=   (2.41312427659970760E-004,6.22609433337090374E-004)  divx= (-3.30888255940014347E-004,-1.01749618985002275E-003)  kapx=   (4.47879141400217936E-005,1.97443378256466188E-004)
 TRACE fcgl integrands=   6.9548565966451069E-006   1.3328369745529612E-006
 TRACE fcgl theta=  0.20507812500000000       dbob=   (2.32421900820370137E-004,6.23539864117108591E-004)  divx= (-3.14480438866542727E-004,-1.01803560695104133E-003)  kapx=   (4.10292690230862952E-005,1.97247871416966368E-004)
 TRACE fcgl integrands=   6.8971958613534481E-006   1.3265669763072720E-006
 TRACE fcgl theta=  0.20703125000000000       dbob=   (2.23550908876123924E-004,6.24251842691905768E-004)  divx= (-2.98163485939863108E-004,-1.01815893873642010E-003)  kapx=   (3.73062885318695917E-005,1.96953548022257168E-004)
 TRACE fcgl integrands=   6.8379904106288450E-006   1.3199746554411556E-006
 TRACE fcgl theta=  0.20898437500000000       dbob=   (2.14706044973387672E-004,6.24746104113172969E-004)  divx= (-2.81949038656222355E-004,-1.01786963354141141E-003)  kapx=   (3.36214968414173414E-005,1.96561764714119221E-004)
 TRACE fcgl integrands=   6.7772668584710064E-006   1.3130643691656119E-006
 TRACE fcgl theta=  0.21093750000000000       dbob=   (2.05893908918699137E-004,6.25023664266407229E-004)  divx= (-2.65848654367110146E-004,-1.01717153481224992E-003)  kapx=   (2.99773727242055047E-005,1.96073935272921343E-004)
 TRACE fcgl integrands=   6.7150538046384138E-006   1.3058412366776646E-006
 TRACE fcgl theta=  0.21289062500000000       dbob=   (1.97121057312805488E-004,6.25085818057235067E-004)  divx= (-2.49873753549114178E-004,-1.01606887632124405E-003)  kapx=   (2.63763481181543451E-005,1.95491529132004490E-004)
 TRACE fcgl integrands=   6.6513816517164687E-006   1.2983110335089311E-006
 TRACE fcgl theta=  0.21484375000000000       dbob=   (1.88393955798990217E-004,6.24934126927823995E-004)  divx= (-2.34035569291365789E-004,-1.01456626675004496E-003)  kapx=   (2.28208067461877862E-005,1.94816069911110483E-004)
 TRACE fcgl integrands=   6.5862823457601618E-006   1.2904800495201315E-006
 TRACE fcgl theta=  0.21679687500000000       dbob=   (1.79718936229684669E-004,6.24570396750487571E-004)  divx= (-2.18345101777407029E-004,-1.01266866468514177E-003)  kapx=   (1.93130827738611800E-005,1.94049133967327098E-004)
 TRACE fcgl integrands=   6.5197890582739480E-006   1.2823549202749665E-006
 TRACE fcgl theta=  0.21875000000000000       dbob=   (1.71102161163408237E-004,6.23996647793309696E-004)  divx= (-2.02813080149231745E-004,-1.01038134571053667E-003)  kapx=   (1.58554594929117540E-005,1.93192348958613487E-004)
 TRACE fcgl integrands=   6.4519358309642197E-006   1.2739424431397650E-006
 TRACE fcgl theta=  0.22070312500000000       dbob=   (1.62549597559446537E-004,6.23215078971562785E-004)  divx= (-1.87449933600881133E-004,-1.00770986379569109E-003)  kapx=   (1.24501680207172983E-005,1.92247392412064151E-004)
 TRACE fcgl integrands=   6.3827572069357928E-006   1.2652493903096445E-006
 TRACE fcgl theta=  0.22265625000000000       dbob=   (1.54067000879814072E-004,6.22228028955759075E-004)  divx= (-1.72265772896648949E-004,-1.00466000952940948E-003)  kapx=   (9.09938600841743873E-006,1.91215990286825203E-004)
 TRACE fcgl integrands=   6.3122878726862184E-006   1.2562823310171868E-006
 TRACE fcgl theta=  0.22460937500000000       dbob=   (1.45659910083446750E-004,6.21037936880802278E-004)  divx= (-1.57270382790800160E-004,-1.00123776792109920E-003)  kapx=   (5.80523635367670475E-006,1.90099915520148459E-004)
 TRACE fcgl integrands=   6.2405623343615577E-006   1.2470474744458878E-006
 TRACE fcgl theta=  0.22656250000000000       dbob=   (1.37333653256398121E-004,6.19647305382083416E-004)  divx= (-1.42473225091438059E-004,-9.97449278471098690E-004)  kapx=   (2.56978591751996896E-006,1.88900986544507637E-004)
 TRACE fcgl integrands=   6.1676146493549264E-006   1.2375505434082916E-006
 TRACE fcgl theta=  0.22851562500000000       dbob=   (1.29093362914385059E-004,6.18058668477994419E-004)  divx= (-1.27883451410651421E-004,-9.93300800006060225E-004)  kapx=  (-6.04955751866819032E-007,1.87621065764032903E-004)
 TRACE fcgl integrands=   6.0934782306279837E-006   1.2277966867629778E-006
 TRACE fcgl theta=  0.23046875000000000       dbob=   (1.20943999387531861E-004,6.16274566441204477E-004)  divx= (-1.13509924023072332E-004,-9.88798682400649810E-004)  kapx=  (-3.71703768222976473E-006,1.86262057979722667E-004)
 TRACE fcgl integrands=   6.0181857363683858E-006   1.2177904359778025E-006
 TRACE fcgl theta=  0.23242187500000000       dbob=   (1.12890380192416352E-004,6.14297529281681610E-004)  divx= (-9.93612427558952869E-005,-9.83949346791359106E-004)  kapx=  (-6.76456871826053275E-006,1.84825908754838748E-004)
 TRACE fcgl integrands=   5.9417690520795444E-006   1.2075357083703652E-006
 TRACE fcgl theta=  0.23437500000000000       dbob=   (1.04937212945429250E-004,6.12130069840443225E-004)  divx= (-8.54457754868033731E-005,-9.78759275269449431E-004)  kapx=  (-9.74571872931293822E-006,1.83314602714503103E-004)
 TRACE fcgl integrands=   5.8642593662931015E-006   1.1970358565579399E-006
 TRACE fcgl theta=  0.23632812500000000       dbob=   (9.70891291949339038E-005,6.09774686808608568E-004)  divx= (-7.17716896527692333E-005,-9.73235010361696339E-004)  kapx=  (-1.26587197710823353E-005,1.81730161776543885E-004)
 TRACE fcgl integrands=   5.7856873351760040E-006   1.1862937607210724E-006
 TRACE fcgl theta=  0.23828125000000000       dbob=   (8.93507165564748986E-005,6.07233877289175866E-004)  divx= (-5.83469821809060778E-005,-9.67383163917112676E-004)  kapx=  (-1.55018671877844104E-005,1.80074643313968405E-004)
 TRACE fcgl integrands=   5.7060833257502652E-006   1.1753119576128140E-006
 TRACE fcgl theta=  0.24023437500000000       dbob=   (8.17265467214386526E-005,6.04510157856888745E-004)  divx= (-4.51795054384633969E-005,-9.61210434362506894E-004)  kapx=  (-1.82735206414876278E-005,1.78350138252809075E-004)
 TRACE fcgl integrands=   5.6254777225986575E-006   1.1640927979957057E-006
 TRACE fcgl theta=  0.24218750000000000       dbob=   (7.42211972591093897E-005,6.01606092489405647E-004)  divx= (-3.22769871467404763E-005,-9.54723630713982764E-004)  kapx=  (-2.09721050561844567E-005,1.76558769112288559E-004)
 TRACE fcgl integrands=   5.5439012790923288E-006   1.1526386224985362E-006
 TRACE fcgl theta=  0.24414062500000000       dbob=   (6.68392656180727857E-005,5.98524325279425483E-004)  divx= (-1.96470426863474785E-005,-9.47929701273671752E-004)  kapx=  (-2.35961114658626519E-005,1.74702687997123135E-004)
 TRACE fcgl integrands=   5.4613854915758248E-006   1.1409519448539264E-006
 TRACE fcgl theta=  0.24609375000000000       dbob=   (5.95853743196458018E-005,5.95267615522616510E-004)  divx= (-7.29717880334935754E-006,-9.40835764630869255E-004)  kapx=  (-2.61440977581482213E-005,1.72784074554126373E-004)
 TRACE fcgl integrands=   5.3779629737300935E-006   1.1290356311624458E-006
 TRACE fcgl theta=  0.24804687500000000       dbob=   (5.24641669813553764E-005,5.91838872629720566E-004)  divx=  (4.76521163439676144E-006,-9.33449140443652734E-004)  kapx=  (-2.86146893078760685E-005,1.70805133906966084E-004)
 TRACE fcgl integrands=   5.2936678085629109E-006   1.1168930642387956E-006
 TRACE fcgl theta=  0.25000000000000000       dbob=   (4.54802954670139112E-005,5.88241188340929205E-004)  divx=  (1.65328635290664937E-005,-9.25777377508679939E-004)  kapx=  (-3.10065794980402058E-005,1.68768094583875367E-004)
 TRACE fcgl integrands=   5.2085358571154160E-006   1.1045282831937797E-006
 TRACE fcgl theta=  0.25195312500000000       dbob=   (3.86383990859822161E-005,5.84477863922333541E-004)  divx=  (2.79986611715614346E-005,-9.17828276828912097E-004)  kapx=  (-3.33185301287718219E-005,1.66675206453289278E-004)
 TRACE fcgl integrands=   5.1226050059001226E-006   1.0919460901115307E-006
 TRACE fcgl theta=  0.25390625000000000       dbob=   (3.19430773150117288E-005,5.80552430382006422E-004)  divx=  (3.91556661212189618E-005,-9.09609907745533063E-004)  kapx=  (-3.55493717181153487E-005,1.64528738681763321E-004)
 TRACE fcgl integrands=   5.0359153390961012E-006   1.0791521178763162E-006
 TRACE fcgl theta=  0.25585937500000000       dbob=   (2.53988579546402101E-005,5.76468660230804934E-004)  divx=  (4.99971494478055806E-005,-9.01130615685164405E-004)  kapx=  (-3.76980037012228988E-005,1.62330977727179735E-004)
 TRACE fcgl integrands=   4.9485092263514775E-006   1.0661528557388906E-006
 TRACE fcgl theta=  0.25781250000000000       dbob=   (1.90101629297485766E-005,5.72230569895375426E-004)  divx=  (6.05166261442682986E-005,-8.92399020651941086E-004)  kapx=  (-3.97633945370084359E-005,1.60084225378282830E-004)
 TRACE fcgl integrands=   4.8604313223642538E-006   1.0529556319202102E-006
 TRACE fcgl theta=  0.25976562500000000       dbob=   (1.27812740818866371E-005,5.67842412527251334E-004)  divx=  (7.07078893844215775E-005,-8.83424006225472019E-004)  kapx=  (-4.17445817331541056E-005,1.57790796849110342E-004)
 TRACE fcgl integrands=   4.7717284798835901E-006   1.0395685552537456E-006
 TRACE fcgl theta=  0.26171875000000000       dbob=   (6.71630127197326418E-006,5.63308661598276700E-004)  divx=  (8.05650423311529316E-005,-8.74214699466412419E-004)  kapx=  (-4.36406718015630983E-005,1.55453018934067859E-004)
 TRACE fcgl integrands=   4.6824495830456104E-006   1.0260004203926841E-006
 TRACE fcgl theta=  0.26367187500000000       dbob=   (8.19154920132309173E-007,5.58633986284644561E-004)  divx=  (9.00825253935226019E-005,-8.64780442737482415E-004)  kapx=  (-4.54508401568274570E-005,1.53073228226418927E-004)
 TRACE fcgl integrands=   4.5926453126981575E-006   1.0122605832953033E-006
 TRACE fcgl theta=  0.26562500000000000       dbob=  (-4.90647522984700011E-006,5.53823220178259251E-004)  divx=  (9.92551371699357401E-005,-8.55130758978239367E-004)  kapx=  (-4.71743309700443729E-005,1.50653769399990058E-004)
 TRACE fcgl integrands=   4.5023678592843276E-006   9.9835881541586950E-007
 TRACE fcgl theta=  0.26757812500000000       dbob=  (-1.04571337952613928E-005,5.48881325289225764E-004)  divx=  (1.08078047774031859E-004,-8.45275312391470914E-004)  kapx=  (-4.88104569893852325E-005,1.48196993551122575E-004)
 TRACE fcgl integrands=   4.4116706017097984E-006   9.8430514616740873E-007
 TRACE fcgl theta=  0.26953125000000000       dbob=  (-1.58296051121324937E-005,5.43813353589389409E-004)  divx=  (1.16546803786705643E-004,-8.35223866780302870E-004)  kapx=  (-5.03585993372865747E-005,1.45705256595456730E-004)
 TRACE fcgl integrands=   4.3206077722498929E-006   9.7010970372422903E-007
 TRACE fcgl theta=  0.27148437500000000       dbob=  (-2.10209100884751914E-005,5.38624408476117322E-004)  divx=  (1.24657324672661175E-004,-8.24986243900515878E-004)  kapx=  (-5.18182072920929935E-005,1.43180917712199278E-004)
 TRACE fcgl integrands=   4.2292341278770390E-006   9.5578256407557978E-007
 TRACE fcgl theta=  0.27343750000000000       dbob=  (-2.60282949819361982E-005,5.33319608501058549E-004)  divx=  (1.32405891101115982E-004,-8.14572284155331704E-004)  kapx=  (-5.31887980595898953E-005,1.40626337827136577E-004)
 TRACE fcgl integrands=   4.1376046474109724E-006   9.4133361745117820E-007
 TRACE fcgl theta=  0.27539062500000000       dbob=  (-3.08492131011428675E-005,5.27904055514794523E-004)  divx=  (1.39789126175655779E-004,-8.03991811764681401E-004)  kapx=  (-5.44699565372564558E-005,1.38043878124943439E-004)
 TRACE fcgl integrands=   4.0457742717005223E-006   9.2677245987827174E-007
 TRACE fcgl theta=  0.27734375000000000       dbob=  (-3.54813009257970251E-005,5.22382809040362103E-004)  divx=  (1.46803971068646348E-004,-7.93254606202875188E-004)  kapx=  (-5.56613350714246617E-005,1.35435898581256543E-004)
 TRACE fcgl integrands=   3.9537977008013786E-006   9.1210831579937221E-007
 TRACE fcgl theta=  0.27929687500000000       dbob=  (-3.99223505274040879E-005,5.16760868231530730E-004)  divx=  (1.53447656937417683E-004,-7.82370381242669926E-004)  kapx=  (-5.67626532050067973E-005,1.32804756505569598E-004)
 TRACE fcgl integrands=   3.8617292580490905E-006   8.9734999550852571E-007
 TRACE fcgl theta=  0.28125000000000000       dbob=  (-4.41702804244219907E-005,5.11043162228312468E-004)  divx=  (1.59717675246798772E-004,-7.71348772402651213E-004)  kapx=  (-5.77736974111883874E-005,1.30152805087169372E-004)
 TRACE fcgl integrands=   3.7696228263193131E-006   8.8250588880133149E-007
 TRACE fcgl theta=  0.28320312500000000       dbob=  (-4.82231071059778163E-005,5.05234549130895508E-004)  divx=  (1.65611748719231251E-004,-7.60199333006898455E-004)  kapx=  (-5.86943208066267172E-005,1.27482391938001473E-004)
 TRACE fcgl integrands=   3.6775318569275772E-006   8.6758399383836168E-007
 TRACE fcgl theta=  0.28515625000000000       dbob=  (-5.20789194012143933E-005,4.99339823215298241E-004)  divx=  (1.71127805073856840E-004,-7.48931538472093401E-004)  kapx=  (-5.95244428363212233E-005,1.24795857628397580E-004)
 TRACE fcgl integrands=   3.5855094468666549E-006   8.5259197795085516E-007
 TRACE fcgl theta=  0.28710937500000000       dbob=  (-5.57358576617599452E-005,4.93363729450913327E-004)  divx=  (1.76263955504798862E-004,-7.37554797878686263E-004)  kapx=  (-6.02640489215194549E-005,1.22095534213886468E-004)
 TRACE fcgl integrands=   3.4936084757188737E-006   8.3753726511809397E-007
 TRACE fcgl theta=  0.28906250000000000       dbob=  (-5.91920993782923369E-005,4.87310983890156815E-004)  divx=  (1.81018479501916980E-004,-7.26078471397572029E-004)  kapx=  (-6.09131900618123216E-005,1.19383743753707607E-004)
 TRACE fcgl integrands=   3.4018817898884485E-006   8.2242714324302333E-007
 TRACE fcgl theta=  0.29101562500000000       dbob=  (-6.24458523935543161E-005,4.81186298116798700E-004)  divx=  (1.85389817159446307E-004,-7.14511891764778046E-004)  kapx=  (-6.14719823829459953E-005,1.16662796823989673E-004)
 TRACE fcgl integrands=   3.3103824190024030E-006   8.0726888324390745E-007
 TRACE fcgl theta=  0.29296875000000000       dbob=  (-6.54953563359169863E-005,4.74994405687568621E-004)  divx=  (1.89376569581534984E-004,-7.02864387748995114E-004)  kapx=  (-6.19406066228089987E-005,1.13934991030713247E-004)
 TRACE fcgl integrands=   3.2191638075913261E-006   7.9206986142761786E-007
 TRACE fcgl theta=  0.29492187500000000       dbob=  (-6.83388923174389415E-005,4.68740088397349378E-004)  divx=  (1.92977507416345777E-004,-6.91145307456243405E-004)  kapx=  (-6.23193075494534176E-005,1.11202609529447013E-004)
 TRACE fcgl integrands=   3.1282800445740738E-006   7.7683767663907058E-007
 TRACE fcgl theta=  0.29687500000000000       dbob=  (-7.09748003587365900E-005,4.62428200247412861E-004)  divx=  (1.96191586972331437E-004,-6.79364039367972758E-004)  kapx=  (-6.26083933067974165E-005,1.08467919560279949E-004)
 TRACE fcgl integrands=   3.0377860736468042E-006   7.6158025427774072E-007
 TRACE fcgl theta=  0.29882812500000000       dbob=  (-7.34015034601292695E-005,4.56063687193668113E-004)  divx=  (1.99017972831531215E-004,-6.67530029208396607E-004)  kapx=  (-6.28082346857009662E-005,1.05733171007364247E-004)
 TRACE fcgl integrands=   2.9477378693524705E-006   7.4630593038395662E-007
 TRACE fcgl theta=  0.30078125000000000       dbob=  (-7.56175367718308998E-005,4.49651601082586613E-004)  divx=  (2.01456065412428299E-004,-6.55652791068448977E-004)  kapx=  (-6.29192643202987063E-005,1.03000594992931182E-004)
 TRACE fcgl integrands=   2.8581925662462413E-006   7.3102351054062197E-007
 TRACE fcgl theta=  0.30273437500000000       dbob=  (-7.76215799573155510E-005,4.43197106621957620E-004)  divx=  (2.03505531580651090E-004,-6.43741911653132083E-004)  kapx=  (-6.29419758116677764E-005,1.00272402515587232E-004)
 TRACE fcgl integrands=   2.7692085319776630E-006   7.1574230019759088E-007
 TRACE fcgl theta=  0.30468750000000000       dbob=  (-7.94124906176770640E-005,4.36705480750222577E-004)  divx=  (2.05166336183651833E-004,-6.31807047034475128E-004)  kapx=  (-6.28769227829873779E-005,9.75507831421262752E-005)
 TRACE fcgl integrands=   2.6808453790366386E-006   7.0047210507502746E-007
 TRACE fcgl theta=  0.30664062500000000       dbob=  (-8.09893365658634562E-005,4.30182104324969381E-004)  divx=  (2.06438772310255032E-004,-6.19857911847134717E-004)  kapx=  (-6.27247178721957881E-005,9.48379037610826679E-005)
 TRACE fcgl integrands=   2.5931639140815449E-006   6.8522320239629084E-007
 TRACE fcgl theta=  0.30859375000000000       dbob=  (-8.23514248128874479E-005,4.23632446608890670E-004)  divx=  (2.07323488152242106E-004,-6.07904261418613142E-004)  kapx=  (-6.24860316696773221E-005,9.21359074048612361E-005)
 TRACE fcgl integrands=   2.5062260278968820E-006   6.7000628569751138E-007
 TRACE fcgl theta=  0.31054687500000000       dbob=  (-8.34983253477882670E-005,4.17062043550927295E-004)  divx=  (2.07821508567069575E-004,-5.95955867842148847E-004)  kapx=  (-6.21615916096406474E-005,8.94469121456107762E-005)
 TRACE fcgl integrands=   2.4200945328348992E-006   6.5483238772536389E-007
 TRACE fcgl theta=  0.31250000000000000       dbob=  (-8.44298881434895395E-005,4.10476471305185205E-004)  divx=  (2.07934249792567170E-004,-5.84022491441514124E-004)  kapx=  (-6.17521808245388151E-005,8.67730100681644596E-005)
 TRACE fcgl integrands=   2.3348329578281760E-006   6.3971278734974181E-007
 TRACE fcgl theta=  0.31445312500000000       dbob=  (-8.51462522770510705E-005,4.03881316769656490E-004)  divx=  (2.07663526221279164E-004,-5.72113849412573335E-004)  kapx=  (-6.12586369721140401E-005,8.41162663214584225E-005)
 TRACE fcgl integrands=   2.2505053135083193E-006   6.2465890739201960E-007
 TRACE fcgl theta=  0.31640625000000000       dbob=  (-8.56478465833081644E-005,3.97282147137469359E-004)  divx=  (2.07011548672170686E-004,-5.60239583633422760E-004)  kapx=  (-6.06818510444312608E-005,8.14787182479767005E-005)
 TRACE fcgl integrands=   2.1671758414781104E-006   6.0968221074163623E-007
 TRACE fcgl theta=  0.31835937500000000       dbob=  (-8.59353818286748484E-005,3.90684480521089961E-004)  divx=  (2.05980914163944118E-004,-5.48409229699164014E-004)  kapx=  (-6.00227661676346348E-005,7.88623745890370262E-005)
 TRACE fcgl integrands=   2.0849087622749346E-006   5.9479410207795689E-007
 TRACE fcgl theta=  0.32031250000000000       dbob=  (-8.60098349577645318E-005,3.84093759630384105E-004)  divx=  (2.04574587758108632E-004,-5.36632189154870472E-004)  kapx=  (-5.92823764001720502E-005,7.62692147622431838E-005)
 TRACE fcgl integrands=   2.0037680360195320E-006   5.8000584194128206E-007
 TRACE fcgl theta=  0.32226562500000000       dbob=  (-8.58724264905242598E-005,3.77515330264833852E-004)  divx=  (2.02795877562446782E-004,-5.24917706677258231E-004)  kapx=  (-5.84617255359612609E-005,7.37011882062121892E-005)
 TRACE fcgl integrands=   1.9238171482246938E-006   5.6532847885290646E-007
 TRACE fcgl theta=  0.32421875000000000       dbob=  (-8.55245925958819414E-005,3.70954426034385179E-004)  divx=  (2.00648404430878131E-004,-5.13274853608036230E-004)  kapx=  (-5.75619059174980948E-005,7.11602137868255259E-005)
 TRACE fcgl integrands=   1.8451189308704053E-006   5.5077280374744909E-007
 TRACE fcgl theta=  0.32617187500000000       dbob=  (-8.49679537089891707E-005,3.64416160277001796E-004)  divx=  (1.98136068233652305E-004,-5.01712518794499951E-004)  kapx=  (-5.65840572623315671E-005,6.86481792587490772E-005)
 TRACE fcgl integrands=   1.7677354258192294E-006   5.3634932925658445E-007
 TRACE fcgl theta=  0.32812500000000000       dbob=  (-8.42042817700681430E-005,3.57905525625582552E-004)  divx=  (1.95263012779527481E-004,-4.90239407177218869E-004)  kapx=  (-5.55293655047296689E-005,6.61669407758181587E-005)
 TRACE fcgl integrands=   1.6917277941771259E-006   5.2206829449618027E-007
 TRACE fcgl theta=  0.33007812500000000       dbob=  (-8.32354682297565743E-005,3.51427401128789711E-004)  divx=  (1.92033591535426418E-004,-4.78864046016970739E-004)  kapx=  (-5.43990616528349221E-005,6.37183224440905139E-005)
 TRACE fcgl integrands=   1.6171562715574898E-006   5.0793969409375525E-007
 TRACE fcgl theta=  0.33203125000000000       dbob=  (-8.20634948848276605E-005,3.44986566288064706E-004)  divx=  (1.88452336205273586E-004,-4.67594798111791658E-004)  kapx=  (-5.31944206602229629E-005,6.13041159118634760E-005)
 TRACE fcgl integrands=   1.5440801656456863E-006   4.9397332838637204E-007
 TRACE fcgl theta=  0.33398437500000000       dbob=  (-8.06904093855763166E-005,3.38587720874768681E-004)  divx=  (1.84523930004771810E-004,-4.56439880858192212E-004)  kapx=  (-5.19167603095977467E-005,5.89260799917117658E-005)
 TRACE fcgl integrands=   1.4725578892449377E-006   4.8017887014831831E-007
 TRACE fcgl theta=  0.33593750000000000       dbob=  (-7.91183069081305526E-005,3.32235508972002788E-004)  divx=  (1.80253187118981588E-004,-4.45407389593031053E-004)  kapx=  (-5.05674401054255178E-005,5.65859403105141326E-005)
 TRACE fcgl integrands=   1.4026470193409260E-006   4.6656594198405495E-007
 TRACE fcgl theta=  0.33789062500000000       dbob=  (-7.73493190361656711E-005,3.25934545374660797E-004)  divx=  (1.75645039379487209E-004,-4.34505323343674225E-004)  kapx=  (-4.91478601716607692E-005,5.42853889845067140E-005)
 TRACE fcgl integrands=   1.3344043708376407E-006   4.5314419772978164E-007
 TRACE fcgl theta=  0.33984375000000000       dbob=  (-7.53856103785836384E-005,3.19689442300675477E-004)  divx=  (1.70704530679273377E-004,-4.23741610935593775E-004)  kapx=  (-4.76594601503448691E-005,5.20260843174591490E-005)
 TRACE fcgl integrands=   1.2678860726189251E-006   4.3992340090170975E-007
 TRACE fcgl theta=  0.34179687500000000       dbob=  (-7.32293828989281806E-005,3.13504834329023443E-004)  divx=  (1.65436819092469530E-004,-4.13124135371316977E-004)  kapx=  (-4.61037180967706746E-005,4.98096505211467668E-005)
 TRACE fcgl integrands=   1.2031476335424080E-006   4.2691349342951042E-007
 TRACE fcgl theta=  0.34375000000000000       dbob=  (-7.08828873870869110E-005,3.07385399588876607E-004)  divx=  (1.59847186121228255E-004,-4.02660754505368391E-004)  kapx=  (-4.44821493670706719E-005,4.76376774582458918E-005)
 TRACE fcgl integrands=   1.1402439868680866E-006   4.1412464860347342E-007
 TRACE fcgl theta=  0.34570312500000000       dbob=  (-6.83484410021306774E-005,3.01335875472047681E-004)  divx=  (1.53941051991067805E-004,-3.92359316289286701E-004)  kapx=  (-4.27963054944685637E-005,4.55117204086195101E-005)
 TRACE fcgl integrands=   1.0792295033875857E-006   4.0156730329175227E-007
 TRACE fcgl theta=  0.34765625000000000       dbob=  (-6.56284493917570452E-005,2.95361067510770960E-004)  divx=  (1.47723995493738815E-004,-3.82227667231978773E-004)  kapx=  (-4.10477730509908851E-005,4.34332998606039061E-005)
 TRACE fcgl integrands=   1.0201579660139227E-006   3.8925216596755942E-007
 TRACE fcgl theta=  0.34960937500000000       dbob=  (-6.27254315780635360E-005,2.89465850529493983E-004)  divx=  (1.41201776562305785E-004,-3.72273653188215001E-004)  kapx=  (-3.92381724921211244E-005,4.14039013293605093E-005)
 TRACE fcgl integrands=   9.6308250162498737E-007   3.7719019881745607E-007
 TRACE fcgl theta=  0.35156250000000000       dbob=  (-5.96420456130239128E-005,2.83655161710681095E-004)  divx=  (1.34380359578288556E-004,-3.62505112119874311E-004)  kapx=  (-3.73691569826323250E-005,3.94249752045966082E-005)
 TRACE fcgl integrands=   9.0805546929838522E-007   3.6539257405635044E-007
 TRACE fcgl theta=  0.35351562500000000       dbob=  (-5.63811129627933360E-005,2.77933985774004373E-004)  divx=  (1.27265935368035138E-004,-3.52929859033958206E-004)  kapx=  (-3.54424112026209009E-005,3.74979366299769165E-005)
 TRACE fcgl integrands=   8.5512830748058549E-007   3.5387060641919164E-007
 TRACE fcgl theta=  0.35546875000000000       dbob=  (-5.29456396806519630E-005,2.72307333017084347E-004)  divx=  (1.19864939947701598E-004,-3.43555663849860120E-004)  kapx=  (-3.34596501335248210E-005,3.56241654163878861E-005)
 TRACE fcgl integrands=   8.0435134584687612E-007   3.4263566550167633E-007
 TRACE fcgl theta=  0.35742187500000000       dbob=  (-4.93388326667077814E-005,2.66780211466192854E-004)  divx=  (1.12184068315945900E-004,-3.34390223447916530E-004)  kapx=  (-3.14226178246190590E-005,3.38050059908618381E-005)
 TRACE fcgl integrands=   7.5577359039272433E-007   3.3169907306147025E-007
 TRACE fcgl theta=  0.35937500000000000       dbob=  (-4.55641096715442590E-005,2.61357594802277403E-004)  divx=  (1.04230281953748391E-004,-3.25441129567245594E-004)  kapx=  (-2.93330861411020658E-005,3.20417673824840955E-005)
 TRACE fcgl integrands=   7.0944249244730859E-007   3.2107199146519751E-007
 TRACE fcgl theta=  0.36132812500000000       dbob=  (-4.16251021554951586E-005,2.56044388032300116E-004)  divx=  (9.60108091463086010E-005,-3.16715834524306503E-004)  kapx=  (-2.71928534954067212E-005,3.03357232460031939E-005)
 TRACE fcgl integrands=   6.6540371365899898E-007   3.1076531009932367E-007
 TRACE fcgl theta=  0.36328125000000000       dbob=  (-3.75256506331804270E-005,2.50845393046787528E-004)  divx=  (8.75331377607234867E-005,-3.08221616893157612E-004)  kapx=  (-2.50037435637715299E-005,2.86881119231850419E-005)
 TRACE fcgl integrands=   6.2370089947218067E-007   3.0078953671096133E-007
 TRACE fcgl theta=  0.36523437500000000       dbob=  (-3.32697926778711733E-005,2.45765276229437818E-004)  divx=  (7.88050006586588526E-005,-2.99965549311905064E-004)  kapx=  (-2.27676039903938396E-005,2.71001365412336230E-005)
 TRACE fcgl integrands=   5.8437547316255350E-007   2.9115470029820934E-007
 TRACE fcgl theta=  0.36718750000000000       dbob=  (-2.88617442937658785E-005,2.40808540161416697E-004)  divx=  (6.98343544570983663E-005,-2.91954470455152188E-004)  kapx=  (-2.04863050816662422E-005,2.55729651468677456E-005)
 TRACE fcgl integrands=   5.4746646115946204E-007   2.8187027135471749E-007
 TRACE fcgl theta=  0.36914062500000000       dbob=  (-2.43058758486535030E-005,2.35979501199540514E-004)  divx=  (6.06293528347898259E-005,-2.84194962947383436E-004)  kapx=  (-1.81617384930681615E-005,2.41077308739214610E-005)
 TRACE fcgl integrands=   5.1301035825952580E-007   2.7294510404861751E-007
 TRACE fcgl theta=  0.37109375000000000       dbob=  (-1.96066841603319014E-005,2.31282274321536243E-004)  divx=  (5.11983159828965933E-005,-2.76693338604852655E-004)  kapx=  (-1.57958159112823443E-005,2.27055321416582057E-005)
 TRACE fcgl integrands=   4.8104103858455684E-007   2.6438740336960061E-007
 TRACE fcgl theta=  0.37304687500000000       dbob=  (-1.47687626188689098E-005,2.26720766149088342E-004)  divx=  (4.15496980869177175E-005,-2.69455631909788372E-004)  kapx=  (-1.33904677340244030E-005,2.13674328803500148E-005)
 TRACE fcgl integrands=   4.5158971496285931E-007   2.5620471852018246E-007
 TRACE fcgl theta=  0.37500000000000000       dbob=  (-9.79677138239250883E-006,2.22298676513215624E-004)  divx=  (3.16920548822870432E-005,-2.62487602073420141E-004)  kapx=  (-1.09476417499472663E-005,2.00944627801022586E-005)
 TRACE fcgl integrands=   4.2468494605249652E-007   2.4840396198316199E-007
 TRACE fcgl theta=  0.37695312500000000       dbob=  (-4.69540969480046878E-006,2.18019508353981456E-004)  divx=  (2.16340133364378940E-005,-2.55794743470777128E-004)  kapx=  (-8.46930182081871218E-006,1.88876175583978359E-005)
 TRACE fcgl integrands=   4.0035268722778914E-007   2.4099145189817406E-007
 TRACE fcgl theta=  0.37890625000000000       dbob=   (5.30607762127537161E-007,2.13886585186793030E-004)  divx=  (1.13842453738359888E-005,-2.49382303669574274E-004)  kapx=  (-5.95742656798176311E-006,1.77478592413906217E-005)
 TRACE fcgl integrands=   3.7861637826182135E-007   2.3397297375390401E-007
 TRACE fcgl theta=  0.38085937500000000       dbob=   (5.87656884377905637E-006,2.09903074859076456E-004)  divx=  (9.51447286034716719E-007,-2.43255307766293815E-004)  kapx=  (-3.41400806490688671E-006,1.66761164536086793E-005)
 TRACE fcgl integrands=   3.5949705838190019E-007   2.2735385606479028E-007
 TRACE fcgl theta=  0.38281250000000000       dbob=   (1.13377750005251977E-005,2.06072017898946256E-004)  divx= (-9.65567392564917781E-006,-2.37418587319780818E-004)  kapx=  (-8.41050537438009968E-007,1.56732847104172808E-005)
 TRACE fcgl integrands=   3.4301349753693993E-007   2.2113905374741466E-007
 TRACE fcgl theta=  0.38476562500000000       dbob=   (1.69095446613418394E-005,2.02396358450902483E-004)  divx= (-2.04284065150972715E-005,-2.31876811865602389E-004)  kapx=   (1.75943092687771608E-006,1.47402267073499529E-005)
 TRACE fcgl integrands=   3.2918233182915105E-007   2.1533323241095948E-007
 TRACE fcgl theta=  0.38671875000000000       dbob=   (2.25872087338129582E-005,1.98878975623963279E-004)  divx= (-3.13580320522079204E-005,-2.26634520824439321E-004)  kapx=   (4.38541165919748109E-006,1.38777726002380206E-005)
 TRACE fcgl integrands=   3.1801819109863422E-007   2.0994084676496116E-007
 TRACE fcgl theta=  0.38867187500000000       dbob=   (2.83660985810459236E-005,1.95522713057103735E-004)  divx= (-4.24358159381704047E-005,-2.21696153597016738E-004)  kapx=   (7.03485867856224057E-006,1.30867202699565011E-005)
 TRACE fcgl integrands=   3.0953380761271196E-007   2.0496620682871635E-007
 TRACE fcgl theta=  0.39062500000000000       dbob=   (3.42415273888290730E-005,1.92330404637269055E-004)  divx= (-5.36529912870271141E-005,-2.17066075768400314E-004)  kapx=   (9.70573194909902053E-006,1.23678355655656297E-005)
 TRACE fcgl integrands=   3.0374009663802373E-007   2.0041352656780278E-007
 TRACE fcgl theta=  0.39257812500000000       dbob=   (4.02087663332993136E-005,1.89304894578140137E-004)  divx= (-6.50007375827135416E-005,-2.12748599617466427E-004)  kapx=   (1.23959856247071140E-005,1.17218525196631453E-005)
 TRACE fcgl integrands=   3.0064620223468892E-007   1.9628695091953573E-007
 TRACE fcgl theta=  0.39453125000000000       dbob=   (4.62630173652843008E-005,1.86449050464894623E-004)  divx= (-7.64701559270907427E-005,-2.08747997524650947E-004)  kapx=   (1.51035692809032209E-005,1.11494735298781620E-005)
 TRACE fcgl integrands=   3.0025950472491834E-007   1.9259055880753166E-007
 TRACE fcgl theta=  0.39648437500000000       dbob=   (5.23993847130614133E-005,1.83765768364543689E-004)  divx= (-8.80522429804613704E-005,-2.05068507365845418E-004)  kapx=   (1.78264291336999785E-005,1.06513695006508645E-005)
 TRACE fcgl integrands=   3.0258558972790856E-007   1.8932834157075749E-007
 TRACE fcgl theta=  0.39843750000000000       dbob=   (5.86128473493057869E-005,1.81257969659248094E-004)  divx= (-9.97378658404591417E-005,-2.01714329538724678E-004)  kapx=   (2.05625092455766774E-005,1.02281799397382916E-005)
 TRACE fcgl integrands=   3.0762818216644862E-007   1.8650415811519688E-007
 TRACE fcgl theta=  0.40039062500000000       dbob=   (6.48982346587082101E-005,1.78928589843034108E-004)  divx= (-1.11517740096222652E-004,-1.98689615851620752E-004)  kapx=   (2.33097527187572210E-005,9.88051300429332226E-006)
 TRACE fcgl integrands=   3.1538905197795647E-007   1.8412166990200481E-007
 TRACE fcgl theta=  0.40234375000000000       dbob=   (7.12502073787730052E-005,1.76780560090277432E-004)  divx= (-1.23382413131020881E-004,-1.95998451073988426E-004)  kapx=   (2.60661028761239379E-005,9.60894549185549690E-006)
 TRACE fcgl integrands=   3.2586790115321084E-007   1.8218426048454049E-007
 TRACE fcgl theta=  0.40429687500000000       dbob=   (7.76632455768294118E-005,1.74816782917708259E-004)  divx= (-1.35322254437136836E-004,-1.93644828462074772E-004)  kapx=   (2.88295044301537120E-005,9.41402277218325644E-006)
 TRACE fcgl integrands=   3.3906224395799014E-007   1.8069494558105015E-007
 TRACE fcgl theta=  0.40625000000000000       dbob=   (8.41316449905093371E-005,1.73040103684520805E-004)  divx= (-1.47327454271020696E-004,-1.91632620997580003E-004)  kapx=   (3.15979046402556796E-005,9.29625865652959908E-006)
 TRACE fcgl integrands=   3.5496729358913008E-007   1.7965628052504397E-007
 TRACE fcgl theta=  0.40820312500000000       dbob=   (9.06495225248519652E-005,1.71453279977405666E-004)  divx= (-1.59388031442442670E-004,-1.89965550380791318E-004)  kapx=   (3.43692544587953524E-005,9.25613520169282582E-006)
 TRACE fcgl integrands=   3.7357586895806487E-007   1.7907027230542699E-007
 TRACE fcgl theta=  0.41015625000000000       dbob=   (9.72108311017606401E-005,1.70058951086963448E-004)  divx= (-1.71493850433588371E-004,-1.88647155980883468E-004)  kapx=   (3.71415096659138654E-005,9.29410244696000963E-006)
 TRACE fcgl integrands=   3.9487833473028655E-007   1.7893830326080073E-007
 TRACE fcgl theta=  0.41210937500000000       dbob=   (1.03809383436369104E-004,1.68859609786636106E-004)  divx= (-1.83634647422318214E-004,-1.87680765952344647E-004)  kapx=   (3.99126319929745551E-005,9.41057808285427006E-006)
 TRACE fcgl integrands=   4.1886258619841598E-007   1.7926107283134873E-007
 TRACE fcgl theta=  0.41406250000000000       dbob=   (1.10438883711652238E-004,1.67857578473126756E-004)  divx= (-1.95800064179877601E-004,-1.87069472575916869E-004)  kapx=   (4.26805902341126817E-005,9.60594705139505649E-006)
 TRACE fcgl integrands=   4.4551408812149314E-007   1.8003856263815911E-007
 TRACE fcgl theta=  0.41601562500000000       dbob=   (1.17092965578201904E-004,1.67054991427144622E-004)  divx= (-2.07979688268045430E-004,-1.86816113583799614E-004)  kapx=   (4.54433613449217630E-005,9.88056107832749634E-006)
 TRACE fcgl integrands=   4.7481597348044039E-007   1.8127002862883080E-007
 TRACE fcgl theta=  0.41796875000000000       dbob=   (1.23765234457856170E-004,1.66453784524275269E-004)  divx= (-2.20163097511473965E-004,-1.86923260801219649E-004)  kapx=   (4.81989315268088975E-005,1.02347381384721900E-005)
 TRACE fcgl integrands=   5.0674920439159279E-007   1.8295402220389127E-007
 TRACE fcgl theta=  0.41992187500000000       dbob=   (1.30449311809118033E-004,1.66055693195926301E-004)  divx= (-2.32339906399147496E-004,-1.87393216907814030E-004)  kapx=   (5.09452972950147316E-005,1.06687618559438645E-005)
 TRACE fcgl integrands=   5.4129279343885584E-007   1.8508844024718248E-007
 TRACE fcgl theta=  0.42187500000000000       dbob=   (1.37138878842090844E-004,1.65862258844879387E-004)  divx= (-2.44499811897597348E-004,-1.88228020527838355E-004)  kapx=   (5.36804665277532518E-005,1.11828808414794837E-005)
 TRACE fcgl integrands=   5.7842407970543661E-007   1.8767060196424825E-007
 TRACE fcgl theta=  0.42382812500000000       dbob=   (1.43827717164254893E-004,1.65874843299129981E-004)  divx= (-2.56632636151077418E-004,-1.89429459238108497E-004)  kapx=   (5.64024594934112628E-005,1.17773079694892584E-005)
 TRACE fcgl integrands=   6.1811905008630411E-007   1.9069734852857709E-007
 TRACE fcgl theta=  0.42578125000000000       dbob=   (1.50509743998235827E-004,1.66094650283713663E-004)  divx= (-2.68728363702857415E-004,-1.90999089479099171E-004)  kapx=   (5.91093098523107940E-005,1.24522195976927542E-005)
 TRACE fcgl integrands=   6.6035269330418095E-007   1.9416515988197646E-007
 TRACE fcgl theta=  0.42773437500000000       dbob=   (1.57179039930160572E-004,1.66522752344805652E-004)  divx= (-2.80777171188560356E-004,-1.92938261809477501E-004)  kapx=   (6.17990656291998920E-005,1.32077547323359245E-005)
 TRACE fcgl integrands=   7.0509937166110284E-007   1.9807028175141655E-007
 TRACE fcgl theta=  0.42968750000000000       dbob=   (1.63829867603069350E-004,1.67160121211770593E-004)  divx= (-2.92769447907963122E-004,-1.95248149495800611E-004)  kapx=   (6.44697901524468858E-005,1.40440141420150090E-005)
 TRACE fcgl integrands=   7.5233319410905275E-007   2.0240885512406881E-007
 TRACE fcgl theta=  0.43164062500000000       dbob=   (1.70456680335574588E-004,1.68007659263240373E-004)  divx= (-3.04695806247375566E-004,-1.97929778109450064E-004)  kapx=   (6.71195629559004890E-005,1.49610594231048454E-005)
 TRACE fcgl integrands=   8.0202837382728397E-007   2.0717704012644568E-007
 TRACE fcgl theta=  0.43359375000000000       dbob=   (1.77054120285370859E-004,1.69066229596676060E-004)  divx= (-3.16547081564474823E-004,-2.00984053636072931E-004)  kapx=   (6.97464806395519819E-005,1.59589120196984357E-005)
 TRACE fcgl integrands=   8.5415955418834661E-007   2.1237112650757938E-007
 TRACE fcgl theta=  0.43554687500000000       dbob=   (1.83617006448964613E-004,1.70336682201207597E-004)  divx= (-3.28314321820003929E-004,-2.04411786603015435E-004)  kapx=   (7.23486576855196577E-005,1.70375522009039192E-005)
 TRACE fcgl integrands=   9.0870208874235898E-007   2.1798762371632101E-007
 TRACE fcgl theta=  0.43750000000000000       dbob=   (1.90140313449173971E-004,1.71819873903943516E-004)  divx= (-3.39988767902117271E-004,-2.08213709900550379E-004)  kapx=   (7.49242272264716503E-005,1.81969179983034314E-005)
 TRACE fcgl integrands=   9.6563226353918936E-007   2.2402332483821219E-007
 TRACE fcgl theta=  0.43945312500000000       dbob=   (1.96619142667024633E-004,1.73516680092109822E-004)  divx= (-3.51561826195767417E-004,-2.12390488305003140E-004)  kapx=   (7.74713417643713918E-005,1.94369041064466587E-005)
 TRACE fcgl integrands=   1.0249274535649452E-006   2.3047534033286229E-007
 TRACE fcgl theta=  0.44140625000000000       dbob=   (2.03048687784312953E-004,1.75427996688306892E-004)  divx= (-3.63025035461068978E-004,-2.16942718187172870E-004)  kapx=   (7.99881738383780125E-005,2.07573607494329892E-005)
 TRACE fcgl integrands=   1.0865662090637710E-006   2.3734109947575095E-007
 TRACE fcgl theta=  0.44335937500000000       dbob=   (2.09424197182922164E-004,1.77554731445034357E-004)  divx= (-3.74370030466498202E-004,-2.21870916479013978E-004)  kapx=   (8.24729166417880193E-005,2.21580925169898106E-005)
 TRACE fcgl integrands=   1.1505282717814493E-006   2.4461831952612294E-007
 TRACE fcgl theta=  0.44531250000000000       dbob=   (2.15740935870778759E-004,1.79897784290845283E-004)  divx= (-3.85588505048850094E-004,-2.27175498638806602E-004)  kapx=   (8.49237845890356676E-005,2.36388571739806595E-005)
 TRACE fcgl integrands=   1.2167945254184117E-006   2.5230494477221293E-007
 TRACE fcgl theta=  0.44726562500000000       dbob=   (2.21994149655954773E-004,1.82458017161792068E-004)  divx= (-3.96672177325761916E-004,-2.32856746057812406E-004)  kapx=   (8.73390138349035717E-005,2.51993644480101689E-005)
 TRACE fcgl integrands=   1.2853468885310459E-006   2.6039905960259671E-007
 TRACE fcgl theta=  0.44921875000000000       dbob=   (2.28179034164795869E-004,1.85236214443243517E-004)  divx= (-4.07612759663153793E-004,-2.38914764044641909E-004)  kapx=   (8.97168627491789621E-005,2.68392748006991960E-005)
 TRACE fcgl integrands=   1.3561681615064635E-006   2.6889878148377753E-007
 TRACE fcgl theta=  0.45117187500000000       dbob=   (2.34290711003595201E-004,1.88233035783712770E-004)  divx= (-4.18401935705498701E-004,-2.45349432162278956E-004)  kapx=   (9.20556123509517501E-005,2.85581981892830933E-005)
 TRACE fcgl integrands=   1.4292418418293529E-006   2.7780214107301355E-007
 TRACE fcgl theta=  0.45312500000000000       dbob=   (2.40324212913920257E-004,1.91448963582143805E-004)  divx= (-4.29031346328993552E-004,-2.52160349234945458E-004)  kapx=   (9.43535667075366474E-005,3.03556928264008268E-005)
 TRACE fcgl integrands=   1.5045519234856226E-006   2.8710695757178489E-007
 TRACE fcgl theta=  0.45507812500000000       dbob=   (2.46274479197015558E-004,1.94884247857028263E-004)  divx= (-4.39492585804113808E-004,-2.59346775751466624E-004)  kapx=   (9.66090533035491249E-005,3.22312639472191806E-005)
 TRACE fcgl integrands=   1.5820826968951374E-006   2.9681071777076412E-007
 TRACE fcgl theta=  0.45703125000000000       dbob=   (2.52136362018928750E-004,1.98538851451815441E-004)  divx= (-4.49777208790835261E-004,-2.66907576640490333E-004)  kapx=   (9.88204233859532556E-005,3.41843625943374457E-005)
 TRACE fcgl integrands=   1.6618185651962734E-006   3.0691046702839401E-007
 TRACE fcgl theta=  0.45898437500000000       dbob=   (2.57904643497315481E-004,2.02412398598420234E-004)  divx= (-4.59876748079077755E-004,-2.74841167462743874E-004)  kapx=   (1.00986052290881137E-004,3.62143844321618201E-005)
 TRACE fcgl integrands=   1.7437438910517338E-006   3.1740271967510160E-007
 TRACE fcgl theta=  0.46093750000000000       dbob=   (2.63574062758842266E-004,2.06504129742623153E-004)  divx= (-4.69782742274276680E-004,-2.83145466949670716E-004)  kapx=   (1.03104339757717207E-004,3.83206686035237817E-005)
 TRACE fcgl integrands=   1.8278428855135427E-006   3.2828339509178762E-007
 TRACE fcgl theta=  0.46289062500000000       dbob=   (2.69139351488663261E-004,2.10812865236929115E-004)  divx= (-4.79486771959337704E-004,-2.91817858521367483E-004)  kapx=   (1.05173710235337221E-004,4.05024966422191842E-005)
 TRACE fcgl integrands=   1.9140995470440023E-006   3.3954778405366547E-007
 TRACE fcgl theta=  0.46484375000000000       dbob=   (2.74595275913979201E-004,2.15336980044720752E-004)  divx= (-4.88980502283080983E-004,-3.00855162956171823E-004)  kapx=   (1.07192613184550891E-004,4.27590914557255357E-005)
 TRACE fcgl integrands=   2.0024976547602358E-006   3.5119054796425689E-007
 TRACE fcgl theta=  0.46679687500000000       dbob=   (2.79936682710189540E-004,2.20074391001479411E-004)  divx= (-4.98255729469659989E-004,-3.10253623786701626E-004)  kapx=   (1.09159523379735225E-004,4.50896163926111076E-005)
 TRACE fcgl integrands=   2.0930208156125941E-006   3.6320575145363360E-007
 TRACE fcgl theta=  0.46875000000000000       dbob=   (2.85158546020700804E-004,2.25022557480503778E-004)  divx= (-5.07304428443650329E-004,-3.20008906298504387E-004)  kapx=   (1.11072941211474763E-004,4.74931744090003043E-005)
 TRACE fcgl integrands=   2.1856525608037698E-006   3.7558692661534679E-007
 TRACE fcgl theta=  0.47070312500000000       dbob=   (2.90256012660351846E-004,2.30178495554515409E-004)  divx= (-5.16118798641904543E-004,-3.30116110250286475E-004)  kapx=   (1.12931392990776348E-004,4.99688073478855328E-005)
 TRACE fcgl integrands=   2.2803764825918150E-006   3.8832716504625009E-007
 TRACE fcgl theta=  0.47265625000000000       dbob=   (2.95224442636688930E-004,2.35538804977243724E-004)  divx= (-5.24691305145152725E-004,-3.40569795665401388E-004)  kapx=   (1.14733431254231897E-004,5.25154953440788323E-005)
 TRACE fcgl integrands=   2.3771763989694881E-006   4.0141923196498675E-007
 TRACE fcgl theta=  0.47460937500000000       dbob=   (3.00059442370240626E-004,2.41099707577914707E-004)  divx= (-5.33014712507051897E-004,-3.51364020310295660E-004)  kapx=   (1.16477635068405635E-004,5.51321563661904765E-005)
 TRACE fcgl integrands=   2.4760365308167141E-006   4.1485569513734814E-007
 TRACE fcgl theta=  0.47656250000000000       dbob=   (3.04756888410045285E-004,2.46857095011764202E-004)  divx= (-5.41082109071747640E-004,-3.62492386822243465E-004)  kapx=   (1.18162610330851178E-004,5.78176459052396317E-005)
 TRACE fcgl integrands=   2.5769416741801491E-006   4.2862906022817350E-007
 TRACE fcgl theta=  0.47851562500000000       dbob=   (3.09312939998798643E-004,2.52806583281550506E-004)  divx= (-5.48886920127888761E-004,-3.73948096916412319E-004)  kapx=   (1.19786990064545059E-004,6.05707568174309067E-005)
 TRACE fcgl integrands=   2.6798773494844730E-006   4.4273190360203932E-007
 TRACE fcgl theta=  0.48046875000000000       dbob=   (3.13724039508658965E-004,2.58943571071242084E-004)  divx= (-5.56422908913182883E-004,-3.85724009723897193E-004)  kapx=   (1.21349434702261959E-004,6.33902193263275544E-005)
 TRACE fcgl integrands=   2.7848299097987186E-006   4.5715699354985726E-007
 TRACE fcgl theta=  0.48242187500000000       dbob=   (3.17986900502623018E-004,2.65263298736695169E-004)  divx= (-5.63684165217616558E-004,-3.97812701111172420E-004)  kapx=   (1.22848632357496770E-004,6.62747011872386255E-005)
 TRACE fcgl integrands=   2.8917865917719551E-006   4.7189739143429766E-007
 TRACE fcgl theta=  0.48437500000000000       dbob=   (3.22098483931640683E-004,2.71760904791153309E-004)  divx= (-5.70665082089694348E-004,-4.10206520819571751E-004)  kapx=   (1.24283299079026833E-004,6.92228080142092209E-005)
 TRACE fcgl integrands=   3.0007354954490596E-006   4.8694652529820975E-007
 TRACE fcgl theta=  0.48632812500000000       dbob=   (3.26055963707080725E-004,2.78431476905936066E-004)  divx= (-5.77360321881171851E-004,-4.22897644441277943E-004)  kapx=   (1.25652179087045563E-004,7.22330837676709388E-005)
 TRACE fcgl integrands=   3.1116654827437988E-006   5.0229823000969109E-007
 TRACE fcgl theta=  0.48828125000000000       dbob=   (3.29856683546136422E-004,2.85270094806943666E-004)  divx= (-5.83764773526091124E-004,-4.35878117604330899E-004)  kapx=   (1.26954044989977351E-004,7.53040113986936169E-005)
 TRACE fcgl integrands=   3.2245659886877741E-006   5.1794674993825725E-007
 TRACE fcgl theta=  0.49023437500000000       dbob=   (3.33498107533061066E-004,2.92271862962812030E-004)  divx= (-5.89873503498096387E-004,-4.49139890250732057E-004)  kapx=   (1.28187697982517661E-004,7.84340136439600139E-005)
 TRACE fcgl integrands=   3.3394267444437840E-006   5.3388670235770543E-007
 TRACE fcgl theta=  0.49218750000000000       dbob=   (3.36977767237694082E-004,2.99431931598221864E-004)  divx= (-5.95681703291833873E-004,-4.62674839526528478E-004)  kapx=   (1.29351968027069896E-004,8.16214539641533067E-005)
 TRACE fcgl integrands=   3.4562374161900914E-006   5.5011300212331093E-007
 TRACE fcgl theta=  0.49414062500000000       dbob=   (3.40293208459711057E-004,3.06745505286085574E-004)  divx= (-6.01184636504582706E-004,-4.76474780521005418E-004)  kapx=   (1.30445714022435824E-004,8.48646376174599221E-005)
 TRACE fcgl integrands=   3.5749871690455475E-006   5.6662075053384262E-007
 TRACE fcgl theta=  0.49609375000000000       dbob=   (3.43441940708385965E-004,3.14207839130122425E-004)  divx= (-6.06377588638965328E-004,-4.90531464848863717E-004)  kapx=   (1.31467823965289682E-004,8.81618128593706458E-005)
 TRACE fcgl integrands=   3.6956641699110868E-006   5.8340509351939885E-007
 TRACE fcgl theta=  0.49804687500000000       dbob=   (3.46421392381050146E-004,3.21814223297761377E-004)  divx= (-6.11255822603970511E-004,-5.04836567817589432E-004)  kapx=   (1.32417215111460182E-004,9.15111722599140274E-005)
 TRACE fcgl integrands=   3.8182550471615373E-006   6.0046105625738842E-007
 TRACE fcgl theta=  0.50000000000000000       dbob=   (3.49228874278294493E-004,3.29559957356161299E-004)  divx= (-6.15814542568880133E-004,-5.19381665615896242E-004)  kapx=   (1.33292834145292820E-004,9.49108541298674714E-005)
 TRACE fcgl integrands=   3.9427443282775306E-006   6.1778336288752285E-007
 TRACE fcgl theta=  0.50195312500000000       dbob=   (3.51861553610866701E-004,3.37440316459222374E-004)  divx= (-6.20048868343334842E-004,-5.34158204555740582E-004)  kapx=   (1.34093657366234070E-004,9.83589440482591040E-005)
 TRACE fcgl integrands=   4.0691138785523852E-006   6.3536625107159775E-007
 TRACE fcgl theta=  0.50390625000000000       dbob=   (3.54316440042568492E-004,3.45450511894871131E-004)  divx= (-6.23953821846957033E-004,-5.49157464864034189E-004)  kapx=   (1.34818690902194270E-004,1.01853476484581529E-004)
 TRACE fcgl integrands=   4.1973423647984806E-006   6.5320329165179389E-007
 TRACE fcgl theta=  0.50585937500000000       dbob=   (3.56590384613415172E-004,3.53585648802585831E-004)  divx= (-6.27524326531741280E-004,-5.64370521823385519E-004)  kapx=   (1.35466970959163054E-004,1.05392436510399844E-004)
 TRACE fcgl integrands=   4.3274047674371252E-006   6.7128722356309359E-007
 TRACE fcgl theta=  0.50781250000000000       dbob=   (3.58680091641456415E-004,3.61840683994319671E-004)  divx= (-6.30755219873273005E-004,-5.79788207187156347E-004)  kapx=   (1.36037564115908295E-004,1.08973761596418338E-004)
 TRACE fcgl integrands=   4.4592719624901894E-006   6.8960981344814602E-007
 TRACE fcgl theta=  0.50976562500000000       dbob=   (3.60582142956063407E-004,3.70210386752260149E-004)  divx= (-6.33641278298939341E-004,-5.95401073736983926E-004)  kapx=   (1.36529567671437967E-004,1.12595343492361889E-004)
 TRACE fcgl integrands=   4.5929103918831561E-006   7.0816174814127006E-007
 TRACE fcgl theta=  0.51171875000000000       dbob=   (3.62293033115881967E-004,3.78689305240461033E-004)  divx= (-6.36177253218341726E-004,-6.11199365616825864E-004)  kapx=   (1.36942110051229879E-004,1.16255030188182416E-004)
 TRACE fcgl integrands=   4.7282818362773066E-006   7.2693256640305613E-007
 TRACE fcgl theta=  0.51367187500000000       dbob=   (3.63809213653483996E-004,3.87271740771543620E-004)  divx= (-6.38357916205785380E-004,-6.27172996683410884E-004)  kapx=   (1.37274351276150692E-004,1.19950627955933632E-004)
 TRACE fcgl integrands=   4.8653432995997581E-006   7.4591063410129271E-007
 TRACE fcgl theta=  0.51562500000000000       dbob=   (3.65127143902501110E-004,3.95951731641584900E-004)  divx= (-6.40178110893651828E-004,-6.43311538585843168E-004)  kapx=   (1.37525483495575359E-004,1.23679903472129134E-004)
 TRACE fcgl integrands=   5.0040470088167584E-006   7.6508316457718975E-007
 TRACE fcgl theta=  0.51757812500000000       dbob=   (3.66243345629982137E-004,4.04723047621154369E-004)  divx= (-6.41632808797169157E-004,-6.59604219661946993E-004)  kapx=   (1.37694731583593510E-004,1.27440586020396312E-004)
 TRACE fcgl integrands=   5.1443405266184821E-006   7.8443628335619648E-007
 TRACE fcgl theta=  0.51953125000000000       dbob=   (3.67154458535240446E-004,4.13579195509205741E-004)  divx= (-6.42717166124298135E-004,-6.76039935056694315E-004)  kapx=   (1.37781353794528844E-004,1.31230369773744287E-004)
 TRACE fcgl integrands=   5.2861669688958177E-006   8.0395513381770012E-007
 TRACE fcgl theta=  0.52148437500000000       dbob=   (3.67857293693889492E-004,4.22513435463055546E-004)  divx= (-6.43426578636700406E-004,-6.92607267772593627E-004)  kapx=   (1.37784642471405457E-004,1.35046916154769040E-004)
 TRACE fcgl integrands=   5.4294653135317801E-006   8.2362401808444508E-007
 TRACE fcgl theta=  0.52343750000000000       dbob=   (3.68348882218139367E-004,4.31518807156127022E-004)  divx= (-6.43756731815469762E-004,-7.09294519697399335E-004)  kapx=   (1.37703924798665198E-004,1.38887856270636156E-004)
 TRACE fcgl integrands=   5.5741707824237367E-006   8.4342656537717378E-007
 TRACE fcgl theta=  0.52539062500000000       dbob=   (3.68626516756780586E-004,4.40588164226942325E-004)  divx= (-6.43703643933739907E-004,-7.26089751062565297E-004)  kapx=   (1.37538563588479661E-004,1.42750793417811486E-004)
 TRACE fcgl integrands=   5.7202152750767500E-006   8.6334591852880868E-007
 TRACE fcgl theta=  0.52734375000000000       dbob=   (3.68687783945822675E-004,4.49714215004122508E-004)  divx= (-6.43263700122929396E-004,-7.42980826302742665E-004)  kapx=   (1.37287958088553360E-004,1.46633305649310078E-004)
 TRACE fcgl integrands=   5.8675278297833083E-006   8.8336492836344408E-007
 TRACE fcgl theta=  0.52929687500000000       dbob=   (3.68530586510480425E-004,4.58889567151487263E-004)  divx= (-6.42433676107407345E-004,-7.59955463941224939E-004)  kapx=   (1.36951544798463460E-004,1.50532948394868838E-004)
 TRACE fcgl integrands=   6.0160350874771984E-006   9.0346634528088333E-007
 TRACE fcgl theta=  0.53125000000000000       dbob=   (3.68153154372235884E-004,4.68106773693977626E-004)  divx= (-6.41210750935002570E-004,-7.77001287938046815E-004)  kapx=   (1.36528798281383343E-004,1.54447257122034595E-004)
 TRACE fcgl integrands=   6.1656617338823010E-006   9.2363299767125157E-007
 TRACE fcgl theta=  0.53320312500000000       dbob=   (3.67554044788743377E-004,4.77358377867839767E-004)  divx= (-6.39592508705812959E-004,-7.94105877915589754E-004)  kapx=   (1.36019231958534791E-004,1.58373750023874994E-004)
 TRACE fcgl integrands=   6.3163308975446148E-006   9.4384794769816970E-007
 TRACE fcgl theta=  0.53515625000000000       dbob=   (3.66732132206574774E-004,4.86636954385294353E-004)  divx= (-6.37576929956257992E-004,-8.11256815819320193E-004)  kapx=   (1.35422398874841609E-004,1.62309930717012920E-004)
 TRACE fcgl integrands=   6.4679644846242219E-006   9.6409461647614323E-007
 TRACE fcgl theta=  0.53710937500000000       dbob=   (3.65686589096507573E-004,4.95935145002042031E-004)  divx= (-6.35162373948561015E-004,-8.28441726866253024E-004)  kapx=   (1.34737892426026721E-004,1.66253290932105496E-004)
 TRACE fcgl integrands=   6.6204834357369107E-006   9.8435687263346110E-007
 TRACE fcgl theta=  0.53906250000000000       dbob=   (3.64416859532383476E-004,5.05245686703244376E-004)  divx= (-6.32347553611610123E-004,-8.45648313058989707E-004)  kapx=   (1.33965347039613324E-004,1.70201313177872665E-004)
 TRACE fcgl integrands=   6.7738078954065832E-006   1.0046190805725545E-006
 TRACE fcgl theta=  0.54101562500000000       dbob=   (3.62922627638623642E-004,5.14561431349692478E-004)  divx= (-6.29131505248466984E-004,-8.62864378068551154E-004)  kapx=   (1.33104438804921671E-004,1.74151473359429338E-004)
 TRACE fcgl integrands=   6.9278572904987907E-006   1.0248661072681458E-006
 TRACE fcgl theta=  0.54296875000000000       dbob=   (3.61203783248222076E-004,5.23875356214555609E-004)  divx= (-6.25513555348147744E-004,-8.80077842878646379E-004)  kapx=   (1.32154886049962834E-004,1.78101243332045385E-004)
 TRACE fcgl integrands=   7.0825503199963984E-006   1.0450832890209808E-006
 TRACE fcgl theta=  0.54492187500000000       dbob=   (3.59260387172329108E-004,5.33180565452655254E-004)  divx= (-6.21493286904306716E-004,-8.97276752197833662E-004)  kapx=   (1.31116449865988804E-004,1.82048093372589204E-004)
 TRACE fcgl integrands=   7.2378048642828491E-006   1.0652563620492387E-006
 TRACE fcgl theta=  0.54687500000000000       dbob=   (3.57092638384738019E-004,5.42470283138143223E-004)  divx= (-6.17070507551087692E-004,-9.14449272243711853E-004)  kapx=   (1.29988934583174837E-004,1.85989494552784315E-004)
 TRACE fcgl integrands=   7.3935378273593924E-006   1.0853713629973744E-006
 TRACE fcgl theta=  0.54882812500000000       dbob=   (3.54700845180280257E-004,5.51737839044065840E-004)  divx= (-6.12245221586881850E-004,-9.31583681045922173E-004)  kapx=   (1.28772188203300796E-004,1.89922921000928167E-004)
 TRACE fcgl integrands=   7.5496649298128705E-006   1.1054145072369281E-006
 TRACE fcgl theta=  0.55078125000000000       dbob=   (3.52085401995310548E-004,5.60976648784345939E-004)  divx= (-6.07017607589766211E-004,-9.48668352868036390E-004)  kapx=   (1.27466102797227831E-004,1.93845852041845226E-004)
 TRACE fcgl integrands=   7.7061004736026878E-006   1.1253720541162501E-006
 TRACE fcgl theta=  0.55273437500000000       dbob=   (3.49246773108994951E-004,5.70180190267440467E-004)  divx= (-6.01388002861569064E-004,-9.65691738684147237E-004)  kapx=   (1.26070614876287057E-004,1.97755774208353385E-004)
 TRACE fcgl integrands=   7.8627571016449237E-006   1.1452301690097421E-006
 TRACE fcgl theta=  0.55468750000000000       dbob=   (3.46185483909846649E-004,5.79341978601984964E-004)  divx= (-5.95356895404499254E-004,-9.82642344844609399E-004)  kapx=   (1.24585705747326303E-004,2.01650183121312217E-004)
 TRACE fcgl integrands=   8.0195455756259996E-006   1.1649747920839241E-006
 TRACE fcgl theta=  0.55664062500000000       dbob=   (3.42902119850226875E-004,5.88455541638152504E-004)  divx= (-5.88924923572313247E-004,-9.99508712116436862E-004)  kapx=   (1.23011401861043186E-004,2.05526585239142179E-004)
 TRACE fcgl integrands=   8.1763745944495798E-006   1.1845915231391503E-006
 TRACE fcgl theta=  0.55859375000000000       dbob=   (3.39397332660840839E-004,5.97514398224318916E-004)  divx= (-5.82092882985591419E-004,-1.01627939718712448E-003)  kapx=   (1.21347775162375290E-004,2.09382499481402780E-004)
 TRACE fcgl integrands=   8.3331506732799539E-006   1.2040655307439934E-006
 TRACE fcgl theta=  0.56054687500000000       dbob=   (3.35671852894431951E-004,6.06512041016810197E-004)  divx= (-5.74861739794713957E-004,-1.03294295848554247E-003)  kapx=   (1.19594943450141003E-004,2.13215458734366137E-004)
 TRACE fcgl integrands=   8.4897780994488486E-006   1.2233814922328299E-006
 TRACE fcgl theta=  0.56250000000000000       dbob=   (3.31726507445838836E-004,6.15441925319938502E-004)  divx= (-5.67232648947756080E-004,-1.04948794781867792E-003)  kapx=   (1.17753070750958622E-004,2.17023011249369707E-004)
 TRACE fcgl integrands=   8.6461589767794488E-006   1.2425235690961768E-006
 TRACE fcgl theta=  0.56445312500000000       dbob=   (3.27562240381082002E-004,6.24297464980750087E-004)  divx= (-5.59206975800687783E-004,-1.06590290887449203E-003)  kapx=   (1.15822367709802890E-004,2.20802721946870969E-004)
 TRACE fcgl integrands=   8.8021933644505362E-006   1.2614754199929784E-006
 TRACE fcgl theta=  0.56640625000000000       dbob=   (3.23180135220129099E-004,6.33072035850144291E-004)  divx= (-5.50786319213305577E-004,-1.08217638313124224E-003)  kapx=   (1.13803091996588239E-004,2.24552173640548975E-004)
 TRACE fcgl integrands=   8.9577795107250513E-006   1.2802202512038640E-006
 TRACE fcgl theta=  0.56835937500000000       dbob=   (3.18581436766404746E-004,6.41758986785081575E-004)  divx= (-5.41972534216559818E-004,-1.09829692317764318E-003)  kapx=   (1.11695548725077536E-004,2.28268968196280802E-004)
 TRACE fcgl integrands=   9.1128141760665471E-006   1.2987409019814827E-006
 TRACE fcgl theta=  0.57031250000000000       dbob=   (3.13767570661433533E-004,6.50351657642196310E-004)  divx= (-5.32767752416207861E-004,-1.11425311292321022E-003)  kapx=   (1.09500090877387164E-004,2.31950727640506957E-004)
 TRACE fcgl integrands=   9.2671930347362206E-006   1.3170199600893523E-006
 TRACE fcgl theta=  0.57226562500000000       dbob=   (3.08740159056294125E-004,6.58843403236581055E-004)  divx= (-5.23174398505559554E-004,-1.13003359369918130E-003)  kapx=   (1.07217119724632715E-004,2.35595095231300124E-004)
 TRACE fcgl integrands=   9.4208111392435291E-006   1.3350399009923699E-006
 TRACE fcgl theta=  0.57421875000000000       dbob=   (3.03501031115267826E-004,6.67227621842313482E-004)  divx= (-5.13195201579244109E-004,-1.14562709484929658E-003)  kapx=   (1.04847085231988142E-004,2.39199736503491547E-004)
 TRACE fcgl integrands=   9.5735634283127585E-006   1.3527832427851527E-006
 TRACE fcgl theta=  0.57617187500000000       dbob=   (2.98052227476355608E-004,6.75497786518958416E-004)  divx= (-5.02833200345943125E-004,-1.16102246711229616E-003)  kapx=   (1.02390486434793758E-004,2.42762340296668873E-004)
 TRACE fcgl integrands=   9.7253452565576972E-006   1.3702327081022982E-006
 TRACE fcgl theta=  0.57812500000000000       dbob=   (2.92395998257825667E-004,6.83647477378869083E-004)  divx= (-4.92091741800779170E-004,-1.17620871692247927E-003)  kapx=   (9.98478717714767518E-005,2.46280619771805092E-004)
 TRACE fcgl integrands=   9.8760529229737663E-006   1.3873713839968289E-006
 TRACE fcgl theta=  0.58007812500000000       dbob=   (2.86534794686013465E-004,6.91670412872948527E-004)  divx= (-4.80974473404042753E-004,-1.19117503971097392E-003)  kapx=   (9.72198393590146441E-005,2.49752313419012697E-004)
 TRACE fcgl integrands=   1.0025584175722307E-005   1.4041828711084234E-006
 TRACE fcgl theta=  0.58203125000000000       dbob=   (2.80471254892536296E-004,6.99560478267784213E-004)  divx= (-4.69485329287535778E-004,-1.20591085037895706E-003)  kapx=   (9.45070371974997411E-005,2.53175186055586425E-004)
 TRACE fcgl integrands=   1.0173838672456655E-005   1.4206514143420109E-006
 TRACE fcgl theta=  0.58398437500000000       dbob=   (2.74208184855706874E-004,7.07311749705883926E-004)  divx= (-4.57628511439812013E-004,-1.22040580932661629E-003)  kapx=   (9.17101632920525696E-005,2.56547029810366180E-004)
 TRACE fcgl integrands=   1.0320718378497230E-005   1.4367620086727362E-006
 TRACE fcgl theta=  0.58593750000000000       dbob=   (2.67748535811676602E-004,7.14918512565818716E-004)  divx= (-4.45408467177220630E-004,-1.23464984274122575E-003)  kapx=   (8.88299656827720144E-005,2.59865665087703518E-004)
 TRACE fcgl integrands=   1.0466127889288761E-005   1.4525004754849369E-006
 TRACE fcgl theta=  0.58789062500000000       dbob=   (2.61095379711893689E-004,7.22375273246268312E-004)  divx= (-4.32829864464892382E-004,-1.24863315625055749E-003)  kapx=   (8.58672423764993468E-005,2.63128941502144590E-004)
 TRACE fcgl integrands=   1.0609974668487127E-005   1.4678535069153661E-006
 TRACE fcgl theta=  0.58984375000000000       dbob=   (2.54251884438214386E-004,7.29676763957620104E-004)  divx= (-4.19897566793655489E-004,-1.26234624150467142E-003)  kapx=   (8.28228411777205513E-005,2.66334738773525660E-004)
 TRACE fcgl integrands=   1.0752169198392809E-005   1.4828086778604227E-006
 TRACE fcgl theta=  0.59179687500000000       dbob=   (2.47221290497225826E-004,7.36817940584274600E-004)  divx= (-4.06616609336708692E-004,-1.27577987572740042E-003)  kapx=   (7.96976594197414329E-005,2.69480967571562912E-004)
 TRACE fcgl integrands=   1.0892625044911921E-005   1.4973544274735711E-006
 TRACE fcgl theta=  0.59375000000000000       dbob=   (2.40006890801587678E-004,7.43793974146478190E-004)  divx= (-3.92992178003812585E-004,-1.28892511474516065E-003)  kapx=   (7.64926436011124531E-005,2.72565570299341229E-004)
 TRACE fcgl integrands=   1.1031258844421256E-005   1.5114800139737100E-006
 TRACE fcgl theta=  0.59570312500000000       dbob=   (2.32612014917693018E-004,7.50600236810194422E-004)  divx= (-3.79029592789538884E-004,-1.30177328042275597E-003)  kapx=   (7.32087889359229327E-005,2.75586521806280775E-004)
 TRACE fcgl integrands=   1.1167990224494424E-005   1.5251754482728631E-006
 TRACE fcgl theta=  0.59765625000000000       dbob=   (2.25040018832897508E-004,7.57232283738772322E-004)  divx= (-3.64734296492495941E-004,-1.31431594378513786E-003)  kapx=   (6.98471388297992163E-005,2.78541830023182769E-004)
 TRACE fcgl integrands=   1.1302741674114356E-005   1.5384314131995615E-006
 TRACE fcgl theta=  0.59960937500000000       dbob=   (2.17294280895787489E-004,7.63685832327912271E-004)  divx= (-3.50111849487842600E-004,-1.32654490535729069E-003)  kapx=   (6.64087842960275557E-005,2.81429536514689208E-004)
 TRACE fcgl integrands=   1.1435438381514166E-005   1.5512391758584039E-006
 TRACE fcgl theta=  0.60156250000000000       dbob=   (2.09378204138311886E-004,7.69956740499938195E-004)  divx= (-3.35167930794331677E-004,-1.33845217439545203E-003)  kapx=   (6.28948633280098957E-005,2.84247716947756918E-004)
 TRACE fcgl integrands=   1.1566008058998355E-005   1.5635905008799758E-006
 TRACE fcgl theta=  0.60351562500000000       dbob=   (2.01295224730742902E-004,7.76040985746859874E-004)  divx= (-3.19908345220984653E-004,-1.35002994870360503E-003)  kapx=   (5.93065602451208753E-005,2.86994481478372576E-004)
 TRACE fcgl integrands=   1.1694380773931496E-005   1.5754775719686627E-006
 TRACE fcgl theta=  0.60546875000000000       dbob=   (1.93048825881790039E-004,7.81934646505021798E-004)  divx= (-3.04339035939611030E-004,-1.36127059662994546E-003)  kapx=   (5.56451050289104955E-005,2.89667975062461833E-004)
 TRACE fcgl integrands=   1.1820488803570025E-005   1.5868929282799073E-006
 TRACE fcgl theta=  0.60742187500000000       dbob=   (1.84642556107529084E-004,7.87633887226541840E-004)  divx= (-2.88466101438464913E-004,-1.37216664262766416E-003)  kapx=   (5.19117726654679147E-005,2.92266377700561159E-004)
 TRACE fcgl integrands=   1.1944266528673007E-005   1.5978294208197781E-006
 TRACE fcgl theta=  0.60937500000000000       dbob=   (1.76080050481201855E-004,7.93134948201204104E-004)  divx= (-2.72295815496587828E-004,-1.38271075745927054E-003)  kapx=   (4.81078825076929864E-005,2.94787904629033217E-004)
 TRACE fcgl integrands=   1.2065650377062583E-005   1.6082801923583202E-006
 TRACE fcgl theta=  0.61132812500000000       dbob=   (1.67365053262860777E-004,7.98434140800350430E-004)  divx= (-2.55834648599489361E-004,-1.39289575374693976E-003)  kapx=   (4.42347976683142916E-005,2.97230806473294665E-004)
 TRACE fcgl integrands=   1.2184578823787770E-005   1.6182386824074700E-006
 TRACE fcgl theta=  0.61328125000000000       dbob=   (1.58501440207720285E-004,8.03527848389758463E-004)  divx= (-2.39089289109577723E-004,-1.40271458715049207E-003)  kapx=   (4.02939244509287192E-005,2.99593369380366805E-004)
 TRACE fcgl integrands=   1.2300992449596944E-005   1.6276986567757853E-006
 TRACE fcgl theta=  0.61523437500000000       dbob=   (1.49493238871348754E-004,8.08412532722289673E-004)  divx= (-2.22066662515955763E-004,-1.41216036302036006E-003)  kapx=   (3.62867118223035047E-005,3.01873915149035194E-004)
 TRACE fcgl integrands=   1.2414834054397160E-005   1.6366542592214008E-006
 TRACE fcgl theta=  0.61718750000000000       dbob=   (1.40344645366526533E-004,8.13084745204665279E-004)  divx= (-2.04773947216425222E-004,-1.42122634795637253E-003)  kapx=   (3.22146509249493447E-005,3.04070801375853623E-004)
 TRACE fcgl integrands=   1.2526048817627778E-005   1.6451000809247421E-006
 TRACE fcgl theta=  0.61914062500000000       dbob=   (1.31060036270513484E-004,8.17541142065719294E-004)  divx= (-1.87218585520047007E-004,-1.42990598533403158E-003)  kapx=   (2.80792746247667614E-005,3.06182421634156141E-004)
 TRACE fcgl integrands=   1.2634584493335276E-005   1.6530312420213447E-006
 TRACE fcgl theta=  0.62109375000000000       dbob=   (1.21643974714991839E-004,8.21778502161885538E-004)  divx= (-1.69408288884370325E-004,-1.43819291356415773E-003)  kapx=   (2.38821570846892430E-005,3.08207205701136096E-004)
 TRACE fcgl integrands=   1.2740391624498094E-005   1.6604434783786328E-006
 TRACE fcgl theta=  0.62304687500000000       dbob=   (1.12101210090240523E-004,8.25793745959833847E-004)  divx= (-1.51351036794016518E-004,-1.44608098565008345E-003)  kapx=   (1.96249133518879978E-005,3.10143619845124801E-004)
 TRACE fcgl integrands=   1.2843423759045138E-005   1.6673332262426143E-006
 TRACE fcgl theta=  0.62500000000000000       dbob=   (1.02436671231889955E-004,8.29583954149578956E-004)  divx= (-1.33055069118964030E-004,-1.45356428851248828E-003)  kapx=   (1.53091989435370375E-005,3.11990167181454660E-004)
 TRACE fcgl integrands=   1.2943637649186971E-005   1.6736976973623126E-006
 TRACE fcgl theta=  0.62695312500000000       dbob=   (9.26554534021201424E-005,8.33146384369563625E-004)  divx= (-1.14528872231090562E-004,-1.46063716057171747E-003)  kapx=   (1.09367094144852096E-005,3.13745388101076923E-004)
 TRACE fcgl integrands=   1.3040993416199408E-005   1.6795349377217610E-006
 TRACE fcgl theta=  0.62890625000000000       dbob=   (8.27627997963362877E-005,8.36478484665572849E-004)  divx= (-9.57811595755163038E-005,-1.46729420620870339E-003)  kapx=   (6.50917988959000808E-006,3.15407860771565270E-004)
 TRACE fcgl integrands=   1.3135454664632714E-005   1.6848438640364972E-006
 TRACE fcgl theta=  0.63085937500000000       dbob=   (7.27640786719621434E-005,8.39577902547218482E-004)  divx= (-7.68208477599185123E-005,-1.47353030595841769E-003)  kapx=   (2.02838454397818443E-006,3.16976201705599606E-004)
 TRACE fcgl integrands=   1.3226988532946613E-005   1.6896242736318531E-006
 TRACE fcgl theta=  0.63281250000000000       dbob=   (6.26647574827490057E-005,8.42442488831320253E-004)  divx= (-5.76570295149346048E-005,-1.47934062160674827E-003)  kapx=  (-2.50386398390720042E-006,3.18449066387714011E-004)
 TRACE fcgl integrands=   1.3315565671586392E-005   1.6938768251131978E-006
 TRACE fcgl theta=  0.63476562500000000       dbob=   (5.24703755902420987E-005,8.45070295847072817E-004)  divx= (-3.82989450722233044E-005,-1.48472059573971898E-003)  kapx=  (-7.08571525900939715E-006,3.19825149946323080E-004)
 TRACE fcgl integrands=   1.3401160144249972E-005   1.6976029892389531E-006
 TRACE fcgl theta=  0.63671875000000000       dbob=   (4.21865172011639958E-005,8.47459569995465708E-004)  divx= (-1.87559535908006961E-005,-1.48966594570542092E-003)  kapx=  (-1.17152818051816499E-005,3.21103187854977605E-004)
 TRACE fcgl integrands=   1.3483749253225699E-005   1.7008049714778729E-006
 TRACE fcgl theta=  0.63867187500000000       dbob=   (3.18187861406963969E-005,8.49608739074824413E-004)  divx=  (9.62493768257662070E-007,-1.49417265236427652E-003)  kapx=  (-1.63906399544770288E-005,3.22281956644726055E-004)
 TRACE fcgl integrands=   1.3563313294858759E-005   1.7034856097284624E-006
 TRACE fcgl theta=  0.64062500000000000       dbob=   (2.13727839204009929E-005,8.51516395175327110E-004)  divx=  (2.08468776608095950E-005,-1.49823694439212636E-003)  kapx=  (-2.11098307906052940E-005,3.23360274608399626E-004)
 TRACE fcgl integrands=   1.3639835256073312E-005   1.7056482524633168E-006
 TRACE fcgl theta=  0.64257812500000000       dbob=   (1.08540923071143191E-005,8.53181274279707835E-004)  divx=  (4.08876300574203974E-005,-1.50185527923530271E-003)  kapx=  (-2.58708611822673583E-005,3.24337002477797435E-004)
 TRACE fcgl integrands=   1.3713300467105361E-005   1.7072966240096002E-006
 TRACE fcgl theta=  0.64453125000000000       dbob=   (2.68261264057236267E-007,8.54602233960920395E-004)  divx=  (6.10751485309709094E-005,-1.50502432207291260E-003)  kapx=  (-3.06717048975140754E-005,3.25211044055996102E-004)
 TRACE fcgl integrands=   1.3783696228890653E-005   1.7084346846883111E-006
 TRACE fcgl theta=  0.64648437500000000       dbob=  (-1.03791972583135789E-005,8.55778230721946395E-004)  divx=  (8.13998048306238697E-005,-1.50774092430076335E-003)  kapx=  (-3.55103037861551437E-005,3.25981346789408477E-004)
 TRACE fcgl integrands=   1.3851011435673091E-005   1.7090664940371645E-006
 TRACE fcgl theta=  0.64843750000000000       dbob=  (-2.10828096281312907E-005,8.56708298566827265E-004)  divx=  (1.01851947655644127E-004,-1.51000210310190384E-003)  kapx=  (-4.03845690137564196E-005,3.26646902267538287E-004)
 TRACE fcgl integrands=   1.3915236214194173E-005   1.7091960852976772E-006
 TRACE fcgl theta=  0.65039062500000000       dbob=  (-3.18371353051163206E-005,8.57391530321903678E-004)  divx=  (1.22421899961537123E-004,-1.51180502360688160E-003)  kapx=  (-4.52923823282104043E-005,3.27206746642488963E-004)
 TRACE fcgl integrands=   1.3976361600225323E-005   1.7088273587552895E-006
 TRACE fcgl theta=  0.65234375000000000       dbob=  (-4.26367568450930633E-005,8.57827063046808684E-004)  divx=  (1.43099951521776512E-004,-1.51314698497665703E-003)  kapx=  (-5.02315973383417276E-005,3.27659960964924173E-004)
 TRACE fcgl integrands=   1.4034379271237277E-005   1.7079640004185339E-006
 TRACE fcgl theta=  0.65429687500000000       dbob=  (-5.34762662361356640E-005,8.58014068598364986E-004)  divx=  (1.63876347803448152E-004,-1.51402541147449489E-003)  kapx=  (-5.52000407836562441E-005,3.28005671438064952E-004)
 TRACE fcgl integrands=   1.4089281350777476E-005   1.7066094309794375E-006
 TRACE fcgl theta=  0.65625000000000000       dbob=  (-6.43502489203467428E-005,8.57951750056503912E-004)  divx=  (1.84741276470759547E-004,-1.51443784924886740E-003)  kapx=  (-6.01955137752064020E-005,3.28243049596181743E-004)
 TRACE fcgl integrands=   1.4141060295848373E-005   1.7047667881127835E-006
 TRACE fcgl theta=  0.65820312500000000       dbob=  (-7.52532670092973687E-005,8.57639344314557869E-004)  divx=  (2.05684852988371591E-004,-1.51438196915166037E-003)  kapx=  (-6.52157929895371042E-005,3.28371312418551252E-004)
 TRACE fcgl integrands=   1.4189708873514354E-005   1.7024389430699680E-006
 TRACE fcgl theta=  0.66015625000000000       dbob=  (-8.61798432447053744E-005,8.57076130705400948E-004)  divx=  (2.26697106846230419E-004,-1.51385557549298349E-003)  kapx=  (-7.02586318007625223E-005,3.28389722393791273E-004)
 TRACE fcgl integrands=   1.4235220227438004E-005   1.6996285503415883E-006
 TRACE fcgl theta=  0.66210937500000000       dbob=  (-9.71244471859301049E-005,8.56261445110439697E-004)  divx=  (2.47767969865427960E-004,-1.51285662021554313E-003)  kapx=  (-7.53217613397489278E-005,3.28297587552551715E-004)
 TRACE fcgl integrands=   1.4277588029411116E-005   1.6963381270459497E-006
 TRACE fcgl theta=  0.66406250000000000       dbob=  (-1.08081484927733193E-004,8.55194698610445736E-004)  divx=  (2.68887267875737748E-004,-1.51138322158762177E-003)  kapx=  (-8.04028914740022776E-005,3.28094261488588018E-004)
 TRACE fcgl integrands=   1.4316806705569278E-005   1.6925701567880149E-006
 TRACE fcgl theta=  0.66601562500000000       dbob=  (-1.19045293378246213E-004,8.53875399413308884E-004)  divx=  (2.90044716791891402E-004,-1.50943368619151693E-003)  kapx=  (-8.54997117068226017E-005,3.27779143389104024E-004)
 TRACE fcgl integrands=   1.4352871722208966E-005   1.6883272111520330E-006
 TRACE fcgl theta=  0.66796875000000000       dbob=  (-1.30010139778162037E-004,8.52303176557110947E-004)  divx=  (3.11229923776951850E-004,-1.50700653274690646E-003)  kapx=  (-9.06098919993949062E-005,3.27351678094897755E-004)
 TRACE fcgl integrands=   1.4385779912277640E-005   1.6836120808462338E-006
 TRACE fcgl theta=  0.66992187500000000       dbob=  (-1.40970226742822598E-004,8.50477803754592270E-004)  divx=  (3.32432393791494386E-004,-1.50410051617307625E-003)  kapx=  (-9.57310835243358941E-005,3.26811356209241993E-004)
 TRACE fcgl integrands=   1.4415529820931990E-005   1.6784279078864988E-006
 TRACE fcgl theta=  0.67187500000000000       dbob=  (-1.51919702688135957E-004,8.48399221726815734E-004)  divx=  (3.53641541415372304E-004,-1.50071465027027079E-003)  kapx=  (-1.00860919363618173E-004,3.26157714271727527E-004)
 TRACE fcgl integrands=   1.4442122047239353E-005   1.6727783101301320E-006
 TRACE fcgl theta=  0.67382812500000000       dbob=  (-1.62852677089394974E-004,8.46067557471410115E-004)  divx=  (3.74846707424205934E-004,-1.49684822749056551E-003)  kapx=  (-1.05997015167405480E-004,3.25390335009577696E-004)
 TRACE fcgl integrands=   1.4465559559220713E-005   1.6666674899571692E-006
 TRACE fcgl theta=  0.67578125000000000       dbob=  (-1.73763239649077665E-004,8.43483139117743707E-004)  divx=  (3.96037179235047122E-004,-1.49250083446670549E-003)  kapx=  (-1.11136969792984729E-004,3.24508847674480892E-004)
 TRACE fcgl integrands=   1.4485847961003292E-005   1.6601003199135972E-006
 TRACE fcgl theta=  0.67773437500000000       dbob=  (-1.84645482142783101E-004,8.40646505323538237E-004)  divx=  (4.17202214031822736E-004,-1.48767236225951687E-003)  kapx=  (-1.16278365944519818E-004,3.23512928467989316E-004)
 TRACE fcgl integrands=   1.4502995693767346E-005   1.6530823996120369E-006
 TRACE fcgl theta=  0.67968750000000000       dbob=  (-1.95493521494081784E-004,8.37558408543876429E-004)  divx=  (4.38331063163346923E-004,-1.48236301065058436E-003)  kapx=  (-1.21418770834632570E-004,3.22402301053353966E-004)
 TRACE fcgl integrands=   1.4517014156257133E-005   1.6456200800335683E-006
 TRACE fcgl theta=  0.68164062500000000       dbob=  (-2.06301522515738809E-004,8.34219811927931873E-004)  divx=  (4.59412996291556333E-004,-1.47657328622098475E-003)  kapx=  (-1.26555736887908749E-004,3.21176737146526439E-004)
 TRACE fcgl integrands=   1.4527917735617537E-005   1.6377204534678582E-006
 TRACE fcgl theta=  0.68359375000000000       dbob=  (-2.17063718755199813E-004,8.30631880041366355E-004)  divx=  (4.80437323763777460E-004,-1.47030399439005994E-003)  kapx=  (-1.31686802504288824E-004,3.19836057174346792E-004)
 TRACE fcgl integrands=   1.4535723744901289E-005   1.6293913095298417E-006
 TRACE fcgl theta=  0.68554687500000000       dbob=  (-2.27774429997414281E-004,8.26795964041904100E-004)  divx=  (5.01393415791741574E-004,-1.46355622600963264E-003)  kapx=  (-1.36809492897163647E-004,3.18380130983864269E-004)
 TRACE fcgl integrands=   1.4540452269408266E-005   1.6206410598545793E-006
 TRACE fcgl theta=  0.68750000000000000       dbob=  (-2.38428075200397397E-004,8.22713582321838517E-004)  divx=  (5.22270717234288480E-004,-1.45633133948899957E-003)  kapx=  (-1.41921321016945541E-004,3.16808878583580528E-004)
 TRACE fcgl integrands=   1.4542125929698126E-005   1.6114786360563397E-006
 TRACE fcgl theta=  0.68945312500000000       dbob=  (-2.49019179953456713E-004,8.18386397946558783E-004)  divx=  (5.43058757085983766E-004,-1.44863093973718500E-003)  kapx=  (-1.47019788566263526E-004,3.15122270895313108E-004)
 TRACE fcgl integrands=   1.4540769574295574E-005   1.6019133672125949E-006
 TRACE fcgl theta=  0.69140625000000000       dbob=  (-2.59542377932726756E-004,8.13816194440116435E-004)  divx=  (5.63747152148597942E-004,-1.44045685542915688E-003)  kapx=  (-1.52102387107935593E-004,3.13320330494520221E-004)
 TRACE fcgl integrands=   1.4536409919455375E-005   1.5919548443901739E-006
 TRACE fcgl theta=  0.69335937500000000       dbob=  (-2.69992406256695913E-004,8.09004851581229898E-004)  divx=  (5.84325604780422912E-004,-1.43181111621578532E-003)  kapx=  (-1.57166599261863500E-004,3.11403132317277713E-004)
 TRACE fcgl integrands=   1.4529075156591578E-005   1.5816127804882772E-006
 TRACE fcgl theta=  0.69531250000000000       dbob=  (-2.80364095085324286E-004,8.03954322867604675E-004)  divx=  (6.04783895049788205E-004,-1.42269593149501098E-003)  kapx=  (-1.62209899982231959E-004,3.09370804313703152E-004)
 TRACE fcgl integrands=   1.4518794549900772E-005   1.5708968738842654E-006
 TRACE fcgl theta=  0.69726562500000000       dbob=  (-2.90652352228681899E-004,7.98666616182860012E-004)  divx=  (6.25111868033048678E-004,-1.41311367224350730E-003)  kapx=  (-1.67229757902183390E-004,3.07223528030323644E-004)
 TRACE fcgl integrands=   1.4505598047198533E-005   1.5598166840222465E-006
 TRACE fcgl theta=  0.69921875000000000       dbob=  (-3.00852143904339290E-004,7.93143778966987978E-004)  divx=  (6.45299417363808989E-004,-1.40306685718207219E-003)  kapx=  (-1.72223636729734850E-004,3.04961539107542106E-004)
 TRACE fcgl integrands=   1.4489515926016752E-005   1.5483815262081564E-006
 TRACE fcgl theta=  0.70117187500000000       dbob=  (-3.10958473079647789E-004,7.87387888864236841E-004)  divx=  (6.65336466432184638E-004,-1.39255814422971228E-003)  kapx=  (-1.77188996676268425E-004,3.02585127682737719E-004)
 TRACE fcgl integrands=   1.4470578494641781E-005   1.5366003915298188E-006
 TRACE fcgl theta=  0.70312500000000000       dbob=  (-3.20966357033619740E-004,7.81401050424356566E-004)  divx=  (6.85212948828939610E-004,-1.38159032781309896E-003)  kapx=  (-1.82123295897659935E-004,3.00094638694371198E-004)
 TRACE fcgl integrands=   1.4448815864167401E-005   1.5244818960987680E-006
 TRACE fcgl theta=  0.70507812500000000       dbob=  (-3.30870805857849562E-004,7.75185397992380221E-004)  divx=  (7.04918789713875472E-004,-1.37016634216734993E-003)  kapx=  (-1.87023991928012955E-004,2.97490472087484853E-004)
 TRACE fcgl integrands=   1.4424257803027586E-005   1.5120342618296008E-006
 TRACE fcgl theta=  0.70703125000000000       dbob=  (-3.40666803579588715E-004,7.68743104469669252E-004)  divx=  (7.24443889753792199E-004,-1.35828927032135703E-003)  kapx=  (-1.91888543087101742E-004,2.94773082925843890E-004)
 TRACE fcgl integrands=   1.4396933680162149E-005   1.4992653288659408E-006
 TRACE fcgl theta=  0.70898437500000000       dbob=  (-3.50349293433640033E-004,7.62076395197184967E-004)  divx=  (7.43778113123336497E-004,-1.34596235803804650E-003)  kapx=  (-1.96714409844848232E-004,2.91942981420430768E-004)
 TRACE fcgl integrands=   1.4366872497298899E-005   1.4861825976707026E-006
 TRACE fcgl theta=  0.71093750000000000       dbob=  (-3.59913168542931247E-004,7.55187565831843231E-004)  divx=  (7.62911280801716420E-004,-1.33318903160740379E-003)  kapx=  (-2.01499056129392587E-004,2.89000732887780280E-004)
 TRACE fcgl integrands=   1.4334103005175380E-005   1.4727932968614881E-006
 TRACE fcgl theta=  0.71289062500000000       dbob=  (-3.69353268907885812E-004,7.48079002786054608E-004)  divx=  (7.81833170046488182E-004,-1.31997291809505071E-003)  kapx=  (-2.06239950569301185E-004,2.85946957654498049E-004)
 TRACE fcgl integrands=   1.4298653893235937E-005   1.4591044712180787E-006
 TRACE fcgl theta=  0.71484375000000000       dbob=  (-3.78664385176412702E-004,7.40753204601281149E-004)  divx=  (8.00533520506339609E-004,-1.30631786645358616E-003)  kapx=  (-2.10934567664963454E-004,2.82782330926152506E-004)
 TRACE fcgl integrands=   1.4260554037768333E-005   1.4451230830257660E-006
 TRACE fcgl theta=  0.71679687500000000       dbob=  (-3.87841269198865607E-004,7.33212802543883359E-004)  divx=  (8.19002046976885262E-004,-1.29222796782262083E-003)  kapx=  (-2.15580388889009827E-004,2.79507582639368737E-004)
 TRACE fcgl integrands=   1.4219832789877905E-005   1.4308561191282750E-006
 TRACE fcgl theta=  0.71875000000000000       dbob=  (-3.96878650898140701E-004,7.25460578752658682E-004)  divx=  (8.37228458338695422E-004,-1.27770757338362714E-003)  kapx=  (-2.20174903720277360E-004,2.76123497315484230E-004)
 TRACE fcgl integrands=   1.4176520282367114E-005   1.4163106957961195E-006
 TRACE fcgl theta=  0.72070312500000000       dbob=  (-4.05771260537636470E-004,7.17499480430553653E-004)  divx=  (8.55202481778144182E-004,-1.26276130829550116E-003)  kapx=  (-2.24715610620253856E-004,2.72630913932473751E-004)
 TRACE fcgl integrands=   1.4130647733637082E-005   1.4014941537857178E-006
 TRACE fcgl theta=  0.72265625000000000       dbob=  (-4.14513855080789087E-004,7.09332628847686832E-004)  divx=  (8.72913891010204646E-004,-1.24739408050620801E-003)  kapx=  (-2.29200017964707780E-004,2.69030725829260591E-004)
 TRACE fcgl integrands=   1.4082247727216358E-005   1.3864141367496047E-006
 TRACE fcgl theta=  0.72460937500000000       dbob=  (-4.23101247033584506E-004,7.00963322290448321E-004)  divx=  (8.90352536925997657E-004,-1.23161108359656508E-003)  kapx=  (-2.33625644946206575E-004,2.65323880653058378E-004)
 TRACE fcgl integrands=   1.4031354447409613E-005   1.3710786474031680E-006
 TRACE fcgl theta=  0.72656250000000000       dbob=  (-4.31528333967993809E-004,6.92395032526899306E-004)  divx=  (9.07508378898378722E-004,-1.21541779323965245E-003)  kapx=  (-2.37990022465192456E-004,2.61511380356376573E-004)
 TRACE fcgl integrands=   1.3978003854723058E-005   1.3554960774723744E-006
 TRACE fcgl theta=  0.72851562500000000       dbob=  (-4.39790126854747534E-004,6.83631394831372649E-004)  divx=  (9.24371514911169695E-004,-1.19881995732324027E-003)  kapx=  (-2.42290694028211081E-004,2.57594281245933810E-004)
 TRACE fcgl integrands=   1.3922233788949029E-005   1.3396752093287117E-006
 TRACE fcgl theta=  0.73046875000000000       dbob=  (-4.47881775394536031E-004,6.74676192087818880E-004)  divx=  (9.40932208737803419E-004,-1.18182358025043562E-003)  kapx=  (-2.46525216671633694E-004,2.53573694081308371E-004)
 TRACE fcgl integrands=   1.3864083992805666E-005   1.3236251892343983E-006
 TRACE fcgl theta=  0.73242187500000000       dbob=  (-4.55798588725015883E-004,6.65533333937732554E-004)  divx=  (9.57180912580802342E-004,-1.16443490237161601E-003)  kapx=  (-2.50691161927893229E-004,2.49450784216941729E-004)
 TRACE fcgl integrands=   1.3803596054494180E-005   1.3073554741351947E-006
 TRACE fcgl theta=  0.73437500000000000       dbob=  (-4.63536050185147557E-004,6.56206832322172445E-004)  divx=  (9.73108283883000855E-004,-1.14666037587695920E-003)  kapx=  (-2.54786116848926649E-004,2.45226771777393377E-004)
 TRACE fcgl integrands=   1.3740813273101504E-005   1.2908757558138843E-006
 TRACE fcgl theta=  0.73632812500000000       dbob=  (-4.71089825218479273E-004,6.46700775059927857E-004)  divx=  (9.88705195415157893E-004,-1.12850663876537419E-003)  kapx=  (-2.58807685098339283E-004,2.40902931852723164E-004)
 TRACE fcgl integrands=   1.3675780456069475E-005   1.2741958678270150E-006
 TRACE fcgl theta=  0.73828125000000000       dbob=  (-4.78455761966100539E-004,6.37019299282976285E-004)  divx=  (1.00396273820617323E-003,-1.10998048868045547E-003)  kapx=  (-2.62753488120036371E-004,2.36480594698739593E-004)
 TRACE fcgl integrands=   1.3608543662628526E-005   1.2573256818815501E-006
 TRACE fcgl theta=  0.74023437500000000       dbob=  (-4.85629884605905896E-004,6.27166566601505371E-004)  divx=  (1.01887221737963305E-003,-1.09108885845293703E-003)  kapx=  (-2.66621166386863577E-004,2.31961145925715830E-004)
 TRACE fcgl integrands=   1.3539149910842066E-005   1.2402750010828100E-006
 TRACE fcgl theta=  0.74218750000000000       dbob=  (-4.92608380002566479E-004,6.17146741787995778E-004)  divx=  (1.03342514145967007E-003,-1.07183879510617175E-003)  kapx=  (-2.70408380728551798E-004,2.27346026659087984E-004)
 TRACE fcgl integrands=   1.3467646868480932E-005   1.2230534577463383E-006
 TRACE fcgl theta=  0.74414062500000000       dbob=  (-4.99387578706357582E-004,6.06963976557055025E-004)  divx=  (1.04761320617457478E-003,-1.05223744387024148E-003)  kapx=  (-2.74112813734108600E-004,2.22636733656593228E-004)
 TRACE fcgl integrands=   1.3394082549170268E-005   1.2056704231961495E-006
 TRACE fcgl theta=  0.74609375000000000       dbob=  (-5.05963931745151744E-004,5.96622399687502599E-004)  divx=  (1.06142827418536419E-003,-1.03229203842394109E-003)  kapx=  (-2.77732171220106225E-004,2.17834819368219244E-004)
 TRACE fcgl integrands=   1.3318505035040660E-005   1.1881349361860220E-006
 TRACE fcgl theta=  0.74804687500000000       dbob=  (-5.12333984962827570E-004,5.86126114307235625E-004)  divx=  (1.07486235246929225E-003,-1.01200989816331794E-003)  kapx=  (-2.81264183753232339E-004,2.12941891928041156E-004)
 TRACE fcgl integrands=   1.3240962245476625E-005   1.1704556553317140E-006
 TRACE fcgl theta=  0.75000000000000000       dbob=  (-5.18494352846242553E-004,5.75479202667959506E-004)  divx=  (1.08790756927270031E-003,-9.91398432808649702E-004)  kapx=  (-2.84706608213228880E-004,2.07959615070345098E-004)
 TRACE fcgl integrands=   1.3161501768592277E-005   1.1526408393127845E-006
 TRACE fcgl theta=  0.75195312500000000       dbob=  (-5.24441693836675779E-004,5.64685738209777803E-004)  divx=  (1.10055615259874390E-003,-9.70465154142148480E-004)  kapx=  (-2.88057229381034061E-004,2.02889707966185339E-004)
 TRACE fcgl integrands=   1.3080170767961612E-005   1.1346983567023033E-006
 TRACE fcgl theta=  0.75390625000000000       dbob=  (-5.30172689034844567E-004,5.53749804191447457E-004)  divx=  (1.11280041210812925E-003,-9.49217694152121988E-004)  kapx=  (-2.91313861536642341E-004,1.97733944980337266E-004)
 TRACE fcgl integrands=   1.2997015972152531E-005   1.1166357252397405E-006
 TRACE fcgl theta=  0.75585937500000000       dbob=  (-5.35684025985262908E-004,5.42675517677906785E-004)  divx=  (1.12463272608907469E-003,-9.27663828382651657E-004)  kapx=  (-2.94474350051905892E-004,1.92494155352372436E-004)
 TRACE fcgl integrands=   1.2912083749081352E-005   1.0984601783141113E-006
 TRACE fcgl theta=  0.75781250000000000       dbob=  (-5.40972388879765436E-004,5.31467057267330295E-004)  divx=  (1.13604553481004501E-003,-9.05811502885206748E-004)  kapx=  (-2.97536572965139789E-004,1.87172222808938227E-004)
 TRACE fcgl integrands=   1.2825420261475661E-005   1.0801787545111468E-006
 TRACE fcgl theta=  0.75976562500000000       dbob=  (-5.46034456074089448E-004,5.20128692635623028E-004)  divx=  (1.14703134112777399E-003,-8.83668862869804034E-004)  kapx=  (-3.00498442526842273E-004,1.81770085117090503E-004)
 TRACE fcgl integrands=   1.2737071694181381E-005   1.0617984044302289E-006
 TRACE fcgl theta=  0.76171875000000000       dbob=  (-5.50866905295460240E-004,5.08664813800415762E-004)  divx=  (1.15758271871327931E-003,-8.61244280981534748E-004)  kapx=  (-3.03357906708909535E-004,1.76289733590559493E-004)
 TRACE fcgl integrands=   1.2647084539039710E-005   1.0433261077079177E-006
 TRACE fcgl theta=  0.76367187500000000       dbob=  (-5.55466426368624771E-004,4.97079957973928580E-004)  divx=  (1.16769232771503947E-003,-8.38546383097782790E-004)  kapx=  (-3.06112950673207351E-004,1.70733212561927105E-004)
 TRACE fcgl integrands=   1.2555505918921180E-005   1.0247689923836154E-006
 TRACE fcgl theta=  0.76562500000000000       dbob=  (-5.59829740740977531E-004,4.85378831989715851E-004)  divx=  (1.17735293713900572E-003,-8.15584069657494673E-004)  kapx=  (-3.08761598199014094E-004,1.65102618833889411E-004)
 TRACE fcgl integrands=   1.2462383929515894E-005   1.0061344484664937E-006
 TRACE fcgl theta=  0.76757812500000000       dbob=  (-5.63953626583175169E-004,4.73566328546963858E-004)  divx=  (1.18655745272796946E-003,-7.92366530790858392E-004)  kapx=  (-3.11301913072397143E-004,1.59400101121947267E-004)
 TRACE fcgl integrands=   1.2367767975843314E-005   9.8743022783403938E-007
 TRACE fcgl theta=  0.76953125000000000       dbob=  (-5.67834947816161953E-004,4.61647534902475645E-004)  divx=  (1.19529894870385530E-003,-7.68903253900927661E-004)  kapx=  (-3.13732000443846671E-004,1.53627859499226008E-004)
 TRACE fcgl integrands=   1.2271709080284555E-005   9.6866452339600049E-007
 TRACE fcgl theta=  0.77148437500000000       dbob=  (-5.71470685100427373E-004,4.49627733130180502E-004)  divx=  (1.20357070142673977E-003,-7.45204022833419904E-004)  kapx=  (-3.16050008163156198E-004,1.47788144851619701E-004)
 TRACE fcgl integrands=   1.2174260140274924E-005   9.4984602174372337E-007
 TRACE fcgl theta=  0.77343750000000000       dbob=  (-5.74857966642675858E-004,4.37512391628957489E-004)  divx=  (1.21136622284774976E-003,-7.21278908325824171E-004)  kapx=  (-3.18254128102536953E-004,1.41883258348433341E-004)
 TRACE fcgl integrands=   1.2075476116560362E-005   9.3098392518973897E-007
 TRACE fcgl theta=  0.77539062500000000       dbob=  (-5.77994096644298110E-004,4.25307148153928076E-004)  divx=  (1.21867929160444054E-003,-6.97138250014340860E-004)  kapx=  (-3.20342597480071213E-004,1.35915550930206392E-004)
 TRACE fcgl integrands=   1.1975414136951130E-005   9.1208794107630634E-007
 TRACE fcgl theta=  0.77734375000000000       dbob=  (-5.80876579339981831E-004,4.13017785233652033E-004)  divx=  (1.22550397973159139E-003,-6.72792630857270901E-004)  kapx=  (-3.22313700195804782E-004,1.29887422811809434E-004)
 TRACE fcgl integrands=   1.1874133505559701E-005   8.9316823836430279E-007
 TRACE fcgl theta=  0.77929687500000000       dbob=  (-5.83503136847813545E-004,4.00650199374763885E-004)  divx=  (1.23183467323195630E-003,-6.48252845365519543E-004)  kapx=  (-3.24165768192071380E-004,1.23801322995377829E-004)
 TRACE fcgl integrands=   1.1771695613276873E-005   8.7423537366399116E-007
 TRACE fcgl theta=  0.78125000000000000       dbob=  (-5.85871719457990866E-004,3.88210365908171328E-004)  divx=  (1.23766608515403910E-003,-6.23529863477017480E-004)  kapx=  (-3.25897182848024116E-004,1.17659748784423076E-004)
 TRACE fcgl integrands=   1.1668163751362078E-005   8.5530019089449119E-007
 TRACE fcgl theta=  0.78320312500000000       dbob=  (-5.87980507499893663E-004,3.75704301663973023E-004)  divx=  (1.24299326033189923E-003,-5.98634792239628949E-004)  kapx=  (-3.27506376416002783E-004,1.11465245287827963E-004)
 TRACE fcgl integrands=   1.1563602836122690E-005   8.3637370052407976E-007
 TRACE fcgl theta=  0.78515625000000000       dbob=  (-5.89827904512890493E-004,3.63138027850136414E-004)  divx=  (1.24781157152166239E-003,-5.73578837651010989E-004)  kapx=  (-3.28991833504385948E-004,1.05220404900437288E-004)
 TRACE fcgl integrands=   1.1458079058345676E-005   8.1746694573120242E-007
 TRACE fcgl theta=  0.78710937500000000       dbob=  (-5.91412522065236671E-004,3.50517535537010956E-004)  divx=  (1.25211670728167588E-003,-5.48373269028795446E-004)  kapx=  (-3.30352092608219607E-004,9.89278667458922453E-005)
 TRACE fcgl integrands=   1.1351659476068844E-005   7.9859086374295395E-007
 TRACE fcgl theta=  0.78906250000000000       dbob=  (-5.92733157174932159E-004,3.37848756010678398E-004)  divx=  (1.25590465254567653E-003,-5.23029388144892796E-004)  kapx=  (-3.31585747685372184E-004,9.25903160671071989E-005)
 TRACE fcgl integrands=   1.1244411573118628E-005   7.7975615099182190E-007
 TRACE fcgl theta=  0.79101562500000000       dbob=  (-5.93788763843508451E-004,3.25137537959496042E-004)  divx=  (1.25917166338846776E-003,-4.97558505060640061E-004)  kapx=  (-3.32691449772479653E-004,8.62104835505720095E-005)
 TRACE fcgl integrands=   1.1136402808353396E-005   7.6097314055563368E-007
 TRACE fcgl theta=  0.79296875000000000       dbob=  (-5.94578420678027364E-004,3.12389633017244898E-004)  divx=  (1.26191423794158012E-003,-4.71971922161676188E-004)  kapx=  (-3.33667908631776376E-004,7.97911445722156447E-005)
 TRACE fcgl integrands=   1.1027700181562186E-005   7.4225169961933068E-007
 TRACE fcgl theta=  0.79492187500000000       dbob=  (-5.95101296913485450E-004,2.99610690630947463E-004)  divx=  (1.26412908574790130E-003,-4.46280927340927372E-004)  kapx=  (-3.34513894417207927E-004,7.33351183549899542E-005)
 TRACE fcgl integrands=   1.0918369841405327E-005   7.2360115346669874E-007
 TRACE fcgl theta=  0.79687500000000000       dbob=  (-5.95356619330676380E-004,2.86806262587557944E-004)  divx=  (1.26581309802316464E-003,-4.20496796650111514E-004)  kapx=  (-3.35228239346244128E-004,6.68452670312767846E-005)
 TRACE fcgl integrands=   1.0808476758662135E-005   7.0503024085392327E-007
 TRACE fcgl theta=  0.79882812500000000       dbob=  (-5.95343642576879857E-004,2.73981816863843783E-004)  divx=  (1.26696332130208440E-003,-3.94630806077119476E-004)  kapx=  (-3.35809839362602273E-004,6.03244946066378463E-005)
 TRACE fcgl integrands=   1.0698084484487157E-005   6.8654710364215303E-007
 TRACE fcgl theta=  0.80078125000000000       dbob=  (-5.95061625233422029E-004,2.61142759803345960E-004)  divx=  (1.26757693678301864E-003,-3.68694251453379471E-004)  kapx=  (-3.36257655774798304E-004,5.37757458250167557E-005)
 TRACE fcgl integrands=   1.0587255008573020E-005   6.6815931140028766E-007
 TRACE fcgl theta=  0.80273437500000000       dbob=  (-5.94509813642177731E-004,2.48294465019293395E-004)  divx=  (1.26765124735424175E-003,-3.42698474897322697E-004)  kapx=  (-3.36570716856032012E-004,4.72020049390146511E-005)
 TRACE fcgl integrands=   1.0476048726352608E-005   6.4987391947254386E-007
 TRACE fcgl theta=  0.80468750000000000       dbob=  (-5.93687435021192215E-004,2.35442306915902401E-004)  divx=  (1.26718367380591673E-003,-3.16654895700203603E-004)  kapx=  (-3.36748119392362257E-004,4.06062943921506011E-005)
 TRACE fcgl integrands=   1.0364524517986754E-005   6.3169755688146754E-007
 TRACE fcgl theta=  0.80664062500000000       dbob=  (-5.92593700797359362E-004,2.22591696349639311E-004)  divx=  (1.26617176113401212E-003,-2.90575043195152698E-004)  kapx=  (-3.36789030168326378E-004,3.39916734227566932E-005)
 TRACE fcgl integrands=   1.0252739935250550E-005   6.1363653854345149E-007
 TRACE fcgl theta=  0.80859375000000000       dbob=  (-5.91227820399973592E-004,2.09748115745673488E-004)  divx=  (1.26461319516390385E-003,-2.64470588948247695E-004)  kapx=  (-3.36692687381965131E-004,2.73612366012871035E-005)
 TRACE fcgl integrands=   1.0140751485949230E-005   5.9569699473348698E-007
 TRACE fcgl theta=  0.81054687500000000       dbob=  (-5.89589025038095359E-004,1.96917150960628911E-004)  divx=  (1.26250582900692770E-003,-2.38353375588808548E-004)  kapx=  (-3.36458401984416169E-004,2.07181123140898188E-005)
 TRACE fcgl integrands=   1.0028614999546157E-005   5.7788500964839170E-007
 TRACE fcgl theta=  0.81250000000000000       dbob=  (-5.87676600275639934E-004,1.84104517346979693E-004)  divx=  (1.25984771816091737E-003,-2.12235439761259299E-004)  kapx=  (-3.36085558942638720E-004,1.40654612071398026E-005)
 TRACE fcgl integrands=   9.9163860526307467E-006   5.6020676035388201E-007
 TRACE fcgl theta=  0.81445312500000000       dbob=  (-5.85489925569975824E-004,1.71316077819871313E-004)  divx=  (1.25663716242438266E-003,-1.86129027025324815E-004)  kapx=  (-3.35573618427203416E-004,7.40647460272675102E-006)
 TRACE fcgl integrands=   9.8041204289942099E-006   5.4266864739659426E-007
 TRACE fcgl theta=  0.81640625000000000       dbob=  (-5.83028518398660996E-004,1.58557851234457630E-004)  divx=  (1.25287275225895601E-003,-1.60046597035988633E-004)  kapx=  (-3.34922116930147507E-004,7.44372900765501340E-007)
 TRACE fcgl integrands=   9.6918745866514753E-006   5.2527740891807008E-007
 TRACE fcgl theta=  0.81835937500000000       dbob=  (-5.80292080204612313E-004,1.45836010019866167E-004)  divx=  (1.24855341684571020E-003,-1.34000817968455018E-004)  kapx= (-3.34130668320548941E-004,-5.91759602570557440E-006)
 TRACE fcgl integrands=   9.5797061032986483E-006   5.0804021118656294E-007
 TRACE fcgl theta=  0.82031250000000000       dbob=  (-5.77280541173399715E-004,1.33156866743914241E-004)  divx=  (1.24367847086820707E-003,-1.08004549875894727E-004)  kapx= (-3.33198964847403677E-004,-1.25761584340097567E-005)
 TRACE fcgl integrands=   9.4676740724819676E-006   4.9096470999415561E-007
 TRACE fcgl theta=  0.82226562500000000       dbob=  (-5.73994100836987937E-004,1.20526850052961063E-004)  divx=  (1.23824765703818671E-003,-8.20708174317721922E-005)  kapx= (-3.32126778100599385E-004,-1.92280163105944355E-005)
 TRACE fcgl integrands=   9.3558394251392713E-006   4.7405907925005396E-007
 TRACE fcgl theta=  0.82421875000000000       dbob=  (-5.70433261682770903E-004,1.07952471191737008E-004)  divx=  (1.23226118156497325E-003,-5.62127732622162175E-005)  kapx= (-3.30913959941101172E-004,-2.58698489647603952E-005)
 TRACE fcgl integrands=   9.2442651550235395E-006   4.5733200521261395E-007
 TRACE fcgl theta=  0.82617187500000000       dbob=  (-5.66598853328155721E-004,9.54402830063752326E-005)  divx=  (1.22571974014993473E-003,-3.04436537656416896E-005)  kapx= (-3.29560443410889504E-004,-3.24983146203667732E-005)
 TRACE fcgl integrands=   9.1330164316114431E-006   4.4079264700390761E-007
 TRACE fcgl theta=  0.82812500000000000       dbob=  (-5.62492045378675692E-004,8.29968339204131003E-005)  divx=  (1.21862453264233407E-003,-4.77672989708195199E-006)  kapx= (-3.28066243631829188E-004,-3.91100520116655737E-005)
 TRACE fcgl integrands=   9.0221605901475398E-006   4.2445056619608485E-007
 TRACE fcgl theta=  0.83007812500000000       dbob=  (-5.58114347788811818E-004,7.06286198052678079E-005)  divx=   (1.21097726518973889E-003,2.07747441788451486E-005)  kapx= (-3.26431458700463537E-004,-4.57016819920564782E-005)
 TRACE fcgl integrands=   8.9117669951283659E-006   4.0831563020812528E-007
 TRACE fcgl theta=  0.83203125000000000       dbob=  (-5.53467598345792162E-004,5.83420369096263476E-005)  divx=   (1.20278013951183056E-003,4.61975814236300245E-005)  kapx= (-3.24656270583019197E-004,-5.22698091666281894E-005)
 TRACE fcgl integrands=   8.8019067804119214E-006   3.9239789587552939E-007
 TRACE fcgl theta=  0.83398437500000000       dbob=  (-5.48553937746488877E-004,4.61433390446899894E-005)  divx=   (1.19403582976993763E-003,7.14787080765356600E-005)  kapx= (-3.22740946011724377E-004,-5.88110235606128281E-005)
 TRACE fcgl integrands=   8.6926524758523145E-006   3.7670748074867544E-007
 TRACE fcgl theta=  0.83593750000000000       dbob=  (-5.43375773580136601E-004,3.40386020358812391E-005)  divx=   (1.18474744834051737E-003,9.66052026368358871E-005)  kapx= (-3.20685837380190386E-004,-6.53219023363585665E-005)
 TRACE fcgl integrands=   8.5840775365270641E-006   3.6125443035952585E-007
 TRACE fcgl theta=  0.83789062500000000       dbob=  (-5.37935735308291813E-004,2.20336980530017687E-005)  divx=   (1.17491850257282781E-003,1.21564325089000834E-004)  kapx= (-3.18491383632267999E-004,-7.17990115710012998E-005)
 TRACE fcgl integrands=   8.4762557958985532E-006   3.4604858982856839E-007
 TRACE fcgl theta=  0.83984375000000000       dbob=  (-5.32236622994160008E-004,1.01342818406331240E-005)  divx=   (1.16455284526555819E-003,1.46343534370929076E-004)  kapx= (-3.16158111135699091E-004,-7.82389081057811023E-005)
 TRACE fcgl integrands=   8.3692608683376421E-006   3.3109948775798023E-007
 TRACE fcgl theta=  0.84179687500000000       dbob= (-5.26281353028710728E-004,-1.65420987693782431E-006)  divx=   (1.15365462208720233E-003,1.70930492828927182E-004)  kapx= (-3.13686634529245802E-004,-8.46381414759946819E-005)
 TRACE fcgl integrands=   8.2631655291133099E-006   3.1641623940518905E-007
 TRACE fcgl theta=  0.84375000000000000       dbob= (-5.20072904393234460E-004,-1.33265454009967949E-005)  divx=   (1.14222821945318383E-003,1.95313057256967361E-004)  kapx= (-3.11077657529974685E-004,-9.09932559279852805E-005)
 TRACE fcgl integrands=   8.1580411010783145E-006   3.0200747472101312E-007
 TRACE fcgl theta=  0.84570312500000000       dbob= (-5.13614269061994275E-004,-2.48776719749008221E-005)  divx=   (1.13027821643426631E-003,2.19479257028136883E-004)  kapx= (-3.08331973686136018E-004,-9.73007925266180287E-005)
 TRACE fcgl integrands=   8.0539568768045231E-006   2.8788129506703238E-007
 TRACE fcgl theta=  0.84765625000000000       dbob= (-5.06908409973899697E-004,-3.63026780264729445E-005)  divx=   (1.11780934409523472E-003,2.43417260733428314E-004)  kapx= (-3.05450467060667510E-004,-1.03557291353477692E-004)
 TRACE fcgl integrands=   7.9509796028849632E-006   2.7404526042146327E-007
 TRACE fcgl theta=  0.84960937500000000       dbob= (-4.99958229593541010E-004,-4.75967460010852698E-005)  divx=   (1.10482645525517790E-003,2.67115333586852104E-004)  kapx= (-3.02434112830818444E-004,-1.09759293792883417E-004)
 TRACE fcgl integrands=   7.8491730496495126E-006   2.6050640678015894E-007
 TRACE fcgl theta=  0.85156250000000000       dbob= (-4.92766551460164051E-004,-5.87550987779987359E-005)  divx=   (1.09133450704155567E-003,2.90561788577707960E-004)  kapx= (-2.99283977790695810E-004,-1.15903344899854612E-004)
 TRACE fcgl integrands=   7.7485976848460185E-006   2.4727129140511441E-007
 TRACE fcgl theta=  0.85351562500000000       dbob= (-4.85336116323351074E-004,-6.97729432161012610E-005)  divx=   (1.07733855781443088E-003,3.13744934899493674E-004)  kapx= (-2.96001220745539903E-004,-1.21985995841696206E-004)
 TRACE fcgl integrands=   7.6493104641882688E-006   2.3434606170805666E-007
 TRACE fcgl theta=  0.85546875000000000       dbob= (-4.77669593534238153E-004,-8.06454147123629184E-005)  divx=   (1.06284377911260619E-003,3.36653027518289964E-004)  kapx= (-2.92587092789184020E-004,-1.28003806402963516E-004)
 TRACE fcgl integrands=   7.5513647453912519E-006   2.2173654200886418E-007
 TRACE fcgl theta=  0.85742187500000000       dbob= (-4.69769607358630384E-004,-9.13675267484282495E-005)  divx=   (1.04785548227696412E-003,3.59274221833315256E-004)  kapx= (-2.89042937459166869E-004,-1.33953347542443497E-004)
 TRACE fcgl integrands=   7.4548103257493957E-006   2.0944833128222306E-007
 TRACE fcgl theta=  0.85937500000000000       dbob= (-4.61638776867360644E-004,-1.01934129234058530E-004)  divx=   (1.03237915840175562E-003,3.81596537214968091E-004)  kapx= (-2.85370190767197463E-004,-1.39831203990454774E-004)
 TRACE fcgl integrands=   7.3596935968281832E-006   1.9748690437585901E-007
 TRACE fcgl theta=  0.86132812500000000       dbob= (-4.53279767105763739E-004,-1.12339879033744621E-004)  divx=   (1.01642052931753325E-003,4.03607832784292373E-004)  kapx= (-2.81570381105884782E-004,-1.45633976875273862E-004)
 TRACE fcgl integrands=   7.2660578037805647E-006   1.8585770908900236E-007
 TRACE fcgl theta=  0.86328125000000000       dbob= (-4.44695348412271524E-004,-1.22579225404546231E-004)  divx=   (9.99985606483406357E-004,4.25295798142171346E-004)  kapx= (-2.77645129035567417E-004,-1.51358286368812544E-004)
 TRACE fcgl integrands=   7.1739433914857137E-006   1.7456625194218793E-007
 TRACE fcgl theta=  0.86523437500000000       dbob= (-4.35888460103744870E-004,-1.32646412214669859E-004)  divx=   (9.83080754018933987E-004,4.46647960901992084E-004)  kapx= (-2.73596146957594559E-004,-1.57000774343661099E-004)
 TRACE fcgl integrands=   7.0833884154117324E-006   1.6361816641271733E-007
 TRACE fcgl theta=  0.86718750000000000       dbob= (-4.26862274319740826E-004,-1.42535497803335801E-004)  divx=   (9.65712751684219290E-004,4.67651711875693564E-004)  kapx= (-2.69425238682239232E-004,-1.62558107036178895E-004)
 TRACE fcgl integrands=   6.9944289920354564E-006   1.5301925878285240E-007
 TRACE fcgl theta=  0.86914062500000000       dbob= (-4.17620255653667889E-004,-1.52240392243615402E-004)  divx=   (9.47888853454732587E-004,4.88294347670050963E-004)  kapx= (-2.65134298900532349E-004,-1.68026977713217781E-004)
 TRACE fcgl integrands=   6.9070997619535048E-006   1.4277552844910692E-007
 TRACE fcgl theta=  0.87109375000000000       dbob= (-4.08166212313629739E-004,-1.61754910649509613E-004)  divx=   (9.29616837452713917E-004,5.08563129335794640E-004)  kapx= (-2.60725312569542089E-004,-1.73404109343142500E-004)
 TRACE fcgl integrands=   6.8214343385536964E-006   1.3289316144719149E-007
 TRACE fcgl theta=  0.87304687500000000       dbob= (-3.98504334950280556E-004,-1.71072840097675864E-004)  divx=   (9.10905043390297154E-004,5.28445354647219144E-004)  kapx= (-2.56200354220008299E-004,-1.78686257274771640E-004)
 TRACE fcgl integrands=   6.7374657162728945E-006   1.2337849792134676E-007
 TRACE fcgl theta=  0.87500000000000000       dbob= (-3.88639219945516312E-004,-1.80188016783051799E-004)  divx=   (8.91762394333120130E-004,5.47928440644157816E-004)  kapx= (-2.51561587193801909E-004,-1.83870211930553008E-004)
 TRACE fcgl integrands=   6.6552266149604130E-006   1.1423797616766727E-007
 TRACE fcgl theta=  0.87695312500000000       dbob= (-3.78575874839615924E-004,-1.89094409260053421E-004)  divx=   (8.72198400472663196E-004,5.67000012304865147E-004)  kapx= (-2.46811262816523636E-004,-1.88952801522405863E-004)
 TRACE fcgl integrands=   6.5747497405419829E-006   1.0547805757395514E-007
 TRACE fcgl theta=  0.87890625000000000       dbob= (-3.68319704635078132E-004,-1.97786203091167832E-004)  divx=   (8.52223143650708125E-004,5.85647992691439695E-004)  kapx= (-2.41951719507814997E-004,-1.93930894800135932E-004)
 TRACE fcgl integrands=   6.4960679468276417E-006   9.7105138143974338E-008
 TRACE fcgl theta=  0.88085937500000000       dbob= (-3.57876478890172553E-004,-2.06257881972615980E-004)  divx=   (8.31847242547877866E-004,6.03860689658465436E-004)  kapx= (-2.36985381828852656E-004,-1.98801403842924728E-004)
 TRACE fcgl integrands=   6.4192142886732129E-006   8.9125453236253756E-008
 TRACE fcgl theta=  0.88281250000000000       dbob= (-3.47252280732391748E-004,-2.14504300455879948E-004)  divx=   (8.11081799658883444E-004,6.21626874264089306E-004)  kapx= (-2.31914759463245848E-004,-2.03561286904104693E-004)
 TRACE fcgl integrands=   6.3442219625047215E-006   8.1544982601382772E-008
 TRACE fcgl theta=  0.88476562500000000       dbob= (-3.36453440105465105E-004,-2.22520743739211660E-004)  divx=   (7.89938332354166986E-004,6.38935846375659534E-004)  kapx= (-2.26742446124350940E-004,-2.08207551318223950E-004)
 TRACE fcgl integrands=   6.2711241361478067E-006   7.4369362736512100E-008
 TRACE fcgl theta=  0.88671875000000000       dbob= (-3.25486454637711315E-004,-2.30302970650373573E-004)  divx=   (7.68428691396121923E-004,6.55777483604936227E-004)  kapx= (-2.21471118379205304E-004,-2.12737256477281314E-004)
 TRACE fcgl integrands=   6.1999536756737111E-006   6.7603812997557181E-008
 TRACE fcgl theta=  0.88867187500000000       dbob= (-3.14357902413486411E-004,-2.37847236847884988E-004)  divx=   (7.46564971167333418E-004,6.72142270608227913E-004)  kapx= (-2.16103534376923504E-004,-2.17147516880171476E-004)
 TRACE fcgl integrands=   6.1307427822936163E-006   6.1253080860551221E-008
 TRACE fcgl theta=  0.89062500000000000       dbob= (-3.03074351582637317E-004,-2.45150296382729634E-004)  divx=   (7.24359416518320968E-004,6.88021306894441749E-004)  kapx= (-2.10642532467841825E-004,-2.21435505255856058E-004)
 TRACE fcgl integrands=   6.0635225569528864E-006   5.5321410278917800E-008
 TRACE fcgl theta=  0.89257812500000000       dbob= (-2.91642272107912046E-004,-2.52209381021653231E-004)  divx=   (7.01824331505811389E-004,7.03406292535494805E-004)  kapx= (-2.05091029698949672E-004,-2.25598455756920787E-004)
 TRACE fcgl integrands=   5.9983225139804682E-006   4.9812535346024399E-008
 TRACE fcgl theta=  0.89453125000000000       dbob= (-2.80067954997353821E-004,-2.59022158061957919E-004)  divx=   (6.78971995340130956E-004,7.18289492494122517E-004)  kapx= (-1.99452020171388567E-004,-2.29633667216082299E-004)
 TRACE fcgl integrands=   5.9351700677731508E-006   4.4729699565965456E-008
 TRACE fcgl theta=  0.89648437500000000       dbob= (-2.68357444086849805E-004,-2.65586668685528771E-004)  divx=   (6.55814590580794344E-004,7.32663681594006647E-004)  kapx= (-1.93728573246972270E-004,-2.33538506454238938E-004)
 TRACE fcgl integrands=   5.8740900179296736E-006   4.0075699095737111E-008
 TRACE fcgl theta=  0.89843750000000000       dbob= (-2.56516484836961304E-004,-2.71901250124879695E-004)  divx=   (6.32364148022615275E-004,7.46522073374879312E-004)  kapx= (-1.87923831592826985E-004,-2.37310411624999808E-004)
 TRACE fcgl integrands=   5.8151040584482123E-006   3.5852946487520718E-008
 TRACE fcgl theta=  0.90039062500000000       dbob= (-2.44550493717390059E-004,-2.77964445968888077E-004)  divx=   (6.08632511829724880E-004,7.59858237123943827E-004)  kapx= (-1.82041009056167411E-004,-2.40946895577527875E-004)
 TRACE fcgl integrands=   5.7582303355697362E-006   3.2063549862606925E-008
 TRACE fcgl theta=  0.90234375000000000       dbob= (-2.32464550620406138E-004,-2.83774909751933384E-004)  divx=   (5.84631327350087311E-004,7.72666008186364975E-004)  kapx= (-1.76083388364840586E-004,-2.44445549217215796E-004)
 TRACE fcgl integrands=   5.7034830766594411E-006   2.8709401204887676E-008
 TRACE fcgl theta=  0.90429687500000000       dbob= (-2.20263415435367695E-004,-2.89331307492476724E-004)  divx=   (5.60372052741994644E-004,7.84939397177035958E-004)  kapx= (-1.70054318653313475E-004,-2.47804044842279644E-004)
 TRACE fcgl integrands=   5.6508723092861724E-006   2.5792266664338640E-008
 TRACE fcgl theta=  0.90625000000000000       dbob= (-2.07951568506542435E-004,-2.94632225037816744E-004)  divx=   (5.35865994142588190E-004,7.96672503905770197E-004)  kapx= (-1.63957212818022864E-004,-2.51020139433976754E-004)
 TRACE fcgl integrands=   5.6004036855525165E-006   2.3313871471719247E-008
 TRACE fcgl theta=  0.90820312500000000       dbob= (-1.95533273269974723E-004,-2.99676085912756532E-004)  divx=   (5.11124362690409343E-004,8.07859441670303160E-004)  kapx= (-1.57795544710217324E-004,-2.54091677878773314E-004)
 TRACE fcgl integrands=   5.5520784219467221E-006   2.1275972312294075E-008
 TRACE fcgl theta=  0.91015625000000000       dbob= (-1.83012658008556471E-004,-3.04461084864511588E-004)  divx=   (4.86158350365140969E-004,8.18494277069389906E-004)  kapx= (-1.51572846178292249E-004,-2.57016596102439159E-004)
 TRACE fcgl integrands=   5.5058933597607171E-006   1.9680410778854713E-008
 TRACE fcgl theta=  0.91210937500000000       dbob= (-1.70393812461799897E-004,-3.08985141468854816E-004)  divx=   (4.60979220411704654E-004,8.28570989666021595E-004)  kapx= (-1.45292703974952378E-004,-2.59792924098583363E-004)
 TRACE fcgl integrands=   5.4618411456892769E-006   1.8529142775985331E-008
 TRACE fcgl theta=  0.91406250000000000       dbob= (-1.57680894053603877E-004,-3.13245877058121740E-004)  divx=   (4.35598407147749311E-004,8.38083454732981947E-004)  kapx= (-1.38958756547072717E-004,-2.62418788837430104E-004)
 TRACE fcgl integrands=   5.4199105268415322E-006   1.7824240397085471E-008
 TRACE fcgl theta=  0.91601562500000000       dbob= (-1.44878237820701504E-004,-3.17240616912661301E-004)  divx=   (4.10027619276243495E-004,8.47025451001503669E-004)  kapx= (-1.32574690727770982E-004,-2.64892417044421211E-004)
 TRACE fcgl integrands=   5.3800867492979350E-006   1.7567864732537209E-008
 TRACE fcgl theta=  0.91796875000000000       dbob= (-1.31990463782201379E-004,-3.20966418200275248E-004)  divx=   (3.84278940483721767E-004,8.55390693884916248E-004)  kapx= (-1.26144238350760207E-004,-2.67212137842320527E-004)
 TRACE fcgl integrands=   5.3423520447563784E-006   1.7762210158495625E-008
 TRACE fcgl theta=  0.91992187500000000       dbob= (-1.19022575512855972E-004,-3.24420122639170426E-004)  divx=   (3.58364921126036083E-004,8.63172893148281186E-004)  kapx= (-1.19671172806590055E-004,-2.69376385254555353E-004)
 TRACE fcgl integrands=   5.3066861859268113E-006   1.8409422754411680E-008
 TRACE fcgl theta=  0.92187500000000000       dbob= (-1.05980044073254728E-004,-3.27598431389483830E-004)  divx=   (3.32298655190913644E-004,8.70365832532172872E-004)  kapx= (-1.13159305558829451E-004,-2.71383700571344521E-004)
 TRACE fcgl integrands=   5.2730670883159903E-006   1.9511497453058724E-008
 TRACE fcgl theta=  0.92382812500000000       dbob= (-9.28688721908421520E-005,-3.30497998335744603E-004)  divx=   (3.06093837462426350E-004,8.76963467502617591E-004)  kapx= (-1.06612482635792106E-004,-2.73232734583436494E-004)
 TRACE fcgl integrands=   5.2414714340149392E-006   2.1070160195673502E-008
 TRACE fcgl theta=  0.92578125000000000       dbob= (-7.96956346364782183E-005,-3.33115536790333413E-004)  divx=   (2.79764796856819787E-004,8.82960036171929075E-004)  kapx= (-1.00034581110170791E-004,-2.74922249690797804E-004)
 TRACE fcgl integrands=   5.2118752921380466E-006   2.3086742619882190E-008
 TRACE fcgl theta=  0.92773437500000000       dbob= (-6.64674920428801129E-005,-3.35447933796762356E-004)  divx=   (2.53326503193168726E-004,8.88350177587159378E-004)  kapx= (-9.34295055751443066E-005,-2.76451121895198511E-004)
 TRACE fcgl integrands=   5.1842547106958502E-006   2.5562057548697960E-008
 TRACE fcgl theta=  0.92968750000000000       dbob= (-5.31921768886264965E-005,-3.37492365695772492E-004)  divx=   (2.26794546131554528E-004,8.93129051068117285E-004)  kapx= (-8.68011846214640156E-005,-2.77818342686172396E-004)
 TRACE fcgl integrands=   5.1585862558980064E-006   2.8496283708586067E-008
 TRACE fcgl theta=  0.93164062500000000       dbob= (-3.98779519375880870E-005,-3.39246408471303139E-004)  divx=   (2.00185086569407535E-004,8.97292450129913433E-004)  kapx= (-8.01535673159097206E-005,-2.79023020829305174E-004)
 TRACE fcgl integrands=   5.1348474771190942E-006   3.1888867656868719E-008
 TRACE fcgl theta=  0.93359375000000000       dbob= (-2.65335429859771428E-005,-3.40708136629606180E-004)  divx=   (1.73514782341426958E-004,9.00836904757950111E-004)  kapx= (-7.34906196777249077E-005,-2.80064384064171966E-004)
 TRACE fcgl integrands=   5.1130172789176782E-006   3.5738449860196196E-008
 TRACE fcgl theta=  0.93554687500000000       dbob= (-1.31680492339198974E-005,-3.41876204972235058E-004)  divx=   (1.46800691526613713E-004,9.03759766405606369E-004)  kapx= (-6.68163211463469069E-005,-2.80941780716685682E-004)
 TRACE fcgl integrands=   5.0930761854416912E-006   4.0042820296227696E-008
 TRACE fcgl theta=  0.93750000000000000       dbob=  (2.09164122582472449E-007,-3.42749908568772729E-004)  divx=   (1.20060157940035466E-004,9.06059271023220759E-004)  kapx= (-6.01346610313089724E-005,-2.81654681227224042E-004)
 TRACE fcgl integrands=   5.0750064871156336E-006   4.4798906950312554E-008
 TRACE fcgl theta=  0.93945312500000000       dbob=  (1.35885854682315272E-005,-3.43329217463534666E-004)  divx=   (9.33106843991209122E-005,9.07734576647453305E-004)  kapx= (-5.34496349336762222E-005,-2.82202679591959319E-004)
 TRACE fcgl integrands=   5.0587922644978416E-006   5.0002798282489243E-008
 TRACE fcgl theta=  0.94140625000000000       dbob=  (2.69606822130462944E-005,-3.43614784090025120E-004)  divx=   (6.65698000430231421E-005,9.08785773511102670E-004)  kapx= (-4.67652411280347182E-005,-2.82585494710538775E-004)
 TRACE fcgl integrands=   5.0444192894158241E-006   5.5649798308000735E-008
 TRACE fcgl theta=  0.94335937500000000       dbob=  (4.03160254839505532E-005,-3.43607922932228531E-004)  divx=   (3.98549283057053581E-005,9.09213866190217829E-004)  kapx= (-4.00854768948279556E-005,-2.82802971628994676E-004)
 TRACE fcgl integrands=   5.0318748087223117E-006   6.1734510542256291E-008
 TRACE fcgl theta=  0.94531250000000000       dbob=  (5.36454075110224095E-005,-3.43310563569290401E-004)  divx=   (1.31832620785997725E-005,9.09020728894820661E-004)  kapx= (-3.34143347948110919E-005,-2.82855082662765130E-004)
 TRACE fcgl integrands=   5.0211472210530050E-006   6.8250944886818947E-008
 TRACE fcgl theta=  0.94726562500000000       dbob=  (6.69399456113383952E-005,-3.42725179773676030E-004)  divx=  (-1.34283478505222453E-005,9.08209036536280828E-004)  kapx= (-2.67557988804080749E-005,-2.82741928381302372E-004)
 TRACE fcgl integrands=   5.0122256616045036E-006   7.5192639744271603E-008
 TRACE fcgl theta=  0.94921875000000000       dbob=  (8.01911674885505540E-005,-3.41854698709863510E-004)  divx=  (-3.99634858032372071E-005,9.06782175576213039E-004)  kapx= (-2.01138408426566735E-005,-2.82463738433174792E-004)
 TRACE fcgl integrands=   5.0050995139985891E-006   8.2552790391343294E-008
 TRACE fcgl theta=  0.95117187500000000       dbob=  (9.33910736928038131E-005,-3.40702395417471734E-004)  divx=  (-6.64062414987506855E-005,9.04744139795587076E-004)  kapx= (-1.34924160970265638E-005,-2.82020872189057644E-004)
 TRACE fcgl integrands=   4.9997578715881510E-006   9.0324374021328027E-008
 TRACE fcgl theta=  0.95312500000000000       dbob=  (1.06532174455755359E-004,-3.39271778590287225E-004)  divx=  (-9.27412548230928824E-005,9.02099416949692068E-004)  kapx= (-6.89545981633123839E-006,-2.81413819179702422E-004)
 TRACE fcgl integrands=   4.9961889729501058E-006   9.8500261954704727E-008
 TRACE fcgl theta=  0.95507812500000000       dbob=  (1.19607499646184014E-004,-3.37566474130405591E-004)  divx=  (-1.18953733798138719E-004,8.98852872744295133E-004)  kapx= (-3.26882924022647641E-007,-2.80643199306944771E-004)
 TRACE fcgl integrands=   4.9943796376921789E-006   1.0707331032641822E-007
 TRACE fcgl theta=  0.95703125000000000       dbob=  (1.32610582190281599E-004,-3.35590113036003223E-004)  divx=  (-1.45029446058433947E-004,8.95009638652138873E-004)  kapx=  (6.20943193407617390E-006,-2.79709762808067852E-004)
 TRACE fcgl integrands=   4.9943147290024845E-006   1.1603642205191751E-007
 TRACE fcgl theta=  0.95898437500000000       dbob=  (1.45535416869655272E-004,-3.33346229867203115E-004)  divx=  (-1.70954685704231423E-004,8.90575009781784327E-004)  kapx=  (1.27096344172880751E-005,-2.78614389957290579E-004)
 TRACE fcgl integrands=   4.9959766685610752E-006   1.2538257496163788E-007
 TRACE fcgl theta=  0.96093750000000000       dbob=  (1.58376397853901221E-004,-3.30838177346315712E-004)  divx=  (-1.96716218836247861E-004,8.85554358331569046E-004)  kapx=  (1.91699104911733200E-005,-2.77358090492626640E-004)
 TRACE fcgl integrands=   4.9993450275225919E-006   1.3510481353799409E-007
 TRACE fcgl theta=  0.96289062500000000       dbob=  (1.71128239555008173E-004,-3.28069061628653738E-004)  divx=  (-2.22301212303426600E-004,8.79953067151958740E-004)  kapx=  (2.55864863742092134E-005,-2.75942002761652501E-004)
 TRACE fcgl integrands=   5.0043962143231100E-006   1.4519620451394809E-007
 TRACE fcgl theta=  0.96484375000000000       dbob=  (1.83785886332855420E-004,-3.25041701490921429E-004)  divx=  (-2.47697151134929723E-004,8.73776486661982784E-004)  kapx=  (3.19556324010371513E-005,-2.74367392585530678E-004)
 TRACE fcgl integrands=   5.0111032761610987E-006   1.5564975949519197E-007
 TRACE fcgl theta=  0.96679687500000000       dbob=  (1.96344417177290206E-004,-3.21758613205228191E-004)  divx=  (-2.72891750724502081E-004,8.67029916898515618E-004)  kapx=  (3.82736667736059374E-005,-2.72635651846643741E-004)
 TRACE fcgl integrands=   5.0194358262914648E-006   1.6645833053357866E-007
 TRACE fcgl theta=  0.96875000000000000       dbob=  (2.08798951706568725E-004,-3.18222021289338406E-004)  divx=  (-2.97872870053024551E-004,8.59718614911445639E-004)  kapx=  (4.45369591732279127E-005,-2.70748296811053617E-004)
 TRACE fcgl integrands=   5.0293601039309242E-006   1.7761448699543355E-007
 TRACE fcgl theta=  0.97070312500000000       dbob=  (2.21144563642077722E-004,-3.14433893745171109E-004)  divx=  (-3.22628432061337325E-004,8.51847826149974689E-004)  kapx=  (5.07419342096298014E-005,-2.68706966202401790E-004)
 TRACE fcgl integrands=   5.0408391678142693E-006   1.8911038394169588E-007
 TRACE fcgl theta=  0.97265625000000000       dbob=  (2.33376207357035144E-004,-3.10395998915375911E-004)  divx=  (-3.47146356731543393E-004,8.43422837012287418E-004)  kapx=  (5.68850746872541247E-005,-2.66513419048455781E-004)
 TRACE fcgl integrands=   5.0538332184999483E-006   2.0093763340815327E-007
 TRACE fcgl theta=  0.97460937500000000       dbob=  (2.45488662188341790E-004,-3.06109979793569784E-004)  divx=  (-3.71414511536829366E-004,8.34449044443682478E-004)  kapx=  (6.29629246742437882E-005,-2.64169532325056347E-004)
 TRACE fcgl integrands=   5.0683000386554203E-006   2.1308719033110471E-007
 TRACE fcgl theta=  0.97656250000000000       dbob=  (2.57476498003063672E-004,-3.01577440597538952E-004)  divx=  (-3.95420682733712181E-004,8.24932037446525924E-004)  kapx=  (6.89720923653242544E-005,-2.61677298424493486E-004)
 TRACE fcgl integrands=   5.0841955350180138E-006   2.2554926435048893E-007
 TRACE fcgl theta=  0.97851562500000000       dbob=  (2.69334064099863038E-004,-2.96800039719634758E-004)  divx=  (-4.19152569571803948E-004,8.14877684672091250E-004)  kapx=  (7.49092527359704547E-005,-2.59038822476228246E-004)
 TRACE fcgl integrands=   5.1014743607840429E-006   2.3831326734536454E-007
 TRACE fcgl theta=  0.98046875000000000       dbob=  (2.81055501989691296E-004,-2.91779582847455398E-004)  divx=  (-4.42597801972373145E-004,8.04292221942095958E-004)  kapx=  (8.07711499913409245E-005,-2.56256319547320307E-004)
 TRACE fcgl integrands=   5.1200905930677774E-006   2.5136780438523295E-007
 TRACE fcgl theta=  0.98242187500000000       dbob=  (2.92634781036150255E-004,-2.86518110120005057E-004)  divx=  (-4.65743980674606804E-004,7.93182333615935248E-004)  kapx=  (8.65545998192282745E-005,-2.53332111747965095E-004)
STOP  PENTRC STOP => normal termination.
 TRACE fcgl integrands=   5.1399984370067348E-006   2.6470071294519588E-007
 TRACE fcgl theta=  0.98437500000000000       dbob=  (3.04065754442513626E-004,-2.81017971644633780E-004)  divx=  (-4.88578737365116160E-004,7.81555222173279849E-004)  kapx=  (9.22564914613012671E-005,-2.50268625264323061E-004)
 TRACE fcgl integrands=   5.1611529262437239E-006   2.7829915191524895E-007
 TRACE fcgl theta=  0.98632812500000000       dbob=  (3.15342231743887241E-004,-2.75281886518603152E-004)  divx=  (-5.11089810985742589E-004,7.69418661191691470E-004)  kapx=  (9.78737896209276744E-005,-2.47068387336544159E-004)
 TRACE fcgl integrands=   5.1835105890126536E-006   2.9214973835681970E-007
 TRACE fcgl theta=  0.98828125000000000       dbob=  (3.26458062883369963E-004,-2.69312981623979271E-004)  divx=  (-5.33265135340709774E-004,7.56781028013602279E-004)  kapx=  (1.03403536228669906E-004,-2.43734023194811504E-004)
 TRACE fcgl integrands=   5.2070300499593812E-006   3.0623872637048369E-007
 TRACE fcgl theta=  0.99023437500000000       dbob=  (3.37407228188865878E-004,-2.63114807824369845E-004)  divx=  (-5.55092932364638814E-004,7.43651313745828375E-004)  kapx=  (1.08842852087886468E-004,-2.40268252960729265E-004)
 TRACE fcgl integrands=   5.2316725401408668E-006   3.2055221909343811E-007
 TRACE fcgl theta=  0.99218750000000000       dbob=  (3.48183928171187597E-004,-2.56691332700436400E-004)  divx=  (-5.76561805016766204E-004,7.30039109731901552E-004)  kapx=  (1.14188938422789304E-004,-2.36673888515732576E-004)
 TRACE fcgl integrands=   5.2574022912975853E-006   3.3507640198942615E-007
 TRACE fcgl theta=  0.99414062500000000       dbob=  (3.58782667059898185E-004,-2.50046910522417145E-004)  divx=  (-5.97660823759303683E-004,7.15954571188179094E-004)  kapx=  (1.19439078349702749E-004,-2.32953830332880974E-004)
 TRACE fcgl integrands=   5.2841867953508908E-006   3.4979778344516740E-007
 TRACE fcgl theta=  0.99609375000000000       dbob=  (3.69198324382236781E-004,-2.43186231672672554E-004)  divx=  (-6.18379600960926919E-004,7.01408360199971565E-004)  kapx=  (1.24590638289345069E-004,-2.29111064263649519E-004)
 TRACE fcgl integrands=   5.3119969159391123E-006   3.6470342742032138E-007
 TRACE fcgl theta=  0.99804687500000000       dbob=  (3.79426209648658550E-004,-2.36114255103001924E-004)  divx=  (-6.38708348316314686E-004,6.86411571638159928E-004)  kapx=  (1.29641069333828068E-004,-2.25148658267579002E-004)
 TRACE fcgl integrands=   5.3408068454191220E-006   3.7978116262965185E-007
 TRACE fcgl theta=   1.0000000000000000       dbob=  (3.89462096289153387E-004,-2.28836128552222391E-004)  divx=  (-6.58637913443286399E-004,6.70975646692344293E-004)  kapx=  (1.34587908577066506E-004,-2.21069759070060938E-004)
 TRACE fcgl integrands=   5.3705939078231821E-006   3.9501975351800851E-007
 TRACE fcgl ints=   6.9412160934366450E-006   8.2628327773961629E-007
 TRACE fcgl tpsi=              (0.0000000000000000,0.32817446499217767)
 TRACE tpsi end method=fcgl psi=  0.10224598621083623       l=           0  tpsi=              (0.0000000000000000,0.32817446499217767)
  psi = 0.1  -> T_phi =   0.00E+00  5.84E-02j
  psi = 0.2  -> T_phi =   0.00E+00  9.95E-02j
  psi = 0.3  -> T_phi =   0.00E+00  1.31E-01j
  psi = 0.4  -> T_phi =   0.00E+00  1.65E-01j
  psi = 0.5  -> T_phi =   0.00E+00  2.48E-01j
  psi = 0.6  -> T_phi =   0.00E+00  5.09E-01j
  psi = 0.7  -> T_phi =   0.00E+00  7.23E-01j
  psi = 0.8  -> T_phi =   0.00E+00  8.43E-01j
  psi = 0.9  -> T_phi =   0.00E+00  1.05E+00j
         Total torque =  0.000E+000
 Total Kinetic Energy =  7.092E-001
             alpha/s  = -0.000E+000
 fcgl - Finished
 ---------------------------------------------
 Writing output to netcdf
 Total cpu time =            0  seconds
