 
 PENTRC START => v1.5.5-378-gf06e6abd
 _____________________________________________
 Reading dcon eigenfuctions from file:
   euler.bin
   mpert =     34,  mlow =    -12, mhigh =     21
   mstep =    599,  mfix =      8, msing =      0
   Reconstructing flux functions and metric tensors
   Computing action matrices
   1.6479888811782459     
 Reading table from file: 
   g147131.02300_DIIID_KEFIT.kin
 Reading table from file: 
   gpec_xclebsch_n1.out
   Displacements input in hamada coordinates:
    -> b, bp, r, rc raised to  0  0  0  0
 Calculating dB/B, div(xi_prp)
   |----------|   0% iterations complete
   |oo--------|  20% iterations complete
   |oooo------|  40% iterations complete
   |oooooo----|  60% iterations complete
   |oooooooo--|  80% iterations complete
   |oooooooooo| 100% iterations complete
 Reading table from file: 
   gpec_pmodb_n1.out
   -> Using div(xi_perp) = -(dB/B+kappa.xi_perp)
   Displacements input in hamada coordinates:
    -> b, bp, r, rc raised to  0  0  0  0
   -> Weighting by 1/B
   |----------|   0% iterations complete
   |oo--------|  20% iterations complete
   |oooo------|  40% iterations complete
   |oooooo----|  60% iterations complete
   |oooooooo--|  80% iterations complete
   |oooooooooo| 100% iterations complete
 ---------------------------------------------
 Calculating particle transport and torque
 ---------------------------------------------
 ---------------------------------------------
 fcgl - Fluid Chew-Goldberger-Low calculation
 fcgl - Calculating using dynamic integration
  psi = 0.0  -> T_phi =   0.00E+00  2.19E-03j
  psi = 0.1  -> T_phi =   0.00E+00  5.84E-02j
  psi = 0.2  -> T_phi =   0.00E+00  9.95E-02j
  psi = 0.3  -> T_phi =   0.00E+00  1.31E-01j
  psi = 0.4  -> T_phi =   0.00E+00  1.65E-01j
 TRACE tpsi start method=fcgl psi=  0.49963074691318321       n=           1  l=           0  electron= F
 TRACE eq q=   1.7417613414339743       epsr=  0.25510287941607224       bmin=   1.4253634241364059       bmax=   2.2019424895222914     
 TRACE eq theta_bmin=   1.5855035874774862E-003  theta_bmax=  0.50149914419550323     
 TRACE eq wdian=   4700.4611514413300       wdiat=   11993.562331705180       welec=   45605.465276398929     
 TRACE eq wtran=   148331.67212713312       wgyro=   80955165.366512209       nuk=   724.16504430584268     
 TRACE dbob_m_f=  (-3.33552802931162608E-008,4.77300585340758890E-008)   (7.60640215905625829E-009,1.61687707556135583E-008)   (3.24430551031372561E-009,2.83876379041208860E-008)  (1.18654535262917234E-007,-1.42038116450135690E-007)  (1.94559944534045590E-007,-4.65752415000371342E-007)  (2.64696911799674223E-007,-1.88277488090120508E-006)  (4.65200664798326789E-007,-2.59704106905035154E-006)  (3.97752892590559716E-007,-8.38936925877424038E-006)   (2.75627600043077761E-006,3.06138356026387544E-007)  (6.10018219408380295E-006,-1.52458282767913213E-005)   (1.89277586954877420E-005,4.07529832324517272E-005)  (3.18542202528239853E-005,-2.61573175614213124E-005)   (1.26813931944771605E-004,3.81711155525868949E-004)  (6.94267255247913448E-004,-7.41712064432412696E-004) (-7.33038076586656543E-005,-4.05048927962481083E-004) (-4.57575005947169836E-004,-6.08503474506030196E-005)   (3.28321741860354414E-005,6.69050429871382603E-005)  (-2.09975422420825703E-005,2.63235026614618369E-005)   (6.26320605044655084E-006,1.01390306564082767E-005)  (-6.15792977810293162E-006,2.93219862986496216E-006)  (-1.68412770401225637E-006,3.59544226140306127E-006)  (-1.80123512968441391E-006,1.54447835006068464E-006)  (-9.71704774744909473E-007,1.31594471585150239E-006)  (-3.46996238042190111E-007,5.79975487613303175E-007)  (-1.55238594213888168E-007,3.58798622615658421E-007)   (3.28323268252485342E-008,1.38166371884676088E-007)   (1.72513787119386813E-008,7.28178370179419594E-008)   (3.64856331210791499E-008,2.19646104139976331E-008)  (-5.03724024671391040E-009,2.43474663194127851E-008)  (-5.80822295464122577E-009,1.61256694875994017E-008)  (-2.71290748975596153E-008,2.45805836585116098E-008)  (-2.09923877049928454E-008,1.28773601326173734E-008)  (-2.96270990216273118E-008,1.32404730681854475E-008)  (-1.56502211205749668E-008,2.95169279184132513E-009)
 TRACE divx_m_f=  (2.29014405910259168E-008,-6.91308954409772654E-008) (-5.13322419539527516E-008,-4.22583137256487559E-008)  (-1.12401849482530871E-007,2.83872289792711300E-008)  (-4.18251258520354508E-007,4.20102184568527182E-007)  (-7.74993864523605560E-007,1.48446917254103755E-006)  (-1.36798526709435809E-006,4.22939207567472003E-006)  (-1.91246248345555620E-006,7.37228904619597970E-006)  (-2.13167404844650044E-006,1.74061755604001500E-005)  (-4.59148646970424600E-006,9.44589793812856985E-006)  (-6.53892845107647792E-006,3.43412332778210937E-005) (-2.89562368572936240E-005,-4.16811766869560845E-005)  (-6.18553474625503869E-005,6.00612013203608673E-005) (-3.41128837562297462E-004,-3.76055689011745801E-004)  (-1.29750164470286374E-003,1.68400493338651046E-003)   (2.30525356172578470E-004,5.30173684152925929E-004)  (8.48381074266567445E-004,-3.22227868738579734E-005) (-5.65720986635360642E-006,-1.28849613748496496E-004)  (4.35551750241952159E-005,-4.29906905308789983E-005)  (1.54415831635328279E-006,-1.23984191277671207E-005)  (1.36946239051796505E-005,-7.63194671314879498E-006)  (5.47672361013049506E-006,-7.79711836370565899E-006)  (4.54558275376004579E-006,-4.27251745463493268E-006)  (2.44322058825452186E-006,-3.06254628347522421E-006)  (1.01786144916157815E-006,-1.45283273923414061E-006)  (4.14743541688907037E-007,-7.61741288358241683E-007)  (1.56421873540537224E-008,-2.96275454890887049E-007) (-2.86716516282040449E-008,-1.21150077290225368E-007) (-5.87964080330274328E-008,-3.34883035531490453E-008) (-6.99391385780782923E-009,-2.46096836571578644E-008)  (1.25301512568579309E-009,-1.70116181815413996E-008)  (2.56595873277000439E-008,-2.58580585290615212E-008)  (2.11856561748184763E-008,-1.13717724741320814E-008)  (3.16285415336662204E-008,-1.22923344312416183E-008)  (1.63248360201385884E-008,-3.52669738724195897E-009)
 TRACE fcgl theta=   0.0000000000000000       dbob=  (3.58222101974348670E-004,-7.25607411405152533E-004)  divx=  (-6.01360139467138361E-004,1.68913371331228575E-003)  kapx=  (1.21569018746394845E-004,-4.81763150953566611E-004)
 TRACE fcgl integrands=   2.7217029761717420E-005   9.7754129301324689E-007
 TRACE fcgl theta=   1.9531250000000000E-003  dbob=  (3.72252156032309306E-004,-7.37328342451531852E-004)  divx=  (-6.18438742516681838E-004,1.71782964907574100E-003)  kapx=  (1.23093293242186266E-004,-4.90250653312104519E-004)
 TRACE fcgl integrands=   2.8221101910182275E-005   1.0424158468572336E-006
 TRACE fcgl theta=   3.9062500000000000E-003  dbob=  (3.86904737098115218E-004,-7.48951295214533462E-004)  divx=  (-6.37019888374796965E-004,1.74652773142984236E-003)  kapx=  (1.25057575638340873E-004,-4.98788218107654451E-004)
 TRACE fcgl integrands=   2.9260306970138210E-005   1.1102972337415013E-006
 TRACE fcgl theta=   5.8593750000000000E-003  dbob=  (4.02203119951510270E-004,-7.60438476042755670E-004)  divx=  (-6.57162265877893684E-004,1.77513438321700223E-003)  kapx=  (1.27479572963191707E-004,-5.07347953587123333E-004)
 TRACE fcgl integrands=   3.0333906552402502E-005   1.1812633546390104E-006
 TRACE fcgl theta=   7.8125000000000000E-003  dbob=  (4.18167920870696642E-004,-7.71750377362778045E-004)  divx=  (-6.78918284717690431E-004,1.80355273198508034E-003)  kapx=  (1.30375181923496895E-004,-5.15901177311151146E-004)
 TRACE fcgl integrands=   3.1441009263711298E-005   1.2553898481206343E-006
 TRACE fcgl theta=   9.7656250000000000E-003  dbob=  (4.34816870777957369E-004,-7.82846072289055945E-004)  divx=  (-7.02333585681504569E-004,1.83168326287778808E-003)  kapx=  (1.33758357451773600E-004,-5.24418595294366121E-004)
 TRACE fcgl integrands=   3.2580582823569188E-005   1.3327494079766109E-006
 TRACE fcgl theta=   1.1718750000000000E-002  dbob=  (4.52164630893838490E-004,-7.93683526215842598E-004)  divx=  (-7.27446627917623470E-004,1.85942450631706741E-003)  kapx=  (1.37640998511892490E-004,-5.32870490050612461E-004)
 TRACE fcgl integrands=   3.3751468460671360E-005   1.4134111913859846E-006
 TRACE fcgl theta=   1.3671875000000000E-002  dbob=  (4.70222652116711554E-004,-8.04219918021209946E-004)  divx=  (-7.54288357312643109E-004,1.88667374871420951E-003)  kapx=  (1.42032852597965778E-004,-5.41226915346499781E-004)
 TRACE fcgl integrands=   3.4952397230262396E-005   1.4974403255550341E-006
 TRACE fcgl theta=   1.5625000000000000E-002  dbob=  (4.88999077946673582E-004,-8.14411963691121605E-004)  divx=  (-7.82881958161630144E-004,1.91332775436472741E-003)  kapx=  (1.46941440107478281E-004,-5.49457895336802902E-004)
 TRACE fcgl integrands=   3.6182007845523337E-005   1.5848975146192759E-006
 TRACE fcgl theta=   1.7578125000000000E-002  dbob=  (5.08498689485988075E-004,-8.24216235628412409E-004)  divx=  (-8.13242688478165690E-004,1.93928348695041747E-003)  kapx=  (1.52371999496088808E-004,-5.57533625661002529E-004)
 TRACE fcgl integrands=   3.7438865582563439E-005   1.6758387425819623E-006
 TRACE fcgl theta=   1.9531250000000000E-002  dbob=  (5.28722889928842556E-004,-8.33589471609169391E-004)  divx=  (-8.45377797594977390E-004,1.96443881965581955E-003)  kapx=  (1.58327453833067417E-004,-5.65424674023325136E-004)
 TRACE fcgl integrands=   3.8721481800630070E-005   1.7703150625101021E-006
 TRACE fcgl theta=   2.1484375000000000E-002  dbob=  (5.49669725045842184E-004,-8.42488868237882159E-004)  divx=  (-8.79286523201115635E-004,1.98869322375871483E-003)  kapx=  (1.64808399077636726E-004,-5.73102177760416334E-004)
 TRACE fcgl integrands=   4.0028333616819219E-005   1.8683724574644545E-006
 TRACE fcgl theta=   2.3437500000000000E-002  dbob=  (5.71333935504468962E-004,-8.50872354775144939E-004)  divx=  (-9.14960163689312791E-004,2.01194842661857505E-003)  kapx=  (1.71813114092421915E-004,-5.80538035921715056E-004)
 TRACE fcgl integrands=   4.1357883287238121E-005   1.9700517549937845E-006
 TRACE fcgl theta=   2.5390625000000000E-002  dbob=  (5.93707036461891191E-004,-8.58698844305542984E-004)  divx=  (-9.52382220673231631E-004,2.03410903120089222E-003)  kapx=  (1.79337592105670220E-004,-5.87705093447674618E-004)
 TRACE fcgl integrands=   4.2708596872989312E-005   2.0753885747006952E-006
 TRACE fcgl theta=   2.7343750000000000E-002  dbob=  (6.16777419721653694E-004,-8.65928460315538474E-004)  divx=  (-9.91528605789274847E-004,2.05508309057459695E-003)  kapx=  (1.87375593033810577E-004,-5.94577315129529238E-004)
 TRACE fcgl integrands=   4.4078961807725464E-005   2.1844132875286043E-006
 TRACE fcgl theta=   2.9296875000000000E-002  dbob=  (6.40530473846762983E-004,-8.72522737801732827E-004)  divx=  (-1.03236790541693301E-003,2.07478263214154642E-003)  kapx=  (1.95918715785085016E-004,-6.01129947169906794E-004)
 TRACE fcgl integrands=   4.5467503031672398E-005   2.2971509660798511E-006
 TRACE fcgl theta=   3.1250000000000000E-002  dbob=  (6.64948717940743372E-004,-8.78444798974987659E-004)  divx=  (-1.07486169671688133E-003,2.09312412764376538E-003)  kapx=  (2.04956489388068977E-004,-6.07339664334388858E-004)
 TRACE fcgl integrands=   4.6872797412468414E-005   2.4136213074085917E-006
 TRACE fcgl theta=   3.3203125000000000E-002  dbob=  (6.90011945306189694E-004,-8.83659504421107603E-004)  divx=  (-1.11896490836695508E-003,2.11002890619638389E-003)  kapx=  (2.14476481530382691E-004,-6.13184700887638200E-004)
 TRACE fcgl integrands=   4.8293486233327459E-005   2.5338385132000955E-006
 TRACE fcgl theta=   3.5156250000000000E-002  dbob=  (7.15697373819354108E-004,-8.88133581191368946E-004)  divx=  (-1.16462621953331512E-003,2.12542350867314742E-003)  kapx=  (2.24464422856980508E-004,-6.18644963740889184E-004)
 TRACE fcgl integrands=   4.9728285591306248E-005   2.6578111168252230E-006
 TRACE fcgl theta=   3.7109375000000000E-002  dbob=  (7.41979800566146177E-004,-8.91835729706438288E-004)  divx=  (-1.21178849090203787E-003,2.13923998270035233E-003)  kapx=  (2.34904345167945847E-004,-6.23702126496957074E-004)
 TRACE fcgl integrands=   5.1175994610378491E-005   2.7855417521461802E-006
 TRACE fcgl theta=   3.9062500000000000E-002  dbob=  (7.68831759014335851E-004,-8.94736711559582774E-004)  divx=  (-1.26038922196687608E-003,2.15141611828061161E-003)  kapx=  (2.45778731476270116E-004,-6.28339703360514474E-004)
 TRACE fcgl integrands=   5.2635501433367579E-005   2.9170268647925296E-006
 TRACE fcgl theta=   4.1015625000000000E-002  dbob=  (7.96223677695111383E-004,-8.96809420307596709E-004)  divx=  (-1.31036102917446895E-003,2.16189562466917755E-003)  kapx=  (2.57068675739678784E-004,-6.32543102180790472E-004)
 TRACE fcgl integrands=   5.4105787011647534E-005   3.0522563725386576E-006
 TRACE fcgl theta=   4.2968750000000000E-002  dbob=  (8.24124039985586754E-004,-8.98028937161484200E-004)  divx=  (-1.36163213992527773E-003,2.17062824957426790E-003)  kapx=  (2.68754049969845490E-004,-6.36299656206391851E-004)
 TRACE fcgl integrands=   5.5585926760367257E-005   3.1912132869987401E-006
 TRACE fcgl theta=   4.4921875000000000E-002  dbob=  (8.52499545081452249E-004,-8.98372573165629471E-004)  divx=  (-1.41412689778006636E-003,2.17756984207065872E-003)  kapx=  (2.80813676349307055E-004,-6.39598634452514625E-004)
 TRACE fcgl integrands=   5.7075090188662038E-005   3.3338733137353419E-006
 TRACE fcgl theta=   4.6875000000000000E-002  dbob=  (8.81315270594861325E-004,-8.97819899024440075E-004)  divx=  (-1.46776627450005280E-003,2.18268236083276083E-003)  kapx=  (2.93225501952595739E-004,-6.42431230904160324E-004)
 TRACE fcgl integrands=   5.8572538648200216E-005   3.4802044517143455E-006
 TRACE fcgl theta=   4.8828125000000000E-002  dbob=  (9.10534837388047961E-004,-8.96352763245670658E-004)  divx=  (-1.52246838473670833E-003,2.18593382944482981E-003)  kapx=  (3.05966773674330185E-004,-6.44790533099579575E-004)
 TRACE fcgl integrands=   6.0077621369190823E-005   3.6301666155596898E-006
 TRACE fcgl theta=   5.0781250000000000E-002  dbob=  (9.40120577251917508E-004,-8.93955298768504174E-004)  divx=  (-1.57814899927880025E-003,2.18729824066943692E-003)  kapx=  (3.19014211013441372E-004,-6.46671470950466371E-004)
 TRACE fcgl integrands=   6.1589769970752978E-005   3.7837113050725760E-006
 TRACE fcgl theta=   5.2734375000000000E-002  dbob=  (9.70033703867906262E-004,-8.90613917780142201E-004)  divx=  (-1.63472205276540524E-003,2.18675541168785815E-003)  kapx=  (3.32344174448749488E-004,-6.48070746953857972E-004)
 TRACE fcgl integrands=   6.3108491642766232E-005   3.9407813458853900E-006
 TRACE fcgl theta=   5.4687500000000000E-002  dbob=  (1.00023448716973469E-003,-8.86317294041140684E-004)  divx=  (-1.69210014170067505E-003,2.18429079250052416E-003)  kapx=  (3.45932827265470178E-004,-6.48986749229691793E-004)
 TRACE fcgl integrands=   6.4633361199710403E-005   4.1013107229237696E-006
 TRACE fcgl theta=   5.6640625000000000E-002  dbob=  (1.03068243077903917E-003,-8.81056331774306449E-004)  divx=  (-1.75019500848462486E-003,2.17989522991893399E-003)  kapx=  (3.59756288852792843E-004,-6.49419449072313770E-004)
 TRACE fcgl integrands=   6.6164012204519200E-005   4.2652245246580911E-006
 TRACE fcgl theta=   5.8593750000000000E-002  dbob=  (1.06133645166358475E-003,-8.74824120052668393E-004)  divx=  (-1.80891800703672392E-003,2.17356468991052520E-003)  kapx=  (3.73790777686569585E-004,-6.49370284928928350E-004)
 TRACE fcgl integrands=   6.7700127353230005E-005   4.4324390111420782E-006
 TRACE fcgl theta=   6.0546875000000000E-002  dbob=  (1.09215506060293178E-003,-8.67615871665838759E-004)  divx=  (-1.86818054547256349E-003,2.16529994148265386E-003)  kapx=  (3.88012742434815853E-004,-6.48842034908407497E-004)
 TRACE fcgl integrands=   6.9241428300412440E-005   4.6028618128482387E-006
 TRACE fcgl theta=   6.2500000000000000E-002  dbob=  (1.12309654149117988E-003,-8.59428845655995505E-004)  divx=  (-1.92789450123677657E-003,2.15510620580853986E-003)  kapx=  (4.02398979872798344E-004,-6.47838680076272180E-004)
 TRACE fcgl integrands=   7.0787665092250762E-005   4.7763922606732624E-006
 TRACE fcgl theta=   6.4453125000000000E-002  dbob=  (1.15411912700653582E-003,-8.50262253087388027E-004)  divx=  (-1.98797260413452036E-003,2.14299277489236710E-003)  kapx=  (4.16926738563992271E-004,-6.46365260902489591E-004)
 TRACE fcgl integrands=   7.2338605359928754E-005   4.9529218406035068E-006
 TRACE fcgl theta=   6.6406250000000000E-002  dbob=  (1.18518116777632430E-003,-8.40117146127577845E-004)  divx=  (-2.04832878287172868E-003,2.12897260471909319E-003)  kapx=  (4.31573807547702194E-004,-6.44427729295757616E-004)
 TRACE fcgl integrands=   7.3894023411751807E-005   5.1323347598208990E-006
 TRACE fcgl theta=   6.8359375000000000E-002  dbob=  (1.21624129190097134E-003,-8.28996291144960384E-004)  divx=  (-2.10887847103614608E-003,2.11306188850385801E-003)  kapx=  (4.46318589567587369E-004,-6.42032798679448811E-004)
 TRACE fcgl integrands=   7.5453689349206553E-005   5.3145086049130007E-006
 TRACE fcgl theta=   7.0312500000000000E-002  dbob=  (1.24725855159998921E-003,-8.16904027227303878E-004)  divx=  (-2.16953886894309016E-003,2.09527961630695666E-003)  kapx=  (4.61140158671550474E-004,-6.39187794539826338E-004)
 TRACE fcgl integrands=   7.7017358320705950E-005   5.4993150677126975E-006
 TRACE fcgl theta=   7.2265625000000000E-002  dbob=  (1.27819255382509390E-003,-8.03846112255781698E-004)  divx=  (-2.23022915843699250E-003,2.07564712786970779E-003)  kapx=  (4.76018302305949298E-004,-6.35900507806963044E-004)
 TRACE fcgl integrands=   7.8584760017668718E-005   5.6866207104653742E-006
 TRACE fcgl theta=   7.4218750000000000E-002  dbob=  (1.30900357195662962E-003,-7.89829559380756264E-004)  divx=  (-2.29087066857569608E-003,2.05418766600980402E-003)  kapx=  (4.90933548309533231E-004,-6.32179053314523877E-004)
 TRACE fcgl integrands=   8.0155588511175997E-005   5.8762877397599220E-006
 TRACE fcgl theta=   7.6171875000000000E-002  dbob=  (1.33965263615364624E-003,-7.74862467391652801E-004)  divx=  (-2.35138699111089606E-003,2.03092593824914184E-003)  kapx=  (5.05867177478624909E-004,-6.28031735428744519E-004)
 TRACE fcgl integrands=   8.1729492523808375E-005   6.0681747581299974E-006
 TRACE fcgl theta=   7.8125000000000000E-002  dbob=  (1.37010160054752933E-003,-7.58953849008690102E-004)  divx=  (-2.41170404578566885E-003,2.00588769449520964E-003)  kapx=  (5.20801222619069761E-004,-6.23466922743259769E-004)
 TRACE fcgl integrands=   8.3306066230211831E-005   6.2621374634929560E-006
 TRACE fcgl theta=   8.0078125000000000E-002  dbob=  (1.40031318622553741E-003,-7.42113461509798776E-004)  divx=  (-2.47175009665962257E-003,1.97909932852850237E-003)  kapx=  (5.35718455217042578E-004,-6.18492933509351851E-004)
 TRACE fcgl integrands=   8.4884840681036730E-005   6.4580292696002254E-006
 TRACE fcgl theta=   8.2031250000000000E-002  dbob=  (1.43025099980642872E-003,-7.24351644310631138E-004)  divx=  (-2.53145572189716027E-003,1.95058751074314845E-003)  kapx=  (5.50602361045365776E-004,-6.13117933216258655E-004)
 TRACE fcgl integrands=   8.6465275947491047E-005   6.6557018252723802E-006
 TRACE fcgl theta=   8.3984375000000000E-002  dbob=  (1.45987952832109854E-003,-7.05679168118242598E-004)  divx=  (-2.59075374066286990E-003,1.92037885903713606E-003)  kapx=  (5.65437106170885682E-004,-6.07349845459446676E-004)
 TRACE fcgl integrands=   8.8046754087005042E-005   6.8550054161322978E-006
 TRACE fcgl theta=   8.5937500000000000E-002  dbob=  (1.48916411202841439E-003,-6.86107100070338771E-004)  divx=  (-2.64957910190614584E-003,1.88849965395620177E-003)  kapx=  (5.80207494938865726E-004,-6.01196276942931500E-004)
 TRACE fcgl integrands=   8.9628573033449308E-005   7.0557892395005286E-006
 TRACE fcgl theta=   8.7890625000000000E-002  dbob=  (1.51807089767041722E-003,-6.65646688854628168E-004)  divx=  (-2.70786874083186980E-003,1.85497560317840092E-003)  kapx=  (5.94898921580726292E-004,-5.94664457161886428E-004)
 TRACE fcgl integrands=   9.1209941516945991E-005   7.2579015506759386E-006
 TRACE fcgl theta=   8.9843750000000000E-002  dbob=  (1.54656677545399928E-003,-6.44309273191544067E-004)  divx=  (-2.76556140969649563E-003,1.81983165921366700E-003)  kapx=  (6.09497317121248175E-004,-5.87761193011061465E-004)
 TRACE fcgl integrands=   9.2789975117529199E-005   7.4611896865567174E-006
 TRACE fcgl theta=   9.1796875000000000E-002  dbob=  (1.57461930369468808E-003,-6.22106216284311407E-004)  divx=  (-2.82259749019705139E-003,1.78309189282453966E-003)  kapx=  (6.23989093251181657E-004,-5.80492838270114074E-004)
 TRACE fcgl integrands=   9.4367693552785663E-005   7.6654999800060140E-006
 TRACE fcgl theta=   9.3750000000000000E-002  dbob=  (1.60219662553632691E-003,-5.99048867928784101E-004)  divx=  (-2.87891879510201098E-003,1.74477942319997735E-003)  kapx=  (6.38361084782842038E-004,-5.72865277635596680E-004)
 TRACE fcgl integrands=   9.5942019291336931E-005   7.8706775850933610E-006
 TRACE fcgl theta=   9.5703125000000000E-002  dbob=  (1.62926738244151660E-003,-5.75148554974886511E-004)  divx=  (-2.93446836688670762E-003,1.70491640438983163E-003)  kapx=  (6.52600492222595507E-004,-5.64883924707472560E-004)
 TRACE fcgl integrands=   9.7511777571035807E-005   8.0765662389446980E-006
 TRACE fcgl theta=   9.7656250000000000E-002  dbob=  (1.65580062921575895E-003,-5.50416599790392344E-004)  divx=  (-2.98919028097348457E-003,1.66352406599281537E-003)  kapx=  (6.66694825878862813E-004,-5.56553733101211459E-004)
 TRACE fcgl integrands=   9.9075697882731242E-005   8.2830079900719933E-006
 TRACE fcgl theta=   9.9609375000000000E-002  dbob=  (1.68176575517935134E-003,-5.24864365346953531E-004)  divx=  (-3.04302946074340962E-003,1.62062280464611488E-003)  kapx=  (6.80631852782029138E-004,-5.47879219649580673E-004)
 TRACE fcgl integrands=   1.0063241695744093E-004   8.4898429254755804E-006
 TRACE fcgl theta=  0.10156250000000000       dbob=  (1.70713241574287880E-003,-4.98503324577941422E-004)  divx=  (-3.09593151080027806E-003,1.57623232154784380E-003)  kapx=  (6.94399547528699629E-004,-5.38864498484951243E-004)
 TRACE fcgl integrands=   1.0218048326712105E-004   8.6969089293617290E-006
 TRACE fcgl theta=  0.10351562500000000       dbob=  (1.73187047809395802E-003,-4.71345150794632390E-004)  divx=  (-3.14784257405947019E-003,1.53037180010659316E-003)  kapx=  (7.07986047982756082E-004,-5.29513324655980387E-004)
 TRACE fcgl integrands=   1.0371836301765973E-004   8.9040415049529218E-006
 TRACE fcgl theta=  0.10546875000000000       dbob=  (1.75594998399398387E-003,-4.43401825232282959E-004)  divx=  (-3.19870921714521294E-003,1.48306011689915119E-003)  kapx=  (7.21379616575614532E-004,-5.19829145833434168E-004)
 TRACE fcgl integrands=   1.0524444757828186E-004   9.1110736876555203E-006
 TRACE fcgl theta=  0.10742187500000000       dbob=  (1.77934113185180599E-003,-4.14685757263207522E-004)  divx=  (-3.24847834735958983E-003,1.43431607846119798E-003)  kapx=  (7.34568607753891922E-004,-5.09815160598995200E-004)
 TRACE fcgl integrands=   1.0675706225554983E-004   9.3178360729672222E-006
 TRACE fcgl theta=  0.10937500000000000       dbob=  (1.80201427933037220E-003,-3.85209912482555191E-004)  divx=  (-3.29709716319077830E-003,1.38415867605743174E-003)  kapx=  (7.47541441930203048E-004,-4.99474381787438221E-004)
 TRACE fcgl integrands=   1.0825447628410869E-004   9.5241569762289437E-006
 TRACE fcgl theta=  0.11132812500000000       dbob=  (1.82393996679990501E-003,-3.54987943755506112E-004)  divx=  (-3.34451313901462481E-003,1.33260735048464844E-003)  kapx=  (7.60286586107359903E-004,-4.88809703364571219E-004)
 TRACE fcgl integrands=   1.0973491387189281E-004   9.7298627340123730E-006
 TRACE fcgl theta=  0.11328125000000000       dbob=  (1.84508896102521139E-003,-3.24034320411877160E-004)  divx=  (-3.39067404337072128E-003,1.27968225914812817E-003)  kapx=  (7.72792541172754948E-004,-4.77823969368125533E-004)
 TRACE fcgl integrands=   1.1119656610636109E-004   9.9347781489983284E-006
 TRACE fcgl theta=  0.11523437500000000       dbob=  (1.86543231761174331E-003,-2.92364451074200976E-004)  divx=  (-3.43552798901619084E-003,1.22540453809939450E-003)  kapx=  (7.85047835702223766E-004,-4.66520043512596736E-004)
 TRACE fcgl integrands=   1.1263760350205532E-004   1.0138727072099968E-005
 TRACE fcgl theta=  0.11718750000000000       dbob=  (1.88494145997650155E-003,-2.59994796086326680E-004)  divx=  (-3.47902351192565457E-003,1.16979655240163623E-003)  kapx=  (7.97041025974576508E-004,-4.54900878157654773E-004)
 TRACE fcgl integrands=   1.1405618894979244E-004   1.0341533107773160E-005
 TRACE fcgl theta=  0.11914062500000000       dbob=  (1.90358827199094290E-003,-2.26942966140662261E-004)  divx=  (-3.52110967555413533E-003,1.11288212905746387E-003)  kapx=  (8.08760701781596216E-004,-4.42969581458400831E-004)
 TRACE fcgl integrands=   1.1545049081526274E-004   1.0543020421378825E-005
 TRACE fcgl theta=  0.12109375000000000       dbob=  (1.92134520098982448E-003,-1.93227804445566907E-004)  divx=  (-3.56173619604007894E-003,1.05468676774451769E-003)  kapx=  (8.20195497525127233E-004,-4.30729481649475378E-004)
 TRACE fcgl integrands=   1.1681869593050934E-004   1.0743014621510098E-005
 TRACE fcgl theta=  0.12304687500000000       dbob=  (1.93818536756895882E-003,-1.58869450587631456E-004)  divx=  (-3.60085358361565255E-003,9.95237825705124661E-004)  kapx=  (8.31334108023346866E-004,-4.18184187558746576E-004)
 TRACE fcgl integrands=   1.1815902222610695E-004   1.0941343685700834E-005
 TRACE fcgl theta=  0.12500000000000000       dbob=  (1.95408267851176999E-003,-1.23889385082217001E-004)  divx=  (-3.63841329531610020E-003,9.34564674272551346E-004)  kapx=  (8.42165308402165105E-004,-4.05337644595167145E-004)
 TRACE fcgl integrands=   1.1946973076481431E-004   1.1137838895125531E-005
 TRACE fcgl theta=  0.12695312500000000       dbob=  (1.96901193928482408E-003,-8.83104544255101606E-005)  divx=  (-3.67436789413209909E-003,8.72698825635075375E-004)  kapx=  (8.52677977423637505E-004,-3.92194185604782634E-004)
 TRACE fcgl integrands=   1.2074913695856866E-004   1.1332335742929568E-005
 TRACE fcgl theta=  0.12890625000000000       dbob=  (1.98294896281116760E-003,-5.21568772216078941E-005)  divx=  (-3.70867121001001781E-003,8.09674029490938690E-004)  kapx=  (8.62861123599425106E-004,-3.78758576134665401E-004)
 TRACE fcgl integrands=   1.2199562077903069E-004   1.1524674781721741E-005
 TRACE fcgl theta=  0.13085937500000000       dbob=  (1.99587067164404709E-003,-1.54542326228707763E-005)  divx=  (-3.74127849854669287E-003,7.45526340189366738E-004)  kapx=  (8.72703913451322892E-004,-3.65036053783247990E-004)
 TRACE fcgl integrands=   1.2320763580624317E-004   1.1714702378448143E-005
 TRACE fcgl theta=  0.13281250000000000       dbob=   (2.00775519119152654E-003,2.17705671376159938E-005)  divx=  (-3.77214659381098572E-003,6.80294155750846264E-004)  kapx=  (8.82195701309729588E-004,-3.51032361444231136E-004)
 TRACE fcgl integrands=   1.2438371699877008E-004   1.1902271349174559E-005
 TRACE fcgl theta=  0.13476562500000000       dbob=   (2.01858193224897699E-003,5.94893179463351526E-005)  divx=  (-3.80123405241230639E-003,6.14018230789337973E-004)  kapx=  (8.91326060081664697E-004,-3.36753774367836583E-004)
 TRACE fcgl integrands=   1.2552248711020190E-004   1.2087241451970096E-005
 TRACE fcgl theta=  0.13671875000000000       dbob=   (2.02833166174295121E-003,9.76725763260856601E-005)  divx=  (-3.82850128668141276E-003,5.46741665806351460E-004)  kapx=  (9.00084812469230779E-004,-3.22207121066218547E-004)
 TRACE fcgl integrands=   1.2662266171928509E-004   1.2269479722784983E-005
 TRACE fcgl theta=  0.13867187500000000       dbob=   (2.03698656123720836E-003,1.36289720768075347E-004)  divx=  (-3.85391068558598978E-003,4.78509875589245540E-004)  kapx=  (9.08462062174390707E-004,-3.07399798178660457E-004)
 TRACE fcgl integrands=   1.2768305288231034E-004   1.2448860646555865E-005
 TRACE fcgl theta=  0.14062500000000000       dbob=   (2.04453027336301075E-003,1.75309019441808120E-004)  divx=  (-3.87742672272984191E-003,4.09370539531548011E-004)  kapx=  (9.16448224683415582E-004,-2.92339779486678079E-004)
 TRACE fcgl integrands=   1.2870257145501361E-004   1.2625266163359848E-005
 TRACE fcgl theta=  0.14257812500000000       dbob=   (2.05094793687782100E-003,2.14697702040741399E-004)  divx=  (-3.89901605144186373E-003,3.39373536618926721E-004)  kapx=  (9.24034057282021367E-004,-2.77035619329834074E-004)
 TRACE fcgl integrands=   1.2968022816555261E-004   1.2798585516852764E-005
 TRACE fcgl theta=  0.14453125000000000       dbob=   (2.05622621150228484E-003,2.54422033825859727E-004)  divx=  (-3.91864758751796129E-003,2.68570867615965873E-004)  kapx=  (9.31210688007838225E-004,-2.61496450720912800E-004)
 TRACE fcgl integrands=   1.3061513354884337E-004   1.2968714959081662E-005
 TRACE fcgl theta=  0.14648437500000000       dbob=   (2.06035329401480210E-003,2.94447390313514617E-004)  divx=  (-3.93629258061231266E-003,1.97016566677239203E-004)  kapx=  (9.37969643298755280E-004,-2.45731978495376910E-004)
 TRACE fcgl integrands=   1.3150649687471093E-004   1.3135557331708667E-005
 TRACE fcgl theta=  0.14843750000000000       dbob=   (2.06331892728453623E-003,3.34738331486275447E-004)  divx=  (-3.95192467556999827E-003,1.24766604226245051E-004)  kapx=  (9.44302874142731018E-004,-2.29752467856260249E-004)
 TRACE fcgl integrands=   1.3235362421736867E-004   1.3299021548435759E-005
 TRACE fcgl theta=  0.15039062500000000       dbob=   (2.06511440399404335E-003,3.75258674853199369E-004)  divx=  (-3.96551996514648425E-003,5.18787825336639803E-005)  kapx=  (9.50202780576220448E-004,-2.13568728693431685E-004)
 TRACE fcgl integrands=   1.3315591582150219E-004   1.3459022006762526E-005
 TRACE fcgl theta=  0.15234375000000000       dbob=   (2.06573256674711953E-003,4.15971567116942931E-004)  divx= (-3.97705703557561970E-003,-2.15873749827943461E-005)  kapx=  (9.55662234414250081E-004,-1.97192096067074304E-004)
 TRACE fcgl integrands=   1.3391286292089506E-004   1.3615477959013624E-005
 TRACE fcgl theta=  0.15429687500000000       dbob=   (2.06516780608881605E-003,4.56839554590605977E-004)  divx= (-3.98651700633981341E-003,-9.55707400892221061E-005)  kapx=  (9.60674600125498677E-004,-1.80634407250691929E-004)
 TRACE fcgl integrands=   1.3462404415963772E-004   1.3768312872799228E-005
 TRACE fcgl theta=  0.15625000000000000       dbob=   (2.06341605770229888E-003,4.97824652822894168E-004)  divx= (-3.99388356528493967E-003,-1.70008701362372479E-004)  kapx=  (9.65233753791320398E-004,-1.63907975730260831E-004)
 TRACE fcgl integrands=   1.3528912175439549E-004   1.3917453809762017E-005
 TRACE fcgl theta=  0.15820312500000000       dbob=   (2.06047479971575593E-003,5.38888416118084496E-004)  divx= (-3.99914299993345875E-003,-2.44837291009615467E-004)  kapx=  (9.69334100108851411E-004,-1.47025562554234515E-004)
 TRACE fcgl integrands=   1.3590783752001420E-004   1.4062830848754576E-005
 TRACE fcgl theta=  0.16015625000000000       dbob=   (2.05634305067953693E-003,5.79992007766150773E-004)  divx= (-4.00228422551275869E-003,-3.19991316916751407E-004)  kapx=  (9.72970587416610881E-004,-1.30000345424699683E-004)
 TRACE fcgl integrands=   1.3648000886125073E-004   1.4204376575669752E-005
 TRACE fcgl theta=  0.16210937500000000       dbob=   (2.05102136838816382E-003,6.21096271824677260E-004)  divx= (-4.00329880986173125E-003,-3.95404499997717949E-004)  kapx=  (9.76138720736783715E-004,-1.12845885913479655E-004)
 TRACE fcgl integrands=   1.3700552481190167E-004   1.4342025657284319E-005
 TRACE fcgl theta=  0.16406250000000000       dbob=   (2.04451184935217078E-003,6.62161807221427158E-004)  divx= (-4.00218099503811715E-003,-4.71009616864462440E-004)  kapx=  (9.78834572842973184E-004,-9.55760951784823587E-005)
 TRACE fcgl integrands=   1.3748434218049149E-004   1.4475714510965067E-005
 TRACE fcgl theta=  0.16601562500000000       dbob=   (2.03681812839668058E-003,7.03149044785202808E-004)  divx= (-3.99892771514897324E-003,-5.46738647695152674E-004)  kapx=  (9.81054793376146331E-004,-7.82051985450250668E-005)
 TRACE fcgl integrands=   1.3791648184019678E-004   1.4605381076254257E-005
 TRACE fcgl theta=  0.16796875000000000       dbob=   (2.02794537759916609E-003,7.44018327579224316E-004)  divx= (-3.99353860969003417E-003,-6.22522928971341177E-004)  kapx=  (9.82796616045434040E-004,-6.07476993039415695E-005)
 TRACE fcgl integrands=   1.3830202518101142E-004   1.4730964688528854E-005
 TRACE fcgl theta=  0.16992187500000000       dbob=   (2.01790030359445425E-003,7.84729994626542655E-004)  divx= (-3.98601603152378206E-003,-6.98293310501324309E-004)  kapx=  (9.84057863964663904E-004,-4.32183420626091729E-005)
 TRACE fcgl integrands=   1.3864111072522535E-004   1.4852406049433033E-005
 TRACE fcgl theta=  0.17187500000000000       dbob=   (2.00669114218076684E-003,8.25244467804833758E-004)  divx= (-3.97636504856094166E-003,-7.73980315872347443E-004)  kapx=  (9.84836953190087409E-004,-2.56320759662431578E-005)
 TRACE fcgl integrands=   1.3893393089381022E-004   1.4969647283900963E-005
 TRACE fcgl theta=  0.17382812500000000       dbob=   (1.99432764916022531E-003,8.65522341373260035E-004)  divx= (-3.96459343823908367E-003,-8.49514305204201537E-004)  kapx=  (9.85132894539429184E-004,-8.00401808452924895E-006)
 TRACE fcgl integrands=   1.3918072890173197E-004   1.5082632069564146E-005
 TRACE fcgl theta=  0.17578125000000000       dbob=   (1.98082108643732454E-003,9.05524473301534032E-004)  divx= (-3.95071167401087487E-003,-9.24825638836107924E-004)  kapx=   (9.84945293786775164E-004,9.65058276728694622E-006)
 TRACE fcgl integrands=   1.3938179575470318E-004   1.5191305821356351E-005
 TRACE fcgl theta=  0.17773437500000000       dbob=   (1.96618420257027712E-003,9.45212077323118573E-004)  divx= (-3.93473290325274932E-003,-9.99844840389950071E-004)  kapx=   (9.84274350341236099E-004,2.73163815334157489E-005)
 TRACE fcgl integrands=   1.3953746731837249E-004   1.5295615912314692E-005
 TRACE fcgl theta=  0.17968750000000000       dbob=   (1.95043120720767688E-003,9.84546814449310716E-004)  divx= (-3.91667291626551610E-003,-1.07450275753409098E-003)  kapx=   (9.83120854528919501E-004,4.49779715423901305E-005)
 TRACE fcgl integrands=   1.3964812143305025E-004   1.5395511910975558E-005
 TRACE fcgl theta=  0.18164062500000000       dbob=   (1.93357773912786060E-003,1.02349088257262929E-003)  divx= (-3.89655010634180031E-003,-1.14873071873612979E-003)  kapx=   (9.81486183606969853E-004,6.26199180817502490E-005)
 TRACE fcgl integrands=   1.3971417505229662E-004   1.5490945816360245E-005
 TRACE fcgl theta=  0.18359375000000000       dbob=   (1.91564082790863502E-003,1.06200710276445234E-003)  divx= (-3.87438542119690433E-003,-1.22246068434659662E-003)  kapx=   (9.79372296644134659E-004,8.02267907910721384E-005)
 TRACE fcgl integrands=   1.3973608139128182E-004   1.5581872273251102E-005
 TRACE fcgl theta=  0.18554687500000000       dbob=   (1.89663884956771628E-003,1.10005900093535077E-003)  divx= (-3.85020230637579588E-003,-1.29562539049885581E-003)  kapx=   (9.76781728404039692E-004,9.77831947817525172E-005)
 TRACE fcgl integrands=   1.3971432707998876E-004   1.5668248753127366E-005
 TRACE fcgl theta=  0.18750000000000000       dbob=   (1.87659147680660282E-003,1.13761088367282312E-003)  divx= (-3.82402664153571941E-003,-1.36815848453693918E-003)  kapx=   (9.73717582364558298E-004,1.15273800432058029E-004)
 TRACE fcgl integrands=   1.3964942932618492E-004   1.5750035689559686E-005
 TRACE fcgl theta=  0.18945312500000000       dbob=   (1.85551962474201520E-003,1.17462790729036949E-003)  divx= (-3.79588667073987819E-003,-1.43999465098012007E-003)  kapx=   (9.70183522998931494E-004,1.32683371844875288E-004)
 TRACE fcgl integrands=   1.3954193310276614E-004   1.5827196560823081E-005
 TRACE fcgl theta=  0.19140625000000000       dbob=   (1.83344539320214051E-003,1.21107613939928482E-003)  divx= (-3.76581292806564853E-003,-1.51106972738334288E-003)  kapx=   (9.66183767431754012E-004,1.49996793992029031E-004)
 TRACE fcgl integrands=   1.3939240838277232E-004   1.5899697916716472E-005
 TRACE fcgl theta=  0.19335937500000000       dbob=   (1.81039200678672599E-003,1.24692261263160790E-003)  divx= (-3.73383815991841939E-003,-1.58132080983469452E-003)  kapx=   (9.61723076565846702E-004,1.67199098601543308E-004)
 TRACE fcgl integrands=   1.3920144745240175E-004   1.5967509350808653E-005
 TRACE fcgl theta=  0.19531250000000000       dbob=   (1.78638375393301140E-003,1.28213537047828672E-003)  divx= (-3.69999724544300230E-003,-1.65068634822135123E-003)  kapx=   (9.56806745754995450E-004,1.84275488871532252E-004)
 TRACE fcgl integrands=   1.3896966233714191E-004   1.6030603423307243E-005
 TRACE fcgl theta=  0.19726562500000000       dbob=   (1.76144592619148889E-003,1.31668350553865014E-003)  divx= (-3.66432711633825391E-003,-1.71910623176950070E-003)  kapx=   (9.51440595073382508E-004,2.01211363115425283E-004)
 TRACE fcgl integrands=   1.3869768237833016E-004   1.6088955543232954E-005
 TRACE fcgl theta=  0.19921875000000000       dbob=   (1.73560475880022943E-003,1.35053719078418247E-003)  divx= (-3.62686667721335079E-003,-1.78652186569832738E-003)  kapx=   (9.45630959206560681E-004,2.17992337457072454E-004)
 TRACE fcgl integrands=   1.3838615199687941E-004   1.6142543821376984E-005
 TRACE fcgl theta=  0.20117187500000000       dbob=   (1.70888737346297829E-003,1.38366770470163655E-003)  divx= (-3.58765672738730473E-003,-1.85287624010252320E-003)  kapx=   (9.39384676962163223E-004,2.34604267700443321E-004)
 TRACE fcgl integrands=   1.3803572867756566E-004   1.6191348907471662E-005
 TRACE fcgl theta=  0.20312500000000000       dbob=   (1.68132172399810317E-003,1.41604745138138033E-003)  divx= (-3.54673988474376841E-003,-1.91811399237520278E-003)  kapx=   (9.32709080372832620E-004,2.51033270496911227E-004)
 TRACE fcgl integrands=   1.3764708120140537E-004   1.6235353826018075E-005
 TRACE fcgl theta=  0.20507812500000000       dbob=   (1.65293654524982210E-003,1.44764997674428101E-003)  divx= (-3.50416051193052193E-003,-1.98218146459183979E-003)  kapx=   (9.25611983340349914E-004,2.67265743923779386E-004)
 TRACE fcgl integrands=   1.3722088814561030E-004   1.6274543825247161E-005
 TRACE fcgl theta=  0.20703125000000000       dbob=   (1.62376130535968398E-003,1.47844998214749978E-003)  divx= (-3.45996464486026658E-003,-2.04502675729008581E-003)  kapx=   (9.18101669750291303E-004,2.83288387571293014E-004)
 TRACE fcgl integrands=   1.3675783666095039E-004   1.6308906252769243E-005
 TRACE fcgl theta=  0.20898437500000000       dbob=   (1.59382616120542857E-003,1.50842333657451376E-003)  divx= (-3.41419992314893764E-003,-2.10659978100048110E-003)  kapx=   (9.10186880971754534E-004,2.99088222212983671E-004)
 TRACE fcgl integrands=   1.3625862152568944E-004   1.6338430469666110E-005
 TRACE fcgl theta=  0.21093750000000000       dbob=   (1.56316191654630216E-003,1.53754708850144229E-003)  divx= (-3.36691552184228407E-003,-2.16685230671539563E-003)  kapx=   (9.01876802647990955E-004,3.14652609106976671E-004)
 TRACE fcgl integrands=   1.3572394446427992E-004   1.6363107812233681E-005
 TRACE fcgl theta=  0.21289062500000000       dbob=   (1.53179998218703258E-003,1.56579947834929517E-003)  divx= (-3.31816208355036578E-003,-2.22573801624043836E-003)  kapx=   (8.93181050681666599E-004,3.29969268945571595E-004)
 TRACE fcgl integrands=   1.3515451370842266E-004   1.6382931607465785E-005
 TRACE fcgl theta=  0.21484375000000000       dbob=   (1.49977233730204276E-003,1.59315995219347839E-003)  divx= (-3.26799164994907854E-003,-2.28321255307074996E-003)  kapx=   (8.84109656323517888E-004,3.45026300438635788E-004)
 TRACE fcgl integrands=   1.3455104376857905E-004   1.6397897244880043E-005
 TRACE fcgl theta=  0.21679687500000000       dbob=   (1.46711149095869720E-003,1.61960917712483817E-003)  divx= (-3.21645759152887388E-003,-2.33923357409473575E-003)  kapx=   (8.74673050285088341E-004,3.59812198484948790E-004)
 TRACE fcgl integrands=   1.3391425537617220E-004   1.6408002303658423E-005
 TRACE fcgl theta=  0.21875000000000000       dbob=   (1.43385044284969352E-003,1.64512905835978332E-003)  divx= (-3.16361453447920951E-003,-2.39376080207280703E-003)  kapx=   (8.64882045814757998E-004,3.74315871856511855E-004)
 TRACE fcgl integrands=   1.3324487555101998E-004   1.6413246730522735E-005
 TRACE fcgl theta=  0.22070312500000000       dbob=   (1.40002264229166246E-003,1.66970275790105345E-003)  divx= (-3.10951828369263831E-003,-2.44675607849211474E-003)  kapx=   (8.54747820700487923E-004,3.88526660295530641E-004)
 TRACE fcgl integrands=   1.3254363774535248E-004   1.6413633060517623E-005
 TRACE fcgl theta=  0.22265625000000000       dbob=   (1.36566194466593554E-003,1.69331471427522926E-003)  divx= (-3.05422574104867580E-003,-2.49818341608300243E-003)  kapx=   (8.44281898191370133E-004,4.02434350903886585E-004)
 TRACE fcgl integrands=   1.3181128201527131E-004   1.6409166670120205E-005
 TRACE fcgl theta=  0.22460937500000000       dbob=   (1.33080256465954727E-003,1.71595066263638472E-003)  divx= (-2.99779481838324856E-003,-2.54800905001942432E-003)  kapx=   (8.33496126861850645E-004,4.16029193691519797E-004)
 TRACE fcgl integrands=   1.3104855517273183E-004   1.6399856049997124E-005
 TRACE fcgl theta=  0.22656250000000000       dbob=   (1.29547902589717025E-003,1.73759765434277095E-003)  divx= (-2.94028434484824895E-003,-2.59620148663086475E-003)  kapx=   (8.22402659475539354E-004,4.29301916144046898E-004)
 TRACE fcgl integrands=   1.3025621087590878E-004   1.6385713083410357E-005
 TRACE fcgl theta=  0.22851562500000000       dbob=   (1.25972610682171583E-003,1.75824407499648857E-003)  divx= (-2.88175396869804834E-003,-2.64273154833960782E-003)  kapx=   (8.11013930938166258E-004,4.42243736671559624E-004)
 TRACE fcgl integrands=   1.2943500962285837E-004   1.6366753315794759E-005
 TRACE fcgl theta=  0.23046875000000000       dbob=   (1.22357878296443429E-003,1.77787965989179941E-003)  divx= (-2.82226405388365242E-003,-2.68757241351125307E-003)  kapx=   (7.99342635459609064E-004,4.54846376809726828E-004)
 TRACE fcgl integrands=   1.2858571862224395E-004   1.6342996201413252E-005
 TRACE fcgl theta=  0.23242187500000000       dbob=   (1.18707216602525144E-003,1.79649550584805220E-003)  divx= (-2.76187557216794931E-003,-2.73069964996932278E-003)  kapx=   (7.87401703071348934E-004,4.67102072060635292E-004)
 TRACE fcgl integrands=   1.2770911152502293E-004   1.6314465314201765E-005
 TRACE fcgl theta=  0.23437500000000000       dbob=   (1.15024144044204046E-003,1.81408407850516405E-003)  divx= (-2.70064999177524034E-003,-2.77209124107172808E-003)  kapx=   (7.75204275666599939E-004,4.79003581283282014E-004)
 TRACE fcgl integrands=   1.2680596801175196E-004   1.6281188511858761E-005
 TRACE fcgl theta=  0.23632812500000000       dbob=   (1.11312179834607448E-003,1.83063921432547730E-003)  divx= (-2.63864916383530672E-003,-2.81172760346743485E-003)  kapx=   (7.62763682744616121E-004,4.90544194570978779E-004)
 TRACE fcgl integrands=   1.2587707324091443E-004   1.6243198044782891E-005
 TRACE fcgl theta=  0.23828125000000000       dbob=   (1.07574837396566384E-003,1.84615611676379856E-003)  divx= (-2.57593520806026445E-003,-2.84959159593114845E-003)  kapx=   (7.50093417047300302E-004,5.01717739583674950E-004)
 TRACE fcgl integrands=   1.2492321717374783E-004   1.6200530604452148E-005
 TRACE fcgl theta=  0.24023437500000000       dbob=   (1.03815617864002046E-003,1.86063134632236376E-003)  divx= (-2.51257039918974549E-003,-2.88566851899328724E-003)  kapx=   (7.37207110274862515E-004,5.12518586335461738E-004)
 TRACE fcgl integrands=   1.2394519379984001E-004   1.6153227309081012E-005
 TRACE fcgl theta=  0.24218750000000000       dbob=   (1.00038003763427735E-003,1.87406280448188878E-003)  divx= (-2.44861705575002151E-003,-2.91994610542109208E-003)  kapx=   (7.24118509057872077E-004,5.22941650469601650E-004)
 TRACE fcgl integrands=   1.2294380029475690E-004   1.6101333627682766E-005
 TRACE fcgl theta=  0.24414062500000000       dbob=   (9.62454529902503669E-004,1.88644971177548784E-003)  divx= (-2.38413743259460959E-003,-2.95241450194225815E-003)  kapx=   (7.10841451346053014E-004,5.32982395083385157E-004)
 TRACE fcgl integrands=   1.2191983614574088E-004   1.6044899246807484E-005
 TRACE fcgl theta=  0.24609375000000000       dbob=   (9.24413931831732992E-004,1.89779258053063651E-003)  divx= (-2.31919361853268882E-003,-2.98306624291336643E-003)  kapx=   (6.97389843350477859E-004,5.42636831191364963E-004)
 TRACE fcgl integrands=   1.2087410228381208E-004   1.5983977887027544E-005
 TRACE fcgl theta=  0.24804687500000000       dbob=   (8.86292165823868313E-004,1.90809318302878964E-003)  divx= (-2.25384744011729830E-003,-3.01189621690180469E-003)  kapx=   (6.83777637146714941E-004,5.51901516936507529E-004)
 TRACE fcgl integrands=   1.1980740026028714E-004   1.5918627078542517E-005
 TRACE fcgl theta=  0.25000000000000000       dbob=   (8.48122754345777014E-004,1.91735451600837299E-003)  divx= (-2.18816037237269277E-003,-3.03890162735531537E-003)  kapx=   (6.70018809013457877E-004,5.60773555673471191E-004)
 TRACE fcgl integrands=   1.1872053150285073E-004   1.5848907906941923E-005
 TRACE fcgl theta=  0.25195312500000000       dbob=   (8.09938779815532416E-004,1.92558076255364597E-003)  divx= (-2.12219345690786623E-003,-3.06408194866508807E-003)  kapx=   (6.56127338546166851E-004,5.69250593055721055E-004)
 TRACE fcgl integrands=   1.1761429668105890E-004   1.5774884741109651E-005
 TRACE fcgl theta=  0.25390625000000000       dbob=   (7.71772850411818652E-004,1.93277725246262556E-003)  divx= (-2.05600722751188248E-003,-3.08743887897913868E-003)  kapx=   (6.42117188550031916E-004,5.77330813258256558E-004)
 TRACE fcgl integrands=   1.1648949520386658E-004   1.5696624955435747E-005
 TRACE fcgl theta=  0.25585937500000000       dbob=   (7.33657071611980858E-004,1.93895042216948562E-003)  divx= (-1.98966164297840510E-003,-3.10897629109035479E-003)  kapx=   (6.28002285683212122E-004,5.85012934460434585E-004)
 TRACE fcgl integrands=   1.1534692486291338E-004   1.5614198657927226E-005
 TRACE fcgl theta=  0.25781250000000000       dbob=   (6.95623023000092422E-004,1.94410777521284730E-003)  divx= (-1.92321602658316920E-003,-3.12870018261125586E-003)  kapx=   (6.13796501791538445E-004,5.92296203699204282E-004)
 TRACE fcgl integrands=   1.1418738162542055E-004   1.5527678434534336E-005
 TRACE fcgl theta=  0.25976562500000000       dbob=   (6.57701739656245984E-004,1.94825784409773518E-003)  divx= (-1.85672901135909368E-003,-3.14661862646411009E-003)  kapx=   (5.99513635851423900E-004,5.99180391183187452E-004)
 TRACE fcgl integrands=   1.1301165957028181E-004   1.5437139118124194E-005
 TRACE fcgl theta=  0.26171875000000000       dbob=   (6.19923697256392577E-004,1.95141015420633606E-003)  divx= (-1.79025849009607513E-003,-3.16274172247313010E-003)  kapx=   (5.85167396419841333E-004,6.05665784133397017E-004)
 TRACE fcgl integrands=   1.1182055095088051E-004   1.5342657588185188E-005
 TRACE fcgl theta=  0.26367187500000000       dbob=   (5.82318799889310892E-004,1.95357519018442977E-003)  divx= (-1.72386156884923479E-003,-3.17708155056237044E-003)  kapx=   (5.70771384479961947E-004,6.11753180188970335E-004)
 TRACE fcgl integrands=   1.1061484635899352E-004   1.5244312604678913E-005
 TRACE fcgl theta=  0.26562500000000000       dbob=   (5.44916369540668355E-004,1.95476436498257357E-003)  divx= (-1.65759452267835164E-003,-3.18965212575757825E-003)  kapx=   (5.56339076568841641E-004,6.17443880387502338E-004)
 TRACE fcgl integrands=   1.0939533495639162E-004   1.5142184676665235E-005
 TRACE fcgl theta=  0.26757812500000000       dbob=   (5.07745136206277578E-004,1.95498999148048004E-003)  divx= (-1.59151275236545076E-003,-3.20046935488333024E-003)  kapx=   (5.41883808079586591E-004,6.22739681701425102E-004)
 TRACE fcgl integrands=   1.0816280473492079E-004   1.5036355963583143E-005
 TRACE fcgl theta=  0.26953125000000000       dbob=   (4.70833227675607788E-004,1.95426525638659615E-003)  divx= (-1.52567074096394083E-003,-3.20955099455882444E-003)  kapx=   (5.27418756644166577E-004,6.27642869086114143E-004)
 TRACE fcgl integrands=   1.0691804276231140E-004   1.4926910204560141E-005
 TRACE fcgl theta=  0.27148437500000000       dbob=   (4.34208158166264754E-004,1.95260419589824916E-003)  divx= (-1.46012200921396022E-003,-3.21691660984558050E-003)  kapx=   (5.12956925523847733E-004,6.32156206973665674E-004)
 TRACE fcgl integrands=   1.0566183536995160E-004   1.4813932669000809E-005
 TRACE fcgl theta=  0.27343750000000000       dbob=   (3.97896815180413582E-004,1.95002167244465933E-003)  divx= (-1.39491906910175004E-003,-3.22258753270457344E-003)  kapx=   (4.98511126960668200E-004,6.36282930129957055E-004)
 TRACE fcgl integrands=   1.0439496824046430E-004   1.4697510120111252E-005
 TRACE fcgl theta=  0.27539062500000000       dbob=   (3.61925444181863140E-004,1.94653335172580177E-003)  divx= (-1.33011337513007670E-003,-3.22658681929147845E-003)  kapx=   (4.84093965474106805E-004,6.40026733782838339E-004)
 TRACE fcgl integrands=   1.0311822635707028E-004   1.4577730782038142E-005
 TRACE fcgl theta=  0.27734375000000000       dbob=   (3.26319630942365456E-004,1.94215567921174489E-003)  divx= (-1.26575527318271920E-003,-3.22893920506513166E-003)  kapx=   (4.69717821120176873E-004,6.43391762926693385E-004)
 TRACE fcgl integrands=   1.0183239378319490E-004   1.4454684301007161E-005
 TRACE fcgl theta=  0.27929687500000000       dbob=   (2.91104281660972089E-004,1.93690585528199935E-003)  divx= (-1.20189394718865400E-003,-3.22967105670906706E-003)  kapx=   (4.55394832763840983E-004,6.46382600713533853E-004)
 TRACE fcgl integrands=   1.0053825324922048E-004   1.4328461691238138E-005
 TRACE fcgl theta=  0.28125000000000000       dbob=   (2.56303601204334948E-004,1.93080180826131378E-003)  divx= (-1.13857736410008623E-003,-3.22881031996730692E-003)  kapx=   (4.41136881447875640E-004,6.49004255852996567E-004)
 TRACE fcgl integrands=   9.9236585533240095E-005   1.4199155257468300E-005
 TRACE fcgl theta=  0.28320312500000000       dbob=   (2.21941070032959651E-004,1.92386216474144632E-003)  divx= (-1.07585221797359466E-003,-3.22638646266652134E-003)  kapx=   (4.26955573970317476E-004,6.51262148962537509E-004)
 TRACE fcgl integrands=   9.7928168633570475E-005   1.4066858487554374E-005
 TRACE fcgl theta=  0.28515625000000000       dbob=   (1.88039420554776828E-004,1.91610621675846718E-003)  divx= (-1.01376387416832474E-003,-3.22243041242601487E-003)  kapx=   (4.12862226806773942E-004,6.53162097833773843E-004)
 TRACE fcgl integrands=   9.6613776742032948E-005   1.3931665910738214E-005
 TRACE fcgl theta=  0.28710937500000000       dbob=   (1.54620613772188625E-004,1.90755388560979165E-003)  divx= (-9.52356314835776821E-004,-3.21697448882963481E-003)  kapx=   (3.98867850531794098E-004,6.54710301609921579E-004)
 TRACE fcgl integrands=   9.5294179037970944E-005   1.3793672919612669E-005
 TRACE fcgl theta=  0.28906250000000000       dbob=   (1.21705817154553714E-004,1.89822568232981604E-003)  divx= (-8.91672086962911736E-004,-3.21005233013208673E-003)  kapx=   (3.84983134904179011E-004,6.55913323901135344E-004)
 TRACE fcgl integrands=   9.3970138333049046E-005   1.3652975556450569E-005
 TRACE fcgl theta=  0.29101562500000000       dbob=   (8.93153846714356091E-005,1.88814266508219547E-003)  divx= (-8.31752254239479893E-004,-3.20169881487691009E-003)  kapx=   (3.71218434784022135E-004,6.56778074897357311E-004)
 TRACE fcgl integrands=   9.2642409605495990E-005   1.3509670267197670E-005
 TRACE fcgl theta=  0.29296875000000000       dbob=   (5.74688398635407531E-005,1.87732639395439853E-003)  divx= (-7.72636353951921856E-004,-3.19194997909525834E-003)  kapx=   (3.57583757044190541E-004,6.57311792570429909E-004)
 TRACE fcgl integrands=   9.1311738469158389E-005   1.3363853628902689E-005
 TRACE fcgl theta=  0.29492187500000000       dbob=   (2.61848627127322888E-005,1.86579888384145955E-003)  divx= (-7.14362359965256349E-004,-3.18084293001498963E-003)  kapx=   (3.44088748626262045E-004,6.57522023086765041E-004)
 TRACE fcgl integrands=   8.9978859627146780E-005   1.3215622058516115E-005
 TRACE fcgl theta=  0.29687500000000000       dbob=  (-4.51871909194274803E-006,1.85358255626752585E-003)  divx= (-6.56966652650624989E-004,-3.16841575742203910E-003)  kapx=   (3.30742685871283893E-004,6.57416600577256623E-004)
 TRACE fcgl integrands=   8.8644495361749924E-005   1.3065071512692553E-005
 TRACE fcgl theta=  0.29882812500000000       dbob=  (-3.46249340973057025E-005,1.84070019110560684E-003)  divx= (-6.00483996363154597E-004,-3.15470744396771164E-003)  kapx=   (3.17554465230230156E-004,6.57003626431052401E-004)
 TRACE fcgl integrands=   8.7309354111586883E-005   1.2912297189373221E-005
 TRACE fcgl theta=  0.30078125000000000       dbob=  (-6.41176660694364861E-005,1.82717487921063245E-003)  divx= (-5.44947524788776940E-004,-3.13975777579680090E-003)  kapx=   (3.04532595429106727E-004,6.56291448293084222E-004)
 TRACE fcgl integrands=   8.5974129183692539E-005   1.2757393242435868E-005
 TRACE fcgl theta=  0.30273437500000000       dbob=  (-9.29816480841154900E-005,1.81302997697534727E-003)  divx= (-4.90388734177615642E-004,-3.12360725487795645E-003)  kapx=   (2.91685191130865553E-004,6.55288638951304590E-004)
 TRACE fcgl integrands=   8.4639497642600482E-005   1.2600452520546274E-005
 TRACE fcgl theta=  0.30468750000000000       dbob=  (-1.21202452020606759E-004,1.79828906375312497E-003)  divx= (-4.36837484184242916E-004,-3.10629701434937937E-003)  kapx=   (2.79019968102424865E-004,6.54003975298127205E-004)
 TRACE fcgl integrands=   8.3306119410812230E-005   1.2441566340535241E-005
 TRACE fcgl theta=  0.30664062500000000       dbob=  (-1.48766473964349340E-004,1.78297590297106837E-003)  divx= (-3.84322005759397825E-004,-3.08786873805449611E-003)  kapx=   (2.66544239861873596E-004,6.52446417541713872E-004)
 TRACE fcgl integrands=   8.1974636605751145E-005   1.2280824304211712E-005
 TRACE fcgl theta=  0.30859375000000000       dbob=  (-1.75660916200180104E-004,1.76711440758856400E-003)  divx= (-3.32868915299873870E-004,-3.06836458524277359E-003)  kapx=   (2.54264915750027000E-004,6.50625088827104796E-004)
 TRACE fcgl integrands=   8.0645673127905559E-005   1.2118314165587510E-005
 TRACE fcgl theta=  0.31054687500000000       dbob=  (-2.01873766610101093E-004,1.75072861035168413E-003)  divx= (-2.82503234076822137E-004,-3.04782712116311808E-003)  kapx=   (2.42188500343461601E-004,6.48549255405716975E-004)
 TRACE fcgl integrands=   7.9319834503936349E-005   1.1954121753150889E-005
 TRACE fcgl theta=  0.31250000000000000       dbob=  (-2.27393776370934036E-004,1.73384263906556607E-003)  divx= (-2.33248411837328428E-004,-3.02629925399684838E-003)  kapx=   (2.30321094104131245E-004,6.46228307465641157E-004)
 TRACE fcgl integrands=   7.7997707977642310E-005   1.1788330949225591E-005
 TRACE fcgl theta=  0.31445312500000000       dbob=  (-2.52210436873540869E-004,1.71648069686942029E-003)  divx= (-1.85126353415759822E-004,-3.00382417828131939E-003)  kapx=   (2.18668395144650332E-004,6.43671740705949549E-004)
 TRACE fcgl integrands=   7.6679862831411912E-005   1.1621023725743991E-005
 TRACE fcgl theta=  0.31640625000000000       dbob=  (-2.76313956756392193E-004,1.69866704726698574E-003)  divx= (-1.38157447201239905E-004,-2.98044532468220123E-003)  kapx=   (2.07235701978816063E-004,6.40889138707607746E-004)
 TRACE fcgl integrands=   7.5366850911687028E-005   1.1452280233107513E-005
 TRACE fcgl theta=  0.31835937500000000       dbob=  (-2.99695239865516931E-004,1.68042600345312087E-003)  divx= (-9.23605943826227139E-005,-2.95620631569932981E-003)  kapx=   (1.96027917124069815E-004,6.37890156123104468E-004)
 TRACE fcgl integrands=   7.4059207324462357E-005   1.1282178936362546E-005
 TRACE fcgl theta=  0.32031250000000000       dbob=  (-3.22345864826994067E-004,1.66178192129753390E-003)  divx= (-4.77532380253062945E-005,-2.93115092665428628E-003)  kapx=   (1.85049551426150194E-004,6.34684502678376189E-004)
 TRACE fcgl integrands=   7.2757451261325855E-005   1.1110796790827030E-005
 TRACE fcgl theta=  0.32226562500000000       dbob=  (-3.44258066756691656E-004,1.64275919520978013E-003)  divx= (-4.35139121430575778E-006,-2.90532305112056093E-003)  kapx=   (1.74304728985498719E-004,6.31281927955390401E-004)
 TRACE fcgl integrands=   7.1462086913247827E-005   1.0938209447682028E-005
 TRACE fcgl theta=  0.32421875000000000       dbob=  (-3.65424721446659456E-004,1.62338225602305739E-003)  divx=  (3.78303362884136423E-005,-2.87876666982938515E-003)  kapx=   (1.63797192579122900E-004,6.27692206903163880E-004)
 TRACE fcgl integrands=   7.0173604428376050E-005   1.0764491478987130E-005
 TRACE fcgl theta=  0.32617187500000000       dbob=  (-3.85839332171456102E-004,1.60367557000218428E-003)  divx=  (7.87787131926749850E-005,-2.85152582202223732E-003)  kapx=   (1.53530309489390552E-004,6.23925126010026524E-004)
 TRACE fcgl integrands=   6.8892480871487476E-005   1.0589716611142926E-005
 TRACE fcgl theta=  0.32812500000000000       dbob=  (-4.05496019064317435E-004,1.58366363810400835E-003)  divx=  (1.18481863721900892E-004,-2.82364457822634413E-003)  kapx=   (1.43507077671208271E-004,6.19990470061167892E-004)
 TRACE fcgl integrands=   6.7619181146349458E-005   1.0413957956030497E-005
 TRACE fcgl theta=  0.33007812500000000       dbob=  (-4.24389510835448003E-004,1.56337099469337228E-003)  divx=  (1.56929246415881503E-004,-2.79516701349973029E-003)  kapx=   (1.33730132209783250E-004,6.15898009403179005E-004)
 TRACE fcgl integrands=   6.6354158847799059E-005   1.0237288229886282E-005
 TRACE fcgl theta=  0.33203125000000000       dbob=  (-4.42515138454714044E-004,1.54282220503852599E-003)  divx=  (1.94111634372402114E-004,-2.76613718032109584E-003)  kapx=   (1.24201752041155965E-004,6.11657487641284925E-004)
 TRACE fcgl integrands=   6.5097857017516514E-005   1.0059779951367978E-005
 TRACE fcgl theta=  0.33398437500000000       dbob=  (-4.59868830308289187E-004,1.52204186106737476E-003)  divx=  (2.30021096457165455E-004,-2.73659908047672006E-003)  kapx=   (1.14923866925561866E-004,6.07278609704672650E-004)
 TRACE fcgl integrands=   6.3850708785804673E-005   9.8815056121452109E-006
 TRACE fcgl theta=  0.33593750000000000       dbob=  (-4.76447108270451158E-004,1.50105457504900531E-003)  divx=  (2.64650978914031496E-004,-2.70659663550893792E-003)  kapx=   (1.05898064678209831E-004,6.02771030229966309E-004)
 TRACE fcgl integrands=   6.2613137890715995E-005   9.7025378155919722E-006
 TRACE fcgl theta=  0.33789062500000000       dbob=  (-4.92247084111713815E-004,1.47988497106086550E-003)  divx=  (2.97995886767179986E-004,-2.67617365552339122E-003)  kapx=   (9.71255986722669145E-005,5.98144342231262858E-004)
 TRACE fcgl integrands=   6.1385559075070143E-005   9.5229493816327702E-006
 TRACE fcgl theta=  0.33984375000000000       dbob=  (-5.07266455693478101E-004,1.45855767429760351E-003)  divx=  (3.30051664425322366E-004,-2.64537380638947594E-003)  kapx=   (8.86073956340778675E-005,5.93408066045936211E-004)
 TRACE fcgl integrands=   6.0168378370780614E-005   9.3428134183541808E-006
 TRACE fcgl theta=  0.34179687500000000       dbob=  (-5.21503502474716767E-004,1.43709729845981440E-003)  divx=  (3.60815374973573358E-004,-2.61424057559408226E-003)  kapx=   (8.03440637505717045E-005,5.88571638567133930E-004)
 TRACE fcgl integrands=   5.8961993287964825E-005   9.1622033634862373E-006
 TRACE fcgl theta=  0.34375000000000000       dbob=  (-5.34957079972227917E-004,1.41552843161821132E-003)  divx=  (3.90285277765305366E-004,-2.58281723720819043E-003)  kapx=   (7.23359011034612755E-005,5.83644402794989553E-004)
 TRACE fcgl integrands=   5.7766792933138456E-005   8.9811930011447706E-006
 TRACE fcgl theta=  0.34570312500000000       dbob=  (-5.47626612964199314E-004,1.39387562107072798E-003)  divx=  (4.18460804095010521E-004,-2.55114681658621294E-003)  kapx=   (6.45829044345943963E-005,5.78635597757742480E-004)
 TRACE fcgl integrands=   5.6583158086038424E-005   8.7998564611684229E-006
 TRACE fcgl theta=  0.34765625000000000       dbob=  (-5.59512087396831816E-004,1.37216335778960808E-003)  divx=  (4.45342530932097596E-004,-2.51927205552887655E-003)  kapx=   (5.70847782323671100E-005,5.73554348869634236E-004)
 TRACE fcgl integrands=   5.5411461268023616E-005   8.6182682098830932E-006
 TRACE fcgl theta=  0.34960937500000000       dbob=  (-5.70614041133695295E-004,1.35041606108772072E-003)  divx=  (4.70932152910805244E-004,-2.48723537869548856E-003)  kapx=   (4.98409441114450256E-005,5.68409658803883922E-004)
 TRACE fcgl integrands=   5.4252066836438017E-005   8.4365030420911232E-006
 TRACE fcgl theta=  0.35156250000000000       dbob=  (-5.80933553864828407E-004,1.32865806411690962E-003)  divx=  (4.95232452988186096E-004,-2.45507886204699094E-003)  kapx=   (4.28505504383211553E-005,5.63210398965040661E-004)
 TRACE fcgl integrands=   5.3105331138725748E-005   8.2546360844690281E-006
 TRACE fcgl theta=  0.35351562500000000       dbob=  (-5.90472236655266002E-004,1.30691360074772027E-003)  divx=  (5.18247272385623497E-004,-2.42284420403853212E-003)  kapx=   (3.61124821348212527E-005,5.57965301645405921E-004)
 TRACE fcgl integrands=   5.1971602757559787E-005   8.0727428203447785E-006
 TRACE fcgl theta=  0.35546875000000000       dbob=  (-5.99232221749327232E-004,1.28520679427408173E-003)  divx=  (5.39981480605533702E-004,-2.39057270016339828E-003)  kapx=   (2.96253705718967650E-005,5.52682952944658274E-004)
 TRACE fcgl integrands=   5.0851222873941407E-005   7.8908991450302601E-006
 TRACE fcgl theta=  0.35742187500000000       dbob=  (-6.07216153348279111E-004,1.26356164824582081E-003)  divx=  (5.60440946451620575E-004,-2.35830522128691912E-003)  kapx=   (2.33876034483292681E-005,5.47371786520549158E-004)
 TRACE fcgl integrands=   4.9744525769413856E-005   7.7091814595573515E-006
 TRACE fcgl theta=  0.35937500000000000       dbob=  (-6.14427180137586994E-004,1.24200203956567395E-003)  divx=  (5.79632511068661955E-004,-2.32608219600998964E-003)  kapx=   (1.73973345344625194E-005,5.42040078222157844E-004)
 TRACE fcgl integrands=   4.8651839481549412E-005   7.5276668088785907E-006
 TRACE fcgl theta=  0.36132812500000000       dbob=  (-6.20868950351576520E-004,1.22055171380669697E-003)  divx=  (5.97563964049613316E-004,-2.29394359707956819E-003)  kapx=   (1.16524931509816017E-005,5.36695941636435611E-004)
 TRACE fcgl integrands=   4.7573486619088686E-005   7.3464330684505061E-006
 TRACE fcgl theta=  0.36328125000000000       dbob=  (-6.26545610126296652E-004,1.19923428252232994E-003)  divx=  (6.14244023630851409E-004,-2.26192893163183273E-003)  kapx=   (6.15079324772262181E-006,5.31347324554751394E-004)
 TRACE fcgl integrands=   4.6509785334956061E-005   7.1655591807305221E-006
 TRACE fcgl theta=  0.36523437500000000       dbob=  (-6.31461805807419859E-004,1.17807322214645528E-003)  divx=  (6.29682321910968157E-004,-2.23007723482670367E-003)  kapx=   (8.89741948225850586E-007,5.26002006340124196E-004)
 TRACE fcgl integrands=   4.5461050447255128E-005   6.9851254406167986E-006
 TRACE fcgl theta=  0.36718750000000000       dbob=  (-6.35622690753387832E-004,1.15709187392556588E-003)  divx=  (6.43889395888750304E-004,-2.19842706622378229E-003)  kapx=  (-4.13335256768123608E-006,5.20667596149108208E-004)
 TRACE fcgl integrands=   4.4427594690668590E-005   6.8052138263703843E-006
 TRACE fcgl theta=  0.36914062500000000       dbob=  (-6.39033937011814824E-004,1.13631344419901493E-003)  divx=  (6.56876684929017071E-004,-2.16701650807151792E-003)  kapx=  (-8.92137395860112363E-006,5.15351531936251495E-004)
 TRACE fcgl integrands=   4.3409730073800016E-005   6.6259083702063517E-006
 TRACE fcgl theta=  0.37109375000000000       dbob=  (-6.41701752058346101E-004,1.11576100425377143E-003)  divx=  (6.68656535040677890E-004,-2.13588316454389488E-003)  kapx=  (-1.34773914911658944E-005,5.10061080145061724E-004)
 TRACE fcgl integrands=   4.2407769312213904E-005   6.4472955606359211E-006
 TRACE fcgl theta=  0.37304687500000000       dbob=  (-6.43632900582285822E-004,1.09545748893213652E-003)  divx=  (6.79242210101769464E-004,-2.10506416086918150E-003)  kapx=  (-1.78046547597418212E-005,5.04803335968522491E-004)
 TRACE fcgl integrands=   4.1422027302476812E-005   6.2694647668814582E-006
 TRACE fcgl theta=  0.37500000000000000       dbob=  (-6.44834731093709606E-004,1.07542569316686643E-003)  divx=  (6.88647909904445323E-004,-2.07459614125803668E-003)  kapx=  (-2.19065894053678588E-005,4.99585224045585126E-004)
 TRACE fcgl integrands=   4.0452822599540390E-005   6.0925086743439568E-006
 TRACE fcgl theta=  0.37695312500000000       dbob=  (-6.45315206923728624E-004,1.05568826565772319E-003)  divx=  (6.96888794632729300E-004,-2.04451526455436258E-003)  kapx=  (-2.57867938545003382E-005,4.94413499448319695E-004)
 TRACE fcgl integrands=   3.9500478858402215E-005   5.9165237192255634E-006
 TRACE fcgl theta=  0.37890625000000000       dbob=  (-6.45082941003991364E-004,1.03626769898341521E-003)  divx=  (7.03981015140438715E-004,-2.01485719659955532E-003)  kapx=  (-2.94490370682236758E-005,4.89294748808070056E-004)
 TRACE fcgl integrands=   3.8565326201111439E-005   5.7416105100220301E-006
 TRACE fcgl theta=  0.38085937500000000       dbob=  (-6.44147233652763015E-004,1.01718631555797602E-003)  divx=  (7.09941748178345949E-004,-1.98565709841438823E-003)  kapx=  (-3.28972572627914670E-005,4.84235391428206106E-004)
 TRACE fcgl integrands=   3.7647702471773683E-005   5.5678742236954851E-006
 TRACE fcgl theta=  0.38281250000000000       dbob=  (-6.42518112470774464E-004,9.98466248983146103E-004)  divx=  (7.14789235538424339E-004,-1.95694960945465811E-003)  kapx=  (-3.61355615338249374E-005,4.79241680235756003E-004)
 TRACE fcgl integrands=   3.6747954345078413E-005   5.3954249648876985E-006
 TRACE fcgl theta=  0.38476562500000000       dbob=  (-6.40206373365880357E-004,9.80129420509546177E-004)  divx=  (7.18542825946878348E-004,-1.92876882537757247E-003)  kapx=  (-3.91682262904989955E-005,4.74319702434013147E-004)
 TRACE fcgl integrands=   3.5866438257812824E-005   5.2243780774851672E-006
 TRACE fcgl theta=  0.38671875000000000       dbob=  (-6.37223621684391379E-004,9.62197510489608949E-004)  divx=  (7.21223018451512673E-004,-1.90114826995417172E-003)  kapx=  (-4.19996983835606470E-005,4.69475379732281386E-004)
 TRACE fcgl integrands=   3.5003521137565918E-005   5.0548543991322286E-006
 TRACE fcgl theta=  0.38867187500000000       dbob=  (-6.33582312429067365E-004,9.44691924874292818E-004)  divx=  (7.22851506014829479E-004,-1.87412086096787399E-003)  kapx=  (-4.46345967928810572E-005,4.64714468046790584E-004)
 TRACE fcgl integrands=   3.4159580908097703E-005   4.8869804508186260E-006
 TRACE fcgl theta=  0.39062500000000000       dbob=  (-6.29295788587001998E-004,9.27633756964213181E-004)  divx=  (7.23451218041011525E-004,-1.84771887013834260E-003)  kapx=  (-4.70777147270047634E-005,4.60042556587064711E-004)
 TRACE fcgl integrands=   3.3335006756337472E-005   4.7208885553566145E-006
 TRACE fcgl theta=  0.39257812500000000       dbob=  (-6.24378316670491998E-004,9.11043744765394482E-004)  divx=  (7.23046360628739628E-004,-1.82197387729330458E-003)  kapx=  (-4.93340219791238150E-005,4.55465066263955048E-004)
 TRACE fcgl integrands=   3.2530199151418977E-005   4.5567168803118921E-006
 TRACE fcgl theta=  0.39453125000000000       dbob=  (-6.18845118684001566E-004,8.94942224413461255E-004)  divx=  (7.21662453446169695E-004,-1.79691671916918597E-003)  kapx=  (-5.14086673810840644E-005,4.50987247377862359E-004)
 TRACE fcgl integrands=   3.1745569611287020E-005   4.3946094026733042E-006
 TRACE fcgl theta=  0.39648437500000000       dbob=  (-6.12712399862602188E-004,8.79349080212747550E-004)  divx=  (7.19326362260975507E-004,-1.77257743334765920E-003)  kapx=  (-5.33069811991866596E-005,4.46614176567455823E-004)
 TRACE fcgl integrands=   3.0981540217012292E-005   4.2347157941552076E-006
 TRACE fcgl theta=  0.39843750000000000       dbob=  (-6.05997371672891728E-004,8.64283691885686959E-004)  divx=  (7.16066326317335144E-004,-1.74898519792466775E-003)  kapx=  (-5.50344773222217077E-005,4.42350753019490396E-004)
 TRACE fcgl integrands=   3.0238542878855921E-005   4.0771912274539277E-006
 TRACE fcgl theta=  0.40039062500000000       dbob=  (-5.98718269717221033E-004,8.49764879642332638E-004)  divx=  (7.11911979922468766E-004,-1.72616826755907704E-003)  kapx=  (-5.65968551026238662E-005,4.38201693958372200E-004)
 TRACE fcgl integrands=   2.9517018361222575E-005   3.9221961049729111E-006
 TRACE fcgl theta=  0.40234375000000000       dbob=  (-5.90894366327092912E-004,8.35810847661788616E-004)  divx=  (7.06894367777386899E-004,-1.70415390656058542E-003)  kapx=  (-5.80000007251469936E-005,4.34171529449398400E-004)
 TRACE fcgl integrands=   2.8817415075885879E-005   3.7698957124552398E-006
 TRACE fcgl theta=  0.40429687500000000       dbob=  (-5.82545977763744278E-004,8.22439126530304793E-004)  divx=  (7.01045953749724997E-004,-1.68296831965362753E-003)  kapx=  (-5.92499879929903593E-005,4.30264596561661370E-004)
 TRACE fcgl integrands=   2.8140187654263725E-005   3.6204598006037496E-006
 TRACE fcgl theta=  0.40625000000000000       dbob=  (-5.73694466056249284E-004,8.09666515110460589E-004)  divx=  (6.94400622932293170E-004,-1.66263658100140508E-003)  kapx=  (-6.03530784380219430E-005,4.26485032945472244E-004)
 TRACE fcgl integrands=   2.7485795310144112E-005   3.4740620981324419E-006
 TRACE fcgl theta=  0.40820312500000000       dbob=  (-5.64362235594858186E-004,7.97509022228971116E-004)  divx=  (6.86993676952143539E-004,-1.64318256199850045E-003)  kapx=  (-6.13157206786426765E-005,4.22836769884764666E-004)
 TRACE fcgl integrands=   2.6854700004218840E-005   3.3308797598044137E-006
 TRACE fcgl theta=  0.41015625000000000       dbob=  (-5.54572724656379203E-004,7.85981808474931799E-004)  divx=  (6.78861822586661768E-004,-1.62462885825038279E-003)  kapx=  (-6.21445489651412824E-005,4.19323524887725498E-004)
 TRACE fcgl integrands=   2.6247364421241330E-005   3.1910927529106144E-006
 TRACE fcgl theta=  0.41210937500000000       dbob=  (-5.44350392067982874E-004,7.75099128303791433E-004)  divx=  (6.70043153802634631E-004,-1.60699671606218987E-003)  kapx=  (-6.28463808673258785E-005,4.15948793879199218E-004)
 TRACE fcgl integrands=   2.5664249769760423E-005   3.0548831853851764E-006
 TRACE fcgl theta=  0.41406250000000000       dbob=  (-5.33720699216710579E-004,7.64874272552774101E-004)  divx=  (6.60577127361341608E-004,-1.59030595866663086E-003)  kapx=  (-6.34282140723155144E-005,4.12715843056928381E-004)
 TRACE fcgl integrands=   2.5105813413403546E-005   2.9224345783988763E-006
 TRACE fcgl theta=  0.41601562500000000       dbob=  (-5.22710087586881990E-004,7.55319511398004195E-004)  divx=  (6.50504532129308056E-004,-1.57457491234003644E-003)  kapx=  (-6.38972222712130334E-005,4.09627700471016125E-004)
 TRACE fcgl integrands=   2.4572506341783637E-005   2.7939310858903968E-006
 TRACE fcgl theta=  0.41796875000000000       dbob=  (-5.11345951960875109E-004,7.46446037728171826E-004)  divx=  (6.39867452204554311E-004,-1.55982033249382561E-003)  kapx=  (-6.42607501218396006E-005,4.06687147382826894E-004)
 TRACE fcgl integrands=   2.4064770488473599E-005   2.6695566631521414E-006
 TRACE fcgl theta=  0.41992187500000000       dbob=  (-4.99656609356125252E-004,7.38263910878715515E-004)  divx=  (6.28709223917776113E-004,-1.54605732979191187E-003)  kapx=  (-6.45263072808254304E-005,4.03896709456598175E-004)
 TRACE fcgl integrands=   2.3583035903297582E-005   2.5494941863461915E-006
 TRACE fcgl theta=  0.42187500000000000       dbob=  (-4.87671263699167063E-004,7.30782000666924656E-004)  divx=  (6.17074386703853300E-004,-1.53329929633664263E-003)  kapx=  (-6.47015615023431188E-005,4.01258647834858986E-004)
 TRACE fcgl integrands=   2.3127717786551998E-005   2.4339245247402756E-006
 TRACE fcgl theta=  0.42382812500000000       dbob=  (-4.75419966163173645E-004,7.24007931693027777E-004)  divx=  (6.05008627769221892E-004,-1.52155783198869863E-003)  kapx=  (-6.47943308030241233E-005,3.98774950147835424E-004)
 TRACE fcgl integrands=   2.2699213393780427E-005   2.3230255675656597E-006
 TRACE fcgl theta=  0.42578125000000000       dbob=  (-4.62933571025740372E-004,7.17948027924236319E-004)  divx=  (5.92558720412966452E-004,-1.51084267093973181E-003)  kapx=  (-6.48125746936130398E-005,3.96447321507747746E-004)
 TRACE fcgl integrands=   2.2297898821422760E-005   2.2169712077359458E-006
 TRACE fcgl theta=  0.42773437500000000       dbob=  (-4.50243686845081318E-004,7.12607257655225907E-004)  divx=  (5.79772455801623107E-004,-1.50116160873794177E-003)  kapx=  (-6.47643844782708948E-005,3.94277175541357932E-004)
 TRACE fcgl integrands=   2.1924125686026801E-005   2.1159302852396176E-006
 TRACE fcgl theta=  0.42968750000000000       dbob=  (-4.37382622711157915E-004,7.07989179035319136E-004)  divx=  (5.66698567956623925E-004,-1.49252043007209578E-003)  kapx=  (-6.46579726227330053E-005,3.92265625518388320E-004)
 TRACE fcgl integrands=   2.1578217712690468E-005   2.0200654938250918E-006
 TRACE fcgl theta=  0.43164062500000000       dbob=  (-4.24383329307961507E-004,7.04095886464326057E-004)  divx=  (5.53386651694705040E-004,-1.48492283774281030E-003)  kapx=  (-6.45016611933717666E-005,3.90413475639242121E-004)
 TRACE fcgl integrands=   2.1260467251891512E-005   1.9295322556144679E-006
 TRACE fcgl theta=  0.43359375000000000       dbob=  (-4.11279334527453011E-004,7.00927958279101530E-004)  divx=  (5.39887073269670783E-004,-1.47837038338417544E-003)  kapx=  (-6.43038693711088863E-005,3.88721212552536953E-004)
 TRACE fcgl integrands=   2.0971131747714703E-005   1.8444775694763240E-006
 TRACE fcgl theta=  0.43554687500000000       dbob=  (-3.98104673406015394E-004,6.98484406274585564E-004)  divx=  (5.26250873501033357E-004,-1.47286240063619384E-003)  kapx=  (-6.40731000475089818E-005,3.87188997180804137E-004)
 TRACE fcgl integrands=   2.0710430184533517E-005   1.7650388403114209E-006
 TRACE fcgl theta=  0.43750000000000000       dbob=  (-3.84893812210851827E-004,6.96762627719453749E-004)  divx=  (5.12529663242016278E-004,-1.46839594160088076E-003)  kapx=  (-6.38179255155822255E-005,3.85816656940713505E-004)
 TRACE fcgl integrands=   2.0478539543255084E-005   1.6913426978031871E-006
 TRACE fcgl theta=  0.43945312500000000       dbob=  (-3.71681566584974854E-004,6.95758360630720912E-004)  divx=  (4.98775511134795751E-004,-1.46496571753432204E-003)  kapx=  (-6.35469722749104485E-005,3.84603678451800562E-004)
 TRACE fcgl integrands=   2.0275591302092185E-005   1.6235038145938430E-006
 TRACE fcgl theta=  0.44140625000000000       dbob=  (-3.58503013762492752E-004,6.95465643157820983E-004)  divx=  (4.85040823721996812E-004,-1.46256404482614645E-003)  kapx=  (-6.32689049797520301E-005,3.83549200834162733E-004)
 TRACE fcgl integrands=   2.0101668020292880E-005   1.5616237352039465E-006
 TRACE fcgl theta=  0.44335937500000000       dbob=  (-3.45393398986802518E-004,6.95876777989566761E-004)  divx=  (4.71378218125813905E-004,-1.46118079739032940E-003)  kapx=  (-6.29924095695056935E-005,3.82652009700381321E-004)
 TRACE fcgl integrands=   1.9956800046147363E-005   1.5057897282538044E-006
 TRACE fcgl theta=  0.44531250000000000       dbob=  (-3.32388036398171508E-004,6.96982302733087258E-004)  divx=  (4.57840387664291775E-004,-1.46080336663205750E-003)  kapx=  (-6.27261756330601335E-005,3.81910531949485120E-004)
 TRACE fcgl integrands=   1.9840962392749050E-005   1.4560736756096632E-006
 TRACE fcgl theta=  0.44726562500000000       dbob=  (-3.19522204798525179E-004,6.98770967219646206E-004)  divx=  (4.44479960941742043E-004,-1.46141663016086045E-003)  kapx=  (-6.24788780716084319E-005,3.81322831470607120E-004)
 TRACE fcgl integrands=   1.9754071826272554E-005   1.4125310129132045E-006
 TRACE fcgl theta=  0.44921875000000000       dbob=  (-3.06831038844392143E-004,7.01229718666816640E-004)  divx=  (4.31349355120275884E-004,-1.46300293038855301E-003)  kapx=  (-6.22591581379418704E-005,3.80886605860868187E-004)
 TRACE fcgl integrands=   1.9695984211853794E-005   1.3751997365140792E-006
 TRACE fcgl theta=  0.45117187500000000       dbob=  (-2.94349416358098508E-004,7.04343695569847775E-004)  divx=  (4.18500624244902821E-004,-1.46554206408135829E-003)  kapx=  (-6.20756039434021563E-005,3.80599184255755259E-004)
 TRACE fcgl integrands=   1.9666492161451297E-005   1.3440994920775991E-006
 TRACE fcgl theta=  0.45312500000000000       dbob=  (-2.82111842577029940E-004,7.08096231108505452E-004)  divx=  (4.05985303648940935E-004,-1.46901128383032328E-003)  kapx=  (-6.19367305359554978E-005,3.80457526360908913E-004)
 TRACE fcgl integrands=   1.9665323026313870E-005   1.3192307600586121E-006
 TRACE fcgl theta=  0.45507812500000000       dbob=  (-2.70152332276236648E-004,7.12468866741530066E-004)  divx=  (3.93854251603425012E-004,-1.47338531226554265E-003)  kapx=  (-6.18509596635941821E-005,3.80458222762006292E-004)
 TRACE fcgl integrands=   1.9692137273893835E-005   1.3005741528047867E-006
 TRACE fcgl theta=  0.45703125000000000       dbob=  (-2.58504290796521740E-004,7.17441376522535241E-004)  divx=  (3.82157489488419084E-004,-1.47863636967182415E-003)  kapx=  (-6.18265993459486717E-005,3.80597496574644457E-004)
 TRACE fcgl integrands=   1.9746527285275179E-005   1.2880898372750901E-006
 TRACE fcgl theta=  0.45898437500000000       dbob=  (-2.47200395085142870E-004,7.22991802512669575E-004)  divx=  (3.70944041851374747E-004,-1.48473421547137396E-003)  kapx=  (-6.18718233831159386E-005,3.80871206479352191E-004)
 TRACE fcgl integrands=   1.9828016604517654E-005   1.2817170962392308E-006
 TRACE fcgl theta=  0.46093750000000000       dbob=  (-2.36272475906765294E-004,7.29096501491326154E-004)  divx=  (3.60261777774647054E-004,-1.49164620382857501E-003)  kapx=  (-6.19946509339408801E-005,3.81274851168624429E-004)
 TRACE fcgl integrands=   1.9936059665854133E-005   1.2813740393776423E-006
 TRACE fcgl theta=  0.46289062500000000       dbob=  (-2.25751402406776440E-004,7.35730202981473621E-004)  divx=  (3.50157254999062801E-004,-1.49933735340935246E-003)  kapx=  (-6.22029262961431808E-005,3.81803575213939417E-004)
 TRACE fcgl integrands=   2.0070042018550378E-005   1.2869574739529319E-006
 TRACE fcgl theta=  0.46484375000000000       dbob=  (-2.15666970206712568E-004,7.42866078415895968E-004)  divx=  (3.40675568242147808E-004,-1.50777043109937134E-003)  kapx=  (-6.25042990177176197E-005,3.82452176341737684E-004)
 TRACE fcgl integrands=   2.0229281062584128E-005   1.2983429427043507E-006
 TRACE fcgl theta=  0.46679687500000000       dbob=  (-2.06047794182498412E-004,7.50475821079677461E-004)  divx=  (3.31860203108639347E-004,-1.51690604925780784E-003)  kapx=  (-6.29062044630704679E-005,3.83215114089065190E-004)
 TRACE fcgl integrands=   2.0413027301275053E-005   1.3153849343635208E-006
 TRACE fcgl theta=  0.46875000000000000       dbob=  (-1.96921207021122000E-004,7.58529736277615781E-004)  divx=  (3.23752896918480092E-004,-1.52670277586290691E-003)  kapx=  (-6.34158449486790462E-005,3.84086519792645566E-004)
 TRACE fcgl integrands=   2.0620466109755308E-005   1.3379172697453623E-006
 TRACE fcgl theta=  0.47070312500000000       dbob=  (-1.88313164571818044E-004,7.66996840997340276E-004)  divx=  (3.16393507675945273E-004,-1.53711725669765354E-003)  kapx=  (-6.40401715520636146E-005,3.85060207850156631E-004)
 TRACE fcgl integrands=   2.0850720010866885E-005   1.3657536637797106E-006
 TRACE fcgl theta=  0.47265625000000000       dbob=  (-1.80248158905630204E-004,7.75844972174095926E-004)  divx=  (3.09819892275778406E-004,-1.54810434853385956E-003)  kapx=  (-6.47858666850741012E-005,3.86129688179881816E-004)
 TRACE fcgl integrands=   2.1102851442858488E-005   1.3986884611682144E-006
 TRACE fcgl theta=  0.47460937500000000       dbob=  (-1.72749139874837877E-004,7.85040902515256951E-004)  divx=  (3.04067794891853499E-004,-1.55961726210534601E-003)  kapx=  (-6.56593275085078109E-005,3.87288179795044530E-004)
 TRACE fcgl integrands=   2.1375865996279418E-005   1.4364975406323915E-006
 TRACE fcgl theta=  0.47656250000000000       dbob=  (-1.65837445823900778E-004,7.94550462715141906E-004)  divx=  (2.99170746324897686E-004,-1.57160771351949309E-003)  kapx=  (-6.66666502504984539E-005,3.88528625402175594E-004)
 TRACE fcgl integrands=   2.1668716090867186E-005   1.4789393800207577E-006
 TRACE fcgl theta=  0.47851562500000000       dbob=  (-1.59532743949416519E-004,8.04338668786652722E-004)  divx=  (2.95159974902729912E-004,-1.58402608264437972E-003)  kapx=  (-6.78136154766566967E-005,3.89843706928863498E-004)
 TRACE fcgl integrands=   2.1980305057131458E-005   1.5257562719256568E-006
 TRACE fcgl theta=  0.48046875000000000       dbob=  (-1.53852980641456768E-004,8.14369853158349098E-004)  divx=  (2.92064329333665889E-004,-1.59682157692837747E-003)  kapx=  (-6.91056743461045608E-005,3.91225861885014187E-004)
 TRACE fcgl integrands=   2.2309491581865823E-005   1.5766756769874989E-006
 TRACE fcgl theta=  0.48242187500000000       dbob=  (-1.48814341966253913E-004,8.24607798135846464E-004)  divx=  (2.89910213716219466E-004,-1.60994239906208725E-003)  kapx=  (-7.05479358749827763E-005,3.92667300463120394E-004)
 TRACE fcgl integrands=   2.2655094472081277E-005   1.6314116997965910E-006
 TRACE fcgl theta=  0.48437500000000000       dbob=  (-1.44431224274440016E-004,8.35015870306659354E-004)  divx=  (2.88721534710580801E-004,-1.62333591687977095E-003)  kapx=  (-7.21451552180703927E-005,3.94160023286555796E-004)
 TRACE fcgl integrands=   2.3015897687943798E-005   1.6896666703038601E-006
 TRACE fcgl theta=  0.48632812500000000       dbob=  (-1.40716214744053227E-004,8.45557154478857585E-004)  divx=  (2.88519660684519619E-004,-1.63694883391912716E-003)  kapx=  (-7.39017229702331960E-005,3.95695839720134788E-004)
 TRACE fcgl integrands=   2.3390655592295147E-005   1.7511328119793814E-006
 TRACE fcgl theta=  0.48828125000000000       dbob=  (-1.37680081497705824E-004,8.56194585786606839E-004)  divx=  (2.89323392463068250E-004,-1.65072735911377826E-003)  kapx=  (-7.58216554826812131E-005,3.97266386663585713E-004)
 TRACE fcgl integrands=   2.3778098362304028E-005   1.8154939766648368E-006
 TRACE fcgl theta=  0.49023437500000000       dbob=  (-1.35331772773178357E-004,8.66891078669665242E-004)  divx=  (2.91148945142237936E-004,-1.66461737418091733E-003)  kapx=  (-7.79085861845297899E-005,3.98863147755626046E-004)
 TRACE fcgl integrands=   2.4176937507781744E-005   1.8824274251985808E-006
 TRACE fcgl theta=  0.49218750000000000       dbob=  (-1.33678424480863575E-004,8.77609651538038263E-004)  divx=  (2.94009940276552769E-004,-1.67856459738489395E-003)  kapx=  (-8.01657578978445969E-005,4.00477472923427844E-004)
 TRACE fcgl integrands=   2.4585871440722181E-005   1.9516056324840461E-006
 TRACE fcgl theta=  0.49414062500000000       dbob=  (-1.32725375354539809E-004,8.88313546065417226E-004)  divx=  (2.97917407622601336E-004,-1.69251474250338213E-003)  kapx=  (-8.25960161340307637E-005,4.02100598218982450E-004)
 TRACE fcgl integrands=   2.5003591041696041E-005   2.0226980957451392E-006
 TRACE fcgl theta=  0.49609375000000000       dbob=  (-1.32476188798292155E-004,8.98966340212770565E-004)  divx=  (3.02879795519793199E-004,-1.70641367199222634E-003)  kapx=  (-8.52018033607505220E-005,4.03723665889727890E-004)
 TRACE fcgl integrands=   2.5428785170811758E-005   2.0953731252720463E-006
 TRACE fcgl theta=  0.49804687500000000       dbob=  (-1.32932680456095218E-004,9.09532054262660993E-004)  divx=  (3.08902988918459767E-004,-1.72020754353360361E-003)  kapx=  (-8.79851542311822744E-005,4.05337744635471311E-004)
 TRACE fcgl integrands=   2.5860146073997756E-005   2.1692995979957353E-006
 TRACE fcgl theta=  0.50000000000000000       dbob=  (-1.34094950485086654E-004,9.19975249340621135E-004)  divx=  (3.15990334026861443E-004,-1.73384294935445072E-003)  kapx=  (-9.09476917708873945E-005,4.06933850006914791E-004)
 TRACE fcgl integrands=   2.6296374639277246E-005   2.2441486557092561E-006
 TRACE fcgl theta=  0.50195312500000000       dbob=  (-1.35961419501637049E-004,9.30261118106482645E-004)  divx=  (3.24142668544364645E-004,-1.74726704791212353E-003)  kapx=  (-9.40906245213637976E-005,4.08502964902820445E-004)
 TRACE fcgl integrands=   2.6736185462382230E-005   2.3195953316310432E-006
 TRACE fcgl theta=  0.50390625000000000       dbob=  (-1.38528867192633416E-004,9.40355567509239070E-004)  divx=  (3.33358356478825587E-004,-1.76042768775535523E-003)  kapx=  (-9.74147446430960852E-005,4.10036060123058078E-004)
 TRACE fcgl integrands=   2.7178311686344967E-005   2.3953200912130719E-006
 TRACE fcgl theta=  0.50585937500000000       dbob=  (-1.41792472643431026E-004,9.50225293706675588E-004)  divx=  (3.43633326611624825E-004,-1.77327352357381333E-003)  kapx=  (-1.00920426984096900E-004,4.11524114933568873E-004)
 TRACE fcgl integrands=   2.7621509585445379E-005   2.4710102755543499E-006
 TRACE fcgl theta=  0.50781250000000000       dbob=  (-1.45745855527809262E-004,9.59837849448047444E-004)  divx=  (3.54961113772237066E-004,-1.78575412464174860E-003)  kapx=  (-1.04607629122213902E-004,4.12958137596850579E-004)
 TRACE fcgl integrands=   2.8064562869895442E-005   2.5463614383947343E-006
 TRACE fcgl theta=  0.50976562500000000       dbob=  (-1.50381117431540074E-004,9.69161704396804950E-004)  divx=  (3.67332902212704556E-004,-1.79782007603325944E-003)  kapx=  (-1.08475892390582241E-004,4.14329185818227243E-004)
 TRACE fcgl integrands=   2.8506286693703558E-005   2.6210785703328701E-006
 TRACE fcgl theta=  0.51171875000000000       dbob=  (-1.55688882735905359E-004,9.78166299023572978E-004)  divx=  (3.80737570526468974E-004,-1.80942307313199232E-003)  kapx=  (-1.12524343895281808E-004,4.15628387054209673E-004)
 TRACE fcgl integrands=   2.8945531354080728E-005   2.6948772065329518E-006
 TRACE fcgl theta=  0.51367187500000000       dbob=  (-1.61658338665132873E-004,9.86822092820466203E-004)  divx=  (3.95161737730079492E-004,-1.82051601007068896E-003)  kapx=  (-1.16751699532473309E-004,4.16846958625111379E-004)
 TRACE fcgl integrands=   2.9381185676323467E-005   2.7674844166536930E-006
 TRACE fcgl theta=  0.51562500000000000       dbob=  (-1.68277274295354539E-004,9.95100607670865080E-004)  divx=  (4.10589810313369892E-004,-1.83105306281097151E-003)  kapx=  (-1.21156268009007677E-004,4.17976227570053213E-004)
 TRACE fcgl integrands=   2.9812180083146022E-005   2.8386396779572773E-006
 TRACE fcgl theta=  0.51757812500000000       dbob=  (-1.75532118524179647E-004,1.00297446724980700E-003)  divx=  (4.27004030255864633E-004,-1.84098976760779256E-003)  kapx=  (-1.25735955865842507E-004,4.19007650178992780E-004)
 TRACE fcgl integrands=   3.0237489351778336E-005   2.9080956344547929E-006
 TRACE fcgl theta=  0.51953125000000000       dbob=  (-1.83407977200332657E-004,1.01041743332666795E-003)  divx=  (4.44384524195844154E-004,-1.85028309559408959E-003)  kapx=  (-1.30488273497755749E-004,4.19932831133710822E-004)
 TRACE fcgl integrands=   3.0656135065658086E-005   2.9756187464551569E-006
 TRACE fcgl theta=  0.52148437500000000       dbob=  (-1.91888669802448453E-004,1.01740443979345748E-003)  divx=  (4.62709354114598326E-004,-1.85889152416954207E-003)  kapx=  (-1.35410342156074936E-004,4.20743542188042299E-004)
 TRACE fcgl integrands=   3.1067187770138677E-005   3.0409898359666364E-006
 TRACE fcgl theta=  0.52343750000000000       dbob=  (-2.00956766225582865E-004,1.02391162515051877E-003)  divx=  (4.81954570053092879E-004,-1.86677510578501225E-003)  kapx=  (-1.40498901913755020E-004,4.21431740317246739E-004)
 TRACE fcgl integrands=   3.1469768843265088E-005   3.1040045340373173E-006
 TRACE fcgl theta=  0.52539062500000000       dbob=  (-2.10593624374060234E-004,1.02991636405064886E-003)  divx=  (5.02094265502996346E-004,-1.87389553458526515E-003)  kapx=  (-1.45750320564468056E-004,4.21989585267308143E-004)
 TRACE fcgl integrands=   3.1863052093337480E-005   3.1644736363230499E-006
 TRACE fcgl theta=  0.52734375000000000       dbob=  (-2.20779429361902743E-004,1.03539729833868489E-003)  divx=  (5.23100636201461280E-004,-1.88021621121316836E-003)  kapx=  (-1.51160603419779268E-004,4.22409456437241736E-004)
 TRACE fcgl integrands=   3.2246265094749743E-005   3.2222233729720528E-006
 TRACE fcgl theta=  0.52929687500000000       dbob=  (-2.31493235180534702E-004,1.04033436783446120E-003)  divx=  (5.44944043103084801E-004,-1.88570230589646805E-003)  kapx=  (-1.56725403961275049E-004,4.22683969031003421E-004)
 TRACE fcgl integrands=   3.2618690272556574E-005   3.2770955983723636E-006
 TRACE fcgl theta=  0.53125000000000000       dbob=  (-2.42713009703002377E-004,1.04470884090232833E-003)  divx=  (5.67593080298984067E-004,-1.89032081974283461E-003)  kapx=  (-1.62440035297990845E-004,4.22805989420253141E-004)
 TRACE fcgl integrands=   3.2979665744536909E-005   3.3289479054980550E-006
 TRACE fcgl theta=  0.53320312500000000       dbob=  (-2.54415683852150928E-004,1.04850334464090295E-003)  divx=  (5.91014648599949739E-004,-1.89404064397064487E-003)  kapx=  (-1.68299482373899406E-004,4.22768649664870960E-004)
 TRACE fcgl integrands=   3.3328585927372969E-005   3.3776536686024174E-006
 TRACE fcgl theta=  0.53515625000000000       dbob=  (-2.66577205667109041E-004,1.05170189432378272E-003)  divx=  (6.15174035398528525E-004,-1.89683261661262206E-003)  kapx=  (-1.74298414865709742E-004,4.22565361144419671E-004)
 TRACE fcgl integrands=   3.3664901911151721E-005   3.4231020169414792E-006
 TRACE fcgl theta=  0.53710937500000000       dbob=  (-2.79172599860895497E-004,1.05428992153710089E-003)  divx=  (6.40035001276776272E-004,-1.89866957605821151E-003)  kapx=  (-1.80431200707940388E-004,4.22189827260555312E-004)
 TRACE fcgl integrands=   3.3988121603955767E-005   3.4651977411701613E-006
 TRACE fcgl theta=  0.53906250000000000       dbob=  (-2.92176033277393051E-004,1.05625430030378028E-003)  divx=  (6.65559873637706695E-004,-1.89952641065854700E-003)  kapx=  (-1.86691920180156822E-004,4.21636055177383360E-004)
 TRACE fcgl integrands=   3.4297809646058721E-005   3.5038611331330028E-006
 TRACE fcgl theta=  0.54101562500000000       dbob=  (-3.05560886436327900E-004,1.05758337036683026E-003)  divx=  (6.91709647417132912E-004,-1.89938010351428264E-003)  kapx=  (-1.93074380490402506E-004,4.20898366573726188E-004)
 TRACE fcgl integrands=   3.4593587091395463E-005   3.5390277590585477E-006
 TRACE fcgl theta=  0.54296875000000000       dbob=  (-3.19299831110368129E-004,1.05826695673276569E-003)  divx=  (7.18444092688514356E-004,-1.89820977150869188E-003)  kapx=  (-1.99572130789073114E-004,4.19971407387963094E-004)
 TRACE fcgl integrands=   3.4875130852723297E-005   3.5706481657317948E-006
 TRACE fcgl theta=  0.54492187500000000       dbob=  (-3.33364913620903651E-004,1.05829638455659145E-003)  divx=  (7.45721868718237074E-004,-1.89599669764154051E-003)  kapx=  (-2.06178477548666711E-004,4.18850156542474529E-004)
 TRACE fcgl integrands=   3.5142172906385414E-005   3.5986875191105392E-006
 TRACE fcgl theta=  0.54687500000000000       dbob=  (-3.47727643281390002E-004,1.05766448848463473E-003)  divx=  (7.73500643775019070E-004,-1.89272435576550205E-003)  kapx=  (-2.12886500246814534E-004,4.17529933640433662E-004)
 TRACE fcgl integrands=   3.5394499252930183E-005   3.6231251750989822E-006
 TRACE fcgl theta=  0.54882812500000000       dbob=  (-3.62359085172822819E-004,1.05636561566031469E-003)  divx=  (8.01737219757810756E-004,-1.88837842692619255E-003)  kapx=  (-2.19689067292493968E-004,4.16006405632938928E-004)
 TRACE fcgl integrands=   3.5631948631090142E-005   3.6439541827914636E-006
 TRACE fcgl theta=  0.55078125000000000       dbob=  (-3.77229956217988284E-004,1.05439562173756732E-003)  divx=  (8.30387660494522712E-004,-1.88294680665566623E-003)  kapx=  (-2.26578852138267214E-004,4.14275592459049458E-004)
 TRACE fcgl integrands=   3.5854410984778090E-005   3.6611807214306816E-006
 TRACE fcgl theta=  0.55273437500000000       dbob=  (-3.92310723341728952E-004,1.05175185943063828E-003)  divx=  (8.59407422390625481E-004,-1.87641960276127345E-003)  kapx=  (-2.33548349524448264E-004,4.12333871665317587E-004)
 TRACE fcgl integrands=   3.6061825685750626E-005   3.6748234735379043E-006
 TRACE fcgl theta=  0.55468750000000000       dbob=  (-4.07571702373808221E-004,1.04843315934829789E-003)  divx=  (8.88751485982252937E-004,-1.86878912337826880E-003)  kapx=  (-2.40589891804222358E-004,4.10177982014985456E-004)
 TRACE fcgl integrands=   3.6254179518314611E-005   3.6849129380990268E-006
 TRACE fcgl theta=  0.55664062500000000       dbob=  (-4.22983156277021745E-004,1.04443980310402413E-003)  divx=  (9.18374486880523867E-004,-1.86004985530440533E-003)  kapx=  (-2.47695665301751061E-004,4.07805026100190602E-004)
 TRACE fcgl integrands=   3.6431504436739955E-005   3.6914906892465329E-006
 TRACE fcgl theta=  0.55859375000000000       dbob=  (-4.38515391270919634E-004,1.03977348894834353E-003)  divx=  (9.48230844587106842E-004,-1.85019843289529660E-003)  kapx=  (-2.54857726658093604E-004,4.05212471973476532E-004)
 TRACE fcgl integrands=   3.6593875110695599E-005   3.6946085874670083E-006
 TRACE fcgl theta=  0.56054687500000000       dbob=  (-4.54138849472603189E-004,1.03443729042141633E-003)  divx=  (9.78274887717330531E-004,-1.83923359805693103E-003)  kapx=  (-2.62068019122363698E-004,4.02398153817757351E-004)
 TRACE fcgl integrands=   3.6741406278808874E-005   3.6943279518857142E-006
 TRACE fcgl theta=  0.56250000000000000       dbob=  (-4.69824196788823118E-004,1.02843560875924534E-003)  divx=  (1.00846097428458604E-003,-1.82715615211267828E-003)  kapx=  (-2.69318388747881486E-004,3.99360271676716468E-004)
 TRACE fcgl integrands=   3.6874249935119814E-005   3.6907187035373707E-006
 TRACE fcgl theta=  0.56445312500000000       dbob=  (-4.85542404962815771E-004,1.02177411999203197E-003)  divx=  (1.03874360587328011E-003,-1.81396890053319533E-003)  kapx=  (-2.76600600455232195E-004,3.96097390270581679E-004)
 TRACE fcgl integrands=   3.6992592377508138E-005   3.6838584906308193E-006
 TRACE fcgl theta=  0.56640625000000000       dbob=  (-5.01264826896692032E-004,1.01445971783650541E-003)  divx=  (1.06907753474904245E-003,-1.79967659168719148E-003)  kapx=  (-2.83906353926175207E-004,3.92608436925343039E-004)
 TRACE fcgl integrands=   3.7096651150879810E-005   3.6738318075785465E-006
 TRACE fcgl theta=  0.56835937500000000       dbob=  (-5.16963264624456303E-004,1.00650045359577597E-003)  divx=  (1.09941786321313714E-003,-1.78428585088930935E-003)  kapx=  (-2.91227299294340419E-004,3.88892698646766690E-004)
 TRACE fcgl integrands=   3.7186671920795214E-005   3.6607291199281878E-006
 TRACE fcgl theta=  0.57031250000000000       dbob=  (-5.32610029588702783E-004,9.97905474333643213E-004)  divx=  (1.12972013479013030E-003,-1.76780511108172835E-003)  kapx=  (-2.98555052600713760E-004,3.84949818374042568E-004)
 TRACE fcgl integrands=   3.7262925315133689E-005   3.6446460072631896E-006
 TRACE fcgl theta=  0.57226562500000000       dbob=  (-5.48177995160822624E-004,9.88684960581788031E-004)  divx=  (1.15994041712907275E-003,-1.75024454148470297E-003)  kapx=  (-3.05881210984125062E-004,3.80779790451457470E-004)
 TRACE fcgl integrands=   3.7325703772189539E-005   3.6256823356188845E-006
 TRACE fcgl theta=  0.57421875000000000       dbob=  (-5.63640641624888546E-004,9.78850064767955615E-004)  divx=  (1.19003537678370503E-003,-1.73161597548808022E-003)  kapx=  (-3.13197367579408240E-004,3.76382955360062303E-004)
 TRACE fcgl integrands=   3.7375318433211623E-005   3.6039414699982037E-006
 TRACE fcgl theta=  0.57617187500000000       dbob=  (-5.78972094104124855E-004,9.68412851424743410E-004)  divx=  (1.21996234630137039E-003,-1.71193283893416128E-003)  kapx=  (-3.20495126098622768E-004,3.71759993754708937E-004)
 TRACE fcgl integrands=   3.7412096115816553E-005   3.5795295362031623E-006
 TRACE fcgl theta=  0.57812500000000000       dbob=  (-5.94147154132255409E-004,9.57386240059111869E-004)  divx=  (1.24967938427980162E-003,-1.69121007976904755E-003)  kapx=  (-3.27766115073773107E-004,3.66911919854967842E-004)
 TRACE fcgl integrands=   3.7436376401976162E-005   3.5525547394817880E-006
 TRACE fcgl theta=  0.58007812500000000       dbob=  (-6.09141325748097334E-004,9.45783951342409859E-004)  divx=  (1.27914532923359653E-003,-1.66946409982463169E-003)  kapx=  (-3.35002001742749596E-004,3.61840074241110918E-004)
 TRACE fcgl integrands=   3.7448508870501168E-005   3.5231267455027747E-006
 TRACE fcgl theta=  0.58203125000000000       dbob=  (-6.23930837111567860E-004,9.33620457032300916E-004)  divx=  (1.30831984823903333E-003,-1.64671268924904851E-003)  kapx=  (-3.42194505563732734E-004,3.56546116108373795E-004)
 TRACE fcgl integrands=   3.7448850499274331E-005   3.4913561270056196E-006
 TRACE fcgl theta=  0.58398437500000000       dbob=  (-6.38492658696960527E-004,9.20910933775953523E-004)  divx=  (1.33716348139084813E-003,-1.62297496384397957E-003)  kapx=  (-3.49335411346943800E-004,3.51032015034013025E-004)
 TRACE fcgl integrands=   3.7437763257131008E-005   3.4573538772343863E-006
 TRACE fcgl theta=  0.58593750000000000       dbob=  (-6.52804519112853933E-004,9.07671220683664570E-004)  divx=  (1.36563768310525233E-003,-1.59827130530783702E-003)  kapx=  (-3.56416581996199197E-004,3.45300042312086226E-004)
 TRACE fcgl integrands=   3.7415611899470566E-005   3.4212309890582094E-006
 TRACE fcgl theta=  0.58789062500000000       dbob=  (-6.66844919529210141E-004,8.93917780319033279E-004)  divx=  (1.39370486124156564E-003,-1.57262330413973357E-003)  kapx=  (-3.63429970856177752E-004,3.39352761910350145E-004)
 TRACE fcgl integrands=   3.7382761975672726E-005   3.3830980966163822E-006
 TRACE fcgl theta=  0.58984375000000000       dbob=  (-6.80593147566459331E-004,8.79667662540381274E-004)  divx=  (1.42132841489520903E-003,-1.54605370474475987E-003)  kapx=  (-3.70367633664374851E-004,3.33193021102189298E-004)
 TRACE fcgl integrands=   3.7339578050444319E-005   3.3430651745000094E-006
 TRACE fcgl theta=  0.59179687500000000       dbob=  (-6.94029291327740881E-004,8.64938470460802794E-004)  divx=  (1.44847277154631611E-003,-1.51858635210891922E-003)  kapx=  (-3.77221740109287616E-004,3.26823940824058211E-004)
 TRACE fcgl integrands=   3.7286422135597875E-005   3.3012412879813277E-006
 TRACE fcgl theta=  0.59375000000000000       dbob=  (-7.07134254045796548E-004,8.49748327681004506E-004)  divx=  (1.47510342404233549E-003,-1.49024613929229512E-003)  kapx=  (-3.83984584998269473E-004,3.20248905805645308E-004)
 TRACE fcgl integrands=   3.7223652323699410E-005   3.2577343866948022E-006
 TRACE fcgl theta=  0.59570312500000000       dbob=  (-7.19889769584216807E-004,8.34115845896493983E-004)  divx=  (1.50118696766345723E-003,-1.46105895492847928E-003)  kapx=  (-3.90648599039620213E-004,3.13471554515992647E-004)
 TRACE fcgl integrands=   3.7151621610728877E-005   3.2126511335058424E-006
 TRACE fcgl theta=  0.59765625000000000       dbob=  (-7.32278418794292483E-004,8.18060091991647926E-004)  divx=  (1.52669113728168119E-003,-1.43105162992012260E-003)  kapx=  (-3.97206359243694354E-004,3.06495768964237336E-004)
 TRACE fcgl integrands=   3.7070676891534037E-005   3.1660967600980823E-006
 TRACE fcgl theta=  0.59960937500000000       dbob=  (-7.44283646499176339E-004,8.01600553806602976E-004)  divx=  (1.55158484439343208E-003,-1.40025188258422958E-003)  kapx=  (-4.03650598947127869E-004,2.99325664388813304E-004)
 TRACE fcgl integrands=   3.6981158109548061E-005   3.1181749410627661E-006
 TRACE fcgl theta=  0.60156250000000000       dbob=  (-7.55889778671491909E-004,7.84757103893877301E-004)  divx=  (1.57583821359691119E-003,-1.36868826162177921E-003)  kapx=  (-4.09974217462709639E-004,2.91965578863950955E-004)
 TRACE fcgl integrands=   3.6883397541039522E-005   3.0689876789581448E-006
 TRACE fcgl theta=  0.60351562500000000       dbob=  (-7.67082039202378200E-004,7.67549960761478370E-004)  divx=  (1.59942261791236350E-003,-1.33639008645641951E-003)  kapx=  (-4.16170289354992652E-004,2.84420062847470572E-004)
 TRACE fcgl integrands=   3.6777719194069611E-005   3.0186351938695541E-006
 TRACE fcgl theta=  0.60546875000000000       dbob=  (-7.77846565540256450E-004,7.49999647316339311E-004)  divx=  (1.62231071221749057E-003,-1.30338738469506924E-003)  kapx=  (-4.22232073338617059E-004,2.76693868689364963E-004)
 TRACE fcgl integrands=   3.6664438303296659E-005   2.9672158123717792E-006
 TRACE fcgl theta=  0.60742187500000000       dbob=  (-7.88170422414067413E-004,7.32126946462115214E-004)  divx=  (1.64447646399942349E-003,-1.26971082669557599E-003)  kapx=  (-4.28153020792678037E-004,2.68791940116730390E-004)
 TRACE fcgl integrands=   3.6543860903674547E-005   2.9148258523847683E-006
 TRACE fcgl theta=  0.60937500000000000       dbob=  (-7.98041612852705309E-004,7.13952854053064392E-004)  divx=  (1.66589518061367129E-003,-1.23539165746774622E-003)  kapx=  (-4.33926783880482991E-004,2.60719401707340916E-004)
 TRACE fcgl integrands=   3.6416283468785722E-005   2.8615595021257947E-006
 TRACE fcgl theta=  0.61132812500000000       dbob=  (-8.07449085769825175E-004,6.95498529644770873E-004)  divx=  (1.68654353228990918E-003,-1.20046162636836874E-003)  kapx=  (-4.39547223260042003E-004,2.52481548361798932E-004)
 TRACE fcgl integrands=   3.6281992602834799E-005   2.8075086930886004E-006
 TRACE fcgl theta=  0.61328125000000000       dbob=  (-8.16382739497555250E-004,6.76785245697166882E-004)  divx=  (1.70639957023110229E-003,-1.16495291526246252E-003)  kapx=  (-4.45008415366773520E-004,2.44083834782647820E-004)
 TRACE fcgl integrands=   3.6141264778977835E-005   2.7527629686234663E-006
 TRACE fcgl theta=  0.61523437500000000       dbob=  (-8.24833420816194793E-004,6.57834336061461906E-004)  divx=  (1.72544273930931905E-003,-1.12889806599794748E-003)  kapx=  (-4.50304659246562129E-004,2.35531864968242788E-004)
 TRACE fcgl integrands=   3.5994366120436947E-005   2.6974093511518738E-006
 TRACE fcgl theta=  0.61718750000000000       dbob=  (-8.32792919228970887E-004,6.38667144708471215E-004)  divx=  (1.74365388505820377E-003,-1.09232990816727593E-003)  kapx=  (-4.55430482914616439E-004,2.26831381729402357E-004)
 TRACE fcgl integrands=   3.5841552224507920E-005   2.6415322122439916E-006
 TRACE fcgl theta=  0.61914062500000000       dbob=  (-8.40253956457849235E-004,6.19304975722746623E-004)  divx=  (1.76101525488554420E-003,-1.05528148819838638E-003)  kapx=  (-4.60380649213847483E-004,2.17988256237819876E-004)
 TRACE fcgl integrands=   3.5683068032872667E-005   2.5852131506468679E-006
 TRACE fcgl theta=  0.62109375000000000       dbob=  (-8.47210171373160171E-004,5.99769045590052671E-004)  divx=  (1.77751049366478629E-003,-1.01778600082356747E-003)  kapx=  (-4.65150161145813060E-004,2.09008477616757398E-004)
 TRACE fcgl integrands=   3.5519147754374392E-005   2.5285308838304878E-006
 TRACE fcgl theta=  0.62304687500000000       dbob=  (-8.53656100800347832E-004,5.80080438744289017E-004)  divx=  (1.79312463409600303E-003,-9.79876723917214769E-004)  kapx=  (-4.69734266647827596E-004,1.99898142586462876E-004)
 TRACE fcgl integrands=   3.5350014848421658E-005   2.4715611586921717E-006
 TRACE fcgl theta=  0.62500000000000000       dbob=  (-8.59587156855944339E-004,5.60260067217301745E-004)  divx=  (1.80784408243918858E-003,-9.41586957574977977E-004)  kapx=  (-4.74128462791622120E-004,1.90663445178838116E-004)
 TRACE fcgl integrands=   3.5175882078328247E-005   2.4143766867275052E-006
 TRACE fcgl theta=  0.62695312500000000       dbob=  (-8.64999601637529811E-004,5.40328635058487101E-004)  divx=  (1.82165660040143240E-003,-9.02949968134292682E-004)  kapx=  (-4.78328499381951296E-004,1.81310666537902790E-004)
 TRACE fcgl integrands=   3.4996951644087814E-005   2.3570471082612489E-006
 TRACE fcgl theta=  0.62890625000000000       dbob=  (-8.69890520216846388E-004,5.20306607971576405E-004)  divx=  (1.83455128409225647E-003,-8.63998937620282024E-004)  kapx=  (-4.82330381937705040E-004,1.71846164824352810E-004)
 TRACE fcgl integrands=   3.4813415403300415E-005   2.2996389892793890E-006
 TRACE fcgl theta=  0.63085937500000000       dbob=  (-8.74257792952555100E-004,5.00214188367084536E-004)  divx=  (1.84651854103896505E-003,-8.24766918854637340E-004)  kapx=  (-4.86130374043204974E-004,1.62276365243776402E-004)
 TRACE fcgl integrands=   3.4625455187245530E-005   2.2422158530790351E-006
 TRACE fcgl theta=  0.63281250000000000       dbob=  (-8.78100068143893128E-004,4.80071295766426533E-004)  divx=  (1.85755006627047253E-003,-7.85286796203875023E-004)  kapx=  (-4.89724999063289755E-004,1.52607750218724245E-004)
 TRACE fcgl integrands=   3.4433243216520729E-005   2.1848382474356385E-006
 TRACE fcgl theta=  0.63476562500000000       dbob=  (-8.81416735987674334E-004,4.59897552234110509E-004)  divx=  (1.86763881843204959E-003,-7.45591251683565032E-004)  kapx=  (-4.93111041222187626E-004,1.42846849724727261E-004)
 TRACE fcgl integrands=   3.4236942617375169E-005   2.1275638463681554E-006
 TRACE fcgl theta=  0.63671875000000000       dbob=  (-8.84207904681551162E-004,4.39712272274349206E-004)  divx=  (1.87677899678729654E-003,-7.05712735893192027E-004)  kapx=  (-4.96285546052872687E-004,1.33000231809421411E-004)
 TRACE fcgl integrands=   3.4036708036050285E-005   2.0704475839578935E-006
 TRACE fcgl theta=  0.63867187500000000       dbob=  (-8.86474379343370027E-004,4.19534456423133282E-004)  divx=  (1.88496601980367743E-003,-6.65683443047581725E-004)  kapx=  (-4.99245820230153703E-004,1.23074493312224221E-004)
 TRACE fcgl integrands=   3.3832686344309637E-005   2.0135418161430007E-006
 TRACE fcgl theta=  0.64062500000000000       dbob=  (-8.88217644200341790E-004,3.99382787609478605E-004)  divx=  (1.89219650581436550E-003,-6.25535289208561268E-004)  kapx=  (-5.01989430807011803E-004,1.13076250799541331E-004)
 TRACE fcgl integrands=   3.3625017425141216E-005   1.9568965050568806E-006
 TRACE fcgl theta=  0.64257812500000000       dbob=  (-8.89439848256325756E-004,3.79275629260169677E-004)  divx=  (1.89846825601490670E-003,-5.85299892714939360E-004)  kapx=  (-5.04514203879290473E-004,1.03012131727384841E-004)
 TRACE fcgl integrands=   3.3413835023596601E-005   1.9005594193863636E-006
 TRACE fcgl theta=  0.64453125000000000       dbob=  (-8.90143794386367591E-004,3.59231024087356624E-004)  divx=  (1.90378023980353260E-003,-5.45008555766857594E-004)  kapx=  (-5.06818222708582504E-004,9.28887658397504850E-005)
 TRACE fcgl integrands=   3.3199267644137957E-005   1.8445763434580283E-006
 TRACE fcgl theta=  0.64648437500000000       dbob=  (-8.90332931551520248E-004,3.39266692529822294E-004)  divx=  (1.90813258222521497E-003,-5.04692246144437134E-004)  kapx=  (-5.08899825336847416E-004,8.27127768073074201E-005)
 TRACE fcgl integrands=   3.2981439472926212E-005   1.7889912873641287E-006
 TRACE fcgl theta=  0.64843750000000000       dbob=  (-8.90011349590630546E-004,3.19400029914579560E-004)  divx=  (1.91152655304817299E-003,-4.64381578128892833E-004)  kapx=  (-5.10757601728771223E-004,7.24907741071566367E-005)
 TRACE fcgl integrands=   3.2760471301392767E-005   1.7338466904381784E-006
 TRACE fcgl theta=  0.65039062500000000       dbob=  (-8.89183775844684817E-004,2.99648101559213582E-004)  divx=  (1.91396455680299172E-003,-4.24106791840900027E-004)  kapx=  (-5.12390390479153506E-004,6.22293451408432226E-005)
 TRACE fcgl integrands=   3.2536481426350989E-005   1.6791836107840713E-006
 TRACE fcgl theta=  0.65234375000000000       dbob=  (-8.87855572716979746E-004,2.80027635236924444E-004)  divx=  (1.91545012296217968E-003,-3.83897730406372009E-004)  kapx=  (-5.13797275122599914E-004,5.19350475847237827E-005)
 TRACE fcgl integrands=   3.2309586501918882E-005   1.6250418943319429E-006
 TRACE fcgl theta=  0.65429687500000000       dbob=  (-8.86032735179040939E-004,2.60555010662078250E-004)  divx=  (1.91598789534237258E-003,-3.43783814590845581E-004)  kapx=  (-5.14977580081665874E-004,4.16144019643836652E-005)
 TRACE fcgl integrands=   3.2079902319683451E-005   1.5714603179936406E-006
 TRACE fcgl theta=  0.65625000000000000       dbob=  (-8.83721887204429136E-004,2.41246245908709520E-004)  divx=  (1.91558361977924312E-003,-3.03794014795252235E-004)  kapx=  (-5.15930866287406991E-004,3.12738844432713573E-005)
 TRACE fcgl integrands=   3.1847544495817393E-005   1.5184767028598921E-006
 TRACE fcgl theta=  0.65820312500000000       dbob=  (-8.80930276152630315E-004,2.22116980930786237E-004)  divx=  (1.91424412915922959E-003,-2.63956820561226150E-004)  kapx=  (-5.16656926503299640E-004,2.09199198152199565E-005)
 TRACE fcgl integrands=   3.1612629047178931E-005   1.4661279949409650E-006
 TRACE fcgl theta=  0.66015625000000000       dbob=  (-8.77665764230939512E-004,2.03182458594105989E-004)  divx=  (1.91197732499065291E-003,-2.24300207976276694E-004)  kapx=  (-5.17155780379856701E-004,1.05588746910853526E-005)
 TRACE fcgl integrands=   3.1375272842637471E-005   1.4144503126153584E-006
 TRACE fcgl theta=  0.66210937500000000       dbob=  (-8.73936816327093558E-004,1.84457503839373772E-004)  divx=  (1.90879215485376835E-003,-1.84851605582239908E-004)  kapx=  (-5.17427669263337449E-004,1.97050871433068005E-007)
 TRACE fcgl integrands=   3.1135593920784839E-005   1.3634789616214013E-006
 TRACE fcgl theta=  0.66406250000000000       dbob=  (-8.69752483718941533E-004,1.65956501760145702E-004)  divx=  (1.90469858527468508E-003,-1.45637859559983929E-004)  kapx= (-5.17473050777871773E-004,-1.01593211000808867E-005)
 TRACE fcgl integrands=   3.0893711670565805E-005   1.3132484200115534E-006
 TRACE fcgl theta=  0.66601562500000000       dbob=  (-8.65122383415903155E-004,1.47693375487034515E-004)  divx=  (1.89970756980890497E-003,-1.06685199078436027E-004)  kapx= (-5.17292593196500960E-004,-2.05040882042992439E-005)
 TRACE fcgl integrands=   3.0649746876941462E-005   1.2637922968994737E-006
 TRACE fcgl theta=  0.66796875000000000       dbob=  (-8.60056673154113607E-004,1.29681564813432495E-004)  divx=  (1.89383101238049453E-003,-6.80192027486943666E-005)  kapx= (-5.16887169613190409E-004,-3.08311810323690644E-005)
 TRACE fcgl integrands=   3.0403821639189669E-005   1.2151432699882574E-006
 TRACE fcgl theta=  0.66992187500000000       dbob=  (-8.54566022335552966E-004,1.11934006475144777E-004)  divx=  (1.88708172618571712E-003,-2.96647671110813380E-005)  kapx= (-5.16257851925082129E-004,-4.11346196820317180E-005)
 TRACE fcgl integrands=   3.0156059174578903E-005   1.1673330077131287E-006
 TRACE fcgl theta=  0.67187500000000000       dbob=  (-8.48661579453211662E-004,9.44631169081652301E-005)  divx=   (1.87947338871773638E-003,8.35392199470252714E-006)  kapx= (-5.15405904632262359E-004,-5.14085194514338794E-005)
 TRACE fcgl integrands=   2.9906583524656025E-005   1.1203920823202485E-006
 TRACE fcgl theta=  0.67382812500000000       dbob=  (-8.42354936762747687E-004,7.72807781614116829E-005)  divx=   (1.87102049368520571E-003,4.60134144630995571E-005)  kapx= (-5.14332778461229012E-004,-6.16470963122556166E-005)
 TRACE fcgl integrands=   2.9655519185033496E-005   1.0743498803148236E-006
 TRACE fcgl theta=  0.67578125000000000       dbob=  (-8.35658093131394063E-004,6.03983274444973455E-005)  divx=   (1.86173830076760824E-003,8.32910168335725126E-005)  kapx= (-5.13040103818107086E-004,-7.18446721390349257E-005)
 TRACE fcgl integrands=   2.9402990682159718E-005   1.0292345164486929E-006
 TRACE fcgl theta=  0.67773437500000000       dbob=  (-8.28583416105391061E-004,4.38265505581211505E-005)  divx=   (1.85164278426231126E-003,1.20164808776348922E-004)  kapx= (-5.11529684078460044E-004,-8.19956796672350398E-005)
 TRACE fcgl integrands=   2.9149122121969822E-005   9.8507275680438670E-007
 TRACE fcgl theta=  0.67968750000000000       dbob=  (-8.21143604280261553E-004,2.75756792023258576E-005)  divx=   (1.84075058172471044E-003,1.56613655095889698E-004)  kapx= (-5.09803488722224444E-004,-9.20946671491077709E-005)
 TRACE fcgl integrands=   2.8894036735477322E-005   9.4188995561542706E-007
 TRACE fcgl theta=  0.68164062500000000       dbob=  (-8.13351651030438678E-004,1.16553919032422948E-005)  divx=   (1.82907894367985457E-003,1.92617213444792971E-004)  kapx= (-5.07863646324707946E-004,-1.02136302674017630E-004)
 TRACE fcgl integrands=   2.8637856445270609E-005   8.9971000930463755E-007
 TRACE fcgl theta=  0.68359375000000000       dbob= (-8.05220810557460065E-004,-3.92518194015092967E-006)  divx=   (1.81664568539266946E-003,2.28155938177558359E-004)  kapx= (-5.05712437417604700E-004,-1.12115378118703713E-004)
 TRACE fcgl integrands=   2.8380701474588112E-005   8.5855532990017376E-007
 TRACE fcgl theta=  0.68554687500000000       dbob= (-7.96764567055209148E-004,-1.91574555944118872E-005)  divx=   (1.80346914152989006E-003,2.63211080980780036E-004)  kapx= (-5.03352287237340454E-004,-1.22026812693184071E-004)
 TRACE fcgl integrands=   2.8122690017287814E-005   8.1844683858924243E-007
 TRACE fcgl theta=  0.68750000000000000       dbob= (-7.87996607576755951E-004,-3.40333769796109434E-005)  divx=   (1.78956812434001014E-003,2.97764689078785735E-004)  kapx= (-5.00785758381627148E-004,-1.31865656049587402E-004)
 TRACE fcgl integrands=   2.7863937982787911E-005   7.7940397877975961E-007
 TRACE fcgl theta=  0.68945312500000000       dbob= (-7.78930798934214410E-004,-4.85454200715117789E-005)  divx=   (1.77496188573134702E-003,3.31799601919937855E-004)  kapx= (-4.98015543398566251E-004,-1.41627090924213028E-004)
 TRACE fcgl integrands=   2.7604558825165055E-005   7.4144474674782041E-007
 TRACE fcgl theta=  0.69140625000000000       dbob= (-7.69581168687325477E-004,-6.26865767156375693E-005)  divx=   (1.75967008335902678E-003,3.65299447290444836E-004)  kapx= (-4.95044457335850653E-004,-1.51306435287403647E-004)
 TRACE fcgl integrands=   2.7344663460324807E-005   7.0458573683112739E-007
 TRACE fcgl theta=  0.69335937500000000       dbob= (-7.59961889996528268E-004,-7.64503498134936032E-005)  divx=   (1.74371275055715974E-003,3.98248637776071944E-004)  kapx= (-4.91875430280315734E-004,-1.60899143981289177E-004)
 TRACE fcgl integrands=   2.7084360269789669E-005   6.6884219725181869E-007
 TRACE fcgl theta=  0.69531250000000000       dbob= (-7.50087269850903968E-004,-8.98307487346461272E-005)  divx=   (1.72711026969125762E-003,4.30632368398374652E-004)  kapx= (-4.88511499920176828E-004,-1.70400809831864269E-004)
 TRACE fcgl integrands=   2.6823755184478883E-005   6.3422809206490183E-007
 TRACE fcgl theta=  0.69726562500000000       dbob= (-7.39971739948426283E-004,-1.02822287638811857E-004)  divx=   (1.70988334827558756E-003,4.62436616096829412E-004)  kapx= (-4.84955804163580636E-004,-1.79807164229008791E-004)
 TRACE fcgl integrands=   2.6562951837155654E-005   6.0075616446043954E-007
 TRACE fcgl theta=  0.69921875000000000       dbob= (-7.29629849321477924E-004,-1.15419987169995786E-004)  divx=   (1.69205299701657573E-003,4.93648141521289331E-004)  kapx= (-4.81211573847548904E-004,-1.89114077175646779E-004)
 TRACE fcgl integrands=   2.6302051768248728E-005   5.6843799670756443E-007
 TRACE fcgl theta=  0.70117187500000000       dbob= (-7.19076257677290337E-004,-1.27619379724380289E-004)  divx=   (1.67364050881921322E-003,5.24254493354343095E-004)  kapx= (-4.77282125570961441E-004,-1.98317556814981403E-004)
 TRACE fcgl integrands=   2.6041154666723964E-005   5.3728406240341111E-007
 TRACE fcgl theta=  0.70312500000000000       dbob= (-7.08325728369743417E-004,-1.39416518212129954E-004)  divx=   (1.65466743773761880E-003,5.54244015116887195E-004)  kapx= (-4.73170854683937689E-004,-2.07413748452378620E-004)
 TRACE fcgl integrands=   2.5780358625749120E-005   5.0730376734833817E-007
 TRACE fcgl theta=  0.70507812500000000       dbob= (-6.97393119939903640E-004,-1.50807987949346634E-004)  divx=   (1.63515557686771821E-003,5.83605854140708201E-004)  kapx= (-4.68881228463907283E-004,-2.16398933095680770E-004)
 TRACE fcgl integrands=   2.5519760392155915E-005   4.7850547625995083E-007
 TRACE fcgl theta=  0.70703125000000000       dbob= (-6.86293375257061140E-004,-1.61790921049392768E-004)  divx=   (1.61512693426886923E-003,6.12329972138037060E-004)  kapx= (-4.64416779505904046E-004,-2.25269525544322146E-004)
 TRACE fcgl integrands=   2.5259455589190187E-005   4.5089652359919104E-007
 TRACE fcgl theta=  0.70898437500000000       dbob= (-6.75041507454052334E-004,-1.72363012451073866E-004)  divx=   (1.59460370615677671E-003,6.40407156577658021E-004)  kapx= (-4.59781099351362188E-004,-2.34022072063292091E-004)
 TRACE fcgl integrands=   2.4999538893713920E-005   4.2448320793818882E-007
 TRACE fcgl theta=  0.71093750000000000       dbob= (-6.63652582069945230E-004,-1.82522536541154074E-004)  divx=   (1.57360824682206625E-003,6.67829031906533831E-004)  kapx= (-4.54977832376060511E-004,-2.42653247682689878E-004)
 TRACE fcgl integrands=   2.4740104151778866E-005   3.9927077047369300E-007
 TRACE fcgl theta=  0.71289062500000000       dbob= (-6.52141695075358560E-004,-1.92268363213492536E-004)  divx=   (1.55216303498356884E-003,6.94588069547666018E-004)  kapx= (-4.50010669954105142E-004,-2.51159853167086714E-004)
 TRACE fcgl integrands=   2.4481244420165505E-005   3.7526335940322415E-007
 TRACE fcgl theta=  0.71484375000000000       dbob= (-6.40523946743353357E-004,-2.01599972165730031E-004)  divx=   (1.53029063656552220E-003,7.20677595568175152E-004)  kapx= (-4.44883344911084424E-004,-2.59538811701222534E-004)
 TRACE fcgl integrands=   2.4223051925857597E-005   3.5246398286111991E-007
 TRACE fcgl theta=  0.71679687500000000       dbob= (-6.28814411622700227E-004,-2.10517464271118367E-004)  divx=   (1.50801366417480250E-003,7.46091794950300407E-004)  kapx= (-4.39599626276051137E-004,-2.67787165339590993E-004)
 TRACE fcgl integrands=   2.3965617940250657E-005   3.3087445389493568E-007
 TRACE fcgl theta=  0.71875000000000000       dbob= (-6.17028105150333687E-004,-2.19021568976791831E-004)  divx=   (1.48535473382802735E-003,7.70825711511468606E-004)  kapx= (-4.34163314338846832E-004,-2.75902071267338401E-004)
 TRACE fcgl integrands=   2.3709032569888189E-005   3.1049533149999946E-007
 TRACE fcgl theta=  0.72070312500000000       dbob= (-6.05179947686874248E-004,-2.27113646864344159E-004)  divx=   (1.46233641972039153E-003,7.94875242701663463E-004)  kapx= (-4.28578236016758643E-004,-2.83880797918659666E-004)
 TRACE fcgl integrands=   2.3453384470405301E-005   2.9132586198862871E-007
 TRACE fcgl theta=  0.72265625000000000       dbob= (-5.93284726955865100E-004,-2.34795686753013605E-004)  divx=   (1.43898120802100470E-003,8.18237128746346137E-004)  kapx= (-4.22848240532569801E-004,-2.91720720996666266E-004)
 TRACE fcgl integrands=   2.3198760494847015E-005   2.7336392493661335E-007
 TRACE fcgl theta=  0.72460937500000000       dbob= (-5.81357059999995326E-004,-2.42070297014915719E-004)  divx=   (1.41531145080982202E-003,8.40908935886347823E-004)  kapx= (-4.16977195404913349E-004,-2.99419319435716039E-004)
 TRACE fcgl integrands=   2.2945245291372746E-005   2.5660598762864146E-007
 TRACE fcgl theta=  0.72656250000000000       dbob= (-5.69411355826181373E-004,-2.48940691087166834E-004)  divx=   (1.39134932132900990E-003,8.62889033774352277E-004)  kapx= (-4.10968982751414263E-004,-3.06974171343592749E-004)
 TRACE fcgl integrands=   2.2692920868335787E-005   2.4104707134076296E-007
 TRACE fcgl theta=  0.72851562500000000       dbob= (-5.57461779891202922E-004,-2.55410667487029485E-004)  divx=   (1.36711677170213560E-003,8.84176567400906397E-004)  kapx= (-4.04827495905466341E-004,-3.14382949956938456E-004)
 TRACE fcgl integrands=   2.2441866146677653E-005   2.2668073199355580E-007
 TRACE fcgl theta=  0.73046875000000000       dbob= (-5.45522221481014517E-004,-2.61484584942214924E-004)  divx=   (1.34263549417799996E-003,9.04771424220618555E-004)  kapx= (-3.98556636348492723E-004,-3.21643419639201789E-004)
 TRACE fcgl integrands=   2.2192156520391060E-005   2.1349905674054483E-007
 TRACE fcgl theta=  0.73242187500000000       dbob= (-5.33606264865844806E-004,-2.67167333518829428E-004)  divx=   (1.31792688678819482E-003,9.24674197411291744E-004)  kapx= (-3.92160310961175008E-004,-3.28753431946231158E-004)
 TRACE fcgl integrands=   2.1943863445447580E-005   2.0149267698958714E-007
 TRACE fcgl theta=  0.73437500000000000       dbob= (-5.21727164880513472E-004,-2.72464302845808475E-004)  divx=   (1.29301202407892881E-003,9.43886146407367358E-004)  kapx= (-3.85642429599207667E-004,-3.35710921780779442E-004)
 TRACE fcgl integrands=   2.1697054076082498E-005   1.9065079726347707E-007
 TRACE fcgl theta=  0.73632812500000000       dbob= (-5.09897827300374406E-004,-2.77381348682112961E-004)  divx=   (1.26791163330338395E-003,9.62409155989524040E-004)  kapx= (-3.79006903001504771E-004,-3.42513903653705540E-004)
 TRACE fcgl integrands=   2.1451790964775710E-005   1.8096123826456695E-007
 TRACE fcgl theta=  0.73828125000000000       dbob= (-4.98130794076598912E-004,-2.81924759140887325E-004)  divx=   (1.24264607615914217E-003,9.80245695274447638E-004)  kapx= (-3.72257641041271630E-004,-3.49160468066780157E-004)
 TRACE fcgl integrands=   2.1208131838822395E-005   1.7241049158776987E-007
 TRACE fcgl theta=  0.74023437500000000       dbob= (-4.86438233180891161E-004,-2.86101221867861571E-004)  divx=   (1.21723533584636992E-003,9.97398777927362319E-004)  kapx= (-3.65398551332739405E-004,-3.55648778029750401E-004)
 TRACE fcgl integrands=   2.0966129462252414E-005   1.6498378278921582E-007
 TRACE fcgl theta=  0.74218750000000000       dbob= (-4.74831932510994307E-004,-2.89917793369720881E-004)  divx=   (1.19169900892793874E-003,1.01387192481547980E-003)  kapx= (-3.58433538208472217E-004,-3.61977065722879484E-004)
 TRACE fcgl integrands=   2.0725831587287728E-005   1.5866513901437103E-007
 TRACE fcgl theta=  0.74414062500000000       dbob= (-4.63323297045281299E-004,-2.93381871507928434E-004)  divx=   (1.16605630121279532E-003,1.02966913013888880E-003)  kapx= (-3.51366502083757040E-004,-3.68143629315480182E-004)
 TRACE fcgl integrands=   2.0487280994785741E-005   1.5343745715296530E-007
 TRACE fcgl theta=  0.74609375000000000       dbob= (-4.51923348226409259E-004,-2.96501171925868140E-004)  divx=   (1.14032602667747587E-003,1.04479483182808247E-003)  kapx= (-3.44201339225533331E-004,-3.74146829951107194E-004)
 TRACE fcgl integrands=   2.0250515618492958E-005   1.4928256853443872E-007
 TRACE fcgl theta=  0.74804687500000000       dbob= (-4.40642724415739187E-004,-2.99283708878120877E-004)  divx=   (1.11452660830253618E-003,1.05925388669999123E-003)  kapx= (-3.36941941943398496E-004,-3.79985088910935148E-004)
 TRACE fcgl integrands=   2.0015568743692923E-005   1.4618129650223105E-007
 TRACE fcgl theta=  0.75000000000000000       dbob= (-4.29491681203101683E-004,-3.01737780599947529E-004)  divx=   (1.08867607964179924E-003,1.07305155053681709E-003)  kapx= (-3.29592199219348779E-004,-3.85656884968434751E-004)
 TRACE fcgl integrands=   1.9782469267233783E-005   1.4411350378501543E-007
 TRACE fcgl theta=  0.75195312500000000       dbob= (-4.18480090385873040E-004,-3.03871959014635491E-004)  divx=   (1.06279208596775127E-003,1.08619346291577716E-003)  kapx= (-3.22155997790939141E-004,-3.91160751950570809E-004)
 TRACE fcgl integrands=   1.9551242003167044E-005   1.4305812737615827E-007
 TRACE fcgl theta=  0.75390625000000000       dbob= (-4.07617436547229013E-004,-3.05695083249424477E-004)  divx=   (1.03689188394607093E-003,1.09868563629615819E-003)  kapx= (-3.14637223699420956E-004,-3.96495276523366885E-004)
 TRACE fcgl integrands=   1.9321908016492447E-005   1.4299319958361838E-007
 TRACE fcgl theta=  0.75585937500000000       dbob= (-3.96912810359432576E-004,-3.07216256139666952E-004)  divx=   (1.01099233897971501E-003,1.11053444858469959E-003)  kapx= (-3.07039764310141218E-004,-4.01659096222516348E-004)
 TRACE fcgl integrands=   1.9094484966875862E-005   1.4389585495322778E-007
 TRACE fcgl theta=  0.75781250000000000       dbob= (-3.86374898002444036E-004,-3.08444842666175394E-004)  divx=   (9.85109919616539240E-004,1.12174663817162629E-003)  kapx= (-2.99367510807047629E-004,-4.06650897752725449E-004)
 TRACE fcgl integrands=   1.8868987444731169E-005   1.4574232382543135E-007
 TRACE fcgl theta=  0.75976562500000000       dbob= (-3.76011966404277826E-004,-3.09390469109205356E-004)  divx=   (9.59260688717559194E-004,1.13232930027401708E-003)  kapx= (-2.91624361156640711E-004,-4.11469415582405864E-004)
 TRACE fcgl integrands=   1.8645427283696847E-005   1.4850791428380570E-007
 TRACE fcgl theta=  0.76171875000000000       dbob= (-3.65831844356628508E-004,-3.10063021626408471E-004)  divx=   (9.33460291415117729E-004,1.14228988335240045E-003)  kapx= (-2.83814223529244610E-004,-4.16113430862995962E-004)
 TRACE fcgl integrands=   1.8423813836191193E-005   1.5216698512157923E-007
 TRACE fcgl theta=  0.76367187500000000       dbob= (-3.55841899914372320E-004,-3.10472642978012743E-004)  divx=   (9.07723940228811295E-004,1.15163618438702577E-003)  kapx= (-2.75941020157219460E-004,-4.20581770704506511E-004)
 TRACE fcgl integrands=   1.8204154202243121E-005   1.5669291312779230E-007
 TRACE fcgl theta=  0.76562500000000000       dbob= (-3.46049014826134101E-004,-3.10629726230764527E-004)  divx=   (8.82066398027845093E-004,1.16037634191187302E-003)  kapx= (-2.68008691600855496E-004,-4.24873307840554246E-004)
 TRACE fcgl integrands=   1.7986453405941749E-005   1.6205805842816897E-007
 TRACE fcgl theta=  0.76757812500000000       dbob= (-3.36459557041704699E-004,-3.10544904467106354E-004)  divx=   (8.56501959808636396E-004,1.16851882590149098E-003)  kapx= (-2.60021201383465821E-004,-4.28986960717192339E-004)
 TRACE fcgl integrands=   1.7770714518386387E-005   1.6823373177486611E-007
 TRACE fcgl theta=  0.76953125000000000       dbob= (-3.27079352579018312E-004,-3.10229035795651681E-004)  divx=   (8.31044434474671810E-004,1.17607242387569822E-003)  kapx= (-2.51982540947826776E-004,-4.32921694040023272E-004)
 TRACE fcgl integrands=   1.7556938730656128E-005   1.7519016755042625E-007
 TRACE fcgl theta=  0.77148437500000000       dbob= (-3.17913658190945231E-004,-3.09693183286268207E-004)  divx=   (8.05707127944807000E-004,1.18304622291311775E-003)  kapx= (-2.43896734876930884E-004,-4.36676519813424772E-004)
 TRACE fcgl integrands=   1.7345125384775568E-005   1.8289650584105404E-007
 TRACE fcgl theta=  0.77343750000000000       dbob= (-3.08967136337224386E-004,-3.08948589816384614E-004)  divx=   (7.80502828963704513E-004,1.18944958762458720E-003)  kapx= (-2.35767846313240064E-004,-4.40250498904101294E-004)
 TRACE fcgl integrands=   1.7135271974636014E-005   1.9132078626894782E-007
 TRACE fcgl theta=  0.77539062500000000       dbob= (-3.00243833932680349E-004,-3.08006648190413933E-004)  divx=   (7.55443798937862005E-004,1.19529213450781410E-003)  kapx= (-2.27599982502590828E-004,-4.43642743158700111E-004)
 TRACE fcgl integrands=   1.6927374132094340E-005   2.0042995539731676E-007
 TRACE fcgl theta=  0.77734375000000000       dbob= (-2.91747166208755442E-004,-3.06878867255626049E-004)  divx=   (7.30541766972391004E-004,1.20058370345931605E-003)  kapx= (-2.19397300381817781E-004,-4.46852418101844999E-004)
 TRACE fcgl integrands=   1.6721425615782230E-005   2.1018988849436463E-007
 TRACE fcgl theta=  0.77929687500000000       dbob= (-2.83479906797684631E-004,-3.05576835060324820E-004)  divx=   (7.05807931044308192E-004,1.20533432753392659E-003)  kapx= (-2.11164012123311781E-004,-4.49878746236800887E-004)
 TRACE fcgl integrands=   1.6517418321361903E-005   2.2056542533507953E-007
 TRACE fcgl theta=  0.78125000000000000       dbob= (-2.75444184839974883E-004,-3.04112180360699999E-004)  divx=   (6.81252965930519627E-004,1.20955420229310940E-003)  kapx= (-2.02904390545272372E-004,-4.52721010966204728E-004)
 TRACE fcgl integrands=   1.6315342331957414E-005   2.3152041860991831E-007
 TRACE fcgl theta=  0.78320312500000000       dbob= (-2.67641489544490877E-004,-3.02496533961685331E-004)  divx=   (6.56887038131527003E-004,1.21325365625160934E-003)  kapx= (-1.94622774293518063E-004,-4.55378561144961975E-004)
 TRACE fcgl integrands=   1.6115186026238471E-005   2.4301779247719412E-007
 TRACE fcgl theta=  0.78515625000000000       dbob= (-2.60072682219519944E-004,-3.00741491460486605E-004)  divx=   (6.32719827618537082E-004,1.21644312400411990E-003)  kapx= (-1.86323572699508569E-004,-4.57850816271816621E-004)
 TRACE fcgl integrands=   1.5916936259194940E-005   2.5501960791744676E-007
 TRACE fcgl theta=  0.78710937500000000       dbob= (-2.52738015368719228E-004,-2.98858578940762942E-004)  divx=   (6.08760555808084743E-004,1.21913312358135268E-003)  kapx= (-1.78011270219682758E-004,-4.60137272320294897E-004)
 TRACE fcgl integrands=   1.5720578627120737E-005   2.6748713089132810E-007
 TRACE fcgl theta=  0.78906250000000000       dbob= (-2.45637158035631666E-004,-2.96859223039632890E-004)  divx=   (5.85018018762335735E-004,1.22133423944769835E-003)  kapx= (-1.69690430363352035E-004,-4.62237508204032730E-004)
 TRACE fcgl integrands=   1.5526097823926263E-005   2.8038089892281344E-007
 TRACE fcgl theta=  0.79101562500000000       dbob= (-2.38769226211810572E-004,-2.94754726584347312E-004)  divx=   (5.61500624251975674E-004,1.22305711231625400E-003)  kapx= (-1.61365699020082551E-004,-4.64151192865953346E-004)
 TRACE fcgl integrands=   1.5333478090854619E-005   2.9366078166523895E-007
 TRACE fcgl theta=  0.79296875000000000       dbob= (-2.32132816821887519E-004,-2.92556250683390247E-004)  divx=   (5.38216431027070479E-004,1.22431243663476954E-003)  kapx= (-1.53041807102591494E-004,-4.65878092975689621E-004)
 TRACE fcgl integrands=   1.5142703756291717E-005   3.0728603127797757E-007
 TRACE fcgl theta=  0.79492187500000000       dbob= (-2.25726043585457441E-004,-2.90274803776494777E-004)  divx=   (5.15173188440372202E-004,1.22511096620636596E-003)  kapx= (-1.44723572427457380E-004,-4.67418081214935591E-004)
 TRACE fcgl integrands=   1.4953759856938544E-005   3.2121531904418735E-007
 TRACE fcgl theta=  0.79687500000000000       dbob= (-2.19546572946685662E-004,-2.87921237723629908E-004)  divx=   (4.92378374472942368E-004,1.22546352797644077E-003)  kapx= (-1.36415900763128340E-004,-4.68771145126405456E-004)
 TRACE fcgl integrands=   1.4766632826502723E-005   3.3540675557138131E-007
 TRACE fcgl theta=  0.79882812500000000       dbob= (-2.13591658267453440E-004,-2.85506250571539361E-004)  divx=   (4.69839230232460157E-004,1.22538104356856325E-003)  kapx= (-1.28123785982503372E-004,-4.69937396498511944E-004)
 TRACE fcgl integrands=   1.4581311233568031E-005   3.4981789309150780E-007
 TRACE fcgl theta=  0.80078125000000000       dbob= (-2.07858170600996167E-004,-2.83040395207185202E-004)  divx=   (4.47562789131875115E-004,1.22487455771694807E-003)  kapx= (-1.19852309265439474E-004,-4.70917081254881463E-004)
 TRACE fcgl integrands=   1.4397786546714802E-005   3.6440570975240266E-007
 TRACE fcgl theta=  0.80273437500000000       dbob= (-2.02342624594902893E-004,-2.80534092719506262E-004)  divx=   (4.25555899204029366E-004,1.22395527234990965E-003)  kapx= (-1.11606637304563237E-004,-4.71710589815201693E-004)
 TRACE fcgl integrands=   1.4216053902529288E-005   3.7912657728816443E-007
 TRACE fcgl theta=  0.80468750000000000       dbob= (-1.97041198402228768E-004,-2.77997648971140920E-004)  divx=   (4.03825237353185355E-004,1.22263458475406353E-003)  kapx= (-1.03392019475478293E-004,-4.72318467891461307E-004)
 TRACE fcgl integrands=   1.4036112851030533E-005   3.9393621498177828E-007
 TRACE fcgl theta=  0.80664062500000000       dbob= (-1.91949746887725835E-004,-2.75441272653459835E-004)  divx=   (3.82377314766799473E-004,1.22092412801571302E-003)  kapx= (-9.52137839395368190E-005,-4.72741427681126563E-004)
 TRACE fcgl integrands=   1.3857968053362936E-005   4.0878963429139473E-007
 TRACE fcgl theta=  0.80859375000000000       dbob= (-1.87063807877656355E-004,-2.72875092978809228E-004)  divx=   (3.61218473184998356E-004,1.21883581181069173E-003)  kapx= (-8.70773326536710004E-005,-4.72980359415941251E-004)
 TRACE fcgl integrands=   1.3681629908365303E-005   4.2364107980495076E-007
 TRACE fcgl theta=  0.81054687500000000       dbob= (-1.82378601687016015E-004,-2.70309175164202902E-004)  divx=   (3.40354872221314991E-004,1.21638186160712473E-003)  kapx= (-7.89881352671494881E-005,-4.73036343221460939E-004)
 TRACE fcgl integrands=   1.3507115087763612E-005   4.3844397322323692E-007
 TRACE fcgl theta=  0.81250000000000000       dbob= (-1.77889024635803574E-004,-2.67753531983658049E-004)  divx=   (3.19792468415025467E-004,1.21357485445917901E-003)  kapx= (-7.09517218896109467E-005,-4.72910661237760507E-004)
 TRACE fcgl integrands=   1.3334446964083192E-005   4.5315086776870609E-007
 TRACE fcgl theta=  0.81445312500000000       dbob= (-1.73589637704523012E-004,-2.65218129907081790E-004)  divx=   (2.99536987141198142E-004,1.21042774979857027E-003)  kapx= (-6.29736747183375653E-005,-4.72604809945744212E-004)
 TRACE fcgl integrands=   1.3163655920710429E-005   4.6771342071204895E-007
 TRACE fcgl theta=  0.81640625000000000       dbob= (-1.69474651848588477E-004,-2.62712888688798889E-004)  divx=   (2.79593888880025863E-004,1.20695391396013563E-003)  kapx= (-5.50596185157186931E-005,-4.72120512635668371E-004)
 TRACE fcgl integrands=   1.2994779539543423E-005   4.8208239155928683E-007
 TRACE fcgl theta=  0.81835937500000000       dbob= (-1.65537911765867692E-004,-2.60247673698285815E-004)  divx=   (2.59968331626903634E-004,1.20316713758781353E-003)  kapx= (-4.72152099305179709E-005,-4.71459731944763832E-004)
 TRACE fcgl integrands=   1.2827862668016079E-005   4.9620767283275228E-007
 TRACE fcgl theta=  0.82031250000000000       dbob= (-1.61772880070975590E-004,-2.57832280772850981E-004)  divx=   (2.40665131389541432E-004,1.19908164553083306E-003)  kapx= (-3.94461256592829209E-005,-4.70624682378991039E-004)
 TRACE fcgl integrands=   1.2662957373578121E-005   5.1003835932209286E-007
 TRACE fcgl theta=  0.82226562500000000       dbob= (-1.58172623861200671E-004,-2.55476413885746779E-004)  divx=   (2.21688722756337034E-004,1.19471209932557284E-003)  kapx= (-3.17580494475681814E-005,-4.69617842719913031E-004)
 TRACE fcgl integrands=   1.2500122799579108E-005   5.2352286021771147E-007
 TRACE fcgl theta=  0.82421875000000000       dbob= (-1.54729805557189708E-004,-2.53189656430009380E-004)  divx=   (2.03043121427377377E-004,1.19007359283326451E-003)  kapx= (-2.41566579350938342E-005,-4.68441968201627592E-004)
 TRACE fcgl integrands=   1.2339424941575244E-005   5.3660905673775257E-007
 TRACE fcgl theta=  0.82617187500000000       dbob= (-1.51436679670714910E-004,-2.50981437383824527E-004)  divx=   (1.84731890381061405E-004,1.18518164203348345E-003)  kapx= (-1.66476053551732476E-005,-4.67100102324829460E-004)
 TRACE fcgl integrands=   1.2180936367018477E-005   5.4924450581524554E-007
 TRACE fcgl theta=  0.82812500000000000       dbob= (-1.48285096804489860E-004,-2.48860994015286747E-004)  divx=   (1.66758111019005192E-004,1.18005217032705976E-003)  kapx= (-9.23650710725766578E-006,-4.65595588155886479E-004)
 TRACE fcgl integrands=   1.2024735903835110E-005   5.6137668823807520E-007
 TRACE fcgl theta=  0.83007812500000000       dbob= (-1.45266515745821580E-004,-2.46837333074439742E-004)  divx=   (1.49124360211543906E-004,1.17470149095220684E-003)  kapx= (-1.92892223286116277E-006,-4.63932078938883549E-004)
 TRACE fcgl integrands=   1.1870908324361222E-005   5.7295329745954370E-007
 TRACE fcgl theta=  0.83203125000000000       dbob= (-1.42372024004283057E-004,-2.44919192586204543E-004)  divx=   (1.31832693684014006E-004,1.16914628824361152E-003)  kapx=  (5.26966516013452531E-006,-4.62113547828703515E-004)
 TRACE fcgl integrands=   1.1719544050377361E-005   5.8392256325449818E-007
 TRACE fcgl theta=  0.83398437500000000       dbob= (-1.39592366596513171E-004,-2.43115006384108024E-004)  divx=   (1.14884635673812978E-004,1.16340359945275255E-003)  kapx=  (1.23538654613500960E-005,-4.60144296534322275E-004)
 TRACE fcgl integrands=   1.1570738902572404E-005   5.9423360261782963E-007
 TRACE fcgl theta=  0.83593750000000000       dbob= (-1.36917982334603815E-004,-2.41432873405782948E-004)  divx=   (9.82811742861341254E-005,1.15749079869501589E-003)  kapx=  (1.93184040242348447E-005,-4.58028962644616445E-004)
 TRACE fcgl integrands=   1.1424593913770541E-005   6.0383678890709487E-007
 TRACE fcgl theta=  0.83789062500000000       dbob= (-1.34339046365450300E-004,-2.39880533510029110E-004)  divx=   (8.20227615194659435E-005,1.15142558430061503E-003)  kapx=  (2.61581424229921782E-005,-4.55772525395292932E-004)
 TRACE fcgl integrands=   1.1281215219871228E-005   6.1268412932055750E-007
 TRACE fcgl theta=  0.83984375000000000       dbob= (-1.31845517272398670E-004,-2.38465351184857089E-004)  divx=   (6.61093165553370242E-005,1.14522597043727539E-003)  kapx=  (3.28681003585308231E-005,-4.53380309626209138E-004)
 TRACE fcgl integrands=   1.1140714035972315E-005   6.2072964044697324E-007
 TRACE fcgl theta=  0.84179687500000000       dbob= (-1.29427186719311066E-004,-2.37194308017940072E-004)  divx=   (5.05402306411486635E-005,1.13891028336704676E-003)  kapx=  (3.94434780390812015E-005,-4.50857987674553346E-004)
 TRACE fcgl integrands=   1.1003206717929710E-005   6.2792971186315076E-007
 TRACE fcgl theta=  0.84375000000000000       dbob= (-1.27073729416566733E-004,-2.36074004224745950E-004)  divx=   (3.53143717646783894E-005,1.13249716212909476E-003)  kapx=  (4.58796788259441718E-005,-4.48211578952174405E-004)
 TRACE fcgl integrands=   1.0868814902068957E-005   6.3424344858973309E-007
 TRACE fcgl theta=  0.84570312500000000       dbob= (-1.24774751136343549E-004,-2.35110668911001259E-004)  divx=   (2.04300873396042032E-005,1.12600556284264100E-003)  kapx=  (5.21723318983696694E-005,-4.45447446965819898E-004)
 TRACE fcgl integrands=   1.0737665708352905E-005   6.3963298460502631E-007
 TRACE fcgl theta=  0.84765625000000000       dbob= (-1.22519832609521392E-004,-2.34310178124434417E-004)  divx=   (5.88520329969140780E-006,1.11945476524018023E-003)  kapx=  (5.83173146549149885E-005,-4.42572293557872906E-004)
 TRACE fcgl integrands=   1.0609891985471772E-005   6.4406376148269596E-007
 TRACE fcgl theta=  0.84960937500000000       dbob= (-1.20298567397164835E-004,-2.33678079167172324E-004)  divx=  (-8.32298166951372302E-006,1.11286437951317943E-003)  kapx=  (6.43107745333392790E-005,-4.39593150173003540E-004)
 TRACE fcgl integrands=   1.0485632570489842E-005   6.4750476844775769E-007
 TRACE fcgl theta=  0.85156250000000000       dbob= (-1.18100592234138098E-004,-2.33219619134647201E-004)  divx=  (-2.21977075630825413E-005,1.10625435112095142E-003)  kapx=  (7.01491498986103247E-005,-4.36517365993152107E-004)
 TRACE fcgl integrands=   1.0365032531234935E-005   6.4992874259353090E-007
 TRACE fcgl theta=  0.85351562500000000       dbob= (-1.15915608869266560E-004,-2.32939775255899015E-004)  divx=  (-3.57427703721805280E-005,1.09964496091472224E-003)  kapx=  (7.58291896207235507E-005,-4.33352592829411613E-004)
 TRACE fcgl integrands=   1.0248243356865796E-005   6.5131233050639627E-007
 TRACE fcgl theta=  0.85546875000000000       dbob= (-1.13733397045341568E-004,-2.32843284363861688E-004)  divx=  (-4.89625448393484793E-005,1.09305681779220008E-003)  kapx=  (8.13479709423450305E-005,-4.30106766714169182E-004)
 TRACE fcgl integrands=   1.0135423061214940E-005   6.5163621493204065E-007
 TRACE fcgl theta=  0.85742187500000000       dbob= (-1.11543818935600132E-004,-2.32934668744880127E-004)  divx=  (-6.18620115095381532E-005,1.08651084114398384E-003)  kapx=  (8.67029152225691426E-005,-4.26788086199551830E-004)
 TRACE fcgl integrands=   1.0026736164702389E-005   6.5088521221361421E-007
 TRACE fcgl theta=  0.85937500000000000       dbob= (-1.09336816038832873E-004,-2.33218255716364440E-004)  divx=  (-7.44467862387071272E-005,1.08002823059141165E-003)  kapx=  (9.18918011387699933E-005,-4.23404987437523621E-004)
 TRACE fcgl integrands=   9.9223535238471110E-006   6.4904834788071266E-007
 TRACE fcgl theta=  0.86132812500000000       dbob= (-1.07102400188228197E-004,-2.33698188561542693E-004)  divx=  (-8.67231496818604423E-005,1.07363042094433571E-003)  kapx=  (9.69127749350443262E-005,-4.19966116191396481E-004)
 TRACE fcgl integrands=   9.8224519825633236E-006   6.4611891883458290E-007
 TRACE fcgl theta=  0.86328125000000000       dbob= (-1.04830640905050626E-004,-2.34378426900732251E-004)  divx=  (-9.86980737432851423E-005,1.06733902091303741E-003)  kapx=  (1.01764357324167878E-004,-4.16480297006152579E-004)
 TRACE fcgl integrands=   9.7272138263010209E-006   6.4209455096111864E-007
 TRACE fcgl theta=  0.86523437500000000       dbob= (-1.02511651786380613E-004,-2.35262735178064800E-004)  divx=  (-1.10379241575637337E-004,1.06117573486534623E-003)  kapx=  (1.06445446681008982E-004,-4.12956499843640729E-004)
 TRACE fcgl integrands=   9.6368260283574892E-006   6.3697726065620891E-007
 TRACE fcgl theta=  0.86718750000000000       dbob= (-1.00135578920931270E-004,-2.36354658660383593E-004)  divx=  (-1.21775057497936919E-004,1.05516226779263410E-003)  kapx=  (1.10955318209434101E-004,-4.09403804566125227E-004)
 TRACE fcgl integrands=   9.5514792869686139E-006   6.3077352766213017E-007
 TRACE fcgl theta=  0.86914062500000000       dbob= (-9.76925944518204631E-005,-2.37657487141044766E-004)  divx=  (-1.32894643191583590E-004,1.04932021459157874E-003)  kapx=  (1.15293618821702033E-004,-4.05831363725266971E-004)
 TRACE fcgl integrands=   9.4713668616314118E-006   6.2349438483885792E-007
 TRACE fcgl theta=  0.87109375000000000       dbob= (-9.51728983332020322E-005,-2.39174207370159222E-004)  divx=  (-1.43747816744332923E-004,1.04367093573206086E-003)  kapx=  (1.19460357538767471E-004,-4.02248364180950819E-004)
 TRACE fcgl integrands=   9.3966832270478146E-006   6.1515552812835015E-007
 TRACE fcgl theta=  0.87304687500000000       dbob= (-9.25667310540041245E-005,-2.40907446044699361E-004)  divx=  (-1.54345051547393754E-004,1.03823542231055500E-003)  kapx=  (1.23455891300698953E-004,-3.98663988132927805E-004)
 TRACE fcgl integrands=   9.3276225726317777E-006   6.0577744716039227E-007
 TRACE fcgl theta=  0.87500000000000000       dbob= (-8.98643996336795614E-005,-2.42859405937116847E-004)  divx=  (-1.64697412700749333E-004,1.03303415432858437E-003)  kapx=  (1.27280906167214441E-004,-3.95087374195733773E-004)
 TRACE fcgl integrands=   9.2643771842421286E-006   5.9538557387892619E-007
 TRACE fcgl theta=  0.87695312500000000       dbob= (-8.70563185514126528E-005,-2.45031798371810711E-004)  divx=  (-1.74816469422931653E-004,1.02808695673518077E-003)  kapx=  (1.30936393987172159E-004,-3.91527579181685055E-004)
 TRACE fcgl integrands=   9.2071357522842681E-006   5.8401044345058682E-007
 TRACE fcgl theta=  0.87890625000000000       dbob= (-8.41330664821796000E-005,-2.47425775732974232E-004)  divx=  (-1.84714182958966466E-004,1.02341285828540501E-003)  kapx=  (1.34423624720573040E-004,-3.87993541276215360E-004)
 TRACE fcgl integrands=   9.1560816562360857E-006   5.7168785877653743E-007
 TRACE fcgl theta=  0.88085937500000000       dbob= (-8.10854588211026530E-005,-2.50041867970758364E-004)  divx=  (-1.94402770588106874E-004,1.01902995855681711E-003)  kapx=  (1.37744114704604757E-004,-3.84494045293029400E-004)
 TRACE fcgl integrands=   9.1113912797435314E-006   5.5845904738838612E-007
 TRACE fcgl theta=  0.88281250000000000       dbob= (-7.79046350297457119E-005,-2.52879927141661800E-004)  divx=  (-2.03894547497690369E-004,1.01495530850700716E-003)  kapx=  (1.40899591263718047E-004,-3.81037690682672707E-004)
 TRACE fcgl integrands=   9.0732324125466116E-006   5.4437079757383568E-007
 TRACE fcgl theta=  0.88476562500000000       dbob= (-7.45821588873304286E-005,-2.55939083862046217E-004)  divx=  (-2.13201749452275325E-004,1.01120480973558016E-003)  kapx=  (1.43891954169802870E-004,-3.77632862936766998E-004)
 TRACE fcgl integrands=   9.0417627955793852E-006   5.2947555941933270E-007
 TRACE fcgl theta=  0.88671875000000000       dbob= (-7.11101288314722120E-005,-2.59217719171885681E-004)  divx=  (-2.22336340286806254E-004,1.00779313713477846E-003)  kapx=  (1.46723234559139226E-004,-3.74287708981446417E-004)
 TRACE fcgl integrands=   9.0171288636682004E-006   5.1383149620105456E-007
 TRACE fcgl theta=  0.88867187500000000       dbob= (-6.74812947800212747E-005,-2.62713454714380763E-004)  divx=  (-2.31309809230371315E-004,1.00473368889089512E-003)  kapx=  (1.49395552005196302E-004,-3.71010117088257181E-004)
 TRACE fcgl integrands=   8.9994647364646500E-006   4.9750247226778012E-007
 TRACE fcgl theta=  0.89062500000000000       dbob= (-6.36891771872424508E-005,-2.66423163363004283E-004)  divx=  (-2.40132963868035188E-004,1.00203856686300252E-003)  kapx=  (1.51911070527638813E-004,-3.67807701749999091E-004)
 TRACE fcgl integrands=   8.9888915027771971E-006   4.8055796524269420E-007
 TRACE fcgl theta=  0.89257812500000000       dbob= (-5.97281836446517263E-005,-2.70343001510035623E-004)  divx=  (-2.48815725126818503E-004,9.99718589259104970E-004)  kapx=  (1.54271954385735115E-004,-3.64687793874534673E-004)
 TRACE fcgl integrands=   8.9855168365781358E-006   4.6307289295885483E-007
 TRACE fcgl theta=  0.89453125000000000       dbob= (-5.55937181206024741E-005,-2.74468463217560272E-004)  divx=  (-2.57366930992351437E-004,9.97783336304427148E-004)  kapx=  (1.56480324556476956E-004,-3.61657436543433438E-004)
 TRACE fcgl integrands=   8.9894349749482583E-006   4.4512734890408192E-007
 TRACE fcgl theta=  0.89648437500000000       dbob= (-5.12822779613905866E-005,-2.78794455378141297E-004)  divx=  (-2.65794155703590236E-004,9.96241228312128675E-004)  kapx=  (1.58538216832490418E-004,-3.58723386466993689E-004)
 TRACE fcgl integrands=   9.0007270794144809E-006   4.2680624389419285E-007
 TRACE fcgl theta=  0.89843750000000000       dbob= (-4.67915340554167177E-005,-2.83315391995960994E-004)  divx=  (-2.74103550926308305E-004,9.95099634286695156E-004)  kapx=  (1.60447542490862511E-004,-3.55892121145367081E-004)
 TRACE fcgl integrands=   9.0194619928650485E-006   4.0819885598241797E-007
 TRACE fcgl theta=  0.90039062500000000       dbob= (-4.21203900810719663E-005,-2.88025304738567572E-004)  divx=  (-2.82299714880242692E-004,9.94365007978766828E-004)  kapx=  (1.62210052480657332E-004,-3.53169851620099601E-004)
 TRACE fcgl integrands=   9.0456973948300856E-006   3.8939829497800392E-007
 TRACE fcgl theta=  0.90234375000000000       dbob= (-3.72690174954039480E-005,-2.92917966079271174E-004)  divx=  (-2.90385594612150471E-004,9.94043047227958099E-004)  kapx=  (1.63827306053777199E-004,-3.50562540574343435E-004)
 TRACE fcgl integrands=   9.0794813487074281E-006   3.7050089210786800E-007
 TRACE fcgl theta=  0.90429687500000000       dbob= (-3.22388638379091550E-005,-2.97987020698929053E-004)  divx=  (-2.98362425604598209E-004,9.94138871531419395E-004)  kapx=  (1.65300644721253686E-004,-3.48075925416245144E-004)
 TRACE fcgl integrands=   9.1208542257919670E-006   3.5160552903774526E-007
 TRACE fcgl theta=  0.90625000000000000       dbob= (-2.70326329748012370E-005,-3.03226120381994331E-004)  divx=  (-3.06229711736679614E-004,9.94657212104822558E-004)  kapx=  (1.66631172355740422E-004,-3.45715545861414141E-004)
 TRACE fcgl integrands=   9.1698509830005750E-006   3.3281292342725490E-007
 TRACE fcgl theta=  0.90820312500000000       dbob= (-2.16542370386476821E-005,-3.08629057451591433E-004)  divx=  (-3.13985247325366591E-004,9.95602608290629184E-004)  kapx=  (1.67819742182007136E-004,-3.43486775419518903E-004)
 TRACE fcgl integrands=   9.2265037642017075E-006   3.1422489022839811E-007
 TRACE fcgl theta=  0.91015625000000000       dbob= (-1.61087209652441964E-005,-3.14189891854860183E-004)  divx=  (-3.21625181639357172E-004,9.96979604033635877E-004)  kapx=  (1.68866951302300679E-004,-3.41394856089387820E-004)
 TRACE fcgl integrands=   9.2908447892637904E-006   2.9594359891095044E-007
 TRACE fcgl theta=  0.91210937500000000       dbob= (-1.04021616322025898E-005,-3.19903067330572178E-004)  divx=  (-3.29144124956237271E-004,9.98792938287577925E-004)  kapx=  (1.69773143294219930E-004,-3.39444935478502873E-004)
 TRACE fcgl integrands=   9.3629094904749171E-006   2.7807084664941434E-007
 TRACE fcgl theta=  0.91406250000000000       dbob= (-4.54154460108599752E-006,-3.25763512649259216E-004)  divx=  (-3.36535293994004653E-004,1.00104772362568013E-003)  kapx=  (1.70538419297545333E-004,-3.37642105488210483E-004)
 TRACE fcgl integrands=   9.4427398529749666E-006   2.6070736625012987E-007
 TRACE fcgl theta=  0.91601562500000000       dbob=  (1.46537769738305675E-006,-3.31766724680650118E-004)  divx=  (-3.43790693448120283E-004,1.00374960797394480E-003)  kapx=  (1.71162657875368614E-004,-3.35991441646647316E-004)
 TRACE fcgl integrands=   9.5303879143278062E-006   2.4395218533125722E-007
 TRACE fcgl theta=  0.91796875000000000       dbob=  (7.61024186388733681E-006,-3.37908830970852340E-004)  divx=  (-3.50901329456725715E-004,1.00690491522727925E-003)  kapx=  (1.71645543796419191E-004,-3.34498042128213483E-004)
 TRACE fcgl integrands=   9.6259193783464079E-006   2.2790205016156862E-007
 TRACE fcgl theta=  0.91992187500000000       dbob=  (1.38842386541477554E-005,-3.44186630549054174E-004)  divx=  (-3.57857450137978757E-004,1.01052076149311834E-003)  kapx=  (1.71986605741915506E-004,-3.33167065472032083E-004)
 TRACE fcgl integrands=   9.7294172996893067E-006   2.1265092384789753E-007
 TRACE fcgl theta=  0.92187500000000000       dbob=  (2.02782823323782690E-005,-3.50597612770453049E-004)  divx=  (-3.64648807920513716E-004,1.01460514477523718E-003)  kapx=  (1.72185262794067722E-004,-3.32003766002392036E-004)
 TRACE fcgl integrands=   9.8409857984257076E-006   1.9828956450968989E-007
 TRACE fcgl theta=  0.92382812500000000       dbob=  (2.67831793968957465E-005,-3.57139955075050591E-004)  divx=  (-3.71264938230226097E-004,1.01916700699831086E-003)  kapx=  (1.72240879416665185E-004,-3.31013525961630162E-004)
 TRACE fcgl integrands=   9.9607537674831341E-006   1.8490518499040800E-007
 TRACE fcgl theta=  0.92578125000000000       dbob=  (3.33897922119116326E-005,-3.63812501537784318E-004)  divx=  (-3.77695449198258500E-004,1.02421626831758115E-003)  kapx=  (1.72152828493173440E-004,-3.30201883389898414E-004)
 TRACE fcgl integrands=   1.0088878540329501E-005   1.7258119182639531E-007
 TRACE fcgl theta=  0.92773437500000000       dbob=  (4.00891937019580330E-005,-3.70614724945180992E-004)  divx=  (-3.83930317394794900E-004,1.02976383459767325E-003)  kapx=  (1.71920561846418423E-004,-3.29574554826246157E-004)
 TRACE fcgl integrands=   1.0225549491003664E-005   1.6139699789781095E-007
 TRACE fcgl theta=  0.92968750000000000       dbob=  (4.68728100792557516E-005,-3.77546675806034486E-004)  divx=  (-3.89960185135200424E-004,1.03582157972728931E-003)  kapx=  (1.71543687527972346E-004,-3.29137451960627415E-004)
 TRACE fcgl integrands=   1.0370991543220337E-005   1.5142790065189199E-007
 TRACE fcgl theta=  0.93164062500000000       dbob=  (5.37325495290512443E-005,-3.84608922148218287E-004)  divx=  (-3.95776655601978982E-004,1.04240230502036443E-003)  kapx=  (1.71022053036463869E-004,-3.28896691436073073E-004)
 TRACE fcgl integrands=   1.0525468569223285E-005   1.4274501618055445E-007
 TRACE fcgl theta=  0.93359375000000000       dbob=  (6.06609158139081669E-005,-3.91802484143588515E-004)  divx=  (-4.01372582821199551E-004,1.04951967831014661E-003)  kapx=  (1.70355833503645678E-004,-3.28858597083279047E-004)
 TRACE fcgl integrands=   1.0689286661793309E-005   1.3541525884083416E-007
 TRACE fcgl theta=  0.93554687500000000       dbob=  (6.76511068107097790E-005,-3.99128767526359530E-004)  divx=  (-4.06742354363732236E-004,1.05718815545714274E-003)  kapx=  (1.69545623776511242E-004,-3.29029693965391605E-004)
 TRACE fcgl integrands=   1.0862797263811019E-005   1.2950135653198991E-007
 TRACE fcgl theta=  0.93750000000000000       dbob=  (7.46970989974108480E-005,-4.06589499431538233E-004)  divx=  (-4.11882165445910415E-004,1.06542288686693526E-003)  kapx=  (1.68592533224249790E-004,-3.29416693717698539E-004)
 TRACE fcgl integrands=   1.1046400138549370E-005   1.2506189310841328E-007
 TRACE fcgl theta=  0.93945312500000000       dbob=  (8.17937197972622208E-005,-4.14186669699358450E-004)  divx=  (-4.16790283820396925E-004,1.07423961126795254E-003)  kapx=  (1.67498282011567339E-004,-3.30026470784297045E-004)
 TRACE fcgl integrands=   1.1240546160065062E-005   1.2215137155536246E-007
 TRACE fcgl theta=  0.94140625000000000       dbob=  (8.89367104088334209E-005,-4.21922479904373704E-004)  divx=  (-4.21467305420627884E-004,1.08365453846537264E-003)  kapx=  (1.66265297505897218E-004,-3.30866029280499439E-004)
 TRACE fcgl integrands=   1.1445739896452176E-005   1.2082029426403785E-007
 TRACE fcgl theta=  0.94335937500000000       dbob=  (9.61227822538602650E-005,-4.29799301422303481E-004)  divx=  (-4.25916401106697206E-004,1.09368422211159706E-003)  kapx=  (1.64896809426418457E-004,-3.31942460344646789E-004)
 TRACE fcgl integrands=   1.1662541949305329E-005   1.2111525974492987E-007
 TRACE fcgl theta=  0.94531250000000000       dbob=  (1.03349670427027753E-004,-4.37819642802477523E-004)  divx=  (-4.30143555024222943E-004,1.10434542277249698E-003)  kapx=  (1.63396942298597609E-004,-3.33262889985009702E-004)
 TRACE fcgl integrands=   1.1891571000734002E-005   1.2307907812085808E-007
 TRACE fcgl theta=  0.94726562500000000       dbob=  (1.10616187513052760E-004,-4.45986125634380986E-004)  divx=  (-4.34157795013517052E-004,1.11565496078491972E-003)  kapx=  (1.61770803750232160E-004,-3.34834417575269393E-004)
 TRACE fcgl integrands=   1.2133505505158036E-005   1.2675091044892268E-007
 TRACE fcgl theta=  0.94921875000000000       dbob=  (1.17922280843849749E-004,-4.54301467052102017E-004)  divx=  (-4.37971415193392957E-004,1.12762955766071448E-003)  kapx=  (1.60024567174771597E-004,-3.36664045304306233E-004)
 TRACE fcgl integrands=   1.2389084947649273E-005   1.3216643906181736E-007
 TRACE fcgl theta=  0.95117187500000000       dbob=  (1.25269095715690022E-004,-4.62768466078136492E-004)  divx=  (-4.41600190307663075E-004,1.14028566416054123E-003)  kapx=  (1.58165547295986513E-004,-3.38758599041202369E-004)
 TRACE fcgl integrands=   1.2659110574771003E-005   1.3935807746559626E-007
 TRACE fcgl theta=  0.95312500000000000       dbob=  (1.32659046303161180E-004,-4.71389990230989230E-004)  divx=  (-4.45063580694806575E-004,1.15363927269640358E-003)  kapx=  (1.56202267195822684E-004,-3.41124641232707173E-004)
 TRACE fcgl integrands=   1.2944445488933334E-005   1.4835522871799641E-007
 TRACE fcgl theta=  0.95507812500000000       dbob=  (1.40095895037609179E-004,-4.80168958263260627E-004)  divx=  (-4.48384925868336719E-004,1.16770571147534175E-003)  kapx=  (1.54144515415363757E-004,-3.43768376606040562E-004)
 TRACE fcgl integrands=   1.3246013984612327E-005   1.5918460054911464E-007
 TRACE fcgl theta=  0.95703125000000000       dbob=  (1.47584840119346894E-004,-4.89108314600605692E-004)  divx=  (-4.51591623735164910E-004,1.18249941780590212E-003)  kapx=  (1.52003391807909008E-004,-3.46695551602648215E-004)
 TRACE fcgl integrands=   1.3564799995846575E-005   1.7187058376853974E-007
 TRACE fcgl theta=  0.95898437500000000       dbob=  (1.55132609670479132E-004,-4.98210991044389581E-004)  divx=  (-4.54715291497852453E-004,1.19803368827653693E-003)  kapx=  (1.49791340913686661E-004,-3.49911348616073676E-004)
 TRACE fcgl integrands=   1.3901844520680772E-005   1.8643569780767432E-007
 TRACE fcgl theta=  0.96093750000000000       dbob=  (1.62747559879741207E-004,-5.07479851592906785E-004)  divx=  (-4.57791903355597067E-004,1.21432040408659975E-003)  kapx=  (1.47522171737927944E-004,-3.53420276246846484E-004)
 TRACE fcgl integrands=   1.4258241891010077E-005   2.0290110372955644E-007
 TRACE fcgl theta=  0.96289062500000000       dbob=  (1.70439773413861477E-004,-5.16917616821186451E-004)  divx=  (-4.60861899309206169E-004,1.23136973065432454E-003)  kapx=  (1.45211062947672346E-004,-3.57226056916569044E-004)
 TRACE fcgl integrands=   1.4635134766696915E-005   2.2128718092486448E-007
 TRACE fcgl theta=  0.96484375000000000       dbob=  (1.78221153440640348E-004,-5.26526765113987934E-004)  divx=  (-4.63970258755152902E-004,1.24918979171263658E-003)  kapx=  (1.42874552657256277E-004,-3.61331513299324324E-004)
 TRACE fcgl integrands=   1.5033707751653982E-005   2.4161415927742669E-007
 TRACE fcgl theta=  0.96679687500000000       dbob=  (1.86105507888982411E-004,-5.36309409130771042E-004)  divx=  (-4.67166532182829142E-004,1.26778631938733810E-003)  kapx=  (1.40530512146923379E-004,-3.65738455128283531E-004)
 TRACE fcgl integrands=   1.5455179557152896E-005   2.6390279413218330E-007
 TRACE fcgl theta=  0.96875000000000000       dbob=  (1.94108618111400272E-004,-5.46267147141524137E-004)  divx=  (-4.70504824215096083E-004,1.28716228317371549E-003)  kapx=  (1.38198103051847892E-004,-3.70447568016095679E-004)
 TRACE fcgl integrands=   1.5900793673762098E-005   2.8817506725034385E-007
 TRACE fcgl theta=  0.97070312500000000       dbob=  (2.02248285952609633E-004,-5.56400890243436016E-004)  divx=  (-4.74043721488822138E-004,1.30731750221656402E-003)  kapx=  (1.35897717768106239E-004,-3.75458305986564004E-004)
 TRACE fcgl integrands=   1.6371807557331495E-005   3.1445489339500389E-007
 TRACE fcgl theta=  0.97265625000000000       dbob=  (2.10544353384633360E-004,-5.66710667878179411E-004)  divx=  (-4.77846159475014010E-004,1.32824824677762131E-003)  kapx=  (1.33650903045190325E-004,-3.80768789449720951E-004)
 TRACE fcgl integrands=   1.6869480385052677E-005   3.4276880952716886E-007
 TRACE fcgl theta=  0.97460937500000000       dbob=  (2.19018689348415830E-004,-5.77195415442276465E-004)  divx=  (-4.81979223285420916E-004,1.34994683616331598E-003)  kapx=  (1.31480266968502543E-004,-3.86375710360519755E-004)
 TRACE fcgl integrands=   1.7395059493040572E-005   3.7314662202706213E-007
 TRACE fcgl theta=  0.97656250000000000       dbob=  (2.27695139229955562E-004,-5.87852749043343880E-004)  divx=  (-4.86513878782806285E-004,1.37240124160557288E-003)  kapx=  (1.29409369776425362E-004,-3.92274246281114499E-004)
 TRACE fcgl integrands=   1.7949765664834805E-005   4.0562198704109810E-007
 TRACE fcgl theta=  0.97851562500000000       dbob=  (2.36599433464413739E-004,-5.98678733533012492E-004)  divx=  (-4.91524631866633037E-004,1.39559470356666912E-003)  kapx=  (1.27462599201109636E-004,-3.98457985016828313E-004)
 TRACE fcgl integrands=   1.8534777498090892E-005   4.4023290006775941E-007
 TRACE fcgl theta=  0.98046875000000000       dbob=  (2.45759053057398227E-004,-6.09667650781632185E-004)  divx=  (-4.97089115589056485E-004,1.41950537361291876E-003)  kapx=  (1.25665031265829129E-004,-4.04918861415643286E-004)
 TRACE fcgl integrands=   1.9151215131662952E-005   4.7702207322911137E-007
 TRACE fcgl theta=  0.98242187500000000       dbob=  (2.55203051279035288E-004,-6.20811775701597332E-004)  divx=  (-5.03287606699435205E-004,1.44410599132217907E-003)  kapx=  (1.24042277710199959E-004,-4.11647107810290871E-004)
 TRACE fcgl integrands=   1.9800123664348893E-005   5.1603718224055757E-007
 TRACE fcgl theta=  0.98437500000000000       dbob=  (2.64961832353511934E-004,-6.32101167741545952E-004)  divx=  (-5.10202475239807107E-004,1.46936360662420400E-003)  kapx=  (1.22620321443147587E-004,-4.18631219441329024E-004)
 TRACE fcgl integrands=   2.0482456636944743E-005   5.5733096972408701E-007
 TRACE fcgl theta=  0.98632812500000000       dbob=  (2.75066889558907084E-004,-6.43523485445979975E-004)  divx=  (-5.17917572834206076E-004,1.49523935750653521E-003)  kapx=  (1.21425341637649496E-004,-4.25857936030277619E-004)
 TRACE fcgl integrands=   2.1199059978383007E-005   6.0096119697664900E-007
 TRACE fcgl theta=  0.98828125000000000       dbob=  (2.85550506691700670E-004,-6.55063831205180639E-004)  divx=  (-5.26517567244804839E-004,1.52168831215691077E-003)  kapx=  (1.20483530276552085E-004,-4.33312240475865066E-004)
 TRACE fcgl integrands=   2.1950656832482533E-005   6.4699044231881586E-007
 TRACE fcgl theta=  0.99023437500000000       dbob=  (2.96445428262023174E-004,-6.66704632527832255E-004)  divx=  (-5.36087232523801624E-004,1.54865938338070888E-003)  kapx=  (1.19820902130889225E-004,-4.40977375426438313E-004)
 TRACE fcgl integrands=   2.2737833682675773E-005   6.9548575038627310E-007
 TRACE fcgl theta=  0.99218750000000000       dbob=  (3.07784505000946787E-004,-6.78425565089272112E-004)  divx=  (-5.46710705595534314E-004,1.57609532157093049E-003)  kapx=  (1.19463100297293763E-004,-4.48834878240829188E-004)
 TRACE fcgl integrands=   2.3561028177142260E-005   7.4651814284687850E-007
 TRACE fcgl theta=  0.99414062500000000       dbob=  (3.19600322221215004E-004,-6.90203521492531468E-004)  divx=  (-5.58470721292913456E-004,1.60393279067727232E-003)  kapx=  (1.19435199535849226E-004,-4.56864634592370428E-004)
 TRACE fcgl integrands=   2.4420519025978463E-005   8.0016200668995822E-007
 TRACE fcgl theta=  0.99609375000000000       dbob=  (3.31924819232796769E-004,-7.02012628189964795E-004)  divx=  (-5.71447838695359248E-004,1.63210252959123184E-003)  kapx=  (1.19761509731281239E-004,-4.65044950700633521E-004)
 TRACE fcgl integrands=   2.5316418296073834E-005   8.5649438112591306E-007
 TRACE fcgl theta=  0.99804687500000000       dbob=  (3.44788908344883908E-004,-7.13824311421296033E-004)  divx=  (-5.85719672037812939E-004,1.66052959921632218E-003)  kapx=  (1.20465381846464515E-004,-4.73352643897513071E-004)
STOP  PENTRC STOP => normal termination.
 TRACE fcgl integrands=   2.6248666369707583E-005   9.1559416797666677E-007
 TRACE fcgl theta=   1.0000000000000000       dbob=  (3.58222101974348291E-004,-7.25607411405152316E-004)  divx=  (-6.01360139467138253E-004,1.68913371331228489E-003)  kapx=  (1.21569018746394981E-004,-4.81763150953566286E-004)
 TRACE fcgl integrands=   2.7217029761717393E-005   9.7754129301324562E-007
 TRACE fcgl ints=   4.9652648287453042E-005   4.9068434524152145E-006
 TRACE fcgl tpsi=              (0.0000000000000000,0.92964022676329827)
 TRACE tpsi end method=fcgl psi=  0.49963074691318321       l=           0  tpsi=              (0.0000000000000000,0.92964022676329827)
  psi = 0.5  -> T_phi =   0.00E+00  2.48E-01j
  psi = 0.6  -> T_phi =   0.00E+00  5.09E-01j
  psi = 0.7  -> T_phi =   0.00E+00  7.23E-01j
  psi = 0.8  -> T_phi =   0.00E+00  8.43E-01j
  psi = 0.9  -> T_phi =   0.00E+00  1.05E+00j
         Total torque =  0.000E+000
 Total Kinetic Energy =  7.092E-001
             alpha/s  = -0.000E+000
 fcgl - Finished
 ---------------------------------------------
 Writing output to netcdf
 Total cpu time =            0  seconds
