Equilibrium file: src/Pentrc/tmp/runtime_fcgl_case/g147131.02300_DIIID_KEFIT
--> Processing EFIT g-file: src/Pentrc/tmp/runtime_fcgl_case/g147131.02300_DIIID_KEFIT
--> Parsed from header: nw=129, nh=129
   Magnetic axis found at R = 1.75888, Z = 0.02442
   Inboard separatrix found at R = 1.0872289007986813.
   Outboard separatrix found at R = 2.292018620764088.
TRACE tpsi start method=fcgl psi=4.996307469131832e-01 n=1 l=0 electron=F
TRACE eq q=1.741760775200e+00 epsr=NA bmin=1.425363252562e+00 bmax=2.201969442194e+00
TRACE eq theta_bmin=1.556272231362e-03 theta_bmax=5.014053716055e-01
TRACE eq wdian=4.700461044988e+03 wdiat=1.199356220850e+04 welec=4.560546527672e+04 wtran=1.483317146475e+05 wgyro=8.269579661463e+07 nuk=7.241650952248e+02
TRACE dbob_m_f= [1]=-1.428630692421e-07 +1.257809237695e-07i [2]=-1.081958447048e-07 +1.644866618019e-07i [3]=-1.241076544911e-07 +1.617926679156e-07i [4]=-1.465437112870e-08 +3.350931466167e-07i [5]=6.158189752615e-08 +6.621550354706e-07i [6]=1.519944267593e-07 +2.104641336671e-06i [7]=3.439969294368e-07 +2.838761426194e-06i [8]=4.075783082831e-07 +8.761389721604e-06i [9]=2.560366895885e-06 +7.284428005658e-08i [10]=6.282631913516e-06 +1.576550055647e-05i [11]=1.929325843377e-05 -4.052335624519e-05i [12]=3.447394785924e-05 +2.830398338487e-05i [13]=1.220799048166e-04 -3.745180776164e-04i [14]=6.827052201683e-04 +7.457396948858e-04i [15]=-7.750096861868e-05 +3.946596093120e-04i [16]=-4.547185349546e-04 +5.003679375429e-05i [17]=3.670658296898e-05 -6.411649142963e-05i [18]=-2.022804843086e-05 -2.749257631905e-05i [19]=6.858569954102e-06 -1.055966336595e-05i [20]=-5.691816845735e-06 -3.582707292530e-06i [21]=-1.089299695296e-06 -3.965315378303e-06i [22]=-1.346623527916e-06 -1.838699665212e-06i [23]=-5.458886896763e-07 -1.543641075009e-06i [24]=-2.413944458258e-09 -7.393000953651e-07i [25]=1.394833216347e-07 -5.016876892499e-07i [26]=2.795034939890e-07 -2.579478558675e-07i [27]=2.305106140259e-07 -1.913514564592e-07i [28]=2.255101346481e-07 -1.343046161804e-07i [29]=1.667682332286e-07 -1.354392786955e-07i [30]=1.523211131665e-07 -1.218970881875e-07i [31]=1.228201944171e-07 -1.283276409520e-07i [32]=1.185535683789e-07 -1.087057669772e-07i [33]=1.032595409055e-07 -1.067668167998e-07i [34]=1.110966987893e-07 -8.904778082139e-08i
TRACE divx_m_f= [1]=3.062473414656e-07 -1.412321358317e-07i [2]=2.516921836852e-07 -1.695537266865e-07i [3]=2.138665505480e-07 -2.384894688162e-07i [4]=-7.939756221274e-08 -6.139269365723e-07i [5]=-4.543532673697e-07 -1.661112741637e-06i [6]=-1.097645840305e-06 -4.413477814718e-06i [7]=-1.712638138842e-06 -7.580555023144e-06i [8]=-2.172072103913e-06 -1.779561740469e-05i [9]=-4.486781315895e-06 -9.870620235279e-06i [10]=-7.080178229595e-06 -3.504686571806e-05i [11]=-2.987368254907e-05 +4.118054698334e-05i [12]=-6.399491819601e-05 -6.492954572609e-05i [13]=-3.299263661037e-04 +3.626530966949e-04i [14]=-1.277515519928e-03 -1.689033646215e-03i [15]=2.325851833744e-04 -5.082736566705e-04i [16]=8.423449767361e-04 +5.127525867019e-05i [17]=-1.137606493810e-05 +1.238011696577e-04i [18]=4.201592159519e-05 +4.438530647180e-05i [19]=1.827522037517e-07 +1.329752966426e-05i [20]=1.229035624364e-05 +8.720248469223e-06i [21]=4.046534360393e-06 +8.387016225136e-06i [22]=3.399407734945e-06 +4.681327839674e-06i [23]=1.425841536078e-06 +3.314270651284e-06i [24]=1.884758468210e-07 +1.581156203220e-06i [25]=-2.827851723503e-07 +8.601284057284e-07i [26]=-5.700158776066e-07 +3.675910867456e-07i [27]=-5.328466047726e-07 +1.999697551668e-07i [28]=-5.057391435959e-07 +1.138526918921e-07i [29]=-4.098882074689e-07 +1.106254025807e-07i [30]=-3.692491762158e-07 +1.026458240805e-07i [31]=-3.212763511217e-07 +1.132977543119e-07i [32]=-3.006319454482e-07 +9.179535430397e-08i [33]=-2.725277031245e-07 +9.350562521378e-08i [34]=-2.717840008359e-07 +7.691201363148e-08i
TRACE fcgl theta=0.000000000000e+00 dbob=3.520620458389e-04 +7.190772226207e-04i divx=-5.943551066483e-04 -1.674361048373e-03i kapx=1.211465304047e-04 +4.776419128760e-04i jac=1.693229214255e+01
TRACE fcgl integrands=2.672544661183e-05 9.449318265006e-07
TRACE fcgl theta=1.953125000000e-03 dbob=3.397778685428e-04 +7.081174266675e-04i divx=-5.803836678751e-04 -1.647797336671e-03i kapx=1.203028996662e-04 +4.698399550019e-04i jac=1.693229214255e+01
TRACE fcgl integrands=2.583936580816e-05 8.884832168522e-07
TRACE fcgl theta=3.906250000000e-03 dbob=3.279483443416e-04 +6.971702123270e-04i divx=-5.675340731443e-04 -1.621436662553e-03i kapx=1.197928644013e-04 +4.621332251131e-04i jac=1.693229214255e+01
TRACE fcgl integrands=2.498488200439e-05 8.345172394684e-07
TRACE fcgl theta=5.859375000000e-03 dbob=3.165352448405e-04 +6.862449431301e-04i divx=-5.557305352381e-04 -1.595312646046e-03i kapx=1.195976451988e-04 +4.545338514579e-04i jac=1.693229214255e+01
TRACE fcgl integrands=2.416118603000e-05 7.829021859540e-07
TRACE fcgl theta=7.812500000000e-03 dbob=3.055028998001e-04 +6.753480274055e-04i divx=-5.449013521395e-04 -1.569455359965e-03i kapx=1.196992261697e-04 +4.470536662796e-04i jac=1.693229214255e+01
TRACE fcgl integrands=2.336747420281e-05 7.335180747925e-07
TRACE fcgl theta=9.765625000000e-03 dbob=2.948186383981e-04 +6.644836548826e-04i divx=-5.349792041435e-04 -1.543892636405e-03i kapx=1.200802828727e-04 +4.397044907614e-04i jac=1.693229214255e+01
TRACE fcgl integrands=2.260297792032e-05 6.862587356637e-07
TRACE fcgl theta=1.171875000000e-02 dbob=2.844530580834e-04 +6.536545607440e-04i divx=-5.259011462327e-04 -1.518651298092e-03i kapx=1.207240440747e-04 +4.324983686738e-04i jac=1.693229214255e+01
TRACE fcgl integrands=2.186698671196e-05 6.410333097844e-07
TRACE fcgl theta=1.367187500000e-02 dbob=2.743801204739e-04 +6.428627780639e-04i divx=-5.176083242689e-04 -1.493758248107e-03i kapx=1.216141018975e-04 +4.254477350216e-04i jac=1.693229214255e+01
TRACE fcgl integrands=2.115886386495e-05 5.977671215373e-07
TRACE fcgl theta=1.562500000000e-02 dbob=2.645770825092e-04 +6.321103411478e-04i divx=-5.100454575971e-04 -1.469241361165e-03i kapx=1.227341875440e-04 +4.185655100085e-04i jac=1.693229214255e+01
TRACE fcgl integrands=2.047805419952e-05 5.564019076082e-07
TRACE fcgl theta=1.757812500000e-02 dbob=2.550242792017e-04 +6.213999058293e-04i divx=-5.031601420386e-04 -1.445130132120e-03i kapx=1.240679314184e-04 +4.118651131451e-04i jac=1.693229214255e+01
TRACE fcgl integrands=1.982408404659e-05 5.168954210292e-07
TRACE fcgl theta=1.953125000000e-02 dbob=2.457047814069e-04 +6.107352580642e-04i divx=-4.969020353556e-04 -1.421456052193e-03i kapx=1.255986269744e-04 +4.053603970644e-04i jac=1.693229214255e+01
TRACE fcgl integrands=1.919655394415e-05 4.792204571598e-07
TRACE fcgl theta=2.148437500000e-02 dbob=2.366039576732e-04 +6.001216888833e-04i divx=-4.912219917080e-04 -1.398252699515e-03i kapx=1.273090170174e-04 +3.990655053158e-04i jac=1.693229214255e+01
TRACE fcgl integrands=1.859512498715e-05 4.433633750517e-07
TRACE fcgl theta=2.343750000000e-02 dbob=2.277089731596e-04 +5.895662215360e-04i divx=-4.860712121916e-04 -1.375555547145e-03i kapx=1.291811195160e-04 +3.929946628047e-04i jac=1.693229214255e+01
TRACE fcgl integrands=1.801950011516e-05 4.093222093272e-07
TRACE fcgl theta=2.539062500000e-02 dbob=2.190082606258e-04 +5.790776850372e-04i divx=-4.814004752736e-04 -1.353401507839e-03i kapx=1.311961073239e-04 +3.871619114009e-04i jac=1.693229214255e+01
TRACE fcgl integrands=1.746940188123e-05 3.771044834157e-07
TRACE fcgl theta=2.734375000000e-02 dbob=2.104909985353e-04 +5.686666368477e-04i divx=-4.771595040781e-04 -1.331828249509e-03i kapx=1.333342527714e-04 +3.815808063309e-04i jac=1.693229214255e+01
TRACE fcgl integrands=1.694454840039e-05 3.467248438899e-07
TRACE fcgl theta=2.929687500000e-02 dbob=2.021466294007e-04 +5.583451456039e-04i divx=-4.732965174636e-04 -1.310873327880e-03i kapx=1.355749440314e-04 +3.762640911382e-04i jac=1.693229214255e+01
TRACE fcgl integrands=1.644462921959e-05 3.182026372935e-07
TRACE fcgl theta=3.125000000000e-02 dbob=1.939644477831e-04 +5.481264522185e-04i divx=-4.697579993030e-04 -1.290573192474e-03i kapx=1.378967757599e-04 +3.712233701279e-04i jac=1.693229214255e+01
TRACE fcgl integrands=1.596928278380e-05 2.915595453217e-07
TRACE fcgl theta=3.320312500000e-02 dbob=1.859332820837e-04 +5.380245338982e-04i divx=-4.664887060798e-04 -1.270962128409e-03i kapx=1.402777119980e-04 +3.664687972554e-04i jac=1.693229214255e+01
TRACE fcgl integrands=1.551807700354e-05 2.668173820572e-07
TRACE fcgl theta=3.515625000000e-02 dbob=1.780412877635e-04 +5.280536003532e-04i divx=-4.634319177048e-04 -1.252071199129e-03i kapx=1.426953149707e-04 +3.620087993881e-04i jac=1.693229214255e+01
TRACE fcgl integrands=1.509049417165e-05 2.439961391606e-07
TRACE fcgl theta=3.710937500000e-02 dbob=1.702758622868e-04 +5.182275544602e-04i divx=-4.605299212234e-04 -1.233927254133e-03i kapx=1.451270294683e-04 +3.578498498362e-04i jac=1.693229214255e+01
TRACE fcgl integrands=1.468592115229e-05 2.231123428664e-07
TRACE fcgl theta=3.906250000000e-02 dbob=1.626236843489e-04 +5.085594507611e-04i divx=-4.577247027015e-04 -1.216552061044e-03i kapx=1.475505091763e-04 +3.539963051413e-04i jac=1.693229214255e+01
TRACE fcgl integrands=1.430364539699e-05 2.041777619781e-07
TRACE fcgl theta=4.101562500000e-02 dbob=1.550708722564e-04 +4.990609844064e-04i divx=-4.549588098683e-04 -1.199961613436e-03i kapx=1.499439688060e-04 +3.504503145148e-04i jac=1.693229214255e+01
TRACE fcgl integrands=1.394285695614e-05 1.871984806165e-07
TRACE fcgl theta=4.296875000000e-02 dbob=1.476032491341e-04 +4.897420405699e-04i divx=-4.521763377573e-04 -1.184165655047e-03i kapx=1.522865443116e-04 +3.472118072384e-04i jac=1.693229214255e+01
TRACE fcgl integrands=1.360265627697e-05 1.721743250712e-07
TRACE fcgl theta=4.492187500000e-02 dbob=1.402066963228e-04 +4.806103301572e-04i divx=-4.493239821868e-04 -1.169167448209e-03i kapx=1.545586429320e-04 +3.442785590260e-04i jac=1.693229214255e+01
TRACE fcgl integrands=1.328206723281e-05 1.590986124188e-07
TRACE fcgl theta=4.687500000000e-02 dbob=1.328675712622e-04 +4.716711320760e-04i divx=-4.463521018272e-04 -1.154963800152e-03i kapx=1.567422652825e-04 +3.416463340378e-04i jac=1.693229214255e+01
TRACE fcgl integrands=1.298005453562e-05 1.479581710523e-07
TRACE fcgl theta=4.882812500000e-02 dbob=1.255731625833e-04 +4.629271557773e-04i divx=-4.432157290091e-04 -1.141545346168e-03i kapx=1.588212832129e-04 +3.393090951951e-04i jac=1.693229214255e+01
TRACE fcgl integrands=1.269554445916e-05 1.387335709612e-07
TRACE fcgl theta=5.078125000000e-02 dbob=1.183121532402e-04 +4.543785306197e-04i divx=-4.398754722908e-04 -1.128897074370e-03i kapx=1.607816595253e-04 +3.372592718750e-04i jac=1.693229214255e+01
TRACE fcgl integrands=1.242744765364e-05 1.313994951305e-07
TRACE fcgl theta=5.273437500000e-02 dbob=1.110750623624e-04 +4.460229212574e-04i divx=-4.362982599126e-04 -1.116999063614e-03i kapx=1.626115987751e-04 +3.354880711781e-04i jac=1.693229214255e+01
TRACE fcgl integrands=1.217468276967e-05 1.259251829324e-07
TRACE fcgl theta=5.468750000000e-02 dbob=1.038546380780e-04 +4.378557611560e-04i divx=-4.324578822032e-04 -1.105827394963e-03i kapx=1.643016220626e-04 +3.339858169035e-04i jac=1.693229214255e+01
TRACE fcgl integrands=1.193619962680e-05 1.222748815010e-07
TRACE fcgl theta=5.664062500000e-02 dbob=9.664617671439e-05 +4.298705898720e-04i divx=-4.283353021968e-04 -1.095355188339e-03i kapx=1.658445627412e-04 +3.327422992332e-04i jac=1.693229214255e+01
TRACE fcgl integrands=1.171100075423e-05 1.204082510473e-07
TRACE fcgl theta=5.859375000000e-02 dbob=8.944774830591e-05 +4.220594742716e-04i divx=-4.239187164921e-04 -1.085553710218e-03i kapx=1.672354840931e-04 +3.317471179730e-04i jac=1.693229214255e+01
TRACE fcgl integrands=1.149816028619e-05 1.202806837336e-07
TRACE fcgl theta=6.054687500000e-02 dbob=8.226031393515e-05 +4.144134896796e-04i divx=-4.192033619520e-04 -1.076393495679e-03i kapx=1.684715240084e-04 +3.309900029999e-04i jac=1.693229214255e+01
TRACE fcgl integrands=1.129683939851e-05 1.218435117192e-07
TRACE fcgl theta=6.250000000000e-02 dbob=7.508772675176e-05 +4.069232342605e-04i divx=-4.141910774271e-04 -1.067845428792e-03i kapx=1.695516753377e-04 +3.304610972660e-04i jac=1.693229214255e+01
TRACE fcgl integrands=1.110629770915e-05 1.250440967921e-07
TRACE fcgl theta=6.445312500000e-02 dbob=6.793661516867e-05 +3.995793488413e-04i divx=-4.088896424841e-04 -1.059881729192e-03i kapx=1.704765136577e-04 +3.301511901753e-04i jac=1.693229214255e+01
TRACE fcgl integrands=1.092590031681e-05 1.298258101413e-07
TRACE fcgl theta=6.640625000000e-02 dbob=6.081615333103e-05 +3.923730149245e-04i divx=-4.033119264328e-04 -1.052476799399e-03i kapx=1.712478865509e-04 +3.300518922372e-04i jac=1.693229214255e+01
TRACE fcgl integrands=1.075512040272e-05 1.361279249291e-07
TRACE fcgl theta=6.835937500000e-02 dbob=5.373773010737e-05 +3.852964057108e-04i divx=-3.974748901395e-04 -1.045607896504e-03i kapx=1.718685800161e-04 +3.301557453968e-04i jac=1.693229214255e+01
TRACE fcgl integrands=1.059353755584e-05 1.438854552944e-07
TRACE fcgl theta=7.031250000000e-02 dbob=4.671453321609e-05 +3.783430684039e-04i divx=-3.913984897218e-04 -1.039255602708e-03i kapx=1.723419782529e-04 +3.304562671521e-04i jac=1.693229214255e+01
TRACE fcgl integrands=1.044083218905e-05 1.530289824587e-07
TRACE fcgl theta=7.226562500000e-02 dbob=3.976106938196e-05 +3.715082206542e-04i divx=-3.851045349256e-04 -1.033404081165e-03i kapx=1.726717327718e-04 +3.309479302552e-04i jac=1.693229214255e+01
TRACE fcgl integrands=1.029677658447e-05 1.634845113175e-07
TRACE fcgl theta=7.421875000000e-02 dbob=3.289264439514e-05 +3.647889494087e-04i divx=-3.786155556461e-04 -1.028041115919e-03i kapx=1.728614556255e-04 +3.316260832553e-04i jac=1.693229214255e+01
TRACE fcgl integrands=1.016122323355e-05 1.751733992520e-07
TRACE fcgl theta=7.617187500000e-02 dbob=2.612482848109e-05 +3.581843063302e-04i divx=-3.719537277258e-04 -1.023157946686e-03i kapx=1.729144496223e-04 +3.324868201781e-04i jac=1.693229214255e+01
TRACE fcgl integrands=1.003409121933e-05 1.880123932502e-07
TRACE fcgl theta=7.812500000000e-02 dbob=1.947293243499e-05 +3.516952999667e-04i divx=-3.651399040601e-04 -1.018748920129e-03i kapx=1.728334858126e-04 +3.335268100809e-04i jac=1.693229214255e+01
TRACE fcgl integrands=9.915351424147e-06 2.019138024551e-07
TRACE fcgl theta=8.007812500000e-02 dbob=1.295151856934e-05 +3.453247906288e-04i divx=-3.581927895493e-04 -1.014810988540e-03i kapx=1.726206354900e-04 +3.347430989555e-04i jac=1.693229214255e+01
TRACE fcgl integrands=9.805011339355e-06 2.167858218844e-07
TRACE fcgl theta=8.203125000000e-02 dbob=6.573967794365e-06 +3.390772991384e-04i divx=-3.511282890594e-04 -1.011343093921e-03i kapx=1.722771606325e-04 +3.361328973911e-04i jac=1.693229214255e+01
TRACE fcgl integrands=9.703100208059e-06 2.325330103829e-07
TRACE fcgl theta=8.398437500000e-02 dbob=3.521202999462e-07 +3.329587449521e-04i divx=-3.439590469144e-04 -1.008345479998e-03i kapx=1.718034633072e-04 +3.376933675230e-04i jac=1.693229214255e+01
TRACE fcgl integrands=9.609655154559e-06 2.490569130071e-07
TRACE fcgl theta=8.593750000000e-02 dbob=-5.703997403059e-06 +3.269761324105e-04i divx=-3.366941851898e-04 -1.005818976633e-03i kapx=1.711990912964e-04 +3.394214221113e-04i jac=1.693229214255e+01
TRACE fcgl integrands=9.524708851285e-06 2.662568061193e-07
TRACE fcgl theta=8.789062500000e-02 dbob=-1.158635158724e-05 +3.211372058656e-04i divx=-3.293392369105e-04 -1.003764300214e-03i kapx=1.704627942489e-04 +3.413135471740e-04i jac=1.693229214255e+01
TRACE fcgl integrands=9.448279153561e-06 2.840305334596e-07
TRACE fcgl theta=8.984375000000e-02 dbob=-1.728898454884e-05 +3.154500951098e-04i divx=-3.218962598232e-04 -1.002181410232e-03i kapx=1.695926221860e-04 +3.433656575612e-04i jac=1.693229214255e+01
TRACE fcgl integrands=9.380361001572e-06 3.022753941534e-07
TRACE fcgl theta=9.179687500000e-02 dbob=-2.280800534622e-05 +3.099229718939e-04i divx=-3.143641073083e-04 -1.001068956575e-03i kapx=1.685860563273e-04 +3.455729923405e-04i jac=1.693229214255e+01
TRACE fcgl integrands=9.320920754515e-06 3.208890395301e-07
TRACE fcgl theta=9.375000000000e-02 dbob=-2.814149634207e-05 +3.045637364467e-04i divx=-3.067388257200e-04 -1.000423844538e-03i kapx=1.674401610310e-04 +3.479300540455e-04i jac=1.693229214255e+01
TRACE fcgl integrands=9.269892990552e-06 3.397703350222e-07
TRACE fcgl theta=9.570312500000e-02 dbob=-3.328934808757e-05 +2.993797499766e-04i divx=-2.990141423481e-04 -1.000240935767e-03i kapx=1.661517452178e-04 +3.504305928950e-04i jac=1.693229214255e+01
TRACE fcgl integrands=9.227179683383e-06 3.588201462520e-07
TRACE fcgl theta=9.765625000000e-02 dbob=-3.825303838081e-05 +2.943776253498e-04i divx=-2.911820055169e-04 -1.000512893775e-03i kapx=1.647175219489e-04 +3.530676342125e-04i jac=1.693229214255e+01
TRACE fcgl integrands=9.192651556764e-06 3.779420143806e-07
TRACE fcgl theta=9.960937500000e-02 dbob=-4.303537352303e-05 +2.895630837776e-04i divx=-2.832331381287e-04 -1.001230173052e-03i kapx=1.631342558259e-04 +3.558335446369e-04i jac=1.693229214255e+01
TRACE fcgl integrands=9.166151325975e-06 3.970426943549e-07
TRACE fcgl theta=1.015625000000e-01 dbob=-4.764021079500e-05 +2.849408806975e-04i divx=-2.751575681398e-04 -1.002381141643e-03i kapx=1.613988894674e-04 +3.587201304727e-04i jac=1.693229214255e+01
TRACE fcgl integrands=9.147498462886e-06 4.160325401166e-07
TRACE fcgl theta=1.035156250000e-01 dbob=-5.207218096751e-05 +2.805147993993e-04i divx=-2.669451037855e-04 -1.003952319009e-03i kapx=1.595086423765e-04 +3.617187598051e-04i jac=1.693229214255e+01
TRACE fcgl integrands=9.136495070860e-06 4.348257322825e-07
TRACE fcgl theta=1.054687500000e-01 dbob=-5.633642830622e-05 +2.762877066235e-04i divx=-2.585857274918e-04 -1.005928704420e-03i kapx=1.574610778990e-04 +3.648204988985e-04i jac=1.693229214255e+01
TRACE fcgl integrands=9.132932428207e-06 4.533403553809e-07
TRACE fcgl theta=1.074218750000e-01 dbob=-6.043838316237e-05 +2.722616606028e-04i divx=-2.500698898573e-04 -1.008294166490e-03i kapx=1.552541365099e-04 +3.680162529437e-04i jac=1.693229214255e+01
TRACE fcgl integrands=9.136597754309e-06 4.714983425355e-07
TRACE fcgl theta=1.093750000000e-01 dbob=-6.438357904732e-05 +2.684380590491e-04i divx=-2.413886933386e-04 -1.011031861924e-03i kapx=1.528861361930e-04 +3.712969014374e-04i jac=1.693229214255e+01
TRACE fcgl integrands=9.147280770090e-06 4.892253147376e-07
TRACE fcgl theta=1.113281250000e-01 dbob=-6.817752230451e-05 +2.648178125706e-04i divx=-2.325339637588e-04 -1.014124651207e-03i kapx=1.503557430317e-04 +3.746534193184e-04i jac=1.693229214255e+01
TRACE fcgl integrands=9.164779662365e-06 5.064503488564e-07
TRACE fcgl theta=1.132812500000e-01 dbob=-7.182561838217e-05 +2.614015280227e-04i divx=-2.234982159241e-04 -1.017555480790e-03i kapx=1.476619171531e-04 +3.780769763836e-04i jac=1.693229214255e+01
TRACE fcgl integrands=9.188906117321e-06 5.231057128312e-07
TRACE fcgl theta=1.152343750000e-01 dbob=-7.533315454982e-05 +2.581896863927e-04i divx=-2.142745269631e-04 -1.021307705081e-03i kapx=1.448038407565e-04 +3.815590093439e-04i jac=1.693229214255e+01
TRACE fcgl integrands=9.219489158669e-06 5.391266077755e-07
TRACE fcgl theta=1.171875000000e-01 dbob=-7.870533495994e-05 +2.551828009311e-04i divx=-2.048563370446e-04 -1.025365326988e-03i kapx=1.417808360023e-04 +3.850912630287e-04i jac=1.693229214255e+01
TRACE fcgl integrands=9.256377606974e-06 5.544509549530e-07
TRACE fcgl theta=1.191406250000e-01 dbob=-8.194736048087e-05 +2.523815432765e-04i divx=-1.952372015369e-04 -1.029713142384e-03i kapx=1.385922810089e-04 +3.886657995540e-04i jac=1.693229214255e+01
TRACE fcgl integrands=9.299441064034e-06 5.690192609375e-07
TRACE fcgl theta=1.210937500000e-01 dbob=-8.506454292512e-05 +2.497868281054e-04i divx=-1.854105212093e-04 -1.034336781265e-03i kapx=1.352375320672e-04 +3.922749765800e-04i jac=1.693229214255e+01
TRACE fcgl integrands=9.348569415381e-06 5.827745871004e-07
TRACE fcgl theta=1.230468750000e-01 dbob=-8.806244132691e-05 +2.473998501634e-04i divx=-1.753692776448e-04 -1.039222646047e-03i kapx=1.317158594859e-04 +3.959113979416e-04i jac=1.693229214255e+01
TRACE fcgl integrands=9.403670930398e-06 5.956626404628e-07
TRACE fcgl theta=1.250000000000e-01 dbob=-9.094700688236e-05 +2.452220711700e-04i divx=-1.651057996573e-04 -1.044357754784e-03i kapx=1.280264032698e-04 +3.995678418067e-04i jac=1.693229214255e+01
TRACE fcgl integrands=9.464669118819e-06 6.076319925708e-07
TRACE fcgl theta=1.269531250000e-01 dbob=-9.372472308990e-05 +2.432551577754e-04i divx=-1.546115833498e-04 -1.049729503749e-03i kapx=1.241681532198e-04 +4.032371729869e-04i jac=1.693229214255e+01
TRACE fcgl integrands=9.531498570492e-06 6.186344221996e-07
TRACE fcgl theta=1.289062500000e-01 dbob=-9.640272848767e-05 +2.415008752448e-04i divx=-1.438771837725e-04 -1.055325369244e-03i kapx=1.201399561301e-04 +4.069122469993e-04i jac=1.693229214255e+01
TRACE fcgl integrands=9.604100058888e-06 6.286253671454e-07
TRACE fcgl theta=1.308593750000e-01 dbob=-9.898891108832e-05 +2.399609446255e-04i divx=-1.328921903175e-04 -1.061132572458e-03i kapx=1.159405507029e-04 +4.105858139164e-04i jac=1.693229214255e+01
TRACE fcgl integrands=9.682415225392e-06 6.375644609146e-07
TRACE fcgl theta=1.328125000000e-01 dbob=-1.014919660173e-04 +2.386368736135e-04i divx=-1.216452914331e-04 -1.067137733438e-03i kapx=1.115686287252e-04 +4.142504299125e-04i jac=1.693229214255e+01
TRACE fcgl integrands=9.766381179306e-06 6.454161224344e-07
TRACE fcgl theta=1.347656250000e-01 dbob=-1.039214107828e-04 +2.375297730456e-04i divx=-1.101244274409e-04 -1.073326540567e-03i kapx=1.070229191118e-04 +4.178983837607e-04i jac=1.693229214255e+01
TRACE fcgl integrands=9.855925347099e-06 6.521501615463e-07
TRACE fcgl theta=1.367187500000e-01 dbob=-1.062875558284e-04 +2.366401717899e-04i divx=-9.831702364697e-05 -1.079683460571e-03i kapx=1.023022897377e-04 +4.215216443906e-04i jac=1.693229214255e+01
TRACE fcgl integrands=9.950960884265e-06 6.577423603652e-07
TRACE fcgl theta=1.386718750000e-01 dbob=-1.086014313197e-04 +2.359678427695e-04i divx=-8.621029001491e-05 -1.086191510938e-03i kapx=9.740586066732e-05 +4.251118340845e-04i jac=1.693229214255e+01
TRACE fcgl integrands=1.005138292563e-05 6.621749907762e-07
TRACE fcgl theta=1.406250000000e-01 dbob=-1.108746742573e-04 +2.355116519500e-04i divx=-7.379156879722e-05 -1.092832112097e-03i kapx=9.233312152727e-05 +4.286602300733e-04i jac=1.693229214255e+01
TRACE fcgl integrands=1.015706589745e-05 6.654372313384e-07
TRACE fcgl theta=1.425781250000e-01 dbob=-1.131193827934e-04 +2.352694404329e-04i divx=-6.104870801690e-05 -1.099585031078e-03i kapx=8.708404540515e-05 +4.321577953224e-04i jac=1.693229214255e+01
TRACE fcgl integrands=1.026786205024e-05 6.675254524481e-07
TRACE fcgl theta=1.445312500000e-01 dbob=-1.153479468630e-04 +2.352379474589e-04i divx=-4.797043676723e-05 -1.106428422060e-03i kapx=8.165919181511e-05 +4.355952373004e-04i jac=1.693229214255e+01
TRACE fcgl integrands=1.038360129922e-05 6.684433463266e-07
TRACE fcgl theta=1.464843750000e-01 dbob=-1.175728657943e-04 +2.354127793013e-04i divx=-3.454671805870e-05 -1.113338962594e-03i kapx=7.605979192652e-05 +4.389630916465e-04i jac=1.693229214255e+01
TRACE fcgl integrands=1.050409238256e-05 6.682018876844e-07
TRACE fcgl theta=1.484375000000e-01 dbob=-1.198065643405e-04 +2.357884259331e-04i divx=-2.076905637472e-05 -1.120292077928e-03i kapx=7.028781035760e-05 +4.422518259976e-04i jac=1.693229214255e+01
TRACE fcgl integrands=1.062912527218e-05 6.668191210732e-07
TRACE fcgl theta=1.503906250000e-01 dbob=-1.220612185415e-04 +2.363583241774e-04i divx=-6.630740080523e-06 -1.127262240049e-03i kapx=6.434597931101e-05 +4.454519579356e-04i jac=1.693229214255e+01
TRACE fcgl integrands=1.075847470061e-05 6.643197812535e-07
TRACE fcgl theta=1.523437500000e-01 dbob=-1.243486020029e-04 +2.371149630329e-04i divx=7.872996863708e-06 -1.134223323272e-03i kapx=5.823780256958e-05 +4.485541801195e-04i jac=1.693229214255e+01
TRACE fcgl integrands=1.089190460486e-05 6.607347626390e-07
TRACE fcgl theta=1.542968750000e-01 dbob=-1.266799616330e-04 +2.380500241847e-04i divx=2.274490411303e-05 -1.141148994697e-03i kapx=5.196752875997e-05 +4.515494852561e-04i jac=1.693229214255e+01
TRACE fcgl integrands=1.102917323793e-05 6.561004623864e-07
TRACE fcgl theta=1.562500000000e-01 dbob=-1.290659297411e-04 +2.391545485522e-04i divx=3.798573933538e-05 -1.148013115819e-03i kapx=4.554009520285e-05 +4.544292836336e-04i jac=1.693229214255e+01
TRACE fcgl integrands=1.117003866318e-05 6.504580284023e-07
TRACE fcgl theta=1.582031250000e-01 dbob=-1.315164768134e-04 +2.404191182136e-04i divx=5.359438586389e-05 -1.154790131198e-03i kapx=3.896104547477e-05 +4.571855064920e-04i jac=1.693229214255e+01
TRACE fcgl integrands=1.131426432803e-05 6.438525480546e-07
TRACE fcgl theta=1.601562500000e-01 dbob=-1.340409064431e-04 +2.418340422739e-04i divx=6.956805565924e-05 -1.161455421255e-03i kapx=3.223642539195e-05 +4.598106894904e-04i jac=1.693229214255e+01
TRACE fcgl integrands=1.146162441245e-05 6.363322154496e-07
TRACE fcgl theta=1.621093750000e-01 dbob=-1.366478909888e-04 +2.433895352442e-04i divx=8.590256420884e-05 -1.167985598982e-03i kapx=2.537266339000e-05 +4.622980318687e-04i jac=1.693229214255e+01
TRACE fcgl integrands=1.161190866489e-05 6.279475147338e-07
TRACE fcgl theta=1.640625000000e-01 dbob=-1.393455437741e-04 +2.450758772591e-04i divx=1.025926594984e-04 -1.174358734281e-03i kapx=1.837644213783e-05 +4.646414285108e-04i jac=1.693229214255e+01
TRACE fcgl integrands=1.176492647134e-05 6.187504541079e-07
TRACE fcgl theta=1.660156250000e-01 dbob=-1.421415212004e-04 +2.468835469088e-04i divx=1.196323839236e-04 -1.180554494656e-03i kapx=1.125456863840e-05 +4.668354738738e-04i jac=1.693229214255e+01
TRACE fcgl integrands=1.192050995161e-05 6.087938804155e-07
TRACE fcgl theta=1.679687500000e-01 dbob=-1.450431461934e-04 +2.488033194964e-04i divx=1.370154461633e-04 -1.186554196585e-03i kapx=4.013850015010e-06 +4.688754385441e-04i jac=1.693229214255e+01
TRACE fcgl integrands=1.207851593669e-05 5.981308976787e-07
TRACE fcgl theta=1.699218750000e-01 dbob=-1.480575430550e-04 +2.508263259924e-04i divx=1.547355797176e-04 -1.192340767773e-03i kapx=-3.339018331345e-06 +4.707572208905e-04i jac=1.693229214255e+01
TRACE fcgl integrands=1.223882674896e-05 5.868144053433e-07
TRACE fcgl theta=1.718750000000e-01 dbob=-1.511917731422e-04 +2.529440706868e-04i divx=1.727868660162e-04 -1.197898626285e-03i kapx=-1.079754643700e-05 +4.724772777993e-04i jac=1.693229214255e+01
TRACE fcgl integrands=1.240134977868e-05 5.748967638113e-07
TRACE fcgl theta=1.738281250000e-01 dbob=-1.544529608620e-04 +2.551484083292e-04i divx=1.911640026320e-04 -1.203213487726e-03i kapx=-1.835552088502e-05 +4.740325396983e-04i jac=1.693229214255e+01
TRACE fcgl integrands=1.256601592206e-05 5.624295866666e-07
TRACE fcgl theta=1.757812500000e-01 dbob=-1.578484002533e-04 +2.574314842333e-04i divx=2.098625009908e-04 -1.208272116098e-03i kapx=-2.600705036878e-05 +4.754203159324e-04i jac=1.693229214255e+01
TRACE fcgl integrands=1.273277701236e-05 5.494636513756e-07
TRACE fcgl theta=1.777343750000e-01 dbob=-1.613856338539e-04 +2.597856432015e-04i divx=2.288788027777e-04 -1.213062037182e-03i kapx=-3.374658446189e-05 +4.766381969903e-04i jac=1.693229214255e+01
TRACE fcgl integrands=1.290160243384e-05 5.360489136437e-07
TRACE fcgl theta=1.796875000000e-01 dbob=-1.650724975178e-04 +2.622033150647e-04i divx=2.482103096774e-04 -1.217571235227e-03i kapx=-4.156890607977e-05 +4.776839600814e-04i jac=1.693229214255e+01
TRACE fcgl integrands=1.307247515332e-05 5.222346054038e-07
TRACE fcgl theta=1.816406250000e-01 dbob=-1.689171272176e-04 +2.646768860006e-04i divx=2.678553267753e-04 -1.221787854263e-03i kapx=-4.946909977888e-05 +4.785554841310e-04i jac=1.693229214255e+01
TRACE fcgl integrands=1.324538743471e-05 5.080693928650e-07
TRACE fcgl theta=1.835937500000e-01 dbob=-1.729279264735e-04 +2.671985655101e-04i divx=2.878129255127e-04 -1.225699924387e-03i kapx=-5.744249951958e-05 +4.792506794384e-04i jac=1.693229214255e+01
TRACE fcgl integrands=1.342033651513e-05 4.936015692855e-07
TRACE fcgl theta=1.855468750000e-01 dbob=-1.771134957140e-04 +2.697602589654e-04i divx=3.080827371653e-04 -1.229295131136e-03i kapx=-6.548462072563e-05 +4.797674360855e-04i jac=1.693229214255e+01
TRACE fcgl integrands=1.359732051682e-05 4.788792571645e-07
TRACE fcgl theta=1.875000000000e-01 dbob=-1.814825274143e-04 +2.723534550035e-04i divx=3.286646920791e-04 -1.232560642566e-03i kapx=-7.359108233239e-05 +4.801035937814e-04i jac=1.693229214255e+01
TRACE fcgl integrands=1.377633484771e-05 4.639505962619e-07
TRACE fcgl theta=1.894531250000e-01 dbob=-1.860436731151e-04 +2.749691357819e-04i divx=3.495587230730e-04 -1.235483004331e-03i kapx=-8.175752497892e-05 +4.802569342745e-04i jac=1.693229214255e+01
TRACE fcgl integrands=1.395736930601e-05 4.488638970313e-07
TRACE fcgl theta=1.914062500000e-01 dbob=-1.908053902389e-04 +2.775977163356e-04i divx=3.707644533246e-04 -1.238048108070e-03i kapx=-8.997953154286e-05 +4.802251958671e-04i jac=1.693229214255e+01
TRACE fcgl integrands=1.414040605384e-05 4.336677434102e-07
TRACE fcgl theta=1.933593750000e-01 dbob=-1.957757778875e-04 +2.802290171119e-04i divx=3.922808895821e-04 -1.240241233182e-03i kapx=-9.825255584734e-05 +4.800061080350e-04i jac=1.693229214255e+01
TRACE fcgl integrands=1.432541856477e-05 4.184110340848e-07
TRACE fcgl theta=1.953125000000e-01 dbob=-2.009624114425e-04 +2.828522713594e-04i divx=4.141061406825e-04 -1.242047156938e-03i kapx=-1.065718646200e-04 +4.795974427893e-04i jac=1.693229214255e+01
TRACE fcgl integrands=1.451237158343e-05 4.031429569599e-07
TRACE fcgl theta=1.972656250000e-01 dbob=-2.063721857681e-04 +2.854561665820e-04i divx=4.362371791928e-04 -1.243450323192e-03i kapx=-1.149324967124e-04 +4.789970783050e-04i jac=1.693229214255e+01
TRACE fcgl integrands=1.470122206824e-05 3.879128972254e-07
TRACE fcgl theta=1.992187500000e-01 dbob=-2.120111761419e-04 +2.880289169100e-04i divx=4.586696606838e-04 -1.244435056024e-03i kapx=-1.233292422709e-04 +4.782030695572e-04i jac=1.693229214255e+01
TRACE fcgl integrands=1.489192102250e-05 3.727702847392e-07
TRACE fcgl theta=2.011718750000e-01 dbob=-2.178845247746e-04 +2.905583611371e-04i divx=4.813978109453e-04 -1.244985801716e-03i kapx=-1.317566430853e-04 +4.772137202896e-04i jac=1.693229214255e+01
TRACE fcgl integrands=1.508441606142e-05 3.577643911100e-07
TRACE fcgl theta=2.031250000000e-01 dbob=-2.239963590096e-04 +2.930320794815e-04i divx=5.044143866499e-04 -1.245087380732e-03i kapx=-1.402090138202e-04 +4.760276506254e-04i jac=1.693229214255e+01
TRACE fcgl integrands=1.527865451429e-05 3.429440905831e-07
TRACE fcgl theta=2.050781250000e-01 dbob=-2.303497451536e-04 +2.954375209407e-04i divx=5.277107099007e-04 -1.244725230935e-03i kapx=-1.486804823736e-04 +4.746438549973e-04i jac=1.693229214255e+01
TRACE fcgl integrands=1.547458682704e-05 3.283576013850e-07
TRACE fcgl theta=2.070312500000e-01 dbob=-2.369466795207e-04 +2.977621325132e-04i divx=5.512767721036e-04 -1.243885624132e-03i kapx=-1.571650462915e-04 +4.730617458092e-04i jac=1.693229214255e+01
TRACE fcgl integrands=1.567217001083e-05 3.140522254579e-07
TRACE fcgl theta=2.089843750000e-01 dbob=-2.437881158396e-04 +2.999934815773e-04i divx=5.751013980196e-04 -1.242555840117e-03i kapx=-1.656566410900e-04 +4.712811792698e-04i jac=1.693229214255e+01
TRACE fcgl integrands=1.587137087973e-05 3.000741044402e-07
TRACE fcgl theta=2.109375000000e-01 dbob=-2.508740258472e-04 +3.021193633447e-04i divx=5.991724569762e-04 -1.240724285563e-03i kapx=-1.741492155645e-04 +4.693024611091e-04i jac=1.693229214255e+01
TRACE fcgl integrands=1.607216883410e-05 2.864680083909e-07
TRACE fcgl theta=2.128906250000e-01 dbob=-2.582034878106e-04 +3.041278864844e-04i divx=6.234771052996e-04 -1.238380549067e-03i kapx=-1.826368087445e-04 +4.671263312912e-04i jac=1.693229214255e+01
TRACE fcgl integrands=1.627455797508e-05 2.732771712177e-07
TRACE fcgl theta=2.148437500000e-01 dbob=-2.657747960386e-04 +3.060075316642e-04i divx=6.480020422518e-04 -1.235515388239e-03i kapx=-1.911136231066e-04 +4.647539282873e-04i jac=1.693229214255e+01
TRACE fcgl integrands=1.647854837789e-05 2.605431832561e-07
TRACE fcgl theta=2.167968750000e-01 dbob=-2.735855832506e-04 +3.077471797520e-04i divx=6.727337612164e-04 -1.232120649498e-03i kapx=-1.995740889829e-04 +4.621867348730e-04i jac=1.693229214255e+01
TRACE fcgl integrands=1.668416640461e-05 2.483059472234e-07
TRACE fcgl theta=2.187500000000e-01 dbob=-2.816329470539e-04 +3.093361086184e-04i divx=6.976587785904e-04 -1.228189125943e-03i kapx=-2.080129157682e-04 +4.594265086623e-04i jac=1.693229214255e+01
TRACE fcgl integrands=1.689145399738e-05 2.366036991255e-07
TRACE fcgl theta=2.207031250000e-01 dbob=-2.899135717579e-04 +3.107639597407e-04i divx=7.227638247427e-04 -1.223714362964e-03i kapx=-2.164251264924e-04 +4.564752016118e-04i jac=1.693229214255e+01
TRACE fcgl integrands=1.710046695706e-05 2.254730909772e-07
TRACE fcgl theta=2.226562500000e-01 dbob=-2.984238373270e-04 +3.120206779571e-04i divx=7.480359843345e-04 -1.218690424869e-03i kapx=-2.248060735038e-04 +4.533348734559e-04i jac=1.693229214255e+01
TRACE fcgl integrands=1.731127227598e-05 2.149493277245e-07
TRACE fcgl theta=2.246093750000e-01 dbob=-3.071599083911e-04 +3.130964296226e-04i divx=7.734627770565e-04 -1.213111638459e-03i kapx=-2.331514343327e-04 +4.500076044184e-04i jac=1.693229214255e+01
TRACE fcgl integrands=1.752394465346e-05 2.050663468503e-07
TRACE fcgl theta=2.265625000000e-01 dbob=-3.161177978062e-04 +3.139815059423e-04i divx=7.990321741511e-04 -1.206972331084e-03i kapx=-2.414571881724e-04 +4.464954125707e-04i jac=1.693229214255e+01
TRACE fcgl integrands=1.773856237471e-05 1.958570260898e-07
TRACE fcgl theta=2.285156250000e-01 dbob=-3.252934011782e-04 +3.146662193034e-04i divx=8.247325506493e-04 -1.200266581047e-03i kapx=-2.497195747356e-04 +4.428001808718e-04i jac=1.693229214255e+01
TRACE fcgl integrands=1.795520277573e-05 1.873534026721e-07
TRACE fcgl theta=2.304687500000e-01 dbob=-3.346825008935e-04 +3.151408009287e-04i divx=8.505525777522e-04 -1.192987997442e-03i kapx=-2.579350384293e-04 +4.389235982565e-04i jac=1.693229214255e+01
TRACE fcgl integrands=1.817393754495e-05 1.795868867090e-07
TRACE fcgl theta=2.324218750000e-01 dbob=-3.442807403881e-04 +3.153953080982e-04i divx=8.764810639184e-04 -1.185129544479e-03i kapx=-2.661001617652e-04 +4.348671181903e-04i jac=1.693229214255e+01
TRACE fcgl integrands=1.839482812651e-05 1.725884517983e-07
TRACE fcgl theta=2.343750000000e-01 dbob=-3.540835714885e-04 +3.154195485478e-04i divx=9.025067567028e-04 -1.176683422429e-03i kapx=-2.742115926071e-04 +4.306319369404e-04i jac=1.693229214255e+01
TRACE fcgl integrands=1.861792148807e-05 1.663887875890e-07
TRACE fcgl theta=2.363281250000e-01 dbob=-3.640861795275e-04 +3.152030284971e-04i divx=9.286181200015e-04 -1.167641013521e-03i kapx=-2.822659702370e-04 +4.262189925120e-04i jac=1.693229214255e+01
TRACE fcgl integrands=1.884324649891e-05 1.610184018250e-07
TRACE fcgl theta=2.382812500000e-01 dbob=-3.742833924524e-04 +3.147349291690e-04i divx=9.548031029278e-04 -1.157992896871e-03i kapx=-2.902598552377e-04 +4.216289838509e-04i jac=1.693229214255e+01
TRACE fcgl integrands=1.907081113195e-05 1.565076630552e-07
TRACE fcgl theta=2.402343750000e-01 dbob=-3.846695812034e-04 +3.140041147518e-04i divx=9.810489169743e-04 -1.147728931969e-03i kapx=-2.981896678854e-04 +4.168624086084e-04i jac=1.693229214255e+01
TRACE fcgl integrands=1.930060065884e-05 1.528867794983e-07
TRACE fcgl theta=2.421875000000e-01 dbob=-3.952385591808e-04 +3.129991726513e-04i divx=1.007341837398e-03 -1.136838405839e-03i kapx=-3.060516391088e-04 +4.119196165938e-04i jac=1.693229214255e+01
TRACE fcgl integrands=1.953257695214e-05 1.501857141728e-07
TRACE fcgl theta=2.441406250000e-01 dbob=-4.059834886123e-04 +3.117084847315e-04i divx=1.033667042963e-03 -1.125310234882e-03i kapx=-3.138417771755e-04 +4.068008750751e-04i jac=1.693229214255e+01
TRACE fcgl integrands=1.976667894644e-05 1.484340410022e-07
TRACE fcgl theta=2.460937500000e-01 dbob=-4.168968010798e-04 +3.101203261922e-04i divx=1.060008505407e-03 -1.113133208977e-03i kapx=-3.215558521636e-04 +4.015064413923e-04i jac=1.693229214255e+01
TRACE fcgl integrands=2.000282424467e-05 1.476607508724e-07
TRACE fcgl theta=2.480468750000e-01 dbob=-4.279701384202e-04 +3.082229869166e-04i divx=1.086348936499e-03 -1.100296262852e-03i kapx=-3.291893990392e-04 +3.960366379678e-04i jac=1.693229214255e+01
TRACE fcgl integrands=2.024091179018e-05 1.478940202204e-07
TRACE fcgl theta=2.500000000000e-01 dbob=-4.391943187480e-04 +3.060049086641e-04i divx=1.112669796533e-03 -1.086788758161e-03i kapx=-3.367377388925e-04 +3.903919247486e-04i jac=1.693229214255e+01
TRACE fcgl integrands=2.048082546383e-05 1.491609574397e-07
TRACE fcgl theta=2.519531250000e-01 dbob=-4.505593305728e-04 +3.034548304754e-04i divx=1.138951363869e-03 -1.072600759277e-03i kapx=-3.441960166481e-04 +3.845729644008e-04i jac=1.693229214255e+01
TRACE fcgl integrands=2.072243841130e-05 1.514873439922e-07
TRACE fcgl theta=2.539062500000e-01 dbob=-4.620543560175e-04 +3.005619341623e-04i divx=1.165172860948e-03 -1.057723286501e-03i kapx=-3.515592524653e-04 +3.785806761691e-04i jac=1.693229214255e+01
TRACE fcgl integrands=2.096561786296e-05 1.548973875184e-07
TRACE fcgl theta=2.558593750000e-01 dbob=-4.736678221332e-04 +2.973159818063e-04i divx=1.191312628414e-03 -1.042148532151e-03i kapx=-3.588224031405e-04 +3.724162751723e-04i jac=1.693229214255e+01
TRACE fcgl integrands=2.121023017896e-05 1.594135034074e-07
TRACE fcgl theta=2.578125000000e-01 dbob=-4.853874773837e-04 +2.937074377679e-04i divx=1.217348335747e-03 -1.025870027699e-03i kapx=-3.659804291814e-04 +3.660812949655e-04i jac=1.693229214255e+01
TRACE fcgl integrands=2.145614583787e-05 1.650561392950e-07
TRACE fcgl theta=2.597656250000e-01 dbob=-4.972004886682e-04 +2.897275687833e-04i divx=1.243257214429e-03 -1.008882753563e-03i kapx=-3.730283628804e-04 +3.595775923901e-04i jac=1.693229214255e+01
TRACE fcgl integrands=2.170324408870e-05 1.718436539424e-07
TRACE fcgl theta=2.617187500000e-01 dbob=-5.090935528923e-04 +2.853685172060e-04i divx=1.269016298282e-03 -9.911831871390e-04i kapx=-3.799613726948e-04 +3.529073349665e-04i jac=1.693229214255e+01
TRACE fcgl integrands=2.195141700428e-05 1.797922581254e-07
TRACE fcgl theta=2.636718750000e-01 dbob=-5.210530161535e-04 +2.806233442419e-04i divx=1.294602655237e-03 -9.727692888067e-04i kapx=-3.867748195417e-04 +3.460729722824e-04i jac=1.693229214255e+01
TRACE fcgl integrands=2.220057270663e-05 1.889160208036e-07
TRACE fcgl theta=2.656250000000e-01 dbob=-5.330649931617e-04 +2.754860420012e-04i divx=1.319993595581e-03 -9.536404298176e-04i kapx=-3.934643012097e-04 +3.390771939082e-04i jac=1.693229214255e+01
TRACE fcgl integrands=2.245063758118e-05 1.992269392435e-07
TRACE fcgl theta=2.675781250000e-01 dbob=-5.451154795807e-04 +2.699515152157e-04i divx=1.345166843458e-03 -9.337972697333e-04i kapx=-4.000256819385e-04 +3.319228772588e-04i jac=1.693229214255e+01
TRACE fcgl integrands=2.270155735340e-05 2.107350672571e-07
TRACE fcgl theta=2.695312500000e-01 dbob=-5.571904505432e-04 +2.640155354050e-04i divx=1.370100661063e-03 -9.132415943294e-04i kapx=-4.064551052598e-04 +3.246130294622e-04i jac=1.693229214255e+01
TRACE fcgl integrands=2.295329696534e-05 2.234486915995e-07
TRACE fcgl theta=2.714843750000e-01 dbob=-5.692759396299e-04 +2.576746719991e-04i divx=1.394773918343e-03 -8.919761272897e-04i kapx=-4.127489893568e-04 +3.171507276453e-04i jac=1.693229214255e+01
TRACE fcgl integrands=2.320583925707e-05 2.373745431241e-07
TRACE fcgl theta=2.734375000000e-01 dbob=-5.813580940190e-04 +2.509262063160e-04i divx=1.419166104820e-03 -8.700043304995e-04i kapx=-4.189040054004e-04 +3.095390620917e-04i jac=1.693229214255e+01
TRACE fcgl integrands=2.345918252515e-05 2.525180267685e-07
TRACE fcgl theta=2.753906250000e-01 dbob=-5.934232032219e-04 +2.437680352651e-04i divx=1.443257284200e-03 -8.473302081836e-04i kapx=-4.249170404890e-04 +3.017810864592e-04i jac=1.693229214255e+01
TRACE fcgl integrands=2.371333709325e-05 2.688834530035e-07
TRACE fcgl theta=2.773437500000e-01 dbob=-6.054577006981e-04 +2.361985721449e-04i divx=1.467027996414e-03 -8.239581295350e-04i kapx=-4.307851478579e-04 +2.938797786950e-04i jac=1.693229214255e+01
TRACE fcgl integrands=2.396832108504e-05 2.864742531370e-07
TRACE fcgl theta=2.792968750000e-01 dbob=-6.174481395504e-04 +2.282166518897e-04i divx=1.490459115320e-03 -7.998926828678e-04i kapx=-4.365054878849e-04 +2.858380154891e-04i jac=1.693229214255e+01
TRACE fcgl integrands=2.422415563383e-05 3.052931618429e-07
TRACE fcgl theta=2.812500000000e-01 dbob=-6.293811453272e-04 +2.198214476143e-04i divx=1.513531673381e-03 -7.751385718566e-04i kapx=-4.420752640269e-04 +2.776585621212e-04i jac=1.693229214255e+01
TRACE fcgl integrands=2.448085979385e-05 3.253423524342e-07
TRACE fcgl theta=2.832031250000e-01 dbob=-6.412433505575e-04 +2.110124043374e-04i divx=1.536226666865e-03 -7.497005612490e-04i kapx=-4.474916581539e-04 +2.693440784558e-04i jac=1.693229214255e+01
TRACE fcgl integrands=2.473844543424e-05 3.466235135842e-07
TRACE fcgl theta=2.851562500000e-01 dbob=-6.530213169228e-04 +2.017891944156e-04i divx=1.558524856458e-03 -7.235834758017e-04i kapx=-4.527517697676e-04 +2.608971406930e-04i jac=1.693229214255e+01
TRACE fcgl integrands=2.499691239626e-05 3.691378602216e-07
TRACE fcgl theta=2.871093750000e-01 dbob=-6.647014518346e-04 +1.921516975808e-04i divx=1.580406578469e-03 -6.967922523342e-04i kapx=-4.578525633173e-04 +2.523202773767e-04i jac=1.693229214255e+01
TRACE fcgl integrands=2.525624417855e-05 3.928860759276e-07
TRACE fcgl theta=2.890625000000e-01 dbob=-6.762699265884e-04 +1.821000066626e-04i divx=1.601851581122e-03 -6.693320409973e-04i kapx=-4.627908272670e-04 +2.436160171673e-04i jac=1.693229214255e+01
TRACE fcgl integrands=2.551640438454e-05 4.178681890379e-07
TRACE fcgl theta=2.910156250000e-01 dbob=-6.877126031678e-04 +1.716344582238e-04i divx=1.622838898704e-03 -6.412083483662e-04i kapx=-4.675631477681e-04 +2.347869450712e-04i jac=1.693229214255e+01
TRACE fcgl integrands=2.577733412295e-05 4.440833894853e-07
TRACE fcgl theta=2.929687500000e-01 dbob=-6.990149761997e-04 +1.607556855586e-04i divx=1.643346773822e-03 -6.124272120331e-04i kapx=-4.721658988111e-04 +2.258357632372e-04i jac=1.693229214255e+01
TRACE fcgl integrands=2.603895049793e-05 4.715297978730e-07
TRACE fcgl theta=2.949218750000e-01 dbob=-7.101621355438e-04 +1.494646899340e-04i divx=1.663352634799e-03 -5.829953941830e-04i kapx=-4.765952496276e-04 +2.167653521245e-04i jac=1.693229214255e+01
TRACE fcgl integrands=2.630114626509e-05 5.002042020399e-07
TRACE fcgl theta=2.968750000000e-01 dbob=-7.211387536164e-04 +1.377629246903e-04i divx=1.682833131572e-03 -5.529205803406e-04i kapx=-4.808471889777e-04 +2.075788278252e-04i jac=1.693229214255e+01
TRACE fcgl integrands=2.656379066423e-05 5.301017791934e-07
TRACE fcgl theta=2.988281250000e-01 dbob=-7.319290998891e-04 +1.256523859457e-04i divx=1.701764229586e-03 -5.222115691448e-04i kapx=-4.849175648486e-04 +1.982795915996e-04i jac=1.693229214255e+01
TRACE fcgl integrands=2.682673137525e-05 5.612158233331e-07
TRACE fcgl theta=3.007812500000e-01 dbob=-7.425170831877e-04 +1.131357032243e-04i divx=1.720121357385e-03 -4.908784396658e-04i kapx=-4.888021370986e-04 +1.888713682207e-04i jac=1.693229214255e+01
TRACE fcgl integrands=2.708979748213e-05 5.935374980211e-07
TRACE fcgl theta=3.027343750000e-01 dbob=-7.528863205654e-04 +1.002162233768e-04i divx=1.737879600094e-03 -4.589326843705e-04i kapx=-4.924966397642e-04 +1.793582304969e-04i jac=1.693229214255e+01
TRACE fcgl integrands=2.735280327561e-05 6.270556335325e-07
TRACE fcgl theta=3.046875000000e-01 dbob=-7.630202297658e-04 +8.689808167402e-05i divx=1.755013928073e-03 -4.263872982459e-04i kapx=-4.959968491536e-04 +1.697446082860e-04i jac=1.693229214255e+01
TRACE fcgl integrands=2.761555268104e-05 6.617565850564e-07
TRACE fcgl theta=3.066406250000e-01 dbob=-7.729021407368e-04 +7.318625489007e-05i divx=1.771499447805e-03 -3.932568176370e-04i kapx=-4.992986535340e-04 +1.600352813735e-04i jac=1.693229214255e+01
TRACE fcgl integrands=2.787784406564e-05 6.976241650656e-07
TRACE fcgl theta=3.085937500000e-01 dbob=-7.825154204223e-04 +5.908659248267e-05i divx=1.787311660782e-03 -3.595573058352e-04i kapx=-5.023981201798e-04 +1.502353566763e-04i jac=1.693229214255e+01
TRACE fcgl integrands=2.813947516197e-05 7.346396584178e-07
TRACE fcgl theta=3.105468750000e-01 dbob=-7.918436042100e-04 +4.460582353395e-05i divx=1.802426715806e-03 -3.253062861167e-04i kapx=-5.052915557978e-04 +1.403502312914e-04i jac=1.693229214255e+01
TRACE fcgl integrands=2.840024784133e-05 7.727819234968e-07
TRACE fcgl theta=3.125000000000e-01 dbob=-8.008705270188e-04 +2.975153882090e-05i divx=1.816821640742e-03 -2.905226265283e-04i kapx=-5.079755568616e-04 +1.303855438537e-04i jac=1.693229214255e+01
TRACE fcgl integrands=2.865997248348e-05 8.120275770712e-07
TRACE fcgl theta=3.144531250000e-01 dbob=-8.095804470830e-04 +1.453214912632e-05i divx=1.830474541332e-03 -2.552263840020e-04i kapx=-5.104470471246e-04 +1.203471174378e-04i jac=1.693229214255e+01
TRACE fcgl integrands=2.891847171539e-05 8.523512549170e-07
TRACE fcgl theta=3.164062500000e-01 dbob=-8.179581560260e-04 -1.043177445687e-06i divx=1.843364757029e-03 -2.194386181303e-04i kapx=-5.127033005014e-04 +1.102408977880e-04i jac=1.693229214255e+01
TRACE fcgl integrands=2.917558333126e-05 8.937259349973e-07
TRACE fcgl theta=3.183593750000e-01 dbob=-8.259890697762e-04 -1.696459493384e-05i divx=1.855472966836e-03 -1.831811869563e-04i kapx=-5.147419485297e-04 +1.000728909451e-04i jac=1.693229214255e+01
TRACE fcgl integrands=2.943116225554e-05 9.361233054644e-07
TRACE fcgl theta=3.203125000000e-01 dbob=-8.336592961901e-04 -3.322167039604e-05i divx=1.866781241574e-03 -1.464765383017e-04i kapx=-5.165609726919e-04 +8.984910434887e-05i jac=1.693229214255e+01
TRACE fcgl integrands=2.968508146742e-05 9.795141562739e-07
TRACE fcgl theta=3.222656250000e-01 dbob=-8.409556768226e-04 -4.980348005848e-05i divx=1.877273042644e-03 -1.093475103908e-04i kapx=-5.181586829109e-04 +7.957549522464e-05i jac=1.693229214255e+01
TRACE fcgl integrands=2.993723186646e-05 1.023868771017e-06
TRACE fcgl theta=3.242187500000e-01 dbob=-8.478658020138e-04 -6.669870425559e-05i divx=1.886933170928e-03 -7.181715481756e-05i kapx=-5.195336844572e-04 +6.925792953658e-05i jac=1.693229214255e+01
TRACE fcgl integrands=3.018752111962e-05 1.069157294847e-06
TRACE fcgl theta=3.261718750000e-01 dbob=-8.543780002268e-04 -8.389571478850e-05i divx=1.895747672772e-03 -3.390859330075e-05i kapx=-5.206848362728e-04 +5.890215404463e-05i jac=1.693229214255e+01
TRACE fcgl integrands=3.043587158842e-05 1.115350055177e-06
TRACE fcgl theta=3.281250000000e-01 dbob=-8.604813042483e-04 -1.013826488817e-04i divx=1.903703712771e-03 +4.355082706029e-06i kapx=-5.216112042613e-04 +4.851378308781e-05i jac=1.693229214255e+01
TRACE fcgl integrands=3.068221748543e-05 1.162417814123e-06
TRACE fcgl theta=3.300781250000e-01 dbob=-8.661653983529e-04 -1.191474648712e-04i divx=1.910789425125e-03 +4.295086347494e-05i kapx=-5.223120133862e-04 +3.809830069813e-05i jac=1.693229214255e+01
TRACE fcgl integrands=3.092650145122e-05 1.210331935304e-06
TRACE fcgl theta=3.320312500000e-01 dbob=-8.714205517137e-04 -1.371779760480e-04i divx=1.916993756612e-03 +8.185582085629e-05i kapx=-5.227866024494e-04 +2.766107759586e-05i jac=1.693229214255e+01
TRACE fcgl integrands=3.116867077160e-05 1.259064452439e-06
TRACE fcgl theta=3.339843750000e-01 dbob=-8.762375441649e-04 -1.554618606126e-04i divx=1.922306314509e-03 +1.210470574121e-04i kapx=-5.230343851719e-04 +1.720740160024e-05i jac=1.693229214255e+01
TRACE fcgl integrands=3.140867347105e-05 1.308588032773e-06
TRACE fcgl theta=3.359375000000e-01 dbob=-8.806075908075e-04 -1.739866473725e-04i divx=1.926717232229e-03 +1.605016092169e-04i kapx=-5.230548207108e-04 +6.742519077828e-06i jac=1.693229214255e+01
TRACE fcgl integrands=3.164645451841e-05 1.358875834536e-06
TRACE fcgl theta=3.378906250000e-01 dbob=-8.845222718988e-04 -1.927396785102e-04i divx=1.930217063970e-03 +2.001963098981e-04i kapx=-5.228473960358e-04 -3.728315693950e-06i jac=1.693229214255e+01
TRACE fcgl integrands=3.188195236800e-05 1.409901263843e-06
TRACE fcgl theta=3.398437500000e-01 dbob=-8.879734739748e-04 -2.117080523536e-04i divx=1.932796717417e-03 +2.401076261543e-04i kapx=-5.224116217212e-04 -1.419978690039e-05i jac=1.693229214255e+01
TRACE fcgl integrands=3.211509603166e-05 1.461637642396e-06
TRACE fcgl theta=3.417968750000e-01 dbob=-8.909533472603e-04 -2.308785504861e-04i divx=1.934447430728e-03 +2.802114769489e-04i kapx=-5.217470417340e-04 -2.466646323139e-05i jac=1.693229214255e+01
TRACE fcgl integrands=3.234580283889e-05 1.514057802643e-06
TRACE fcgl theta=3.437500000000e-01 dbob=-8.934542832005e-04 -2.502375546375e-04i divx=1.935160796794e-03 +3.204830497081e-04i kapx=-5.208532567967e-04 -3.512274753527e-05i jac=1.693229214255e+01
TRACE fcgl integrands=3.257397699399e-05 1.567133631332e-06
TRACE fcgl theta=3.457031250000e-01 dbob=-8.954689144737e-04 -2.697709595348e-04i divx=1.934928834329e-03 +3.608966270821e-04i kapx=-5.197299599274e-04 -4.556283377368e-05i jac=1.693229214255e+01
TRACE fcgl integrands=3.279950898531e-05 1.620835585432e-06
TRACE fcgl theta=3.476562500000e-01 dbob=-8.969901382310e-04 -2.894640882068e-04i divx=1.933744102019e-03 +4.014254371388e-04i kapx=-5.183769818942e-04 -5.598067446599e-05i jac=1.693229214255e+01
TRACE fcgl integrands=3.302227584498e-05 1.675132205980e-06
TRACE fcgl theta=3.496093750000e-01 dbob=-8.980111616624e-04 -3.093016161163e-04i divx=1.931599848884e-03 +4.420415383139e-04i kapx=-5.167943436110e-04 -6.636996109883e-05i jac=1.693229214255e+01
TRACE fcgl integrands=3.324214220137e-05 1.729989655443e-06
TRACE fcgl theta=3.515625000000e-01 dbob=-8.985255674280e-04 -3.292675099377e-04i divx=1.928490191435e-03 +4.827157481434e-04i kapx=-5.149823120036e-04 -7.672411910288e-05i jac=1.693229214255e+01
TRACE fcgl integrands=3.345896201539e-05 1.785371302677e-06
TRACE fcgl theta=3.535156250000e-01 dbob=-8.985273951172e-04 -3.493449858636e-04i divx=1.924410306351e-03 +5.234176219119e-04i kapx=-5.129414556170e-04 -8.703631802415e-05i jac=1.693229214255e+01
TRACE fcgl integrands=3.367258084720e-05 1.841237376584e-06
TRACE fcgl theta=3.554687500000e-01 dbob=-8.980112338100e-04 -3.695164910548e-04i divx=1.919356626284e-03 +5.641154840705e-04i kapx=-5.106726962369e-04 -9.729949650786e-05i jac=1.693229214255e+01
TRACE fcgl integrands=3.388283846629e-05 1.897544705324e-06
TRACE fcgl theta=3.574218750000e-01 dbob=-8.969723200775e-04 -3.897637103502e-04i divx=1.913327026195e-03 +6.047765118283e-04i kapx=-5.081773530588e-04 -1.075064007391e-04i jac=1.693229214255e+01
TRACE fcgl integrands=3.408957159567e-05 1.954246552688e-06
TRACE fcgl theta=3.593750000000e-01 dbob=-8.954066354263e-04 -4.100675987219e-04i divx=1.906320988287e-03 +6.453668669414e-04i kapx=-5.054571764304e-04 -1.176496341098e-04i jac=1.693229214255e+01
TRACE fcgl integrands=3.429261657298e-05 2.011292557293e-06
TRACE fcgl theta=3.613281250000e-01 dbob=-8.933109972786e-04 -4.304084383034e-04i divx=1.898339735075e-03 +6.858518686384e-04i kapx=-5.025143688983e-04 -1.277217151675e-04i jac=1.693229214255e+01
TRACE fcgl integrands=3.449181171639e-05 2.068628773985e-06
TRACE fcgl theta=3.632812500000e-01 dbob=-8.906831380834e-04 -4.507659172571e-04i divx=1.889386322362e-03 +7.261961980394e-04i kapx=-4.993515921391e-04 -1.377151403911e-04i jac=1.693229214255e+01
TRACE fcgl integrands=3.468699920251e-05 2.126197810662e-06
TRACE fcgl theta=3.652343750000e-01 dbob=-8.875217680260e-04 -4.711192263794e-04i divx=1.879465686637e-03 +7.663641225205e-04i kapx=-4.959719593055e-04 -1.476224480705e-04i jac=1.693229214255e+01
TRACE fcgl integrands=3.487802629462e-05 2.183939047957e-06
TRACE fcgl theta=3.671875000000e-01 dbob=-8.838266179893e-04 -4.914471682603e-04i divx=1.868584644579e-03 +8.063197273624e-04i kapx=-4.923790132948e-04 -1.574362795511e-04i jac=1.693229214255e+01
TRACE fcgl integrands=3.506474580144e-05 2.241788924314e-06
TRACE fcgl theta=3.691406250000e-01 dbob=-8.795984608303e-04 -5.117282730945e-04i divx=1.856751845603e-03 +8.460271417854e-04i kapx=-4.885766923866e-04 -1.671494343455e-04i jac=1.693229214255e+01
TRACE fcgl integrands=3.524701569611e-05 2.299681265176e-06
TRACE fcgl theta=3.710937500000e-01 dbob=-8.748391105695e-04 -5.319409149221e-04i divx=1.843977681638e-03 +8.854507471023e-04i kapx=-4.845692855343e-04 -1.767549160901e-04i jac=1.693229214255e+01
TRACE fcgl integrands=3.542469787965e-05 2.357547632542e-06
TRACE fcgl theta=3.730468750000e-01 dbob=-8.695514006432e-04 -5.520634221851e-04i divx=1.830274161193e-03 +9.245553561847e-04i kapx=-4.803613802746e-04 -1.862459669998e-04i jac=1.693229214255e+01
TRACE fcgl integrands=3.559765612911e-05 2.415317670276e-06
TRACE fcgl theta=3.750000000000e-01 dbob=-8.637391438298e-04 -5.720741770037e-04i divx=1.815654757209e-03 +9.633063556164e-04i kapx=-4.759578066897e-04 -1.956160893064e-04i jac=1.693229214255e+01
TRACE fcgl integrands=3.576575332502e-05 2.472919421181e-06
TRACE fcgl theta=3.769531250000e-01 dbob=-8.574070777270e-04 -5.919516984697e-04i divx=1.800134239924e-03 +1.001669804651e-03i kapx=-4.713635810983e-04 -2.048590530909e-04i jac=1.693229214255e+01
TRACE fcgl integrands=3.592884810195e-05 2.530279594118e-06
TRACE fcgl theta=3.789062500000e-01 dbob=-8.505608006466e-04 -6.116747064579e-04i divx=1.783728506916e-03 +1.039612488210e-03i kapx=-4.665838531347e-04 -2.139688908761e-04i jac=1.693229214255e+01
TRACE fcgl integrands=3.608679110693e-05 2.587323763104e-06
TRACE fcgl theta=3.808593750000e-01 dbob=-8.432067034251e-04 -6.312221638849e-04i divx=1.766454422647e-03 +1.077101924420e-03i kapx=-4.616238596109e-04 -2.229398802677e-04i jac=1.693229214255e+01
TRACE fcgl integrands=3.623942108137e-05 2.643976485166e-06
TRACE fcgl theta=3.828125000000e-01 dbob=-8.353519029004e-04 -6.505732968962e-04i divx=1.748329679027e-03 +1.114106330407e-03i kapx=-4.564888880634e-04 -2.317665167555e-04i jac=1.693229214255e+01
TRACE fcgl integrands=3.638656099960e-05 2.700161329505e-06
TRACE fcgl theta=3.847656250000e-01 dbob=-8.270041826342e-04 -6.697075940423e-04i divx=1.729372687021e-03 +1.150594552955e-03i kapx=-4.511842521931e-04 -2.404434794565e-04i jac=1.693229214255e+01
TRACE fcgl integrands=3.652801450163e-05 2.755800816802e-06
TRACE fcgl theta=3.867187500000e-01 dbob=-8.181719459038e-04 -6.886047869787e-04i divx=1.709602507044e-03 +1.186535973078e-03i kapx=-4.457152805699e-04 -2.489655930499e-04i jac=1.693229214255e+01
TRACE fcgl integrands=3.666356284741e-05 2.810816273937e-06
TRACE fcgl theta=3.886718750000e-01 dbob=-8.088641850685e-04 -7.072448165290e-04i divx=1.689038823149e-03 +1.221900395321e-03i kapx=-4.400873190401e-04 -2.573277893960e-04i jac=1.693229214255e+01
TRACE fcgl integrands=3.679296259615e-05 2.865127615498e-06
TRACE fcgl theta=3.906250000000e-01 dbob=-7.990904702049e-04 -7.256077889572e-04i divx=1.667701962851e-03 +1.256657933610e-03i kapx=-4.343057463231e-04 -2.655250723264e-04i jac=1.693229214255e+01
TRACE fcgl integrands=3.691594417752e-05 2.918653068985e-06
TRACE fcgl theta=3.925781250000e-01 dbob=-7.888609584886e-04 -7.436739279734e-04i divx=1.645612961209e-03 +1.290778905652e-03i kapx=-4.283760013601e-04 -2.735524888395e-04i jac=1.693229214255e+01
TRACE fcgl integrands=3.703221147484e-05 2.971308864972e-06
TRACE fcgl theta=3.945312500000e-01 dbob=-7.781864242689e-04 -7.614235282780e-04i divx=1.622793664600e-03 +1.324233747215e-03i kapx=-4.223036201654e-04 -2.814051094686e-04i jac=1.693229214255e+01
TRACE fcgl integrands=3.714144248518e-05 3.023008916666e-06
TRACE fcgl theta=3.964843750000e-01 dbob=-7.670783082521e-04 -7.788369163287e-04i divx=1.599266866783e-03 +1.356992956164e-03i kapx=-4.160942792656e-04 -2.890780199178e-04i jac=1.693229214255e+01
TRACE fcgl integrands=3.724329106176e-05 3.073664514826e-06
TRACE fcgl theta=3.984375000000e-01 dbob=-7.555487827722e-04 -7.958944235029e-04i divx=1.575056467482e-03 +1.389027074016e-03i kapx=-4.097538423551e-04 -2.965663252566e-04i jac=1.693229214255e+01
TRACE fcgl integrands=3.733738968333e-05 3.123184063998e-06
TRACE fcgl theta=4.003906250000e-01 dbob=-7.436108289001e-04 -8.125763759580e-04i divx=1.550187642024e-03 +1.420306710090e-03i kapx=-4.032884065619e-04 -3.038651670661e-04i jac=1.693229214255e+01
TRACE fcgl integrands=3.742335313659e-05 3.171472884290e-06
TRACE fcgl theta=4.023437500000e-01 dbob=-7.312783201862e-04 -8.288631043370e-04i divx=1.524687009663e-03 +1.450802610350e-03i kapx=-3.967043447385e-04 -3.109697530067e-04i jac=1.693229214255e+01
TRACE fcgl integrands=3.750078294591e-05 3.218433099738e-06
TRACE fcgl theta=4.042968750000e-01 dbob=-7.185661072364e-04 -8.447349750974e-04i divx=1.498582788129e-03 +1.480485769886e-03i kapx=-3.900083404464e-04 -3.178753973945e-04i jac=1.693229214255e+01
TRACE fcgl integrands=3.756927234119e-05 3.263963629782e-06
TRACE fcgl theta=4.062500000000e-01 dbob=-7.054900971032e-04 -8.601724437629e-04i divx=1.471904922682e-03 +1.509327584947e-03i kapx=-3.832074127896e-04 -3.245775705918e-04i jac=1.693229214255e+01
TRACE fcgl integrands=3.762841152416e-05 3.307960294839e-06
TRACE fcgl theta=4.082031250000e-01 dbob=-6.920673216683e-04 -8.751561289087e-04i divx=1.444685179518e-03 +1.537300037676e-03i kapx=-3.763089289246e-04 -3.310719543838e-04i jac=1.693229214255e+01
TRACE fcgl integrands=3.767779297661e-05 3.350316040802e-06
TRACE fcgl theta=4.101562500000e-01 dbob=-6.783159897671e-04 -8.896669042989e-04i divx=1.416957195552e-03 +1.564375904462e-03i kapx=-3.693206028924e-04 -3.373545000817e-04i jac=1.693229214255e+01
TRACE fcgl integrands=3.771701655289e-05 3.390921280894e-06
TRACE fcgl theta=4.121093750000e-01 dbob=-6.642555187365e-04 -9.036860053894e-04i divx=1.388756479381e-03 +1.590528977158e-03i kapx=-3.622504803223e-04 -3.434214858841e-04i jac=1.693229214255e+01
TRACE fcgl integrands=3.774569411329e-05 3.429664347091e-06
TRACE fcgl theta=4.140625000000e-01 dbob=-6.499065422723e-04 -9.171951454821e-04i divx=1.360120361245e-03 +1.615734285604e-03i kapx=-3.551069094864e-04 -3.492695700610e-04i jac=1.693229214255e+01
TRACE fcgl integrands=3.776345348483e-05 3.466432037748e-06
TRACE fcgl theta=4.160156250000e-01 dbob=-6.352908928960e-04 -9.301766362183e-04i divx=1.331087893052e-03 +1.639968309802e-03i kapx=-3.478985000780e-04 -3.548958367921e-04i jac=1.693229214255e+01
TRACE fcgl integrands=3.776994157882e-05 3.501110243476e-06
TRACE fcgl theta=4.179687500000e-01 dbob=-6.204315588404e-04 -9.426135068822e-04i divx=1.301699702588e-03 +1.663209170840e-03i kapx=-3.406340718737e-04 -3.602978319791e-04i jac=1.693229214255e+01
TRACE fcgl integrands=3.776482654924e-05 3.533584629960e-06
TRACE fcgl theta=4.199218750000e-01 dbob=-6.053526166792e-04 -9.544896171504e-04i divx=1.271997808851e-03 +1.685436791193e-03i kapx=-3.333225960858e-04 -3.654735870211e-04i jac=1.693229214255e+01
TRACE fcgl integrands=3.774779893797e-05 3.563741354689e-06
TRACE fcgl theta=4.218750000000e-01 dbob=-5.900791424314e-04 -9.657897584618e-04i divx=1.242025407733e-03 +1.706633017163e-03i kapx=-3.259731326506e-04 -3.704216293504e-04i jac=1.693229214255e+01
TRACE fcgl integrands=3.771857181977e-05 3.591467794367e-06
TRACE fcgl theta=4.238281250000e-01 dbob=-5.746371050832e-04 -9.764997400538e-04i divx=1.211826638923e-03 +1.726781698884e-03i kapx=-3.185947669197e-04 -3.751409794151e-04i jac=1.693229214255e+01
TRACE fcgl integrands=3.767688002675e-05 3.616653261301e-06
TRACE fcgl theta=4.257812500000e-01 dbob=-5.590532474004e-04 -9.866064568480e-04i divx=1.181446345810e-03 +1.745868726253e-03i kapx=-3.111965492047e-04 -3.796311347026e-04i jac=1.693229214255e+01
TRACE fcgl integrands=3.762247859494e-05 3.639189690092e-06
TRACE fcgl theta=4.277343750000e-01 dbob=-5.433549594938e-04 -9.960979376930e-04i divx=1.150929840229e-03 +1.763882022225e-03i kapx=-3.037874403675e-04 -3.838920422661e-04i jac=1.693229214255e+01
TRACE fcgl integrands=3.755514063108e-05 3.658972280326e-06
TRACE fcgl theta=4.296875000000e-01 dbob=-5.275701508087e-04 -1.004963373884e-03i divx=1.120322683171e-03 +1.780811497842e-03i kapx=-2.963762661810e-04 -3.879240619787e-04i jac=1.693229214255e+01
TRACE fcgl integrands=3.747465484136e-05 3.675900086345e-06
TRACE fcgl theta=4.316406250000e-01 dbob=-5.117271260338e-04 -1.013193129285e-03i divx=1.089670491091e-03 +1.796648975985e-03i kapx=-2.889716825285e-04 -3.917279233500e-04i jac=1.693229214255e+01
TRACE fcgl integrands=3.738082299338e-05 3.689876551201e-06
TRACE fcgl theta=4.335937500000e-01 dbob=-4.958544698691e-04 -1.020778734665e-03i divx=1.059018775306e-03 +1.811388092965e-03i kapx=-2.815821527183e-04 -3.953046791504e-04i jac=1.693229214255e+01
TRACE fcgl integrands=3.727345759549e-05 3.700809988077e-06
TRACE fcgl theta=4.355468750000e-01 dbob=-4.799809447125e-04 -1.027712869951e-03i divx=1.028412819348e-03 +1.825024188511e-03i kapx=-2.742159373179e-04 -3.986556592801e-04i jac=1.693229214255e+01
TRACE fcgl integrands=3.715238007304e-05 3.708614018425e-06
TRACE fcgl theta=4.375000000000e-01 dbob=-4.641354041686e-04 -1.033989338922e-03i divx=9.978975962035e-04 +1.837554195456e-03i kapx=-2.668810960174e-04 -4.017824282671e-04i jac=1.693229214255e+01
TRACE fcgl integrands=3.701741969847e-05 3.713207981240e-06
TRACE fcgl theta=4.394531250000e-01 dbob=-4.483467239580e-04 -1.039603041295e-03i divx=9.675177243128e-04 +1.848976540286e-03i kapx=-2.595855001774e-04 -4.046867494952e-04i jac=1.693229214255e+01
TRACE fcgl integrands=3.686841349270e-05 3.714517331962e-06
TRACE fcgl theta=4.414062500000e-01 dbob=-4.326437503757e-04 -1.044549947316e-03i divx=9.373174583035e-04 +1.859291064852e-03i kapx=-2.523368539639e-04 -4.073705587684e-04i jac=1.693229214255e+01
TRACE fcgl integrands=3.670520726102e-05 3.712474052047e-06
TRACE fcgl theta=4.433593750000e-01 dbob=-4.170552650478e-04 -1.048827079609e-03i divx=9.073407077917e-04 +1.868498977880e-03i kapx=-2.451427213719e-04 -4.098359491358e-04i jac=1.693229214255e+01
TRACE fcgl integrands=3.652765786059e-05 3.707017091035e-06
TRACE fcgl theta=4.453125000000e-01 dbob=-4.016099634377e-04 -1.052432506468e-03i divx=8.776310754962e-04 +1.876602842656e-03i kapx=-2.380105560293e-04 -4.120851680940e-04i jac=1.693229214255e+01
TRACE fcgl integrands=3.633563672223e-05 3.698092861868e-06
TRACE fcgl theta=4.472656250000e-01 dbob=-3.863364434679e-04 -1.055365349751e-03i divx=8.482319044397e-04 +1.883606604536e-03i kapx=-2.309477304859e-04 -4.141206273925e-04i jac=1.693229214255e+01
TRACE fcgl integrands=3.612903457110e-05 3.685655807207e-06
TRACE fcgl theta=4.492187500000e-01 dbob=-3.712631998200e-04 -1.057625809379e-03i divx=8.191863232979e-04 +1.889515658905e-03i kapx=-2.239615617389e-04 -4.159449247627e-04i jac=1.693229214255e+01
TRACE fcgl integrands=3.590776721391e-05 3.669669049719e-06
TRACE fcgl theta=4.511718750000e-01 dbob=-3.564186190083e-04 -1.059215205033e-03i divx=7.905372790507e-04 +1.894336957091e-03i kapx=-2.170593300212e-04 -4.175608760292e-04i jac=1.693229214255e+01
TRACE fcgl integrands=3.567178218889e-05 3.650105133047e-06
TRACE fcgl theta=4.531250000000e-01 dbob=-3.418309702330e-04 -1.060136034236e-03i divx=7.623275469611e-04 +1.898079144851e-03i kapx=-2.102482883641e-04 -4.189715553078e-04i jac=1.693229214255e+01
TRACE fcgl integrands=3.542106601347e-05 3.626946852750e-06
TRACE fcgl theta=4.550781250000e-01 dbob=-3.275283873032e-04 -1.060392044588e-03i divx=7.345997095271e-04 +1.900752725367e-03i kapx=-2.035356611119e-04 -4.201803403894e-04i jac=1.693229214255e+01
TRACE fcgl integrands=3.515565171825e-05 3.600188168454e-06
TRACE fcgl theta=4.570312500000e-01 dbob=-3.135388375645e-04 -1.059988316662e-03i divx=7.073960982753e-04 +1.902370236679e-03i kapx=-1.969286303554e-04 -4.211909600086e-04i jac=1.693229214255e+01
TRACE fcgl integrands=3.487562632612e-05 3.569835180286e-06
TRACE fcgl theta=4.589843750000e-01 dbob=-2.998900747230e-04 -1.058931353020e-03i divx=6.807586949633e-04 +1.902946432044e-03i kapx=-1.904343101202e-04 -4.220075395119e-04i jac=1.693229214255e+01
TRACE fcgl integrands=3.458113792637e-05 3.535907145000e-06
TRACE fcgl theta=4.609375000000e-01 dbob=-2.866095736579e-04 -1.057229168102e-03i divx=6.547289917186e-04 +1.902498451102e-03i kapx=-1.840597090304e-04 -4.226346414999e-04i jac=1.693229214255e+01
TRACE fcgl integrands=3.427240200438e-05 3.498437500557e-06
TRACE fcgl theta=4.628906250000e-01 dbob=-2.737244466716e-04 -1.054891373312e-03i divx=6.293478126789e-04 +1.901045969917e-03i kapx=-1.778116830037e-04 -4.230772983027e-04i jac=1.693229214255e+01
TRACE fcgl integrands=3.394970671954e-05 3.457474862876e-06
TRACE fcgl theta=4.648437500000e-01 dbob=-2.612613420464e-04 -1.051929251669e-03i divx=6.046551025792e-04 +1.898611318973e-03i kapx=-1.716968802664e-04 -4.233410336518e-04i jac=1.693229214255e+01
TRACE fcgl integrands=3.361341687429e-05 3.413083955392e-06
TRACE fcgl theta=4.667968750000e-01 dbob=-2.492463271533e-04 -1.048355816777e-03i divx=5.806896902643e-04 +1.895219559954e-03i kapx=-1.657216815555e-04 -4.234318715883e-04i jac=1.693229214255e+01
TRACE fcgl integrands=3.326397638366e-05 3.365346431313e-06
TRACE fcgl theta=4.687500000000e-01 dbob=-2.377047595966e-04 -1.044185851599e-03i divx=5.574890371081e-04 +1.890898514519e-03i kapx=-1.598921387557e-04 -4.233563314599e-04i jac=1.693229214255e+01
TRACE fcgl integrands=3.290190913309e-05 3.314361550113e-06
TRACE fcgl theta=4.707031250000e-01 dbob=-2.266611508828e-04 -1.039435923643e-03i divx=5.350889816463e-04 +1.885678741135e-03i kapx=-1.542139153817e-04 -4.231214087456e-04i jac=1.693229214255e+01
TRACE fcgl integrands=3.252781819788e-05 3.260246673923e-06
TRACE fcgl theta=4.726562500000e-01 dbob=-2.161390278036e-04 -1.034124374430e-03i divx=5.135234922838e-04 +1.879593459131e-03i kapx=-1.486922322401e-04 -4.227345423504e-04i jac=1.693229214255e+01
TRACE fcgl integrands=3.214238348497e-05 3.203137555790e-06
TRACE fcgl theta=4.746093750000e-01 dbob=-2.061607970652e-04 -1.028271282630e-03i divx=4.928244396781e-04 +1.872678422367e-03i kapx=-1.433318213065e-04 -4.222035698684e-04i jac=1.693229214255e+01
TRACE fcgl integrands=3.174635794098e-05 3.143188399946e-06
TRACE fcgl theta=4.765625000000e-01 dbob=-1.967476186554e-04 -1.021898401747e-03i divx=4.730213993357e-04 +1.864971747885e-03i kapx=-1.381368903402e-04 -4.215366730689e-04i jac=1.693229214255e+01
TRACE fcgl integrands=3.134056254473e-05 3.080571683745e-06
TRACE fcgl theta=4.785156250000e-01 dbob=-1.879192930055e-04 -1.015029074705e-03i divx=4.541414931599e-04 +1.856513707618e-03i kapx=-1.331111000772e-04 -4.207423164561e-04i jac=1.693229214255e+01
TRACE fcgl integrands=3.092588036236e-05 3.015477741201e-06
TRACE fcgl theta=4.804687500000e-01 dbob=-1.796941662169e-04 -1.007688129025e-03i divx=4.362092762757e-04 +1.847346493340e-03i kapx=-1.282575550294e-04 -4.198291821576e-04i jac=1.693229214255e+01
TRACE fcgl integrands=3.050324998461e-05 2.948114118300e-06
TRACE fcgl theta=4.824218750000e-01 dbob=-1.720890565213e-04 -9.999017573140e-04i divx=4.192466725919e-04 +1.837513966470e-03i kapx=-1.235788080353e-04 -4.188061045780e-04i jac=1.693229214255e+01
TRACE fcgl integrands=3.007365868655e-05 2.878704719895e-06
TRACE fcgl theta=4.843750000000e-01 dbob=-1.651192038101e-04 -9.916973885717e-04i divx=4.032729594400e-04 +1.827061404972e-03i kapx=-1.190768778150e-04 -4.176820082001e-04i jac=1.693229214255e+01
TRACE fcgl integrands=2.963813564771e-05 2.807488776257e-06
TRACE fcgl theta=4.863281250000e-01 dbob=-1.587982425911e-04 -9.831035561629e-04i divx=3.883047984632e-04 +1.816035259432e-03i kapx=-1.147532779361e-04 -4.164658516348e-04i jac=1.693229214255e+01
TRACE fcgl integrands=2.919774554643e-05 2.734719663673e-06
TRACE fcgl theta=4.882812500000e-01 dbob=-1.531381972181e-04 -9.741497682826e-04i divx=3.743563069433e-04 +1.804482929342e-03i kapx=-1.106090548626e-04 -4.151665805295e-04i jac=1.693229214255e+01
TRACE fcgl integrands=2.875358279640e-05 2.660663617455e-06
TRACE fcgl theta=4.902343750000e-01 dbob=-1.481494967838e-04 -9.648663863026e-04i divx=3.614391611457e-04 +1.792452568854e-03i kapx=-1.066448321809e-04 -4.137930912758e-04i jac=1.693229214255e+01
TRACE fcgl integrands=2.830676663042e-05 2.585598376989e-06
TRACE fcgl theta=4.921875000000e-01 dbob=-1.438410057935e-04 -9.552845155704e-04i divx=3.495627212274e-04 +1.779992928901e-03i kapx=-1.028608577170e-04 -4.123542066651e-04i jac=1.693229214255e+01
TRACE fcgl integrands=2.785843715979e-05 2.509811801013e-06
TRACE fcgl theta=4.941406250000e-01 dbob=-1.402200657113e-04 -9.454359121019e-04i divx=3.387341659215e-04 +1.767153239642e-03i kapx=-9.925705010512e-05 -4.108586637700e-04i jac=1.693229214255e+01
TRACE fcgl integrands=2.740975245241e-05 2.433600487195e-06
TRACE fcgl theta=4.960937500000e-01 dbob=-1.372925417982e-04 -9.353529072258e-04i divx=3.289586246954e-04 +1.753983134125e-03i kapx=-9.583304144858e-05 -4.093151134494e-04i jac=1.693229214255e+01
TRACE fcgl integrands=2.696188658632e-05 2.357268423711e-06
TRACE fcgl theta=4.980468750000e-01 dbob=-1.350628693649e-04 -9.250683507081e-04i divx=3.202392954104e-04 +1.740532610789e-03i kapx=-9.258821302273e-05 -4.077321300406e-04i jac=1.693229214255e+01
TRACE fcgl integrands=2.651602855123e-05 2.281125692265e-06
TRACE fcgl theta=5.000000000000e-01 dbob=-1.335340936926e-04 -9.146155713152e-04i divx=3.125775366780e-04 +1.726852029462e-03i kapx=-8.952172149271e-05 -4.061182290732e-04i jac=1.693229214255e+01
TRACE fcgl integrands=2.607338179776e-05 2.205487232691e-06
TRACE fcgl theta=5.019531250000e-01 dbob=-1.327078984145e-04 -9.040283522604e-04i divx=3.059729260358e-04 +1.712992132799e-03i kapx=-8.663251381065e-05 -4.044818902692e-04i jac=1.693229214255e+01
TRACE fcgl integrands=2.563516417516e-05 2.130671669415e-06
TRACE fcgl theta=5.039062500000e-01 dbob=-1.325846180775e-04 -8.933409176495e-04i divx=3.004232776363e-04 +1.699004083080e-03i kapx=-8.391932977938e-05 -4.028315827151e-04i jac=1.693229214255e+01
TRACE fcgl integrands=2.520260795895e-05 2.057000190709e-06
TRACE fcgl theta=5.058593750000e-01 dbob=-1.331632318540e-04 -8.825879249678e-04i divx=2.959246161764e-04 +1.684939502846e-03i kapx=-8.138069216119e-05 -4.011757889391e-04i jac=1.693229214255e+01
TRACE fcgl integrands=2.477695965291e-05 1.984795463355e-06
TRACE fcgl theta=5.078125000000e-01 dbob=-1.344413368720e-04 -8.718044579352e-04i divx=2.924711070978e-04 +1.670850507338e-03i kapx=-7.901488511291e-05 -3.995230247012e-04i jac=1.693229214255e+01
TRACE fcgl integrands=2.435947925606e-05 1.914380558943e-06
TRACE fcgl theta=5.097656250000e-01 dbob=-1.364151012769e-04 -8.610260137304e-04i divx=2.900549464352e-04 +1.656789716957e-03i kapx=-7.681992257911e-05 -3.978818516131e-04i jac=1.693229214255e+01
TRACE fcgl integrands=2.395143871502e-05 1.846077863965e-06
TRACE fcgl theta=5.117187500000e-01 dbob=-1.390791988221e-04 -8.502884786997e-04i divx=2.886662168562e-04 +1.642810239124e-03i kapx=-7.479350901705e-05 -3.962608802123e-04i jac=1.693229214255e+01
TRACE fcgl integrands=2.355411933354e-05 1.780207944672e-06
TRACE fcgl theta=5.136718750000e-01 dbob=-1.424267283878e-04 -8.396280872021e-04i divx=2.882927192036e-04 +1.628965610805e-03i kapx=-7.293299540794e-05 -3.946687618016e-04i jac=1.693229214255e+01
TRACE fcgl integrands=2.316880798015e-05 1.717088339351e-06
TRACE fcgl theta=5.156250000000e-01 dbob=-1.464491232524e-04 -8.290813591787e-04i divx=2.889197910330e-04 +1.615309695516e-03i kapx=-7.123533389030e-05 -3.931141681685e-04i jac=1.693229214255e+01
TRACE fcgl integrands=2.279679201782e-05 1.657032255387e-06
TRACE fcgl theta=5.175781250000e-01 dbob=-1.511360560706e-04 -8.186850133142e-04i divx=2.905301250830e-04 +1.601896531674e-03i kapx=-6.969703450621e-05 -3.916057591797e-04i jac=1.693229214255e+01
TRACE fcgl integrands=2.243935297051e-05 1.600347155723e-06
TRACE fcgl theta=5.195312500000e-01 dbob=-1.564753462804e-04 -8.084758541945e-04i divx=2.931036012180e-04 +1.588780132446e-03i kapx=-6.831412746880e-05 -3.901521391259e-04i jac=1.693229214255e+01
TRACE fcgl integrands=2.209775903386e-05 1.547333228846e-06
TRACE fcgl theta=5.214843750000e-01 dbob=-1.624528770059e-04 -7.984906335629e-04i divx=2.966171450971e-04 +1.576014240614e-03i kapx=-6.708213404562e-05 -3.887618035256e-04i jac=1.693229214255e+01
TRACE fcgl integrands=2.177325662526e-05 1.498281747360e-06
TRACE fcgl theta=5.234375000000e-01 dbob=-1.690525284103e-04 -7.887658875203e-04i divx=3.010446256652e-04 +1.563652045157e-03i kapx=-6.599604862744e-05 -3.874430788183e-04i jac=1.693229214255e+01
TRACE fcgl integrands=2.146706124584e-05 1.453473331909e-06
TRACE fcgl theta=5.253906250000e-01 dbob=-1.762561338888e-04 -7.793377531936e-04i divx=3.063568015941e-04 +1.551745869061e-03i kapx=-6.505033385266e-05 -3.862040579336e-04i jac=1.693229214255e+01
TRACE fcgl integrands=2.118034798806e-05 1.413176148679e-06
TRACE fcgl theta=5.273437500000e-01 dbob=-1.840434645045e-04 -7.702417698899e-04i divx=3.125213241638e-04 +1.540346840065e-03i kapx=-6.423892982964e-05 -3.850525350875e-04i jac=1.693229214255e+01
TRACE fcgl integrands=2.091424206350e-05 1.377644079256e-06
TRACE fcgl theta=5.292968750000e-01 dbob=-1.923922457171e-04 -7.615126709684e-04i divx=3.195028009170e-04 +1.529504557539e-03i kapx=-6.355527759997e-05 -3.839959432856e-04i jac=1.693229214255e+01
TRACE fcgl integrands=2.066980974251e-05 1.347114910138e-06
TRACE fcgl theta=5.312500000000e-01 dbob=-2.012782088177e-04 -7.531841735044e-04i divx=3.272629209707e-04 +1.519266769335e-03i kapx=-6.299235607646e-05 -3.830412979154e-04i jac=1.693229214255e+01
TRACE fcgl integrands=2.044805009043e-05 1.321808595308e-06
TRACE fcgl theta=5.332031250000e-01 dbob=-2.106751776754e-04 -7.452887732418e-04i divx=3.357606393365e-04 +1.509679072191e-03i kapx=-6.254273083058e-05 -3.821951494745e-04i jac=1.693229214255e+01
TRACE fcgl integrands=2.024988785274e-05 1.301925648166e-06
TRACE fcgl theta=5.351562500000e-01 dbob=-2.205551895161e-04 -7.378575522866e-04i divx=3.449524142268e-04 +1.500784648172e-03i kapx=-6.219861235537e-05 -3.814635479425e-04i jac=1.693229214255e+01
TRACE fcgl integrands=2.007616778716e-05 1.287645718598e-06
TRACE fcgl theta=5.371093750000e-01 dbob=-2.308886466422e-04 -7.309200064935e-04i divx=3.547924883243e-04 +1.492624047672e-03i kapx=-6.195192084105e-05 -3.808520205894e-04i jac=1.693229214255e+01
TRACE fcgl integrands=1.992765066686e-05 1.279126406966e-06
TRACE fcgl theta=5.390625000000e-01 dbob=-2.416444943458e-04 -7.245038985647e-04i divx=3.652332025693e-04 +1.485235026924e-03i kapx=-6.179435411177e-05 -3.803655641796e-04i jac=1.693229214255e+01
TRACE fcgl integrands=1.980501109080e-05 1.276502359331e-06
TRACE fcgl theta=5.410156250000e-01 dbob=-2.527904189048e-04 -7.186351415682e-04i divx=3.762253293240e-04 +1.478652444806e-03i kapx=-6.171745520958e-05 -3.800086516191e-04i jac=1.693229214255e+01
TRACE fcgl integrands=1.970883714028e-05 1.279884677941e-06
TRACE fcgl theta=5.429687500000e-01 dbob=-2.642930585475e-04 -7.133377159834e-04i divx=3.877184109198e-04 +1.472908220360e-03i kapx=-6.171267618615e-05 -3.797852521885e-04i jac=1.693229214255e+01
TRACE fcgl integrands=1.963963182137e-05 1.289360668208e-06
TRACE fcgl theta=5.449218750000e-01 dbob=-2.761182197015e-04 -7.086336215906e-04i divx=3.996610896389e-04 +1.468031348874e-03i kapx=-6.177143496868e-05 -3.796988636415e-04i jac=1.693229214255e+01
TRACE fcgl integrands=1.959781613812e-05 1.304993929214e-06
TRACE fcgl theta=5.468750000000e-01 dbob=-2.882310907427e-04 -7.045428636543e-04i divx=4.120014161071e-04 +1.464047971076e-03i kapx=-6.188516268216e-05 -3.797525537111e-04i jac=1.693229214255e+01
TRACE fcgl integrands=1.958373355616e-05 1.326824779786e-06
TRACE fcgl theta=5.488281250000e-01 dbob=-3.005964458290e-04 -7.010834710292e-04i divx=4.246871248295e-04 +1.460981486993e-03i kapx=-6.204533950025e-05 -3.799490079821e-04i jac=1.693229214255e+01
TRACE fcgl integrands=1.959765554791e-05 1.354870997603e-06
TRACE fcgl theta=5.507812500000e-01 dbob=-3.131788322230e-04 -6.982715421669e-04i divx=4.376658680499e-04 +1.458852703606e-03i kapx=-6.224351791346e-05 -3.802905807196e-04i jac=1.693229214255e+01
TRACE fcgl integrands=1.963978786179e-05 1.389128835418e-06
TRACE fcgl theta=5.527343750000e-01 dbob=-3.259427357190e-04 -6.961213136103e-04i divx=4.508854020989e-04 +1.457680003797e-03i kapx=-6.247133318994e-05 -3.807793450935e-04i jac=1.693229214255e+01
TRACE fcgl integrands=1.971027713300e-05 1.429574267203e-06
TRACE fcgl theta=5.546875000000e-01 dbob=-3.388527203096e-04 -6.946452445453e-04i divx=4.642937237086e-04 +1.457479523221e-03i kapx=-6.272050169949e-05 -3.814171393379e-04i jac=1.693229214255e+01
TRACE fcgl integrands=1.980921745334e-05 1.476164408672e-06
TRACE fcgl theta=5.566406250000e-01 dbob=-3.518735399596e-04 -6.938541103807e-04i divx=4.778391571870e-04 +1.458265321801e-03i kapx=-6.298280861372e-05 -3.822056057102e-04i jac=1.693229214255e+01
TRACE fcgl integrands=1.993665654200e-05 1.528839051531e-06
TRACE fcgl theta=5.585937500000e-01 dbob=-3.649702221775e-04 -6.937570981942e-04i divx=4.914703966303e-04 +1.460049537512e-03i kapx=-6.325008722642e-05 -3.831462196590e-04i jac=1.693229214255e+01
TRACE fcgl integrands=2.009260120729e-05 1.587522249515e-06
TRACE fcgl theta=5.605468750000e-01 dbob=-3.781081248748e-04 -6.943618972210e-04i divx=5.051365102891e-04 +1.462842511860e-03i kapx=-6.351419270713e-05 -3.842403073195e-04i jac=1.693229214255e+01
TRACE fcgl integrands=2.027702185593e-05 1.652123896569e-06
TRACE fcgl theta=5.625000000000e-01 dbob=-3.912529696533e-04 -6.956747783475e-04i divx=5.187869165910e-04 +1.466652878954e-03i kapx=-6.376697346888e-05 -3.854890503031e-04i jac=1.693229214255e+01
TRACE fcgl integrands=2.048985588859e-05 1.722541243455e-06
TRACE fcgl theta=5.644531250000e-01 dbob=-4.043708560540e-04 -6.977006577432e-04i divx=5.323713429970e-04 +1.471487613047e-03i kapx=-6.400024347151e-05 -3.868934776518e-04i jac=1.693229214255e+01
TRACE fcgl integrands=2.073100991123e-05 1.798660307979e-06
TRACE fcgl theta=5.664062500000e-01 dbob=-4.174282623552e-04 -7.004431412519e-04i divx=5.458397797271e-04 +1.477352032750e-03i kapx=-6.420575868591e-05 -3.884544457488e-04i jac=1.693229214255e+01
TRACE fcgl integrands=2.100036078540e-05 1.880357145422e-06
TRACE fcgl theta=5.683593750000e-01 dbob=-4.303920391351e-04 -7.039045478546e-04i divx=5.591424403697e-04 +1.484249763529e-03i kapx=-6.437520061733e-05 -3.901726078374e-04i jac=1.693229214255e+01
TRACE fcgl integrands=2.129775563086e-05 1.967498958732e-06
TRACE fcgl theta=5.703125000000e-01 dbob=-4.432294019968e-04 -7.080859123028e-04i divx=5.722297404981e-04 +1.492182663387e-03i kapx=-6.450016925063e-05 -3.920483755421e-04i jac=1.693229214255e+01
TRACE fcgl integrands=2.162301097400e-05 2.059945041712e-06
TRACE fcgl theta=5.722656250000e-01 dbob=-4.559079295704e-04 -7.129869687770e-04i divx=5.850523037177e-04 +1.501150719518e-03i kapx=-6.457218707367e-05 -3.940818753707e-04i jac=1.693229214255e+01
TRACE fcgl integrands=2.197591130062e-05 2.157547561885e-06
TRACE fcgl theta=5.742187500000e-01 dbob=-4.683955721775e-04 -7.186061190305e-04i divx=5.975610021883e-04 +1.511151926119e-03i kapx=-6.458271500539e-05 -3.962729035441e-04i jac=1.693229214255e+01
TRACE fcgl integrands=2.235620731720e-05 2.260152201937e-06
TRACE fcgl theta=5.761718750000e-01 dbob=-4.806606754371e-04 -7.249403898320e-04i divx=6.097070357580e-04 +1.522182155122e-03i kapx=-6.452318016043e-05 -3.986208826450e-04i jac=1.693229214255e+01
TRACE fcgl integrands=2.276361424749e-05 2.367598688964e-06
TRACE fcgl theta=5.781250000000e-01 dbob=-4.926720216642e-04 -7.319853855092e-04i divx=6.214420506334e-04 +1.534235032455e-03i kapx=-6.438501448460e-05 -4.011248234728e-04i jac=1.693229214255e+01
TRACE fcgl integrands=2.319781049041e-05 2.479721248259e-06
TRACE fcgl theta=5.800781250000e-01 dbob=-5.043988902892e-04 -7.397352419810e-04i divx=6.327182952032e-04 +1.547301832293e-03i kapx=-6.415970245700e-05 -4.037832951561e-04i jac=1.693229214255e+01
TRACE fcgl integrands=2.365843694002e-05 2.596349022864e-06
TRACE fcgl theta=5.820312500000e-01 dbob=-5.158111367982e-04 -7.481825887754e-04i divx=6.434888074694e-04 +1.561371400821e-03i kapx=-6.383883533557e-05 -4.065944060228e-04i jac=1.693229214255e+01
TRACE fcgl integrands=2.414509722177e-05 2.717306501048e-06
TRACE fcgl theta=5.839843750000e-01 dbob=-5.268792880017e-04 -7.573185251830e-04i divx=6.537076257466e-04 +1.576430119191e-03i kapx=-6.341416887245e-05 -4.095557970038e-04i jac=1.693229214255e+01
TRACE fcgl integrands=2.465735903335e-05 2.842413991481e-06
TRACE fcgl theta=5.859375000000e-01 dbob=-5.375746498899e-04 -7.671326158961e-04i divx=6.633300120590e-04 +1.592461912877e-03i kapx=-6.287768108451e-05 -4.126646484907e-04i jac=1.693229214255e+01
TRACE fcgl integrands=2.519475669887e-05 2.971488180151e-06
TRACE fcgl theta=5.878906250000e-01 dbob=-5.478694230413e-04 -7.776129102907e-04i divx=6.723126761577e-04 +1.609448311591e-03i kapx=-6.222162655819e-05 -4.159177006500e-04i jac=1.693229214255e+01
TRACE fcgl integrands=2.575679495663e-05 3.104342794674e-06
TRACE fcgl theta=5.898437500000e-01 dbob=-5.577368196079e-04 -7.887459880101e-04i divx=6.806139874166e-04 +1.627368560553e-03i kapx=-6.143858390434e-05 -4.193112862714e-04i jac=1.693229214255e+01
TRACE fcgl integrands=2.634295390964e-05 3.240789391016e-06
TRACE fcgl theta=5.917968750000e-01 dbob=-5.671511753765e-04 -8.005170317916e-04i divx=6.881941620828e-04 +1.646199780508e-03i kapx=-6.052149335317e-05 -4.228413743583e-04i jac=1.693229214255e+01
TRACE fcgl integrands=2.695269498056e-05 3.380638265696e-06
TRACE fcgl theta=5.937500000000e-01 dbob=-5.760880503368e-04 -8.129099266709e-04i divx=6.950154144668e-04 +1.665917170521e-03i kapx=-5.946368206500e-05 -4.265036219251e-04i jac=1.693229214255e+01
TRACE fcgl integrands=2.758546763451e-05 3.523699484057e-06
TRACE fcgl theta=5.957031250000e-01 dbob=-5.845243115874e-04 -8.259073829223e-04i divx=7.010420625758e-04 +1.686494244689e-03i kapx=-5.825887549423e-05 -4.302934308833e-04i jac=1.693229214255e+01
TRACE fcgl integrands=2.824071657011e-05 3.669784003139e-06
TRACE fcgl theta=5.976562500000e-01 dbob=-5.924381932524e-04 -8.394910784630e-04i divx=7.062405813088e-04 +1.707903091538e-03i kapx=-5.690119402818e-05 -4.342060065374e-04i jac=1.693229214255e+01
TRACE fcgl integrands=2.891788903472e-05 3.818704856868e-06
TRACE fcgl theta=5.996093750000e-01 dbob=-5.998093293152e-04 -8.536418150843e-04i divx=7.105795994598e-04 +1.730114643235e-03i kapx=-5.538513507229e-05 -4.382364140751e-04i jac=1.693229214255e+01
TRACE fcgl integrands=2.961644189808e-05 3.970278362525e-06
TRACE fcgl theta=6.015625000000e-01 dbob=-6.066187568157e-04 -8.683396818695e-04i divx=7.140298402216e-04 +1.753098940987e-03i kapx=-5.370554170293e-05 -4.423796295588e-04i jac=1.693229214255e+01
TRACE fcgl integrands=3.033584812021e-05 4.124325301397e-06
TRACE fcgl theta=6.035156250000e-01 dbob=-6.128488886081e-04 -8.835642185714e-04i divx=7.165640083981e-04 +1.776825383128e-03i kapx=-5.185755989501e-05 -4.466305822782e-04i jac=1.693229214255e+01
TRACE fcgl integrands=3.107560227511e-05 4.280672023627e-06
TRACE fcgl theta=6.054687500000e-01 dbob=-6.184834567117e-04 -8.992945716199e-04i divx=7.181566308975e-04 +1.801262943414e-03i kapx=-4.983658709290e-05 -4.509841858972e-04i jac=1.693229214255e+01
TRACE fcgl integrands=3.183522484018e-05 4.439151427771e-06
TRACE fcgl theta=6.074218750000e-01 dbob=-6.235074290926e-04 -9.155096357951e-04i divx=7.187838600475e-04 +1.826380348953e-03i kapx=-4.763821547744e-05 -4.554353565790e-04i jac=1.693229214255e+01
TRACE fcgl integrands=3.261426502878e-05 4.599603769502e-06
TRACE fcgl theta=6.093750000000e-01 dbob=-6.279069043590e-04 -9.321881754319e-04i divx=7.184232516564e-04 +1.852146209734e-03i kapx=-4.525817364870e-05 -4.599790171512e-04i jac=1.693229214255e+01
TRACE fcgl integrands=3.341230202630e-05 4.761877261075e-06
TRACE fcgl theta=6.113281250000e-01 dbob=-6.316689902309e-04 -9.493089202551e-04i divx=7.170535313638e-04 +1.878529094889e-03i kapx=-4.269227056647e-05 -4.646100873171e-04i jac=1.693229214255e+01
TRACE fcgl integrands=3.422894458358e-05 4.925828433100e-06
TRACE fcgl theta=6.132812500000e-01 dbob=-6.347816726560e-04 -9.668506324999e-04i divx=7.146543635773e-04 +1.905497554237e-03i kapx=-3.993634546066e-05 -4.693234608684e-04i jac=1.693229214255e+01
TRACE fcgl integrands=3.506382901850e-05 5.091322242291e-06
TRACE fcgl theta=6.152343750000e-01 dbob=-6.372336830206e-04 -9.847921437499e-04i divx=7.112061371134e-04 +1.933020087234e-03i kapx=-3.698622704638e-05 -4.741139717421e-04i jac=1.693229214255e+01
TRACE fcgl integrands=3.591661577236e-05 5.258231922399e-06
TRACE fcgl theta=6.171875000000e-01 dbob=-6.390143710016e-04 -1.003112361806e-03i divx=7.066897805630e-04 +1.961065064856e-03i kapx=-3.383770478070e-05 -4.789763515253e-04i jac=1.693229214255e+01
TRACE fcgl integrands=3.678698475507e-05 5.426438589595e-06
TRACE fcgl theta=6.191406250000e-01 dbob=-6.401135902167e-04 -1.021790249751e-03i divx=7.010866184503e-04 +1.989600612959e-03i kapx=-3.048651411682e-05 -4.839051816039e-04i jac=1.693229214255e+01
TRACE fcgl integrands=3.767462978654e-05 5.595830627276e-06
TRACE fcgl theta=6.210937500000e-01 dbob=-6.405216029769e-04 -1.040804781098e-03i divx=6.943782765768e-04 +2.018594468138e-03i kapx=-2.692833679996e-05 -4.888948435199e-04i jac=1.693229214255e+01
TRACE fcgl integrands=3.857925249731e-05 5.766302887679e-06
TRACE fcgl theta=6.230468750000e-01 dbob=-6.402290091776e-04 -1.060134876328e-03i divx=6.865466417132e-04 +2.048013818793e-03i kapx=-2.315881626784e-05 -4.939394712323e-04i jac=1.693229214255e+01
TRACE fcgl integrands=3.950055608371e-05 5.937755757976e-06
TRACE fcgl theta=6.250000000000e-01 dbob=-6.392267027737e-04 -1.079759327246e-03i divx=6.775738772410e-04 +2.077825144951e-03i kapx=-1.917358723369e-05 -4.990329088523e-04i jac=1.693229214255e+01
TRACE fcgl integrands=4.043823932153e-05 6.110094146076e-06
TRACE fcgl theta=6.269531250000e-01 dbob=-6.375058574673e-04 -1.099656716208e-03i divx=6.674424926809e-04 +2.107994070318e-03i kapx=-1.496831760676e-05 -5.041686770550e-04i jac=1.693229214255e+01
TRACE fcgl integrands=4.139199122442e-05 6.283226445472e-06
TRACE fcgl theta=6.289062500000e-01 dbob=-6.350579413154e-04 -1.119805337461e-03i divx=6.561354615302e-04 +2.138485239020e-03i kapx=-1.053876010741e-05 -5.093399507798e-04i jac=1.693229214255e+01
TRACE fcgl integrands=4.236148669152e-05 6.457063539030e-06
TRACE fcgl theta=6.308593750000e-01 dbob=-6.318747580705e-04 -1.140183127520e-03i divx=6.436363787003e-04 +2.169262227639e-03i kapx=-5.880810314894e-06 -5.145395500596e-04i jac=1.693229214255e+01
TRACE fcgl integrands=4.334638342453e-05 6.631517898363e-06
TRACE fcgl theta=6.328125000000e-01 dbob=-6.279485113247e-04 -1.160767610732e-03i divx=6.299296462996e-04 +2.200287500572e-03i kapx=-9.905674874322e-07 -5.197599449200e-04i jac=1.693229214255e+01
TRACE fcgl integrands=4.434632031131e-05 6.806502828654e-06
TRACE fcgl theta=6.347656250000e-01 dbob=-6.232718860504e-04 -1.181535864966e-03i divx=6.150006747388e-04 +2.231522413607e-03i kapx=4.135605655776e-06 -5.249932743206e-04i jac=1.693229214255e+01
TRACE fcgl integrands=4.536091737719e-05 6.981931898759e-06
TRACE fcgl theta=6.367187500000e-01 dbob=-6.178381410226e-04 -1.202464510860e-03i divx=5.988360852364e-04 +2.262927267142e-03i kapx=9.501027893083e-06 -5.302313781413e-04i jac=1.693229214255e+01
TRACE fcgl integrands=4.638977730089e-05 7.157718583858e-06
TRACE fcgl theta=6.386718750000e-01 dbob=-6.116412049454e-04 -1.223529726271e-03i divx=5.814238998605e-04 +2.294461406893e-03i kapx=1.510865254244e-05 -5.354658403111e-04i jac=1.693229214255e+01
TRACE fcgl integrands=4.743248838729e-05 7.333776133510e-06
TRACE fcgl theta=6.406250000000e-01 dbob=-6.046757689239e-04 -1.244707285741e-03i divx=5.627537062360e-04 +2.326083366540e-03i kapx=2.096103134392e-05 -5.406880403998e-04i jac=1.693229214255e+01
TRACE fcgl integrands=4.848862878983e-05 7.510017662626e-06
TRACE fcgl theta=6.425781250000e-01 dbob=-5.969373682473e-04 -1.265972622904e-03i divx=5.428167859140e-04 +2.357751043703e-03i kapx=2.706029116664e-05 -5.458892103993e-04i jac=1.693229214255e+01
TRACE fcgl integrands=4.955777168785e-05 7.686356447626e-06
TRACE fcgl theta=6.445312500000e-01 dbob=-5.884224472503e-04 -1.287300912097e-03i divx=5.216061980170e-04 +2.389421898193e-03i kapx=3.340812461663e-05 -5.510604930480e-04i jac=1.693229214255e+01
TRACE fcgl integrands=5.063949105474e-05 7.862706395856e-06
TRACE fcgl theta=6.464843750000e-01 dbob=-5.791284022462e-04 -1.308667163970e-03i divx=4.991168129598e-04 +2.421053159831e-03i kapx=4.000579464319e-05 -5.561929979306e-04i jac=1.693229214255e+01
TRACE fcgl integrands=5.173336760513e-05 8.038982644026e-06
TRACE fcgl theta=6.484375000000e-01 dbob=-5.690535990948e-04 -1.330046328839e-03i divx=4.753452945818e-04 +2.452602032293e-03i kapx=4.685415225652e-05 -5.612778517271e-04i jac=1.693229214255e+01
TRACE fcgl integrands=5.283899448769e-05 8.215102232055e-06
TRACE fcgl theta=6.503906250000e-01 dbob=-5.581973637732e-04 -1.351413400879e-03i divx=4.502900326761e-04 +2.484025879630e-03i kapx=5.395366554852e-05 -5.663062393757e-04i jac=1.693229214255e+01
TRACE fcgl integrands=5.395598229595e-05 8.390984792606e-06
TRACE fcgl theta=6.523437500000e-01 dbob=-5.465599462394e-04 -1.372743516112e-03i divx=4.239510314132e-04 +2.515282383178e-03i kapx=6.130445741309e-05 -5.712694335330e-04i jac=1.693229214255e+01
TRACE fcgl integrands=5.508396300251e-05 8.566553194488e-06
TRACE fcgl theta=6.542968750000e-01 dbob=-5.341424597796e-04 -1.394012037496e-03i divx=3.963297622814e-04 +2.546329658540e-03i kapx=6.890634874910e-05 -5.761588105224e-04i jac=1.693229214255e+01
TRACE fcgl integrands=5.622259248097e-05 8.741734079975e-06
TRACE fcgl theta=6.562500000000e-01 dbob=-5.209467997890e-04 -1.415194621229e-03i divx=3.674289927090e-04 +2.577126325024e-03i kapx=7.675890354000e-05 -5.809658518975e-04i jac=1.693229214255e+01
TRACE fcgl integrands=5.737155136128e-05 8.916458242021e-06
TRACE fcgl theta=6.582031250000e-01 dbob=-5.069755474245e-04 -1.436267259673e-03i divx=3.372526032900e-04 +2.607631523184e-03i kapx=8.486147206729e-05 -5.856821317556e-04i jac=1.693229214255e+01
TRACE fcgl integrands=5.853054406337e-05 9.090660796930e-06
TRACE fcgl theta=6.601562500000e-01 dbob=-4.922318646913e-04 -1.457206297834e-03i divx=3.058054074102e-04 +2.637804879721e-03i kapx=9.321322864054e-05 -5.902992909436e-04i jac=1.693229214255e+01
TRACE fcgl integrands=5.969929596495e-05 9.264281120782e-06
TRACE fcgl theta=6.621093750000e-01 dbob=-4.767193881945e-04 -1.477988422198e-03i divx=2.730929869803e-04 +2.667606422667e-03i kapx=1.018132006071e-04 -5.948090002348e-04i jac=1.693229214255e+01
TRACE fcgl integrands=6.087754877513e-05 9.437262533003e-06
TRACE fcgl theta=6.640625000000e-01 dbob=-4.604421289712e-04 -1.498590622632e-03i divx=2.391215569412e-04 +2.696996453363e-03i kapx=1.106602860150e-04 -5.992029153653e-04i jac=1.693229214255e+01
TRACE fcgl integrands=6.206505430018e-05 9.609551727034e-06
TRACE fcgl theta=6.660156250000e-01 dbob=-4.434043854826e-04 -1.518990129965e-03i divx=2.038978692797e-04 +2.725935384825e-03i kapx=1.197532581015e-04 -6.034726274301e-04i jac=1.693229214255e+01
TRACE fcgl integrands=6.326156689235e-05 9.781097965000e-06
TRACE fcgl theta=6.679687500000e-01 dbob=-4.256106760302e-04 -1.539164333612e-03i divx=1.674291646072e-04 +2.754383558661e-03i kapx=1.290907557115e-04 -6.076096125246e-04i jac=1.693229214255e+01
TRACE fcgl integrands=6.446683496238e-05 9.951852069627e-06
TRACE fcgl theta=6.699218750000e-01 dbob=-4.070656956041e-04 -1.559090685085e-03i divx=1.297231760904e-04 +2.782301054369e-03i kapx=1.386712597569e-04 -6.116051846419e-04i jac=1.693229214255e+01
TRACE fcgl integrands=6.568059200436e-05 1.012176526127e-05
TRACE fcgl theta=6.718750000000e-01 dbob=-3.877743005673e-04 -1.578746594332e-03i divx=9.078818691135e-05 +2.809647505702e-03i kapx=1.484930568280e-04 -6.154504556847e-04i jac=1.693229214255e+01
TRACE fcgl integrands=6.690254762363e-05 1.029078789987e-05
TRACE fcgl theta=6.738281250000e-01 dbob=-3.677415227287e-04 -1.598109326455e-03i divx=5.063313871027e-05 +2.836381938544e-03i kapx=1.585541920092e-04 -6.191363060444e-04i jac=1.693229214255e+01
TRACE fcgl integrands=6.813237907196e-05 1.045886820018e-05
TRACE fcgl theta=6.757812500000e-01 dbob=-3.469726123952e-04 -1.617155906532e-03i divx=9.267784890597e-06 +2.862462643629e-03i kapx=1.688524137523e-04 -6.226533685481e-04i jac=1.693229214255e+01
TRACE fcgl integrands=6.936972377725e-05 1.062595099302e-05
TRACE fcgl theta=6.777343750000e-01 dbob=-3.254731080375e-04 -1.635863039857e-03i divx=-3.329712050991e-05 +2.887847095335e-03i kapx=1.793851142737e-04 -6.259920277395e-04i jac=1.693229214255e+01
TRACE fcgl integrands=7.061417330866e-05 1.079197660532e-05
TRACE fcgl theta=6.796875000000e-01 dbob=-3.032489284048e-04 -1.654207054009e-03i divx=-7.704961024056e-05 +2.912491924954e-03i kapx=1.901492693227e-04 -6.291424354727e-04i jac=1.693229214255e+01
TRACE fcgl integrands=7.186526914421e-05 1.095687992712e-05
TRACE fcgl theta=6.816406250000e-01 dbob=-2.803064813948e-04 -1.672163867892e-03i divx=-1.219762811745e-04 +2.936352953397e-03i kapx=2.011413812846e-04 -6.320945427525e-04i jac=1.693229214255e+01
TRACE fcgl integrands=7.312250051132e-05 1.112058972495e-05
TRACE fcgl theta=6.835937500000e-01 dbob=-2.566527828310e-04 -1.689708991141e-03i divx=-1.680620760260e-04 +2.959385284530e-03i kapx=2.123574294285e-04 -6.348381466945e-04i jac=1.693229214255e+01
TRACE fcgl integrands=7.438530445549e-05 1.128302824808e-05
TRACE fcgl theta=6.855468750000e-01 dbob=-2.322955776134e-04 -1.706817555405e-03i divx=-2.152900837689e-04 +2.981543456405e-03i kapx=2.237928306911e-04 -6.373629505001e-04i jac=1.693229214255e+01
TRACE fcgl integrands=7.565306816703e-05 1.144411115823e-05
TRACE fcgl theta=6.875000000000e-01 dbob=-2.072434555194e-04 -1.723464376974e-03i divx=-2.636413719524e-04 +3.002781643946e-03i kapx=2.354424137359e-04 -6.396586334864e-04i jac=1.693229214255e+01
TRACE fcgl integrands=7.692513346567e-05 1.160374779525e-05
TRACE fcgl theta=6.894531250000e-01 dbob=-1.815059542774e-04 -1.739624048160e-03i divx=-3.130948620702e-04 +3.023053903290e-03i kapx=2.473004081738e-04 -6.417149275649e-04i jac=1.693229214255e+01
TRACE fcgl integrands=7.820080321754e-05 1.176184177177e-05
TRACE fcgl theta=6.914062500000e-01 dbob=-1.550936433758e-04 -1.755271053031e-03i divx=-3.636272563267e-04 +3.042314445321e-03i kapx=2.593604498512e-04 -6.435216961452e-04i jac=1.693229214255e+01
TRACE fcgl integrands=7.947934934490e-05 1.191829187037e-05
TRACE fcgl theta=6.933593750000e-01 dbob=-1.280181833645e-04 -1.770379901457e-03i divx=-4.152130207395e-04 +3.060517924053e-03i kapx=2.716156020520e-04 -6.450690112980e-04i jac=1.693229214255e+01
TRACE fcgl integrands=8.076002199363e-05 1.207299319901e-05
TRACE fcgl theta=6.953125000000e-01 dbob=-1.002923570569e-04 -1.784925274289e-03i divx=-4.678244257567e-04 +3.077619724584e-03i kapx=2.840583914068e-04 -6.463472251477e-04i jac=1.693229214255e+01
TRACE fcgl integrands=8.204205935252e-05 1.222583854393e-05
TRACE fcgl theta=6.972656250000e-01 dbob=-7.193007094651e-05 -1.798882171737e-03i divx=-5.214316417013e-04 +3.093576235479e-03i kapx=2.966808563239e-04 -6.473470318713e-04i jac=1.693229214255e+01
TRACE fcgl integrands=8.332469757721e-05 1.237671984746e-05
TRACE fcgl theta=6.992187500000e-01 dbob=-4.294632717363e-05 -1.812226056858e-03i divx=-5.760028826553e-04 +3.108345091529e-03i kapx=3.094746049144e-04 -6.480595173357e-04i jac=1.693229214255e+01
TRACE fcgl integrands=8.460718026157e-05 1.252552972931e-05
TRACE fcgl theta=7.011718750000e-01 dbob=-1.335716839010e-05 -1.824932986389e-03i divx=-6.315045891108e-04 +3.121885374902e-03i kapx=3.224308787505e-04 -6.484761942564e-04i jac=1.693229214255e+01
TRACE fcgl integrands=8.588876692340e-05 1.267216296645e-05
TRACE fcgl theta=7.031250000000e-01 dbob=1.682040028301e-05 -1.836979722052e-03i divx=-6.879016370828e-04 +3.134157765571e-03i kapx=3.355406183999e-04 -6.485890217596e-04i jac=1.693229214255e+01
TRACE fcgl integrands=8.716874002640e-05 1.281651784839e-05
TRACE fcgl theta=7.050781250000e-01 dbob=4.756850643742e-05 -1.848343816792e-03i divx=-7.451575595706e-04 +3.145124635398e-03i kapx=3.487945265666e-04 -6.483904093026e-04i jac=1.693229214255e+01
TRACE fcgl integrands=8.844641014535e-05 1.295849733082e-05
TRACE fcgl theta=7.070312500000e-01 dbob=7.886851575945e-05 -1.859003672119e-03i divx=-8.032347654231e-04 +3.154750084085e-03i kapx=3.621831248318e-04 -6.478732059828e-04i jac=1.693229214255e+01
TRACE fcgl integrands=8.972111898982e-05 1.309800992217e-05
TRACE fcgl theta=7.089843750000e-01 dbob=1.107011399727e-04 -1.868938564693e-03i divx=-8.620947408501e-04 +3.162999919229e-03i kapx=3.756968004387e-04 -6.470306772679e-04i jac=1.693229214255e+01
TRACE fcgl integrands=9.099224012865e-05 1.323497025269e-05
TRACE fcgl theta=7.109375000000e-01 dbob=1.430465395349e-04 -1.878128642427e-03i divx=-9.216982200401e-04 +3.169841586515e-03i kapx=3.893258402526e-04 -6.458564720440e-04i jac=1.693229214255e+01
TRACE fcgl integrands=9.225917739421e-05 1.336929929437e-05
TRACE fcgl theta=7.128906250000e-01 dbob=1.758844136566e-04 -1.886554892424e-03i divx=-9.820053135125e-04 +3.175244059502e-03i kapx=4.030604499280e-04 -6.443445835389e-04i jac=1.693229214255e+01
TRACE fcgl integrands=9.352136108433e-05 1.350092422062e-05
TRACE fcgl theta=7.148437500000e-01 dbob=2.091940711097e-04 -1.894199085049e-03i divx=-1.042975585806e-03 +3.179177701228e-03i kapx=4.168907573484e-04 -6.424893080894e-04i jac=1.693229214255e+01
TRACE fcgl integrands=9.477824221269e-05 1.362977791618e-05
TRACE fcgl theta=7.167968750000e-01 dbob=2.429544766570e-04 -1.901043700057e-03i divx=-1.104568077698e-03 +3.181614111776e-03i kapx=4.308068005205e-04 -6.402852058597e-04i jac=1.693229214255e+01
TRACE fcgl integrands=9.602928517599e-05 1.375579816879e-05
TRACE fcgl theta=7.187500000000e-01 dbob=2.771442696745e-04 -1.907071841945e-03i divx=-1.166741272098e-03 +3.182525976867e-03i kapx=4.447985012117e-04 -6.377270674609e-04i jac=1.693229214255e+01
TRACE fcgl integrands=9.727395930292e-05 1.387892659359e-05
TRACE fcgl theta=7.207031250000e-01 dbob=3.117417535368e-04 -1.912267152475e-03i divx=-1.229453006841e-03 +3.181886932455e-03i kapx=4.588556266519e-04 -6.348098899902e-04i jac=1.693229214255e+01
TRACE fcgl integrands=9.851172981755e-05 1.399910735763e-05
TRACE fcgl theta=7.226562500000e-01 dbob=3.467248564611e-04 -1.916613728497e-03i divx=-1.292660341467e-03 +3.179671459143e-03i kapx=4.729677425032e-04 -6.315288653227e-04i jac=1.693229214255e+01
TRACE fcgl integrands=9.974204878618e-05 1.411628578435e-05
TRACE fcgl theta=7.246093750000e-01 dbob=3.820710666055e-04 -1.920096052896e-03i divx=-1.356319388548e-03 +3.175854818090e-03i kapx=4.871241609714e-04 -6.278793825971e-04i jac=1.693229214255e+01
TRACE fcgl integrands=1.009643466174e-04 1.423040692569e-05
TRACE fcgl theta=7.265625000000e-01 dbob=4.177573461561e-04 -1.922698945555e-03i divx=-1.420385122846e-03 +3.170413037154e-03i kapx=5.013138883450e-04 -6.238570457995e-04i jac=1.693229214255e+01
TRACE fcgl integrands=1.021780246520e-04 1.434141419203e-05
TRACE fcgl theta=7.285156250000e-01 dbob=4.537600307735e-04 -1.924407539906e-03i divx=-1.484811183512e-03 +3.163322952388e-03i kapx=5.155255763693e-04 -6.194577062412e-04i jac=1.693229214255e+01
TRACE fcgl integrands=1.033824493110e-04 1.444924812697e-05
TRACE fcgl theta=7.304687500000e-01 dbob=4.900547219885e-04 -1.925207288838e-03i divx=-1.549549685361e-03 +3.154562306064e-03i kapx=5.297474816864e-04 -6.146775086133e-04i jac=1.693229214255e+01
TRACE fcgl integrands=1.045769481758e-04 1.455384540620e-05
TRACE fcgl theta=7.324218750000e-01 dbob=5.266161808544e-04 -1.925084001725e-03i divx=-1.614551055057e-03 +3.144109898281e-03i kapx=5.439674371014e-04 -6.095129482777e-04i jac=1.693229214255e+01
TRACE fcgl integrands=1.057608082541e-04 1.465513812605e-05
TRACE fcgl theta=7.343750000000e-01 dbob=5.634182313181e-04 -1.924023912164e-03i divx=-1.679763906728e-03 +3.131945785306e-03i kapx=5.581728377050e-04 -6.039609365712e-04i jac=1.693229214255e+01
TRACE fcgl integrands=1.069332765487e-04 1.475305343091e-05
TRACE fcgl theta=7.363281250000e-01 dbob=6.004336813548e-04 -1.922013773836e-03i divx=-1.745134969233e-03 +3.118051514319e-03i kapx=5.723506439393e-04 -5.980188702415e-04i jac=1.693229214255e+01
TRACE fcgl integrands=1.080935629035e-04 1.484751350792e-05
TRACE fcgl theta=7.382812500000e-01 dbob=6.376342689353e-04 -1.919040979940e-03i divx=-1.810609074127e-03 +3.102410381406e-03i kapx=5.864874025960e-04 -5.916847007329e-04i jac=1.693229214255e+01
TRACE fcgl integrands=1.092408449603e-04 1.493843595585e-05
TRACE fcgl theta=7.402343750000e-01 dbob=6.749906384290e-04 -1.915093699922e-03i divx=-1.876129209558e-03 +3.085007697790e-03i kapx=6.005692855645e-04 -5.849569989341e-04i jac=1.693229214255e+01
TRACE fcgl integrands=1.103742749225e-04 1.502573451261e-05
TRACE fcgl theta=7.421875000000e-01 dbob=7.124723511756e-04 -1.910161025961e-03i divx=-1.941636641126e-03 +3.065831048360e-03i kapx=6.145821449751e-04 -5.778350111996e-04i jac=1.693229214255e+01
TRACE fcgl integrands=1.114929877128e-04 1.510932010397e-05
TRACE fcgl theta=7.441406250000e-01 dbob=7.500479318170e-04 -1.904233120899e-03i divx=-2.007071096400e-03 +3.044870526803e-03i kapx=6.285115822917e-04 -5.703187029518e-04i jac=1.693229214255e+01
TRACE fcgl integrands=1.125961100178e-04 1.518910215714e-05
TRACE fcgl theta=7.460937500000e-01 dbob=7.876849496968e-04 -1.897301359098e-03i divx=-2.072371005652e-03 +3.022118932949e-03i kapx=6.423430279778e-04 -5.624087869252e-04i jac=1.693229214255e+01
TRACE fcgl integrands=1.136827696581e-04 1.526499010656e-05
TRACE fcgl theta=7.480468750000e-01 dbob=8.253501323788e-04 -1.889358452092e-03i divx=-2.137473787673e-03 +2.997571920271e-03i kapx=6.560618276471e-04 -5.541067340895e-04i jac=1.693229214255e+01
TRACE fcgl integrands=1.147521046958e-04 1.533689500777e-05
TRACE fcgl theta=7.500000000000e-01 dbob=8.630095062426e-04 -1.880398551849e-03i divx=-2.202316166587e-03 +2.971228084666e-03i kapx=6.696533301723e-04 -5.454147664089e-04i jac=1.693229214255e+01
TRACE fcgl integrands=1.158032717083e-04 1.540473116865e-05
TRACE fcgl theta=7.519531250000e-01 dbob=9.006285573456e-04 -1.870417325908e-03i divx=-2.266834503531e-03 +2.943088989492e-03i kapx=6.831029730928e-04 -5.363358317921e-04i jac=1.693229214255e+01
TRACE fcgl integrands=1.168354527042e-04 1.546841770619e-05
TRACE fcgl theta=7.539062500000e-01 dbob=9.381724044015e-04 -1.859412000518e-03i divx=-2.330965126094e-03 +2.913159126077e-03i kapx=6.963963608461e-04 -5.268735627793e-04i jac=1.693229214255e+01
TRACE fcgl integrands=1.178478602430e-04 1.552787994170e-05
TRACE fcgl theta=7.558593750000e-01 dbob=9.756059749319e-04 -1.847381370044e-03i divx=-2.394644638603e-03 +2.881445813263e-03i kapx=7.095193318357e-04 -5.170322216096e-04i jac=1.693229214255e+01
TRACE fcgl integrands=1.188397404306e-04 1.558305055691e-05
TRACE fcgl theta=7.578125000000e-01 dbob=1.012894175434e-03 -1.834325773187e-03i divx=-2.457810197665e-03 +2.847959043686e-03i kapx=7.224580111156e-04 -5.068166352492e-04i jac=1.693229214255e+01
TRACE fcgl integrands=1.198103735991e-04 1.563387044838e-05
TRACE fcgl theta=7.597656250000e-01 dbob=1.050002046820e-03 -1.820247038837e-03i divx=-2.520399739744e-03 +2.812711288158e-03i kapx=7.351988464620e-04 -4.962321246606e-04i jac=1.693229214255e+01
TRACE fcgl integrands=1.207590726262e-04 1.568028923569e-05
TRACE fcgl theta=7.617187500000e-01 dbob=1.086894897374e-03 -1.805148406450e-03i divx=-2.582352150876e-03 +2.775717272471e-03i kapx=7.477286267509e-04 -4.852844330103e-04i jac=1.693229214255e+01
TRACE fcgl integrands=1.216851790045e-04 1.572226540043e-05
TRACE fcgl theta=7.636718750000e-01 dbob=1.123538407017e-03 -1.789034427631e-03i divx=-2.643607372604e-03 +2.736993742852e-03i kapx=7.600344827933e-04 -4.739796576101e-04i jac=1.693229214255e+01
TRACE fcgl integrands=1.225880569183e-04 1.575976605535e-05
TRACE fcgl theta=7.656250000000e-01 dbob=1.159898698594e-03 -1.771910856893e-03i divx=-2.704106442605e-03 +2.696559237216e-03i kapx=7.721038720053e-04 -4.623241901614e-04i jac=1.693229214255e+01
TRACE fcgl integrands=1.234670857222e-04 1.579276636573e-05
TRACE fcgl theta=7.675781250000e-01 dbob=1.195942374205e-03 -1.753784540364e-03i divx=-2.763791473069e-03 +2.654433879008e-03i kapx=7.839245494323e-04 -4.503246693217e-04i jac=1.693229214255e+01
TRACE fcgl integrands=1.243216513263e-04 1.582124866655e-05
TRACE fcgl theta=7.695312500000e-01 dbob=1.231636516965e-03 -1.734663311377e-03i divx=-2.822605574195e-03 +2.610639208948e-03i kapx=7.954845286148e-04 -4.379879487856e-04i jac=1.693229214255e+01
TRACE fcgl integrands=1.251511370755e-04 1.584520133715e-05
TRACE fcgl theta=7.714843750000e-01 dbob=1.266948661013e-03 -1.714555901399e-03i divx=-2.880492734059e-03 +2.565198067414e-03i kapx=8.067720365232e-04 -4.253210830076e-04i jac=1.693229214255e+01
TRACE fcgl integrands=1.259549147551e-04 1.586461751007e-05
TRACE fcgl theta=7.734375000000e-01 dbob=1.301846734778e-03 -1.693471873735e-03i divx=-2.937397669235e-03 +2.518134536680e-03i kapx=8.177754672281e-04 -4.123313314721e-04i jac=1.693229214255e+01
TRACE fcgl integrands=1.267323363633e-04 1.587949370059e-05
TRACE fcgl theta=7.753906250000e-01 dbob=1.336298984451e-03 -1.671421585813e-03i divx=-2.993265662645e-03 +2.469473948030e-03i kapx=8.284833390967e-04 -3.990261811084e-04i jac=1.693229214255e+01
TRACE fcgl integrands=1.274827272527e-04 1.588982844771e-05
TRACE fcgl theta=7.773437500000e-01 dbob=1.370273885982e-03 -1.648416183830e-03i divx=-3.048042406158e-03 +2.419242954136e-03i kapx=8.388842600877e-04 -3.854133851533e-04i jac=1.693229214255e+01
TRACE fcgl integrands=1.282053811731e-04 1.589562105591e-05
TRACE fcgl theta=7.792968750000e-01 dbob=1.403740054852e-03 -1.624467631222e-03i divx=-3.101673865197e-03 +2.367469662344e-03i kapx=8.489669051729e-04 -3.715010155609e-04i jac=1.693229214255e+01
TRACE fcgl integrands=1.288995576329e-04 1.589687052017e-05
TRACE fcgl theta=7.812500000000e-01 dbob=1.436666163063e-03 -1.599588769911e-03i divx=-3.154106181226e-03 +2.314183819985e-03i kapx=8.587200090817e-04 -3.572975250369e-04i jac=1.693229214255e+01
TRACE fcgl integrands=1.295644818621e-04 1.589357470390e-05
TRACE fcgl theta=7.832031250000e-01 dbob=1.469020872404e-03 -1.573793410833e-03i divx=-3.205285625383e-03 +2.259417038842e-03i kapx=8.681323764892e-04 -3.428118140043e-04i jac=1.693229214255e+01
TRACE fcgl integrands=1.301993474934e-04 1.588572982278e-05
TRACE fcgl theta=7.851562500000e-01 dbob=1.500772791989e-03 -1.547096447998e-03i divx=-3.255158613047e-03 +2.203203042684e-03i kapx=8.771929105291e-04 -3.280532973433e-04i jac=1.693229214255e+01
TRACE fcgl integrands=1.308033219113e-04 1.587333026685e-05
TRACE fcgl theta=7.871093750000e-01 dbob=1.531890466460e-03 -1.519513988376e-03i divx=-3.303671784840e-03 +2.145577919638e-03i kapx=8.858906591901e-04 -3.130319656310e-04i jac=1.693229214255e+01
TRACE fcgl integrands=1.313755540393e-04 1.585636877056e-05
TRACE fcgl theta=7.890625000000e-01 dbob=1.562342399188e-03 -1.491063488511e-03i divx=-3.350772154862e-03 +2.086580360190e-03i kapx=8.942148778372e-04 -2.977584358395e-04i jac=1.693229214255e+01
TRACE fcgl integrands=1.319151841761e-04 1.583483691709e-05
TRACE fcgl theta=7.910156250000e-01 dbob=1.592097112386e-03 -1.461763887902e-03i divx=-3.396407322158e-03 +2.026251861976e-03i kapx=9.021551048862e-04 -2.822439870374e-04i jac=1.693229214255e+01
TRACE fcgl integrands=1.324213553477e-04 1.580872594033e-05
TRACE fcgl theta=7.929687500000e-01 dbob=1.621123243503e-03 -1.431635729006e-03i divx=-3.440525736749e-03 +1.964636884062e-03i kapx=9.097012466227e-04 -2.665005775280e-04i jac=1.693229214255e+01
TRACE fcgl integrands=1.328932255257e-04 1.577802776756e-05
TRACE fcgl theta=7.949218750000e-01 dbob=1.649389674714e-03 -1.400701254261e-03i divx=-3.483077007501e-03 +1.901782936275e-03i kapx=9.168436663931e-04 -2.505408410068e-04i jac=1.693229214255e+01
TRACE fcgl integrands=1.333299799938e-04 1.574273622848e-05
TRACE fcgl theta=7.968750000000e-01 dbob=1.676865689950e-03 -1.368984471639e-03i divx=-3.524012235819e-03 +1.837740592932e-03i kapx=9.235732729346e-04 -2.343780606465e-04i jac=1.693229214255e+01
TRACE fcgl integrands=1.337308431058e-04 1.570284834424e-05
TRACE fcgl theta=7.988281250000e-01 dbob=1.703521151909e-03 -1.336511182049e-03i divx=-3.563284356941e-03 +1.772563424912e-03i kapx=9.298816025161e-04 -2.180261214312e-04i jac=1.693229214255e+01
TRACE fcgl integrands=1.340950887003e-04 1.565836560263e-05
TRACE fcgl theta=8.007812500000e-01 dbob=1.729326689966e-03 -1.303308964126e-03i divx=-3.600848469629e-03 +1.706307849089e-03i kapx=9.357608898315e-04 -2.014994424814e-04i jac=1.693229214255e+01
TRACE fcgl integrands=1.344220484960e-04 1.560929512510e-05
TRACE fcgl theta=8.027343750000e-01 dbob=1.754253888975e-03 -1.269407114532e-03i divx=-3.636662135393e-03 +1.639032899368e-03i kapx=9.412041232088e-04 -1.848128924178e-04i jac=1.693229214255e+01
TRACE fcgl integrands=1.347111179007e-04 1.555565063611e-05
TRACE fcgl theta=8.046875000000e-01 dbob=1.778275468748e-03 -1.234836544658e-03i divx=-3.670685630043e-03 +1.570799928538e-03i kapx=9.462050806477e-04 -1.679816919402e-04i jac=1.693229214255e+01
TRACE fcgl integrands=1.349617588146e-04 1.549745315651e-05
TRACE fcgl theta=8.066406250000e-01 dbob=1.801365444439e-03 -1.199629637344e-03i divx=-3.702882133239e-03 +1.501672254634e-03i kapx=9.507583443996e-04 -1.510213086448e-04i jac=1.693229214255e+01
TRACE fcgl integrands=1.351734991842e-04 1.543473135892e-05
TRACE fcgl theta=8.085937500000e-01 dbob=1.823499259241e-03 -1.163820069807e-03i divx=-3.733217845628e-03 +1.431714769064e-03i kapx=9.548592931938e-04 -1.339473496285e-04i jac=1.693229214255e+01
TRACE fcgl integrands=1.353459292649e-04 1.536752154375e-05
TRACE fcgl theta=8.105468750000e-01 dbob=1.844653882536e-03 -1.127442611088e-03i divx=-3.761662027924e-03 +1.360993526234e-03i kapx=9.585040726939e-04 -1.167754575730e-04i jac=1.693229214255e+01
TRACE fcgl integrands=1.354786947572e-04 1.529586721840e-05
TRACE fcgl theta=8.125000000000e-01 dbob=1.864807868965e-03 -1.090532904050e-03i divx=-3.788186961429e-03 +1.289575335577e-03i kapx=9.616895462322e-04 -9.952121576316e-05i jac=1.693229214255e+01
TRACE fcgl integrands=1.355714871900e-04 1.521981828764e-05
TRACE fcgl theta=8.144531250000e-01 dbob=1.883941376427e-03 -1.053127242886e-03i divx=-3.812767834899e-03 +1.217527376649e-03i kapx=9.644132292358e-04 -8.220006688180e-05i jac=1.693229214255e+01
TRACE fcgl integrands=1.356240321128e-04 1.513942988898e-05
TRACE fcgl theta=8.164062500000e-01 dbob=1.902036143918e-03 -1.015262357432e-03i divx=-3.835382567732e-03 +1.144916856357e-03i kapx=9.666732119069e-04 -6.482724946269e-05i jac=1.693229214255e+01
TRACE fcgl integrands=1.356360758244e-04 1.505476093116e-05
TRACE fcgl theta=8.183593750000e-01 dbob=1.919075432816e-03 -9.769752150879e-04i divx=-3.856011583990e-03 +1.071810724398e-03i kapx=9.684680755872e-04 -4.741775465501e-05i jac=1.693229214255e+01
TRACE fcgl integrands=1.356073714914e-04 1.496587241535e-05
TRACE fcgl theta=8.203125000000e-01 dbob=1.935043937881e-03 -9.383028499437e-04i divx=-3.874637555377e-03 +9.982754589794e-04i kapx=9.697968087482e-04 -2.998630451786e-05i jac=1.693229214255e+01
TRACE fcgl integrands=1.355376655856e-04 1.487282563596e-05
TRACE fcgl theta=8.222656250000e-01 dbob=1.949927676397e-03 -8.992822268489e-04i divx=-3.891245133722e-03 +9.243769299107e-04i kapx=9.706587286625e-04 -1.254735153089e-05i jac=1.693229214255e+01
TRACE fcgl integrands=1.354266856005e-04 1.477568036969e-05
TRACE fcgl theta=8.242187500000e-01 dbob=1.963713865551e-03 -8.599501457620e-04i divx=-3.905820694586e-03 +8.501803407123e-04i kapx=9.710534145175e-04 +4.884902524832e-06i jac=1.693229214255e+01
TRACE fcgl integrands=1.352741299721e-04 1.467449316699e-05
TRACE fcgl theta=8.261718750000e-01 dbob=1.976390799126e-03 -8.203431889018e-04i divx=-3.918352113193e-03 +7.757502457313e-04i kapx=9.709806570335e-04 +2.229647158525e-05i jac=1.693229214255e+01
TRACE fcgl integrands=1.350796610453e-04 1.456931585923e-05
TRACE fcgl theta=8.281250000000e-01 dbob=1.987947734815e-03 -7.804977102288e-04i divx=-3.928828591996e-03 +7.011506328184e-04i kapx=9.704404285906e-04 +3.967353870522e-05i jac=1.693229214255e+01
TRACE fcgl integrands=1.348429017863e-04 1.446019438646e-05
TRACE fcgl theta=8.300781250000e-01 dbob=1.998374802893e-03 -7.404498637656e-04i divx=-3.937240555911e-03 +6.264450572734e-04i kapx=9.694328765091e-04 +5.700240324612e-05i jac=1.693229214255e+01
TRACE fcgl integrands=1.345634367572e-04 1.434716803659e-05
TRACE fcgl theta=8.320312500000e-01 dbob=2.007662945670e-03 -7.002356644576e-04i divx=-3.943579626795e-03 +5.516968088522e-04i kapx=9.679583405626e-04 +7.426942780270e-05i jac=1.693229214255e+01
TRACE fcgl integrands=1.342408176411e-04 1.423026916612e-05
TRACE fcgl theta=8.339843750000e-01 dbob=2.015803895122e-03 -6.598910728564e-04i divx=-3.947838683359e-03 +4.769690909334e-04i kapx=9.660173941189e-04 +9.146099096148e-05i jac=1.693229214255e+01
TRACE fcgl integrands=1.338745733622e-04 1.410952344724e-05
TRACE fcgl theta=8.359375000000e-01 dbob=2.022790193500e-03 -6.194520930569e-04i divx=-3.950012006752e-03 +4.023251896757e-04i kapx=9.636109066261e-04 +1.085634516906e-04i jac=1.693229214255e+01
TRACE fcgl integrands=1.334642245806e-04 1.398495065760e-05
TRACE fcgl theta=8.378906250000e-01 dbob=2.028615258721e-03 -5.789548721754e-04i divx=-3.950095505907e-03 +3.278286112804e-04i kapx=9.607401235931e-04 +1.255631304475e-04i jac=1.693229214255e+01
TRACE fcgl integrands=1.330093020836e-04 1.385656599807e-05
TRACE fcgl theta=8.398437500000e-01 dbob=2.033273493110e-03 -5.384357893032e-04i divx=-3.948087010852e-03 +2.535431673114e-04i kapx=9.574067588712e-04 +1.424463109959e-04i jac=1.693229214255e+01
TRACE fcgl integrands=1.325093683590e-04 1.372438189301e-05
TRACE fcgl theta=8.417968750000e-01 dbob=2.036760430853e-03 -4.979315223565e-04i divx=-3.943986616875e-03 +1.795329913371e-04i kapx=9.536130930107e-04 +1.591992655097e-04i jac=1.693229214255e+01
TRACE fcgl integrands=1.319640414224e-04 1.358841019831e-05
TRACE fcgl theta=8.437500000000e-01 dbob=2.039072916495e-03 -4.574790825521e-04i divx=-3.937797058168e-03 +1.058624747407e-04i kapx=9.493620708360e-04 +1.758083039057e-04i jac=1.693229214255e+01
TRACE fcgl integrands=1.313730198143e-04 1.344866471619e-05
TRACE fcgl theta=8.457031250000e-01 dbob=2.040209304223e-03 -4.171158082945e-04i divx=-3.929524086597e-03 +3.259611512943e-05i kapx=9.446573911874e-04 +1.922598465825e-04i jac=1.693229214255e+01
TRACE fcgl integrands=1.307361075732e-04 1.330516389516e-05
TRACE fcgl theta=8.476562500000e-01 dbob=2.040169665700e-03 -3.768793129447e-04i divx=-3.919176829808e-03 -4.020172301468e-05i kapx=9.395035820540e-04 +2.085405179797e-04i jac=1.693229214255e+01
TRACE fcgl integrands=1.300532379499e-04 1.315793357846e-05
TRACE fcgl theta=8.496093750000e-01 dbob=2.038955992986e-03 -3.368073840887e-04i divx=-3.906768103102e-03 -1.124671293484e-04i kapx=9.339060550581e-04 +2.246372567185e-04i jac=1.693229214255e+01
TRACE fcgl integrands=1.293244946564e-04 1.300700965715e-05
TRACE fcgl theta=8.515625000000e-01 dbob=2.036572382678e-03 -2.969378353262e-04i divx=-3.892314651482e-03 -1.841370380035e-04i kapx=9.278711344023e-04 +2.405374366648e-04i jac=1.693229214255e+01
TRACE fcgl integrands=1.285501295329e-04 1.285244048465e-05
TRACE fcgl theta=8.535156250000e-01 dbob=2.033025187974e-03 -2.573083150421e-04i divx=-3.875837301772e-03 -2.551496692786e-04i kapx=9.214060568991e-04 +2.562289921604e-04i jac=1.693229214255e+01
TRACE fcgl integrands=1.277305756801e-04 1.269428891837e-05
TRACE fcgl theta=8.554687500000e-01 dbob=2.028323126756e-03 -2.179560798688e-04i divx=-3.857361009695e-03 -3.254450001182e-04i kapx=9.145189414696e-04 +2.717005399935e-04i jac=1.693229214255e+01
TRACE fcgl integrands=1.268664553153e-04 1.253263387075e-05
TRACE fcgl theta=8.574218750000e-01 dbob=2.022477336036e-03 -1.789177433772e-04i divx=-3.836914792862e-03 -3.949652375571e-04i kapx=9.072187284130e-04 +2.869414904671e-04i jac=1.693229214255e+01
TRACE fcgl integrands=1.259585818708e-04 1.236757127572e-05
TRACE fcgl theta=8.593750000000e-01 dbob=2.015501366055e-03 -1.402290127490e-04i divx=-3.814531547437e-03 -4.636552676676e-04i kapx=8.995150906912e-04 +3.019421402083e-04i jac=1.693229214255e+01
TRACE fcgl integrands=1.250079561473e-04 1.219921440652e-05
TRACE fcgl theta=8.613281250000e-01 dbob=2.007411110778e-03 -1.019244276171e-04i divx=-3.790247753400e-03 -5.314630526607e-04i kapx=8.914183213109e-04 +3.166937401389e-04i jac=1.693229214255e+01
TRACE fcgl integrands=1.240157566329e-04 1.202769351449e-05
TRACE fcgl theta=8.632812500000e-01 dbob=1.998224675296e-03 -6.403711580361e-05i divx=-3.764103080303e-03 -5.983399506956e-04i kapx=8.829392025038e-04 +3.311885332496e-04i jac=1.693229214255e+01
TRACE fcgl integrands=1.229833244041e-04 1.185315479497e-05
TRACE fcgl theta=8.652343750000e-01 dbob=1.987962184488e-03 -2.659858027720e-05i divx=-3.736139911850e-03 -6.642409365806e-04i kapx=8.740888636811e-04 +3.454197584289e-04i jac=1.693229214255e+01
TRACE fcgl integrands=1.219121432998e-04 1.167575872299e-05
TRACE fcgl theta=8.671875000000e-01 dbob=1.976645540953e-03 +1.036146970641e-05i divx=-3.706402812944e-03 -7.291247066833e-04i kapx=8.648786359954e-04 +3.593816184885e-04i jac=1.693229214255e+01
TRACE fcgl integrands=1.208038163018e-04 1.149567783653e-05
TRACE fcgl theta=8.691406250000e-01 dbob=1.964298143482e-03 +4.681523255502e-05i divx=-3.674937966895e-03 -7.929536577321e-04i kapx=8.553199117064e-04 +3.730692125886e-04i jac=1.693229214255e+01
TRACE fcgl integrands=1.196600392407e-04 1.131309407579e-05
TRACE fcgl theta=8.710937500000e-01 dbob=1.950944579937e-03 +8.273686565076e-05i divx=-3.641792612711e-03 -8.556937363860e-04i kapx=8.454240163866e-04 +3.864784353676e-04i jac=1.693229214255e+01
TRACE fcgl integrands=1.184825730690e-04 1.112819581246e-05
TRACE fcgl theta=8.730468750000e-01 dbob=1.936610310222e-03 +1.181024698650e-04i divx=-3.607014512873e-03 -9.173141640286e-04i kapx=8.352021013257e-04 +3.996058470818e-04i jac=1.693229214255e+01
TRACE fcgl integrands=1.172732159957e-04 1.094117472083e-05
TRACE fcgl theta=8.750000000000e-01 dbob=1.921321355861e-03 +1.528900070554e-04i divx=-3.570651480513e-03 -9.777870487297e-04i kapx=8.246650623260e-04 +4.124485208372e-04i jac=1.693229214255e+01
TRACE fcgl integrands=1.160337767517e-04 1.075222265216e-05
TRACE fcgl theta=8.769531250000e-01 dbob=1.905104012573e-03 +1.870791543710e-04i divx=-3.532750991572e-03 -1.037086903218e-03i kapx=8.138234894994e-04 +4.250038744235e-04i jac=1.693229214255e+01
TRACE fcgl integrands=1.147660501577e-04 1.056152867397e-05
TRACE fcgl theta=8.789062500000e-01 dbob=1.887984600975e-03 +2.206511030911e-04i divx=-3.493359902525e-03 -1.095190093572e-03i kapx=8.026876507750e-04 +4.372694952405e-04i jac=1.693229214255e+01
TRACE fcgl integrands=1.134717960044e-04 1.036927642756e-05
TRACE fcgl theta=8.808593750000e-01 dbob=1.869989268459e-03 +2.535883132233e-04i divx=-3.452524287909e-03 -1.152074247765e-03i kapx=7.912675097248e-04 +4.492429672710e-04i jac=1.693229214255e+01
TRACE fcgl integrands=1.121527220314e-04 1.017564193894e-05
TRACE fcgl theta=8.828125000000e-01 dbob=1.851143852225e-03 +2.858742379499e-04i divx=-3.410289404533e-03 -1.207717655874e-03i kapx=7.795727761539e-04 +4.609217089620e-04i jac=1.693229214255e+01
TRACE fcgl integrands=1.108104715322e-04 9.980791993465e-06
TRACE fcgl theta=8.847656250000e-01 dbob=1.831473809799e-03 +3.174930340400e-04i divx=-3.366699781424e-03 -1.262098694492e-03i kapx=7.676129858123e-04 +4.723028302258e-04i jac=1.693229214255e+01
TRACE fcgl integrands=1.094466158166e-04 9.784883152101e-06
TRACE fcgl theta=8.867187500000e-01 dbob=1.811004219261e-03 +3.484292753969e-04i divx=-3.321799426708e-03 -1.315195306589e-03i kapx=7.553976037236e-04 +4.833830155961e-04i jac=1.693229214255e+01
TRACE fcgl integrands=1.080626514716e-04 9.588061451266e-06
TRACE fcgl theta=8.886718750000e-01 dbob=1.789759847090e-03 +3.786676868939e-04i divx=-3.275632135300e-03 -1.366984564781e-03i kapx=7.429361441051e-04 +4.941584389436e-04i jac=1.693229214255e+01
TRACE fcgl integrands=1.066600020672e-04 9.390462788743e-06
TRACE fcgl theta=8.906250000000e-01 dbob=1.767765277342e-03 +4.081929145540e-04i divx=-3.228241874916e-03 -1.417442340897e-03i kapx=7.302382987870e-04 +5.046247131716e-04i jac=1.693229214255e+01
TRACE fcgl integrands=1.052400236994e-04 9.192213959183e-06
TRACE fcgl theta=8.925781250000e-01 dbob=1.745045092036e-03 +4.369893459951e-04i divx=-3.179673223058e-03 -1.466543098190e-03i kapx=7.173140655109e-04 +5.147768760973e-04i jac=1.693229214255e+01
TRACE fcgl integrands=1.038040135408e-04 8.993434265285e-06
TRACE fcgl theta=8.945312500000e-01 dbob=1.721624089383e-03 +4.650409920252e-04i divx=-3.129971824438e-03 -1.514259814884e-03i kapx=7.041738675273e-04 +5.246094114293e-04i jac=1.693229214255e+01
TRACE fcgl integrands=1.023532204153e-04 8.794237597736e-06
TRACE fcgl theta=8.964843750000e-01 dbob=1.697527524137e-03 +4.923314364940e-04i divx=-3.079184837236e-03 -1.560564039529e-03i kapx=6.908286565495e-04 +5.341163015175e-04i jac=1.693229214255e+01
TRACE fcgl integrands=1.008888563126e-04 8.594734850049e-06
TRACE fcgl theta=8.984375000000e-01 dbob=1.672781352928e-03 +5.188438572442e-04i divx=-3.027361337524e-03 -1.605426070334e-03i kapx=6.772899922983e-04 +5.432911065449e-04i jac=1.693229214255e+01
TRACE fcgl integrands=9.941210773952e-05 8.395036515234e-06
TRACE fcgl theta=9.003906250000e-01 dbob=1.647412467185e-03 +5.445611165031e-04i divx=-2.974552654280e-03 -1.648815242844e-03i kapx=6.635700935474e-04 +5.521270631705e-04i jac=1.693229214255e+01
TRACE fcgl integrands=9.792414584875e-05 8.195255300981e-06
TRACE fcgl theta=9.023437500000e-01 dbob=1.621448897102e-03 +5.694659146260e-04i divx=-2.920812612338e-03 -1.690700303541e-03i kapx=6.496818576180e-04 +5.606171944576e-04i jac=1.693229214255e+01
TRACE fcgl integrands=9.642613440379e-05 7.995508599257e-06
TRACE fcgl theta=9.042968750000e-01 dbob=1.594919972064e-03 +5.935409970143e-04i divx=-2.866197667217e-03 -1.731049841623e-03i kapx=6.356388475764e-04 +5.687544223046e-04i jac=1.693229214255e+01
TRACE fcgl integrands=9.491923481172e-05 7.795920655106e-06
TRACE fcgl theta=9.062500000000e-01 dbob=1.567856425910e-03 +6.167694005776e-04i divx=-2.810766923453e-03 -1.769832747779e-03i kapx=6.214552487718e-04 +5.765316736007e-04i jac=1.693229214255e+01
TRACE fcgl integrands=9.340460768034e-05 7.596624297444e-06
TRACE fcgl theta=9.082031250000e-01 dbob=1.540290439125e-03 +6.391347235169e-04i divx=-2.754582036494e-03 -1.807018667447e-03i kapx=6.071457986845e-04 +5.839419719651e-04i jac=1.693229214255e+01
TRACE fcgl integrands=9.188341061511e-05 7.397762120757e-06
TRACE fcgl theta=9.101562500000e-01 dbob=1.512255614425e-03 +6.606214006578e-04i divx=-2.697707006728e-03 -1.842578416986e-03i kapx=5.927256961517e-04 +5.909785081643e-04i jac=1.693229214255e+01
TRACE fcgl integrands=9.035679224842e-05 7.199487039309e-06
TRACE fcgl theta=9.121093750000e-01 dbob=1.483786886749e-03 +6.812149661967e-04i divx=-2.640207882262e-03 -1.876484334351e-03i kapx=5.782104977566e-04 +5.976346840774e-04i jac=1.693229214255e+01
TRACE fcgl integrands=8.882588277419e-05 7.001962172836e-06
TRACE fcgl theta=9.140625000000e-01 dbob=1.454920373315e-03 +7.009022865644e-04i divx=-2.582152394077e-03 -1.908710541118e-03i kapx=5.636160103810e-04 +6.039041272767e-04i jac=1.693229214255e+01
TRACE fcgl integrands=8.729178152617e-05 6.805360062505e-06
TRACE fcgl theta=9.160156250000e-01 dbob=1.425693173651e-03 +7.196717481490e-04i divx=-2.523609552690e-03 -1.939233099702e-03i kapx=5.489581895199e-04 +6.097806757767e-04i jac=1.693229214255e+01
TRACE fcgl integrands=8.575554237313e-05 6.609861255782e-06
TRACE fcgl theta=9.179687500000e-01 dbob=1.396143133145e-03 +7.375133877292e-04i divx=-2.464649238918e-03 -1.968030057964e-03i kapx=5.342530528865e-04 +6.152583351172e-04i jac=1.693229214255e+01
TRACE fcgl integrands=8.421815789566e-05 6.415652336319e-06
TRACE fcgl theta=9.199218750000e-01 dbob=1.366308586496e-03 +7.544189574749e-04i divx=-2.405341822639e-03 -1.995081382498e-03i kapx=5.195166180715e-04 +6.203312125117e-04i jac=1.693229214255e+01
TRACE fcgl integrands=8.268054344413e-05 6.222923507865e-06
TRACE fcgl theta=9.218750000000e-01 dbob=1.336228099057e-03 +7.703819210306e-04i divx=-2.345757842228e-03 -2.020368791275e-03i kapx=5.047648715852e-04 +6.249934351224e-04i jac=1.693229214255e+01
TRACE fcgl integrands=8.114352224953e-05 6.031865867309e-06
TRACE fcgl theta=9.238281250000e-01 dbob=1.305940224603e-03 +7.853973822031e-04i divx=-2.285967773768e-03 -2.043875505146e-03i kapx=4.900137745827e-04 +6.292390614715e-04i jac=1.693229214255e+01
TRACE fcgl integrands=7.960781276157e-05 5.842668519852e-06
TRACE fcgl theta=9.257812500000e-01 dbob=1.275483297165e-03 +7.994619528216e-04i divx=-2.226041913261e-03 -2.065585945600e-03i kapx=4.752793080479e-04 +6.330619963890e-04i jac=1.693229214255e+01
TRACE fcgl integrands=7.807401932246e-05 5.655515697736e-06
TRACE fcgl theta=9.277343750000e-01 dbob=1.244895272497e-03 +8.125735710751e-04i divx=-2.166050387204e-03 -2.085485412352e-03i kapx=4.605775573532e-04 +6.364559206383e-04i jac=1.693229214255e+01
TRACE fcgl integrands=7.654262715139e-05 5.470584042369e-06
TRACE fcgl theta=9.296875000000e-01 dbob=1.214213631441e-03 +8.247312857431e-04i divx=-2.106063297608e-03 -2.103559778452e-03i kapx=4.459248330835e-04 +6.394142463545e-04i jac=1.693229214255e+01
TRACE fcgl integrands=7.501400242149e-05 5.288040198312e-06
TRACE fcgl theta=9.316406250000e-01 dbob=1.183475353174e-03 +8.359350249285e-04i divx=-2.046150997186e-03 -2.119795242242e-03i kapx=4.313378220058e-04 +6.419301086566e-04i jac=1.693229214255e+01
TRACE fcgl integrands=7.348839796592e-05 5.108038846936e-06
TRACE fcgl theta=9.335937500000e-01 dbob=1.152716961327e-03 +8.461853699318e-04i divx=-1.986384479898e-03 -2.134178174441e-03i kapx=4.168337592857e-04 +6.439964022544e-04i jac=1.693229214255e+01
TRACE fcgl integrands=7.196596486653e-05 4.930721279154e-06
TRACE fcgl theta=9.355468750000e-01 dbob=1.121974640454e-03 +8.554833556044e-04i divx=-1.926835861803e-03 -2.146695094893e-03i kapx=4.024306106745e-04 +6.456058696446e-04i jac=1.693229214255e+01
TRACE fcgl integrands=7.044676986994e-05 4.756214572104e-06
TRACE fcgl theta=9.375000000000e-01 dbob=1.091284414839e-03 +8.638303177902e-04i divx=-1.867578918040e-03 -2.157332807134e-03i kapx=3.881472516007e-04 +6.467512446719e-04i jac=1.693229214255e+01
TRACE fcgl integrands=6.893081825854e-05 4.584631396327e-06
TRACE fcgl theta=9.394531250000e-01 dbob=1.060682376302e-03 +8.712278063070e-04i divx=-1.808689634356e-03 -2.166078710267e-03i kapx=3.740036290274e-04 +6.474254519802e-04i jac=1.693229214255e+01
TRACE fcgl integrands=6.741808149325e-05 4.416070440305e-06
TRACE fcgl theta=9.414062500000e-01 dbob=1.030204943021e-03 +8.776775784127e-04i divx=-1.750246726395e-03 -2.172921297175e-03i kapx=3.600208916868e-04 +6.476218593811e-04i jac=1.693229214255e+01
TRACE fcgl integrands=6.590852865765e-05 4.250617400698e-06
TRACE fcgl theta=9.433593750000e-01 dbob=9.998891276905e-04 +8.831816830350e-04i divx=-1.692332077553e-03 -2.177850836270e-03i kapx=3.462214749311e-04 +6.473345766174e-04i jac=1.693229214255e+01
TRACE fcgl integrands=6.440216048407e-05 4.088346451710e-06
TRACE fcgl theta=9.453125000000e-01 dbob=9.697727908274e-04 +8.877426404466e-04i divx=-1.635031046708e-03 -2.180860221706e-03i kapx=3.326291279401e-04 +6.465587906298e-04i jac=1.693229214255e+01
TRACE fcgl integrands=6.289904454478e-05 3.929322078009e-06
TRACE fcgl theta=9.472656250000e-01 dbob=9.398948540294e-04 +8.913637158838e-04i divx=-1.578432600736e-03 -2.181945964761e-03i kapx=3.192688733535e-04 +6.452911244387e-04i jac=1.693229214255e+01
TRACE fcgl integrands=6.139935005724e-05 3.773601134227e-06
TRACE fcgl theta=9.492187500000e-01 dbob=9.102954484751e-04 +8.940492791846e-04i divx=-1.522629233365e-03 -2.181109287878e-03i kapx=3.061668924450e-04 +6.435300043468e-04i jac=1.693229214255e+01
TRACE fcgl integrands=5.990338068984e-05 3.621234981638e-06
TRACE fcgl theta=9.511718750000e-01 dbob=8.810159760976e-04 +8.958052362523e-04i divx=-1.467716641240e-03 -2.178357273263e-03i kapx=2.933503325712e-04 +6.412760185053e-04i jac=1.693229214255e+01
TRACE fcgl integrands=5.841160376833e-05 3.472271549810e-06
TRACE fcgl theta=9.531250000000e-01 dbob=8.520990645015e-04 +8.966395124445e-04i divx=-1.413793139762e-03 -2.173704010647e-03i kapx=2.808470376303e-04 +6.385322491013e-04i jac=1.693229214255e+01
TRACE fcgl integrands=5.692467437587e-05 3.326757177930e-06
TRACE fcgl theta=9.550781250000e-01 dbob=8.235884017247e-04 +8.965625631834e-04i divx=-1.360958814571e-03 -2.167171684383e-03i kapx=2.686852064230e-04 +6.353045605999e-04i jac=1.693229214255e+01
TRACE fcgl integrands=5.544345300823e-05 3.184738106507e-06
TRACE fcgl theta=9.570312500000e-01 dbob=7.955284430911e-04 +8.955878835472e-04i divx=-1.309314418890e-03 -2.158791538807e-03i kapx=2.568929878994e-04 +6.316018276300e-04i jac=1.693229214255e+01
TRACE fcgl integrands=5.396901568519e-05 3.046261514114e-06
TRACE fcgl theta=9.589843750000e-01 dbob=7.679639893600e-04 +8.937324865540e-04i divx=-1.258960041474e-03 -2.148604662986e-03i kapx=2.454980260569e-04 +6.274360882160e-04i jac=1.693229214255e+01
TRACE fcgl integrands=5.250265571998e-05 2.911376024099e-06
TRACE fcgl theta=9.609375000000e-01 dbob=7.409396427478e-04 +8.910173195016e-04i divx=-1.209993583744e-03 -2.136662541565e-03i kapx=2.345269704980e-04 +6.228226110318e-04i jac=1.693229214255e+01
TRACE fcgl integrands=5.104587669841e-05 2.780131640798e-06
TRACE fcgl theta=9.628906250000e-01 dbob=7.144991547752e-04 +8.874675891318e-04i divx=-1.162509097118e-03 -2.123027327245e-03i kapx=2.240049711714e-04 +6.177798690567e-04i jac=1.693229214255e+01
TRACE fcgl integrands=4.960037660248e-05 2.652579111434e-06
TRACE fcgl theta=9.648437500000e-01 dbob=6.886846868457e-04 +8.831129695447e-04i divx=-1.116595041718e-03 -2.107771802044e-03i kapx=2.139551774363e-04 +6.123294162497e-04i jac=1.693229214255e+01
TRACE fcgl integrands=4.816802341282e-05 2.528768746377e-06
TRACE fcgl theta=9.667968750000e-01 dbob=6.635360105676e-04 +8.779876715588e-04i divx=-1.072332534951e-03 -2.090979008397e-03i kapx=2.043982621915e-04 +6.064956684189e-04i jac=1.693229214255e+01
TRACE fcgl integrands=4.675082292137e-05 2.408748764512e-06
TRACE fcgl theta=9.687500000000e-01 dbob=6.390896797166e-04 +8.721303583811e-04i divx=-1.029793662409e-03 -2.072741546559e-03i kapx=1.953519913462e-04 +6.003055940890e-04i jac=1.693229214255e+01
TRACE fcgl integrands=4.535087986029e-05 2.292563260182e-06
TRACE fcgl theta=9.707031250000e-01 dbob=6.153782090874e-04 +8.655838997024e-04i divx=-9.890399238280e-04 -2.053160550937e-03i kapx=1.868308573703e-04 +5.937883256175e-04i jac=1.693229214255e+01
TRACE fcgl integrands=4.397035378654e-05 2.180249911858e-06
TRACE fcgl theta=9.726562500000e-01 dbob=5.924292970554e-04 +8.583949642905e-04i divx=-9.501208832900e-04 -2.032344373946e-03i kapx=1.788457931173e-04 +5.869747048279e-04i jac=1.693229214255e+01
TRACE fcgl integrands=4.261141143631e-05 2.071837569155e-06
TRACE fcgl theta=9.746093750000e-01 dbob=5.702651283346e-04 +8.506134593810e-04i divx=-9.130730856822e-04 -2.010407020941e-03i kapx=1.714039786738e-04 +5.798967807802e-04i jac=1.693229214255e+01
TRACE fcgl integrands=4.127617746269e-05 1.967343863303e-06
TRACE fcgl theta=9.765625000000e-01 dbob=5.489017911356e-04 +8.422918332170e-04i divx=-8.779192908155e-04 -1.987466392823e-03i kapx=1.645087498399e-04 +5.725872798030e-04i jac=1.693229214255e+01
TRACE fcgl integrands=3.996668558226e-05 1.866772986385e-06
TRACE fcgl theta=9.785156250000e-01 dbob=5.283488387816e-04 +8.334842645028e-04i divx=-8.446680631535e-04 -1.963642403309e-03i kapx=1.581596121859e-04 +5.650790694033e-04i jac=1.693229214255e+01
TRACE fcgl integrands=3.868483217274e-05 1.770113776845e-06
TRACE fcgl theta=9.804687500000e-01 dbob=5.086090200093e-04 +8.242457688918e-04i divx=-8.133137394533e-04 -1.939055045018e-03i kapx=1.523523597220e-04 +5.574046380632e-04i jac=1.693229214255e+01
TRACE fcgl integrands=3.743233427987e-05 1.677338233536e-06
TRACE fcgl theta=9.824218750000e-01 dbob=4.896781949591e-04 +8.146312575529e-04i divx=-7.838367795830e-04 -1.913822481933e-03i kapx=1.470792923120e-04 +5.495956121899e-04i jac=1.693229214255e+01
TRACE fcgl integrands=3.621069380955e-05 1.588400558907e-06
TRACE fcgl theta=9.843750000000e-01 dbob=4.715454455952e-04 +8.046945860515e-04i divx=-7.562044882649e-04 -1.888059245316e-03i kapx=1.423295213348e-04 +5.416823296323e-04i jac=1.693229214255e+01
TRACE fcgl integrands=3.502116940642e-05 1.503236805179e-06
TRACE fcgl theta=9.863281250000e-01 dbob=4.541933804403e-04 +7.944876330423e-04i divx=-7.303720784268e-04 -1.861874605666e-03i kapx=1.380893489932e-04 +5.336934863117e-04i jac=1.693229214255e+01
TRACE fcgl integrands=3.386475716523e-05 1.421765166939e-06
TRACE fcgl theta=9.882812500000e-01 dbob=4.375986245135e-04 +7.840594474979e-04i divx=-7.062840311539e-04 -1.835371185045e-03i kapx=1.343427033202e-04 +5.256558687735e-04i jac=1.693229214255e+01
TRACE fcgl integrands=3.274218090220e-05 1.343886931211e-06
TRACE fcgl theta=9.902343750000e-01 dbob=4.217324767138e-04 +7.734555004080e-04i divx=-6.838756937598e-04 -1.808643862545e-03i kapx=1.310716085230e-04 +5.175941810684e-04i jac=1.693229214255e+01
TRACE fcgl integrands=3.165389225215e-05 1.269488063303e-06
TRACE fcgl theta=9.921875000000e-01 dbob=4.065617090617e-04 +7.627170722079e-04i divx=-6.630750469863e-04 -1.781779011263e-03i kapx=1.282566689623e-04 +5.095309695275e-04i jac=1.693229214255e+01
TRACE fcgl integrands=3.060008037676e-05 1.198441375316e-06
TRACE fcgl theta=9.941406250000e-01 dbob=3.920494756180e-04 +7.518808008610e-04i divx=-6.438045653595e-04 -1.754854088850e-03i kapx=1.258775448708e-04 +5.014866439944e-04i jac=1.693229214255e+01
TRACE fcgl integrands=2.958069059613e-05 1.130609195552e-06
TRACE fcgl theta=9.960937500000e-01 dbob=3.781562939096e-04 +7.409784078659e-04i divx=-6.259830916571e-04 -1.727937586217e-03i kapx=1.239133988737e-04 +4.934795891755e-04i jac=1.693229214255e+01
TRACE fcgl integrands=2.859545081686e-05 1.065846432652e-06
TRACE fcgl theta=9.980468750000e-01 dbob=3.648410585718e-04 +7.300366108807e-04i divx=-6.095276474443e-04 -1.701089321356e-03i kapx=1.223432944363e-04 +4.855263552374e-04i jac=1.693229214255e+01
TRACE fcgl integrands=2.764390424979e-05 1.004003909177e-06
TRACE fcgl theta=1.000000000000e+00 dbob=3.520620458389e-04 +7.190772226207e-04i divx=-5.943551066483e-04 -1.674361048373e-03i kapx=1.211465304047e-04 +4.776419128760e-04i jac=1.693229214255e+01
TRACE fcgl integrands=2.672544661183e-05 9.449318265006e-07
TRACE fcgl integral_1=4.895376948857e-05 integral_2=4.806177328919e-06
TRACE fcgl result=0.000000000000e+00 +9.164391651536e-01i
TRACE tpsi end method=fcgl psi=4.996307469131832e-01 tpsi=0.000000000000e+00 +9.164391651536e-01i
TRACE_PROBE method=fcgl psi=4.996307469131832e-01 ell=0 tpsi=0.000000000000e+00 +9.164391651536e-01i
