Equilibrium file: src/Pentrc/tmp/runtime_fcgl_case/g147131.02300_DIIID_KEFIT
--> Processing EFIT g-file: src/Pentrc/tmp/runtime_fcgl_case/g147131.02300_DIIID_KEFIT
--> Parsed from header: nw=129, nh=129
   Magnetic axis found at R = 1.75888, Z = 0.02442
   Inboard separatrix found at R = 1.0872289007986813.
   Outboard separatrix found at R = 2.292018620764088.
TRACE tpsi start method=fcgl psi=9.509708304040861e-01 n=1 l=0 electron=F
TRACE eq q=4.236252696861e+00 epsr=NA bmin=1.325926829780e+00 bmax=2.655204483091e+00
TRACE eq theta_bmin=9.984784768589e-01 theta_bmax=4.430639738666e-01
TRACE eq wdian=2.732501424049e+04 wdiat=3.492686695296e+04 welec=-1.855844328619e+04 wtran=3.434066932390e+04 wgyro=8.269579661463e+07 nuk=2.499978012978e+03
TRACE dbob_m_f= [1]=-3.532002033395e-06 -6.210119355354e-06i [2]=7.015540015484e-06 -5.817503671658e-06i [3]=-5.461350045476e-07 +1.107112037644e-05i [4]=-6.459047415647e-06 +4.336787956213e-07i [5]=6.668664965831e-06 +2.585131406981e-05i [6]=-1.622349746490e-05 +1.005327933809e-05i [7]=3.933941121853e-05 +2.729525764849e-05i [8]=-3.714057272226e-05 +6.203432797813e-05i [9]=3.009197038675e-05 -4.499913553814e-05i [10]=1.668016139927e-05 +1.049678985588e-04i [11]=-1.488422856768e-05 -1.800895634795e-04i [12]=1.698706560126e-04 +1.170291928739e-04i [13]=-2.611789545466e-04 -1.308098595758e-05i [14]=4.680251242682e-04 -3.782293519831e-04i [15]=-5.529806455387e-04 +1.072457094987e-05i [16]=8.179283780663e-04 -5.496867192073e-04i [17]=1.988672003630e-04 +1.872515070852e-03i [18]=-3.399162647334e-04 +1.642825316900e-03i [19]=-6.389775142413e-04 -6.797976324856e-04i [20]=5.893980158118e-04 -1.439765073697e-04i [21]=-4.439299990128e-04 -1.509894868136e-04i [22]=2.738529485480e-04 -1.442473325839e-04i [23]=-1.284458374276e-04 +8.803327924964e-05i [24]=5.546596973789e-05 -1.243165312195e-04i [25]=-2.001457624594e-05 +4.740141409700e-05i [26]=-2.302953206725e-05 -7.154034381242e-05i [27]=2.557044381929e-05 +6.942552838234e-06i [28]=-2.965228585865e-05 -1.046053407809e-05i [29]=-1.627071014493e-08 -2.538294849399e-05i [30]=-8.425245073118e-06 -8.459256421269e-06i [31]=-1.538146094596e-06 -2.015027534467e-05i [32]=4.572206376082e-06 -4.747242715771e-06i [33]=-5.814351547733e-06 -5.779924744276e-06i [34]=7.256989131892e-07 -7.916817506422e-06i
TRACE divx_m_f= [1]=3.480084270365e-06 +8.634715687766e-06i [2]=-1.494013806707e-05 +7.703153586757e-07i [3]=-2.732261617079e-06 -2.948666784973e-05i [4]=4.857198092606e-06 -2.151086694777e-05i [5]=-1.076375241703e-05 -6.441573129150e-05i [6]=1.413739146056e-05 -4.312780072548e-05i [7]=-5.967859444812e-05 -8.962537210793e-05i [8]=6.508180369952e-05 -1.281407891170e-04i [9]=-3.749268073827e-05 +1.598350161086e-05i [10]=2.199454262821e-06 -1.892369963090e-04i [11]=3.410601450849e-05 +2.422500871149e-04i [12]=-2.313217285234e-04 -2.437002850983e-04i [13]=4.359568218055e-04 -8.664235193313e-05i [14]=-7.221833609236e-04 +4.643423431679e-04i [15]=6.750013899341e-04 -4.699877079509e-04i [16]=-1.569162092889e-03 +3.941428554656e-06i [17]=1.336209456639e-05 -3.199766892694e-03i [18]=5.663441247890e-04 -1.952784916599e-03i [19]=8.899014473110e-04 +1.381338115474e-03i [20]=-8.490517089772e-04 +2.788026019766e-04i [21]=7.669997587879e-04 +3.023752774175e-04i [22]=-3.987858482533e-04 +2.324744328401e-04i [23]=2.114676886272e-04 -1.234584329727e-04i [24]=-6.292844921404e-05 +1.927035142510e-04i [25]=4.862300692152e-05 -3.644200165649e-05i [26]=4.264779412328e-05 +1.359453177253e-04i [27]=-3.095136166636e-05 +1.782143714756e-05i [28]=4.858265944223e-05 +3.676558172710e-05i [29]=8.345903013089e-06 +5.854129160968e-05i [30]=1.584891189382e-05 +3.029658241271e-05i [31]=2.436842771956e-06 +4.071111918486e-05i [32]=-7.796238924906e-06 +1.202281584122e-05i [33]=9.393889591807e-06 +9.666792600120e-06i [34]=-2.537732222471e-07 +1.271653804576e-05i
TRACE fcgl theta=0.000000000000e+00 dbob=1.713672835961e-04 +1.451300061744e-03i divx=-1.392677100082e-04 -3.200223003505e-03i kapx=-1.604978679396e-05 +8.744614708804e-04i jac=3.269996507547e+01
TRACE fcgl integrands=1.677642730667e-04 6.014634038488e-06
TRACE fcgl theta=1.953125000000e-03 dbob=1.320375545102e-04 +1.432628210504e-03i divx=-1.453655095727e-04 -3.150556062913e-03i kapx=6.663977531241e-06 +8.589639262041e-04i jac=3.269996507547e+01
TRACE fcgl integrands=1.626354776143e-04 5.637625132741e-06
TRACE fcgl theta=3.906250000000e-03 dbob=9.404217200608e-05 +1.417014598734e-03i divx=-1.552568300666e-04 -3.112869735534e-03i kapx=3.060732903024e-05 +8.479275684001e-04i jac=3.269996507547e+01
TRACE fcgl integrands=1.588247550853e-04 5.360898122361e-06
TRACE fcgl theta=5.859375000000e-03 dbob=5.610877415977e-05 +1.404457597869e-03i divx=-1.654810867165e-04 -3.087353270762e-03i kapx=5.468615627834e-05 +8.414478364469e-04i jac=3.269996507547e+01
TRACE fcgl integrands=1.562916773856e-04 5.182650414896e-06
TRACE fcgl theta=7.812500000000e-03 dbob=1.700790156311e-05 +1.394706033027e-03i divx=-1.726608749141e-04 -3.073604447376e-03i kapx=7.782648667551e-05 +8.394492071747e-04i jac=3.269996507547e+01
TRACE fcgl integrands=1.549464313660e-04 5.101342403854e-06
TRACE fcgl theta=9.765625000000e-03 dbob=-2.439813741470e-05 +1.387274760411e-03i divx=-1.736169557899e-04 -3.070660087567e-03i kapx=9.900754660229e-05 +8.416926635780e-04i jac=3.269996507547e+01
TRACE fcgl integrands=1.546560580315e-04 5.115726207510e-06
TRACE fcgl theta=1.171875000000e-02 dbob=-6.911097037829e-05 +1.381469826523e-03i divx=-1.654736540067e-04 -3.077048132459e-03i kapx=1.172923121925e-04 +8.477891529680e-04i jac=3.269996507547e+01
TRACE fcgl integrands=1.552530043784e-04 5.224820776791e-06
TRACE fcgl theta=1.367187500000e-02 dbob=-1.179583241700e-04 +1.376421938185e-03i divx=-1.457504540301e-04 -3.090858683162e-03i kapx=1.318543891001e-04 +8.572183724882e-04i jac=3.269996507547e+01
TRACE fcgl integrands=1.565453700189e-04 5.427846509419e-06
TRACE fcgl theta=1.562500000000e-02 dbob=-1.715642015031e-04 +1.371126596061e-03i divx=-1.124362664401e-04 -3.109830592862e-03i kapx=1.420002339716e-04 +8.693519984008e-04i jac=3.269996507547e+01
TRACE fcgl integrands=1.583281334665e-04 5.724135459994e-06
TRACE fcgl theta=1.757812500000e-02 dbob=-2.303282149626e-04 +1.364488956020e-03i divx=-6.404367912612e-05 -3.131449551938e-03i kapx=1.471859470444e-04 +8.834802979591e-04i jac=3.269996507547e+01
TRACE fcgl integrands=1.603946021817e-04 6.113034012500e-06
TRACE fcgl theta=1.953125000000e-02 dbob=-2.944147617335e-04 +1.355371296227e-03i divx=3.585345969395e-07 -3.153053169348e-03i kapx=1.470281135683e-04 +8.988409365605e-04i jac=3.269996507547e+01
TRACE fcgl integrands=1.625473476172e-04 6.593813584349e-06
TRACE fcgl theta=2.148437500000e-02 dbob=-3.637522359121e-04 +1.342640891447e-03i divx=8.113535718039e-05 -3.171938338459e-03i kapx=1.413084393659e-04 +9.146487235058e-04i jac=3.269996507547e+01
TRACE fcgl integrands=1.646079580198e-04 7.165601904966e-06
TRACE fcgl theta=2.343750000000e-02 dbob=-4.380419888409e-04 +1.325216131942e-03i divx=1.780975893339e-04 -3.185466190965e-03i kapx=1.299721997535e-04 +9.301250295117e-04i jac=3.269996507547e+01
TRACE fcgl integrands=1.664250596966e-04 7.827343186972e-06
TRACE fcgl theta=2.539062500000e-02 dbob=-5.167762871627e-04 +1.302108868498e-03i divx=2.905347109687e-04 -3.191160183662e-03i kapx=1.131207880970e-04 +9.445256575823e-04i jac=3.269996507547e+01
TRACE fcgl integrands=1.678802102837e-04 8.577790716406e-06
TRACE fcgl theta=2.734375000000e-02 dbob=-5.992641069681e-04 +1.272461207932e-03i divx=4.172663112808e-04 -3.186793312937e-03i kapx=9.099889784362e-05 +9.571660525028e-04i jac=3.269996507547e+01
TRACE fcgl integrands=1.688914412994e-04 9.415530675310e-06
TRACE fcgl theta=2.929687500000e-02 dbob=-6.846632611746e-04 +1.235575309842e-03i divx=5.567090841069e-04 -3.170461083731e-03i kapx=6.397708853383e-05 +9.674428869447e-04i jac=3.269996507547e+01
TRACE fcgl integrands=1.694144068356e-04 1.033903194763e-05
TRACE fcgl theta=3.125000000000e-02 dbob=-7.720171025743e-04 +1.190935126344e-03i divx=7.069557778363e-04 -3.140637637392e-03i kapx=3.253066236903e-05 +9.748512555239e-04i jac=3.269996507547e+01
TRACE fcgl integrands=1.694412658257e-04 1.134671367710e-05
TRACE fcgl theta=3.320312500000e-02 dbob=-8.602938882155e-04 +1.138219459726e-03i divx=8.658620763718e-04 -3.096213323353e-03i kapx=-2.784094078148e-06 +9.789969318135e-04i jac=3.269996507547e+01
TRACE fcgl integrands=1.689975736974e-04 1.243702068503e-05
TRACE fcgl theta=3.515625000000e-02 dbob=-9.484268377509e-04 +1.077306164216e-03i divx=1.031137184509e-03 -3.036512935605e-03i kapx=-4.135517337883e-05 +9.796033856945e-04i jac=3.269996507547e+01
TRACE fcgl integrands=1.681375747915e-04 1.360849655456e-05
TRACE fcgl theta=3.710937500000e-02 dbob=-1.035352969067e-03 +1.008267762943e-03i divx=1.200433901940e-03 -2.961294777450e-03i kapx=-8.254046643624e-05 +9.765135072534e-04i jac=3.269996507547e+01
TRACE fcgl integrands=1.669383626041e-04 1.485984509531e-05
TRACE fcgl theta=3.906250000000e-02 dbob=-1.120048943195e-03 +9.313591659684e-04i divx=1.371434187874e-03 -2.870731618817e-03i kapx=-1.256926223395e-04 +9.696862264241e-04i jac=3.269996507547e+01
TRACE fcgl integrands=1.654934075069e-04 1.618997272059e-05
TRACE fcgl theta=4.101562500000e-02 dbob=-1.201562386215e-03 +8.469985386905e-04i divx=1.541926625244e-03 -2.765375424758e-03i kapx=-1.701821195149e-04 +9.591884430335e-04i jac=3.269996507547e+01
TRACE fcgl integrands=1.639059418986e-04 1.759800661181e-05
TRACE fcgl theta=4.296875000000e-02 dbob=-1.279037463110e-03 +7.557426640259e-04i divx=1.709872762497e-03 -2.646108422766e-03i kapx=-2.154176496931e-04 +9.451828793698e-04i jac=3.269996507547e+01
TRACE fcgl integrands=1.622826451878e-04 1.908328600736e-05
TRACE fcgl theta=4.492187500000e-02 dbob=-1.351733838273e-03 +6.582583529106e-04i divx=1.873460007057e-03 -2.514083609071e-03i kapx=-2.608630843921e-04 +9.279126280803e-04i jac=3.269996507547e+01
TRACE fcgl integrands=1.607279930779e-04 2.064532617725e-05
TRACE fcgl theta=4.687500000000e-02 dbob=-1.419038548130e-03 +5.552915772509e-04i divx=2.031139527099e-03 -2.370658148209e-03i kapx=-3.060504894845e-04 +9.076832854790e-04i jac=3.269996507547e+01
TRACE fcgl integrands=1.593395369101e-04 2.228375637290e-05
TRACE fcgl theta=4.882812500000e-02 dbob=-1.480470710727e-03 +4.476360242404e-04i divx=2.181648443301e-03 -2.217323284186e-03i kapx=-3.505888662871e-04 +8.848436299730e-04i jac=3.269996507547e+01
TRACE fcgl integrands=1.582042700281e-04 2.399823415117e-05
TRACE fcgl theta=5.078125000000e-02 dbob=-1.535679382607e-03 +3.361027031075e-04i divx=2.324016415134e-03 -2.055634354371e-03i kapx=-3.941685162637e-04 +8.597658256318e-04i jac=3.269996507547e+01
TRACE fcgl integrands=1.573961299571e-04 2.578833898258e-05
TRACE fcgl theta=5.273437500000e-02 dbob=-1.584435224248e-03 +2.214920821692e-04i divx=2.457557503781e-03 -1.887144287838e-03i kapx=-4.365611397668e-04 +8.328261028344e-04i jac=3.269996507547e+01
TRACE fcgl integrands=1.569745873633e-04 2.765344811315e-05
TRACE fcgl theta=5.468750000000e-02 dbob=-1.626616933329e-03 +1.045700074225e-04i divx=2.581848886951e-03 -1.713343597006e-03i kapx=-4.776159768110e-04 +8.043867947918e-04i jac=3.269996507547e+01
TRACE fcgl integrands=1.569841931243e-04 2.959259749454e-05
TRACE fcgl theta=5.664062500000e-02 dbob=-1.662193635667e-03 -1.395163054544e-05i divx=2.696698576545e-03 -1.535609361668e-03i kapx=-5.172524704388e-04 +7.747804961068e-04i jac=3.269996507547e+01
TRACE fcgl integrands=1.574548987871e-04 3.160433050061e-05
TRACE fcgl theta=5.859375000000e-02 dbob=-1.691204576444e-03 -1.334288384057e-04i divx=2.802104722865e-03 -1.355165091131e-03i kapx=-5.554500732106e-04 +7.442969647684e-04i jac=3.269996507547e+01
TRACE fcgl integrands=1.584029358107e-04 3.368653736355e-05
TRACE fcgl theta=6.054687500000e-02 dbob=-1.713737523944e-03 -2.532937710424e-04i divx=2.898209362204e-03 -1.173052670647e-03i kapx=-5.922359191298e-04 +7.131732208449e-04i jac=3.269996507547e+01
TRACE fcgl integrands=1.598320350255e-04 3.583628896553e-05
TRACE fcgl theta=6.250000000000e-02 dbob=-1.729907283858e-03 -3.730573342359e-04i divx=2.985249570887e-03 -9.901168922347e-04i kapx=-6.276711435145e-04 +6.815871132353e-04i jac=3.269996507547e+01
TRACE fcgl integrands=1.617347868960e-04 3.804966987327e-05
TRACE fcgl theta=6.445312500000e-02 dbob=-1.739835628739e-03 -4.923065034040e-04i divx=3.063508930522e-03 -8.070023767775e-04i kapx=-6.618366508913e-04 +6.496544400907e-04i jac=3.269996507547e+01
TRACE fcgl integrands=1.640939805302e-04 4.032161722611e-05
TRACE fcgl theta=6.640625000000e-02 dbob=-1.743633783203e-03 -6.106970062038e-04i divx=3.133271997451e-03 -6.241620510584e-04i kapx=-6.948191071238e-04 +6.174295286311e-04i jac=3.269996507547e+01
TRACE fcgl integrands=1.668838086656e-04 4.264577407186e-05
TRACE fcgl theta=6.835937500000e-02 dbob=-1.741388383462e-03 -7.279422472891e-04i divx=3.194784123572e-03 -4.418757827103e-04i kapx=-7.266978700548e-04 +5.849090149997e-04i jac=3.269996507547e+01
TRACE fcgl integrands=1.700708801477e-04 4.501436766782e-05
TRACE fcgl theta=7.031250000000e-02 dbob=-1.733151565467e-03 -8.437995199620e-04i divx=3.248218521741e-03 -2.602773246556e-04i kapx=-7.575334781370e-04 +5.520384223088e-04i jac=3.269996507547e+01
TRACE fcgl integrands=1.736150339332e-04 4.741812474528e-05
TRACE fcgl theta=7.226562500000e-02 dbob=-1.718935546481e-03 -9.580546449839e-04i divx=3.293651937636e-03 -7.938739764488e-05i kapx=-7.873581955774e-04 +5.187210213144e-04i jac=3.269996507547e+01
TRACE fcgl integrands=1.774699934858e-04 4.984623638661e-05
TRACE fcgl theta=7.421875000000e-02 dbob=-1.698711768771e-03 -1.070506199047e-03i divx=3.331049715152e-03 +1.008494438234e-04i kapx=-8.161689731908e-04 +4.848283776118e-04i jac=3.269996507547e+01
TRACE fcgl integrands=1.815839330905e-04 5.228638465967e-05
TRACE fcgl theta=7.617187500000e-02 dbob=-1.672414389000e-03 -1.180950446420e-03i divx=3.360260458705e-03 +2.805265579644e-04i kapx=-8.439230348526e-04 +4.502119442278e-04i jac=3.269996507547e+01
TRACE fcgl integrands=1.859000453792e-04 5.472484128320e-05
TRACE fcgl theta=7.812500000000e-02 dbob=-1.639947639499e-03 -1.289167973348e-03i divx=3.381019936796e-03 +4.597378746271e-04i kapx=-8.705361486484e-04 +4.147150493604e-04i jac=3.269996507547e+01
TRACE fcgl integrands=1.903572014691e-04 5.714664531199e-05
TRACE fcgl theta=8.007812500000e-02 dbob=-1.601196372021e-03 -1.394912855814e-03i divx=3.392963367365e-03 +6.385435474860e-04i kapx=-8.958834976719e-04 +3.781846541641e-04i jac=3.269996507547e+01
TRACE fcgl integrands=1.948907826360e-04 5.953586226449e-05
TRACE fcgl theta=8.203125000000e-02 dbob=-1.556038931988e-03 -1.497904980117e-03i divx=3.395644802562e-03 +8.169403570995e-04i kapx=-9.198029352869e-04 +3.404823115085e-04i jac=3.269996507547e+01
TRACE fcgl integrands=1.994337380647e-04 6.187592158193e-05
TRACE fcgl theta=8.398437500000e-02 dbob=-1.504361409100e-03 -1.597825897261e-03i divx=3.388562008487e-03 +9.948382199402e-04i kapx=-9.421002996935e-04 +3.014938386606e-04i jac=3.269996507547e+01
TRACE fcgl integrands=2.039178907664e-04 6.415002327155e-05
TRACE fcgl theta=8.593750000000e-02 dbob=-1.446072271925e-03 -1.694318342390e-03i divx=3.371185027081e-03 +1.172043704798e-03i kapx=-9.625563775782e-04 +2.611373187958e-04i jac=3.269996507547e+01
TRACE fcgl integrands=2.082754777065e-04 6.634159861441e-05
TRACE fcgl theta=8.789062500000e-02 dbob=-1.381116419168e-03 -1.786989305297e-03i divx=3.342986518236e-03 +1.348250982652e-03i kapx=-9.809350495340e-04 +2.193691613225e-04i jac=3.269996507547e+01
TRACE fcgl integrands=2.124408751309e-04 6.843480451131e-05
TRACE fcgl theta=8.984375000000e-02 dbob=-1.309487764314e-03 -1.875416312680e-03i divx=3.303472008644e-03 +1.523040168565e-03i kapx=-9.969921221651e-04 +1.761880720572e-04i jac=3.269996507547e+01
TRACE fcgl integrands=2.163524301340e-04 7.041502696724e-05
TRACE fcgl theta=9.179687500000e-02 dbob=-1.231239605263e-03 -1.959156390185e-03i divx=3.252208311153e-03 +1.695882581689e-03i kapx=-1.010484352945e-03 +1.316369042478e-04i jac=3.269996507547e+01
TRACE fcgl integrands=2.199542979830e-04 7.226936683622e-05
TRACE fcgl theta=9.375000000000e-02 dbob=-1.146492205829e-03 -2.037757023384e-03i divx=3.188848609787e-03 +1.866152075913e-03i kapx=-1.021178201979e-03 +8.580247373542e-05i jac=3.269996507547e+01
TRACE fcgl integrands=2.231981737022e-04 7.398708056554e-05
TRACE fcgl theta=9.570312500000e-02 dbob=-1.055437218572e-03 -2.110768338741e-03i divx=3.113153011419e-03 +2.033141297898e-03i kapx=-1.028857896424e-03 +3.881352042132e-05i jac=3.269996507547e+01
TRACE fcgl integrands=2.260448067565e-04 7.555995039378e-05
TRACE fcgl theta=9.765625000000e-02 dbob=-9.583387945435e-04 -2.177755682635e-03i divx=3.025003722314e-03 +2.196081524513e-03i kapx=-1.033332463885e-03 -9.162920939023e-06i jac=3.269996507547e+01
TRACE fcgl integrands=2.284651988634e-04 7.698256216049e-05
TRACE fcgl theta=9.960937500000e-02 dbob=-8.555314407639e-04 -2.238311788676e-03i divx=2.924414391327e-03 +2.354164624802e-03i kapx=-1.034441475282e-03 -5.792641806324e-05i jac=3.269996507547e+01
TRACE fcgl integrands=2.304414054022e-04 7.825247426904e-05
TRACE fcgl theta=1.015625000000e-01 dbob=-7.474148870169e-04 -2.292067787834e-03i divx=2.811533546251e-03 +2.506565683153e-03i kapx=-1.032059329617e-03 -1.072489476594e-04i jac=3.269996507547e+01
TRACE fcgl integrands=2.319668880849e-04 7.937026793764e-05
TRACE fcgl theta=1.035156250000e-01 dbob=-6.344463976858e-04 -2.338702425861e-03i divx=2.686642411630e-03 +2.652464904553e-03i kapx=-1.026098006972e-03 -1.568812393461e-04i jac=3.269996507547e+01
TRACE fcgl integrands=2.330463975165e-04 8.033947609832e-05
TRACE fcgl theta=1.054687500000e-01 dbob=-5.171311018717e-04 -2.377948998989e-03i divx=2.550147714107e-03 +2.791067588598e-03i kapx=-1.016508306117e-03 -2.065592948042e-04i jac=3.269996507547e+01
TRACE fcgl integrands=2.336953958493e-04 8.116639553874e-05
TRACE fcgl theta=1.074218750000e-01 dbob=-3.960110087084e-04 -2.409599691025e-03i divx=2.402570337699e-03 +2.921621190549e-03i kapx=-1.003279664495e-03 -2.560107497620e-04i jac=3.269996507547e+01
TRACE fcgl integrands=2.339390589977e-04 8.185979353491e-05
TRACE fcgl theta=1.093750000000e-01 dbob=-2.716534204900e-04 -2.433507180268e-03i divx=2.244530873906e-03 +3.043428766222e-03i kapx=-9.864387267078e-04 -3.049607929773e-04i jac=3.269996507547e+01
TRACE fcgl integrands=2.338109223915e-04 8.243052578598e-05
TRACE fcgl theta=1.113281250000e-01 dbob=-1.446394531015e-04 -2.449583570653e-03i divx=2.076733213024e-03 +3.155858401791e-03i kapx=-9.660468799614e-04 -3.531374155691e-04i jac=3.269996507547e+01
TRACE fcgl integrands=2.333512522993e-04 8.289108656767e-05
TRACE fcgl theta=1.132812500000e-01 dbob=-1.555332361096e-05 -2.457796875798e-03i divx=1.899947342102e-03 +3.258348538251e-03i kapx=-9.421970092453e-04 -4.002758312262e-04i jac=3.269996507547e+01
TRACE fcgl integrands=2.326052354472e-04 8.325511446394e-05
TRACE fcgl theta=1.152343750000e-01 dbob=1.150270259765e-04 -2.458165436290e-03i divx=1.714992455394e-03 +3.350409392609e-03i kapx=-9.150097406851e-04 -4.461219781593e-04i jac=3.269996507547e+01
TRACE fcgl integrands=2.316210829211e-04 8.353687778578e-05
TRACE fcgl theta=1.171875000000e-01 dbob=2.465375241386e-04 -2.450750770419e-03i divx=1.522721353870e-03 +3.431620935395e-03i kapx=-8.846294390041e-04 -4.904350824878e-04i jac=3.269996507547e+01
TRACE fcgl integrands=2.304481408249e-04 8.375076297259e-05
TRACE fcgl theta=1.191406250000e-01 dbob=3.784334879221e-04 -2.435649439935e-03i divx=1.324006924082e-03 +3.501628091540e-03i kapx=-8.512202060020e-04 -5.329893258021e-04i jac=3.269996507547e+01
TRACE fcgl integrands=2.291350910699e-04 8.391078715204e-05
TRACE fcgl theta=1.210937500000e-01 dbob=5.101929283052e-04 -2.412984551348e-03i divx=1.119731259617e-03 +3.560133977983e-03i kapx=-8.149620939611e-04 -5.735747133176e-04i jac=3.269996507547e+01
TRACE fcgl integrands=2.277283125509e-04 8.403015295266e-05
TRACE fcgl theta=1.230468750000e-01 dbob=6.413176702210e-04 -2.382897508789e-03i divx=9.107777381738e-04 +3.606892069996e-03i kapx=-7.760477041974e-04 -6.119972806033e-04i jac=3.269996507547e+01
TRACE fcgl integrands=2.262704574962e-04 8.412085999905e-05
TRACE fcgl theta=1.250000000000e-01 dbob=7.713324680514e-04 -2.345540588437e-03i divx=6.980261125975e-04 +3.641698197532e-03i kapx=-7.346792903244e-04 -6.480788045476e-04i jac=3.269996507547e+01
TRACE fcgl integrands=2.247992815356e-04 8.419338363850e-05
TRACE fcgl theta=1.269531250000e-01 dbob=8.997824314980e-04 -2.301070821490e-03i divx=4.823504327673e-04 +3.664383216074e-03i kapx=-6.910664321326e-04 -6.816561972918e-04i jac=3.269996507547e+01
TRACE fcgl integrands=2.233467503698e-04 8.425642766455e-05
TRACE fcgl theta=1.289062500000e-01 dbob=1.026229183161e-03 -2.249645559661e-03i divx=2.646194031674e-04 +3.674807080867e-03i kapx=-6.454242931641e-04 -7.125807606031e-04i jac=3.269996507547e+01
TRACE fcgl integrands=2.219384318037e-04 8.431675434928e-05
TRACE fcgl theta=1.308593750000e-01 dbob=1.150246241717e-03 -2.191419962639e-03i divx=4.569861155343e-05 +3.672854890224e-03i kapx=-5.979724266353e-04 -7.407174637922e-04i jac=3.269996507547e+01
TRACE fcgl integrands=2.205931699165e-04 8.437909210962e-05
TRACE fcgl theta=1.328125000000e-01 dbob=1.271414159586e-03 -2.126546500921e-03i divx=-1.735460529088e-04 +3.658435266607e-03i kapx=-5.489340533388e-04 -7.659443828428e-04i jac=3.269996507547e+01
TRACE fcgl integrands=2.193230284668e-04 8.444611865838e-05
TRACE fcgl theta=1.347656250000e-01 dbob=1.389315940310e-03 -2.055176419886e-03i divx=-3.922445326217e-04 +3.631481229010e-03i kapx=-4.985357038440e-04 -7.881524045619e-04i jac=3.269996507547e+01
TRACE fcgl integrands=2.181334831589e-04 8.451851549363e-05
TRACE fcgl theta=1.367187500000e-01 dbob=1.503533220192e-03 -1.977462972178e-03i divx=-6.095190257484e-04 +3.591953492852e-03i kapx=-4.470070972216e-04 -8.072452603367e-04i jac=3.269996507547e+01
TRACE fcgl integrands=2.170238367812e-04 8.459508797538e-05
TRACE fcgl theta=1.386718750000e-01 dbob=1.613643625030e-03 -1.893566104337e-03i divx=-8.244813845416e-04 +3.539845929834e-03i kapx=-3.945811202445e-04 -8.231399127487e-04i jac=3.269996507547e+01
TRACE fcgl integrands=2.159878270515e-04 8.467294391426e-05
TRACE fcgl theta=1.406250000000e-01 dbob=1.719219612191e-03 -1.803658187909e-03i divx=-1.036232063511e-03 +3.475192743962e-03i kapx=-3.414937743400e-04 -8.357672780266e-04i jac=3.269996507547e+01
TRACE fcgl integrands=2.150143938364e-04 8.474772245090e-05
TRACE fcgl theta=1.425781250000e-01 dbob=1.819828988599e-03 -1.707930320612e-03i divx=-1.243861045727e-03 +3.398076782711e-03i kapx=-2.879839714360e-04 -8.450732310493e-04i jac=3.269996507547e+01
TRACE fcgl integrands=2.140885699463e-04 8.481386396131e-05
TRACE fcgl theta=1.445312500000e-01 dbob=1.915037165319e-03 -1.606598692977e-03i divx=-1.446451000264e-03 +3.308638312596e-03i kapx=-2.342930825276e-04 -8.510198098091e-04i jac=3.269996507547e+01
TRACE fcgl integrands=2.131924577729e-04 8.486491075679e-05
TRACE fcgl theta=1.464843750000e-01 dbob=2.004411078488e-03 -1.499910521207e-03i divx=-1.643082734399e-03 +3.207083550765e-03i kapx=-1.806641720442e-04 -8.535865147791e-04i jac=3.269996507547e+01
TRACE fcgl integrands=2.123062526502e-04 8.489382747935e-05
TRACE fcgl theta=1.484375000000e-01 dbob=2.087524583577e-03 -1.388149086389e-03i divx=-1.832842814975e-03 +3.093692259731e-03i kapx=-1.273408843010e-04 -8.527715866708e-04i jac=3.269996507547e+01
TRACE fcgl integrands=2.114092731296e-04 8.489332939723e-05
TRACE fcgl theta=1.503906250000e-01 dbob=2.163965023565e-03 -1.271637489897e-03i divx=-2.014833058077e-03 +2.968823777977e-03i kapx=-7.456598274379e-05 -8.485931440402e-04i jac=3.269996507547e+01
TRACE fcgl integrands=2.104809586326e-04 8.485620638198e-05
TRACE fcgl theta=1.523437500000e-01 dbob=2.233340588456e-03 -1.150740829251e-03i divx=-2.188181437193e-03 +2.832920968811e-03i kapx=-2.257957563177e-05 -8.410900697800e-04i jac=3.269996507547e+01
TRACE fcgl integrands=2.095017964537e-04 8.477563031327e-05
TRACE fcgl theta=1.542968750000e-01 dbob=2.295288028912e-03 -1.025866610651e-03i divx=-2.352053847287e-03 +2.686511714085e-03i kapx=2.838290918721e-05 -8.303225517167e-04i jac=3.269996507547e+01
TRACE fcgl integrands=2.084541430837e-04 8.464543411460e-05
TRACE fcgl theta=1.562500000000e-01 dbob=2.349480263551e-03 -8.974633356932e-04i divx=-2.505666092999e-03 +2.530207747152e-03i kapx=7.809291472422e-05 -8.163722057294e-04i jac=3.269996507547e+01
TRACE fcgl integrands=2.073229094213e-04 8.446035164104e-05
TRACE fcgl theta=1.582031250000e-01 dbob=2.395633428599e-03 -7.660173219231e-04i divx=-2.648295447180e-03 +2.364700797901e-03i kapx=1.263310092905e-04 -7.993417379890e-04i jac=3.269996507547e+01
TRACE fcgl integrands=2.060960856334e-04 8.421620924180e-05
TRACE fcgl theta=1.601562500000e-01 dbob=2.433512958589e-03 -6.320479313835e-04i divx=-2.779291151663e-03 +2.190756198912e-03i kapx=1.728890965371e-04 -7.793541337644e-04i jac=3.269996507547e+01
TRACE fcgl integrands=2.047650889755e-04 8.391006196563e-05
TRACE fcgl theta=1.621093750000e-01 dbob=2.462938354197e-03 -4.961014806185e-04i divx=-2.898083302487e-03 +2.009204263324e-03i kapx=2.175724741450e-04 -7.565513913527e-04i jac=3.269996507547e+01
TRACE fcgl integrands=2.033249264516e-04 8.354026996936e-05
TRACE fcgl theta=1.640625000000e-01 dbob=2.483786382845e-03 -3.587441832698e-04i divx=-3.004189670564e-03 +1.820929880682e-03i kapx=2.602016438591e-04 -7.310928487062e-04i jac=3.269996507547e+01
TRACE fcgl integrands=2.017741732350e-04 8.310651357851e-05
TRACE fcgl theta=1.660156250000e-01 dbob=2.495992562613e-03 -2.205545276958e-04i divx=-3.097220147405e-03 +1.626860878023e-03i kapx=3.006137923958e-04 -7.031531751636e-04i jac=3.269996507547e+01
TRACE fcgl integrands=2.001147767337e-04 8.260974844821e-05
TRACE fcgl theta=1.679687500000e-01 dbob=2.499550892759e-03 -8.211551417001e-05i divx=-3.176878663283e-03 +1.427955753403e-03i kapx=3.386638852616e-04 -6.729201196166e-04i jac=3.269996507547e+01
TRACE fcgl integrands=1.983517044391e-04 8.205210518112e-05
TRACE fcgl theta=1.699218750000e-01 dbob=2.494511906783e-03 +5.599283157867e-05i divx=-3.242962590450e-03 +1.225191404901e-03i kapx=3.742253418332e-04 -6.405921182397e-04i jac=3.269996507547e+01
TRACE fcgl integrands=1.964924607270e-04 8.143674037875e-05
TRACE fcgl theta=1.718750000000e-01 dbob=2.480979228674e-03 +1.932002880692e-04i divx=-3.295359804788e-03 +1.019551449757e-03i kapx=4.071902880569e-04 -6.063758689132e-04i jac=3.269996507547e+01
TRACE fcgl integrands=1.945465031366e-04 8.076764826477e-05
TRACE fcgl theta=1.738281250000e-01 dbob=2.459104902792e-03 +3.289522922274e-04i divx=-3.334043724095e-03 +8.120156590218e-04i kapx=4.374694106517e-04 -5.704839756246e-04i jac=3.269996507547e+01
TRACE fcgl integrands=1.925245920775e-04 8.004944359500e-05
TRACE fcgl theta=1.757812500000e-01 dbob=2.429083836784e-03 +4.627145811501e-04i divx=-3.359066760167e-03 +6.035509287493e-04i kapx=4.649914616911e-04 -5.331327549497e-04i jac=3.269996507547e+01
TRACE fcgl integrands=1.904381093001e-04 7.928712748562e-05
TRACE fcgl theta=1.777343750000e-01 dbob=2.391147740772e-03 +5.939764806313e-04i divx=-3.370552706868e-03 +3.951040778642e-04i kapx=4.897024830480e-04 -4.945402792477e-04i jac=3.269996507547e+01
TRACE fcgl integrands=1.882983798794e-04 7.848584803096e-05
TRACE fcgl theta=1.796875000000e-01 dbob=2.345558962262e-03 +7.222528025919e-04i divx=-3.368688632206e-03 +1.875966152688e-04i kapx=5.115648349720e-04 -4.549247089303e-04i jac=3.269996507547e+01
TRACE fcgl integrands=1.861160301324e-04 7.765066718126e-05
TRACE fcgl theta=1.816406250000e-01 dbob=2.292604604313e-03 +8.470844161108e-04i divx=-3.353716846376e-03 -1.807853433602e-05i kapx=5.305561210312e-04 -4.145029408874e-04i jac=3.269996507547e+01
TRACE fcgl integrands=1.839004101257e-04 7.678634438917e-05
TRACE fcgl theta=1.835937500000e-01 dbob=2.232591275806e-03 +9.680376516530e-04i divx=-3.325927480481e-03 -2.210585039518e-04i kapx=5.466681023375e-04 -3.734895738506e-04i jac=3.269996507547e+01
TRACE fcgl integrands=1.816591046278e-04 7.589714612255e-05
TRACE fcgl theta=1.855468750000e-01 dbob=2.165840760484e-03 +1.084702778787e-03i divx=-3.285652135419e-03 -4.205104464695e-04i kapx=5.599056874675e-04 -3.320961661586e-04i jac=3.269996507547e+01
TRACE fcgl integrands=1.793975508940e-04 7.498668860651e-05
TRACE fcgl theta=1.875000000000e-01 dbob=2.092686810578e-03 +1.196691858750e-03i divx=-3.233258953413e-03 -6.156303808558e-04i kapx=5.702860714170e-04 -2.905307389471e-04i jac=3.269996507547e+01
TRACE fcgl integrands=1.771187759214e-04 7.405781922827e-05
TRACE fcgl theta=1.894531250000e-01 dbob=2.013473177196e-03 +1.303636310713e-03i divx=-3.169149333948e-03 -8.056413909705e-04i kapx=5.778380783757e-04 -2.489974598713e-04i jac=3.269996507547e+01
TRACE fcgl integrands=1.748232600540e-04 7.311254003093e-05
TRACE fcgl theta=1.914062500000e-01 dbob=1.928552890144e-03 +1.405184542246e-03i divx=-3.093756371273e-03 -9.897916815523e-04i kapx=5.826017405642e-04 -2.076964303471e-04i jac=3.269996507547e+01
TRACE fcgl integrands=1.725089282981e-04 7.215197473561e-05
TRACE fcgl theta=1.933593750000e-01 dbob=1.838288701387e-03 +1.500999979949e-03i divx=-3.007544942580e-03 -1.167352992333e-03i kapx=5.846281205961e-04 -1.668234938078e-04i jac=3.269996507547e+01
TRACE fcgl integrands=1.701712655542e-04 7.117637884163e-05
TRACE fcgl theta=1.953125000000e-01 dbob=1.743054515876e-03 +1.590759796838e-03i divx=-2.911013235277e-03 -1.337619828972e-03i kapx=5.839793597009e-04 -1.265699839328e-04i jac=3.269996507547e+01
TRACE fcgl integrands=1.678035472879e-04 7.018519061521e-05
TRACE fcgl theta=1.972656250000e-01 dbob=1.643237557134e-03 +1.674154572107e-03i divx=-2.804695378284e-03 -1.499909892053e-03i kapx=5.807289105752e-04 -8.712234002681e-05i jac=3.269996507547e+01
TRACE fcgl integrands=1.653971729861e-04 6.917711922527e-05
TRACE fcgl theta=1.992187500000e-01 dbob=1.539240957941e-03 +1.750889040797e-03i divx=-2.689164744699e-03 -1.653565978740e-03i kapx=5.749618933787e-04 -4.866153102853e-05i jac=3.269996507547e+01
TRACE fcgl integrands=1.629420861104e-04 6.815026494328e-05
TRACE fcgl theta=2.011718750000e-01 dbob=1.431486432316e-03 +1.820684001504e-03i divx=-2.565037428241e-03 -1.797959503749e-03i kapx=5.667754979629e-04 -1.136224887729e-05i jac=3.269996507547e+01
TRACE fcgl integrands=1.604272612103e-04 6.710226521142e-05
TRACE fcgl theta=2.031250000000e-01 dbob=1.320416675957e-03 +1.883279355933e-03i divx=-2.432975367865e-03 -1.932495646541e-03i kapx=5.562793459538e-04 +2.460814530403e-05i jac=3.269996507547e+01
TRACE fcgl integrands=1.578412364511e-04 6.603045951564e-05
TRACE fcgl theta=2.050781250000e-01 dbob=1.206497158567e-03 +1.938438161483e-03i divx=-2.293688605595e-03 -2.056619990001e-03i kapx=5.435957235143e-04 +5.909091425932e-05i jac=3.269996507547e+01
TRACE fcgl integrands=1.551726681353e-04 6.493206539837e-05
TRACE fcgl theta=2.070312500000e-01 dbob=1.090217011648e-03 +1.985951493664e-03i divx=-2.147936211024e-03 -2.169826382677e-03i kapx=5.288595996882e-04 +9.193744450664e-05i jac=3.269996507547e+01
TRACE fcgl integrands=1.524108829563e-04 6.380435762978e-05
TRACE fcgl theta=2.089843750000e-01 dbob=9.720887764493e-04 +2.025643844786e-03i divx=-1.996525488287e-03 -2.271665641148e-03i kapx=5.122183559189e-04 +1.230108981810e-04i jac=3.269996507547e+01
TRACE fcgl integrands=1.495464038325e-04 6.264484255103e-05
TRACE fcgl theta=2.109375000000e-01 dbob=8.526468541736e-04 +2.057378733753e-03i divx=-1.840309191935e-03 -2.361754619539e-03i kapx=4.938311688806e-04 +1.521879428926e-04i jac=3.269996507547e+01
TRACE fcgl integrands=1.465714263164e-04 6.145141992352e-05
TRACE fcgl theta=2.128906250000e-01 dbob=7.324445890047e-04 +2.081064172491e-03i divx=-1.680180609016e-03 -2.439785115766e-03i kapx=4.738680100056e-04 +1.793604716373e-04i jac=3.269996507547e+01
TRACE fcgl integrands=1.434802248008e-04 6.022252527389e-05
TRACE fcgl theta=2.148437500000e-01 dbob=6.120500076972e-04 +2.096657629229e-03i divx=-1.517066506817e-03 -2.505532062734e-03i kapx=4.525082495598e-04 +2.044372167527e-04i jac=3.269996507547e+01
TRACE fcgl integrands=1.402694710402e-04 5.895724670530e-05
TRACE fcgl theta=2.167968750000e-01 dbob=4.920403310608e-04 +2.104170147949e-03i divx=-1.351918089272e-03 -2.558860468936e-03i kapx=4.299388791057e-04 +2.273451604933e-04i jac=3.269996507547e+01
TRACE fcgl integrands=1.369384517559e-04 5.765541142265e-05
TRACE fcgl theta=2.187500000000e-01 dbob=3.729954564646e-04 +2.103669325150e-03i divx=-1.185700240260e-03 -2.599730625457e-03i kapx=4.063523918976e-04 +2.480306501535e-04i jac=3.269996507547e+01
TRACE fcgl integrands=1.334891771193e-04 5.631763873970e-05
TRACE fcgl theta=2.207031250000e-01 dbob=2.554906809175e-04 +2.095280906814e-03i divx=-1.019379449746e-03 -2.628201181760e-03i kapx=3.819443844141e-04 +2.664601374729e-04i jac=3.269996507547e+01
TRACE fcgl integrands=1.299263774347e-04 5.494535802570e-05
TRACE fcgl theta=2.226562500000e-01 dbob=1.400889867762e-04 +2.079188845753e-03i divx=-8.539109112265e-04 -2.644429804864e-03i kapx=3.569109622251e-04 +2.826204795553e-04i jac=3.269996507547e+01
TRACE fcgl integrands=1.262573910410e-04 5.354079181443e-05
TRACE fcgl theta=2.246093750000e-01 dbob=2.733324341701e-05 +2.055633747054e-03i divx=-6.902253401404e-04 -2.648671268177e-03i kapx=3.314460483617e-04 +2.965187605616e-04i jac=3.269996507547e+01
TRACE fcgl integrands=1.224919519651e-04 5.210690603645e-05
TRACE fcgl theta=2.265625000000e-01 dbob=-8.226131353983e-05 +2.024909721281e-03i divx=-5.292160890500e-04 -2.641272958351e-03i kapx=3.057387012949e-04 +3.081816185353e-04i jac=3.269996507547e+01
TRACE fcgl integrands=1.186418908161e-04 5.064733093804e-05
TRACE fcgl theta=2.285156250000e-01 dbob=-1.882139788271e-04 +1.987359755280e-03i divx=-3.717271250774e-04 -2.622667931743e-03i kapx=2.799705519522e-04 +3.176540882316e-04i jac=3.269996507547e+01
TRACE fcgl integrands=1.147207664937e-04 4.916625761924e-05
TRACE fcgl theta=2.304687500000e-01 dbob=-2.900845401741e-04 +1.943369792983e-03i divx=-2.185423893547e-04 -2.593365786987e-03i kapx=2.543134647644e-04 +3.249979970020e-04i jac=3.269996507547e+01
TRACE fcgl integrands=1.107434492280e-04 4.766831617397e-05
TRACE fcgl theta=2.324218750000e-01 dbob=-3.874780531276e-04 +1.893361788248e-03i divx=-7.037698059657e-05 -2.553941738078e-03i kapx=2.289275168621e-04 +3.302899749152e-04i jac=3.269996507547e+01
TRACE fcgl integrands=1.067256771105e-04 4.615844208913e-05
TRACE fcgl theta=2.343750000000e-01 dbob=-4.800482451142e-04 +1.837786044139e-03i divx=7.212949916540e-05 -2.505024365799e-03i kapx=2.039593729744e-04 +3.336191608300e-04i jac=3.269996507547e+01
TRACE fcgl integrands=1.026836085455e-04 4.464173782453e-05
TRACE fcgl theta=2.363281250000e-01 dbob=-5.674994467805e-04 +1.777113185058e-03i divx=2.084172219052e-04 -2.447282588573e-03i kapx=1.795411124377e-04 +3.350847017572e-04i jac=3.269996507547e+01
TRACE fcgl integrands=9.863339199647e-05 4.312333635363e-05
TRACE fcgl theta=2.382812500000e-01 dbob=-6.495870341068e-04 +1.711826118117e-03i divx=3.380079532865e-04 -2.381412423330e-03i kapx=1.557895404102e-04 +3.347931526065e-04i jac=3.269996507547e+01
TRACE fcgl integrands=9.459077215515e-05 4.160827292448e-05
TRACE fcgl theta=2.402343750000e-01 dbob=-7.261164489818e-04 +1.642412327904e-03i divx=4.605044699793e-04 -2.308124101382e-03i kapx=1.328059895013e-04 +3.328558867392e-04i jac=3.269996507547e+01
TRACE fcgl integrands=9.057074844781e-05 4.010137045714e-05
TRACE fcgl theta=2.421875000000e-01 dbob=-7.969409433187e-04 +1.569356815671e-03i divx=5.755877588370e-04 -2.228130064706e-03i kapx=1.106765922408e-04 +3.293866245171e-04i jac=3.269996507547e+01
TRACE fcgl integrands=8.658729787477e-05 3.860714290237e-05
TRACE fcgl theta=2.441406250000e-01 dbob=-8.619582574184e-04 +1.493135942660e-03i divx=6.830122958698e-04 -2.142134297776e-03i kapx=8.947298077428e-05 +3.244991775578e-04i jac=3.269996507547e+01
TRACE fcgl integrands=8.265316986133e-05 3.712971963190e-05
TRACE fcgl theta=2.460937500000e-01 dbob=-9.211064931011e-04 +1.414212371639e-03i divx=7.825997943682e-04 -2.050823354406e-03i kapx=6.925334936644e-05 +3.183054913834e-04i jac=3.269996507547e+01
TRACE fcgl integrands=7.877975637102e-05 3.567279260233e-05
TRACE fcgl theta=2.480468750000e-01 dbob=-9.743594732504e-04 +1.333031225495e-03i divx=8.742318752824e-04 -1.954859324814e-03i kapx=5.006379898400e-05 +3.109140496591e-04i jac=3.269996507547e+01
TRACE fcgl integrands=7.497703627049e-05 3.423958671711e-05
TRACE fcgl theta=2.500000000000e-01 dbob=-1.021721890306e-03 +1.250017502160e-03i divx=9.578421456506e-04 -1.854874863332e-03i kapx=3.193987232752e-05 +3.024286805859e-04i jac=3.269996507547e+01
TRACE fcgl integrands=7.125358906985e-05 3.283285258014e-05
TRACE fcgl theta=2.519531250000e-01 dbob=-1.063224536785e-03 +1.165574706683e-03i divx=1.033408171291e-03 -1.751470270215e-03i kapx=1.490818274705e-05 +2.929477817657e-04i jac=3.269996507547e+01
TRACE fcgl integrands=6.761666987295e-05 3.145487975037e-05
TRACE fcgl theta=2.539062500000e-01 dbob=-1.098919882404e-03 +1.080084589169e-03i divx=1.100943799128e-03 -1.645212500310e-03i kapx=-1.011958362093e-06 +2.825639555704e-04i jac=3.269996507547e+01
TRACE fcgl integrands=6.407233478611e-05 3.010752771505e-05
TRACE fcgl theta=2.558593750000e-01 dbob=-1.128878217343e-03 +9.939078161102e-04i divx=1.160492225535e-03 -1.536635864675e-03i kapx=-1.580700409618e-05 +2.713640242823e-04i jac=3.269996507547e+01
TRACE fcgl integrands=6.062560422332e-05 2.879227112878e-05
TRACE fcgl theta=2.578125000000e-01 dbob=-1.153184523333e-03 +9.073853562632e-04i divx=1.212120124854e-03 -1.426244105121e-03i kapx=-2.946780076039e-05 +2.594293744289e-04i jac=3.269996507547e+01
TRACE fcgl integrands=5.728065053963e-05 2.751025542943e-05
TRACE fcgl theta=2.597656250000e-01 dbob=-1.171936167967e-03 +8.208403332176e-04i divx=1.255913053276e-03 -1.314513461213e-03i kapx=-4.198844265453e-05 +2.468365639976e-04i jac=3.269996507547e+01
TRACE fcgl integrands=5.404099620916e-05 2.626235874145e-05
TRACE fcgl theta=2.617187500000e-01 dbob=-1.185241447818e-03 +7.345800865676e-04i divx=1.291972234810e-03 -1.201896317440e-03i kapx=-5.336539349644e-05 +2.336581154363e-04i jac=3.269996507547e+01
TRACE fcgl integrands=5.090970929597e-05 2.504925600100e-05
TRACE fcgl theta=2.636718750000e-01 dbob=-1.193218937750e-03 +6.488981921979e-04i divx=1.320412726087e-03 -1.088825016307e-03i kapx=-6.359689416878e-05 +2.199634120547e-04i jac=3.269996507547e+01
TRACE fcgl integrands=4.788958417528e-05 2.387148146835e-05
TRACE fcgl theta=2.656250000000e-01 dbob=-1.195997541848e-03 +5.640762182877e-04i divx=1.341362852822e-03 -9.757154497686e-04i kapx=-7.268265548714e-05 +2.058196157405e-04i jac=3.269996507547e+01
TRACE fcgl integrands=4.498329725573e-05 2.272948620377e-05
TRACE fcgl theta=2.675781250000e-01 dbob=-1.193717090093e-03 +4.803850347746e-04i divx=1.354964720117e-03 -8.629700938813e-04i kapx=-8.062381501196e-05 +1.912925295534e-04i jac=3.269996507547e+01
TRACE fcgl integrands=4.219352971870e-05 2.162368764543e-05
TRACE fcgl theta=2.695312500000e-01 dbob=-1.186529287509e-03 +3.980855466981e-04i divx=1.361375527202e-03 -7.509802249660e-04i kapx=-8.742311984633e-05 +1.764473391339e-04i jac=3.269996507547e+01
TRACE fcgl integrands=3.952305189639e-05 2.055450910472e-05
TRACE fcgl theta=2.714843750000e-01 dbob=-1.174598801366e-03 +3.174287818530e-04i divx=1.360769369235e-03 -6.401271439564e-04i kapx=-9.308528393469e-05 +1.613491810517e-04i jac=3.269996507547e+01
TRACE fcgl integrands=3.697476670955e-05 1.952240774781e-05
TRACE fcgl theta=2.734375000000e-01 dbob=-1.158104268244e-03 +2.386553258930e-04i divx=1.353339186990e-03 -5.307823320399e-04i kapx=-9.761745937314e-05 +1.460635030734e-04i jac=3.269996507547e+01
TRACE fcgl integrands=3.455171241618e-05 1.852789042183e-05
TRACE fcgl theta=2.753906250000e-01 dbob=-1.137239016066e-03 +1.619941587274e-04i divx=1.339298530252e-03 -4.233065578566e-04i kapx=-1.010297570927e-04 +1.306561995646e-04i jac=3.269996507547e+01
TRACE fcgl integrands=3.225702761776e-05 1.757151746380e-05
TRACE fcgl theta=2.773437500000e-01 dbob=-1.112211325296e-03 +8.766100030066e-05i divx=1.318882831416e-03 -3.180480473168e-04i kapx=-1.033357530602e-04 +1.151935235081e-04i jac=3.269996507547e+01
TRACE fcgl integrands=3.009388386253e-05 1.665389536057e-05
TRACE fcgl theta=2.792968750000e-01 dbob=-1.083244095674e-03 +1.585631776477e-05i divx=1.292349938828e-03 -2.153399050495e-04i kapx=-1.045529215772e-04 +9.974179364239e-05i jac=3.269996507547e+01
TRACE fcgl integrands=2.806539312456e-05 1.577565976379e-05
TRACE fcgl theta=2.812500000000e-01 dbob=-1.050573836890e-03 -5.323682339052e-05i divx=1.259979730392e-03 -1.154970362701e-04i kapx=-1.047029467509e-04 +8.436692983029e-05i jac=3.269996507547e+01
TRACE fcgl integrands=2.617449879726e-05 1.493745087256e-05
TRACE fcgl theta=2.832031250000e-01 dbob=-1.014448959101e-03 -1.194548664701e-04i divx=1.222072710878e-03 -1.881285558946e-05i kapx=-1.038118758884e-04 +6.913386102978e-05i jac=3.269996507547e+01
TRACE fcgl integrands=2.442385953391e-05 1.413988354750e-05
TRACE fcgl theta=2.851562500000e-01 dbob=-9.751273980830e-04 -1.826556321459e-04i divx=1.178947584786e-03 +7.444391716905e-05i kapx=-1.019100933514e-04 +5.410585748841e-05i jac=3.269996507547e+01
TRACE fcgl integrands=2.281573526030e-05 1.338351469661e-05
TRACE fcgl theta=2.871093750000e-01 dbob=-9.328736652991e-04 -2.427197683701e-04i divx=1.130937883552e-03 +1.640320850229e-04i kapx=-9.903210912625e-05 +3.934384167361e-05i jac=3.269996507547e+01
TRACE fcgl integrands=2.135188399494e-05 1.266881047124e-05
TRACE fcgl theta=2.890625000000e-01 dbob=-8.879554614019e-04 -2.995516324731e-04i divx=1.078387804952e-03 +2.497401705302e-04i kapx=-9.521617177498e-05 +2.490573097145e-05i jac=3.269996507547e+01
TRACE fcgl integrands=2.003347681771e-05 1.199611563668e-05
TRACE fcgl theta=2.910156250000e-01 dbob=-8.406400289166e-04 -3.530794988585e-04i divx=1.021647487715e-03 +3.313877795688e-04i kapx=-9.050372939904e-05 +1.084585964484e-05i jac=3.269996507547e+01
TRACE fcgl integrands=1.886103655684e-05 1.136562715887e-05
TRACE fcgl theta=2.929687500000e-01 dbob=-7.911904435552e-04 -4.032550364946e-04i divx=9.610679910420e-04 +4.088259994056e-04i kapx=-8.493877374338e-05 -2.785481455499e-06i jac=3.269996507547e+01
TRACE fcgl integrands=1.783440368488e-05 1.077737360942e-05
TRACE fcgl theta=2.949218750000e-01 dbob=-7.398620520385e-04 -4.500520554190e-04i divx=8.969962736431e-04 +4.819367765088e-04i kapx=-7.856711080227e-05 -1.594236054489e-05i jac=3.269996507547e+01
TRACE fcgl integrands=1.695273071770e-05 1.023120147586e-05
TRACE fcgl theta=2.968750000000e-01 dbob=-6.868992570102e-04 -4.934645764660e-04i divx=8.297704684756e-04 +5.506313009604e-04i kapx=-7.143560573269e-05 -2.858336224722e-05i jac=3.269996507547e+01
TRACE fcgl integrands=1.621450429264e-05 9.726768918842e-06
TRACE fcgl theta=2.988281250000e-01 dbob=-6.325328272644e-04 -5.335043292022e-04i divx=7.597157278854e-04 +6.148475024907e-04i kapx=-6.359145031050e-05 -4.067158664422e-05i jac=3.269996507547e+01
TRACE fcgl integrands=1.561759223968e-05 9.263546987909e-06
TRACE fcgl theta=3.007812500000e-01 dbob=-5.769778758593e-04 -5.701978257458e-04i divx=6.871408711997e-04 +6.745468319794e-04i kapx=-5.508149767019e-05 -5.217450311680e-05i jac=3.269996507547e+01
TRACE fcgl integrands=1.515931149780e-05 8.840827832732e-06
TRACE fcgl theta=3.027343750000e-01 dbob=-5.204326025025e-04 -6.035831895432e-04i divx=6.123360065803e-04 +7.297105564770e-04i kapx=-4.595170203891e-05 -6.306368346688e-05i jac=3.269996507547e+01
TRACE fcgl integrands=1.483651176160e-05 8.457739060018e-06
TRACE fcgl theta=3.046875000000e-01 dbob=-4.630778433771e-04 -6.337069359312e-04i divx=5.355712259078e-04 +7.803358312643e-04i kapx=-3.624669126534e-05 -7.331444766659e-05i jac=3.269996507547e+01
TRACE fcgl integrands=1.464566931085e-05 8.113263108519e-06
TRACE fcgl theta=3.066406250000e-01 dbob=-4.050774153357e-04 -6.606209040959e-04i divx=4.570963913752e-04 +8.264318265592e-04i kapx=-2.600948801975e-05 -8.290546123161e-05i jac=3.269996507547e+01
TRACE fcgl integrands=1.458298556051e-05 7.806260355035e-06
TRACE fcgl theta=3.085937500000e-01 dbob=-3.465791863275e-04 -6.843795276679e-04i divx=3.771419515491e-04 +8.680161781951e-04i kapx=-1.528138261083e-05 -9.181832526358e-05i jac=3.269996507547e+01
TRACE fcgl integrands=1.464448540291e-05 7.535494620016e-06
TRACE fcgl theta=3.105468750000e-01 dbob=-2.877167541475e-04 -7.050376045894e-04i divx=2.959206491445e-04 +9.051120016857e-04i kapx=-4.101947498499e-06 -1.000371985481e-04i jac=3.269996507547e+01
TRACE fcgl integrands=1.482611129241e-05 7.299659798970e-06
TRACE fcgl theta=3.125000000000e-01 dbob=-2.286115747923e-04 -7.226486880648e-04i divx=2.136299184533e-04 +9.377456599182e-04i kapx=7.490828169495e-06 -1.075484859267e-04i jac=3.269996507547e+01
TRACE fcgl integrands=1.512381011605e-05 7.097406484610e-06
TRACE fcgl theta=3.144531250000e-01 dbob=-1.693753528929e-04 -7.372641722466e-04i divx=1.304547221852e-04 +9.659454101555e-04i kapx=1.946031535384e-05 -1.143406189544e-04i jac=3.269996507547e+01
TRACE fcgl integrands=1.553361106818e-05 6.927367638936e-06
TRACE fcgl theta=3.164062500000e-01 dbob=-1.101124920082e-04 -7.489330924253e-04i divx=4.657054910896e-05 +9.897409810844e-04i kapx=3.177097144961e-05 -1.204039443295e-04i jac=3.269996507547e+01
TRACE fcgl integrands=1.605169387622e-05 6.788182597885e-06
TRACE fcgl theta=3.183593750000e-01 dbob=-5.092240306310e-05 -7.577026039030e-04i divx=-3.785371250670e-05 +1.009164051146e-03i kapx=4.438805778490e-05 -1.257307236216e-04i jac=3.269996507547e+01
TRACE fcgl integrands=1.667444770700e-05 6.678518919256e-06
TRACE fcgl theta=3.203125000000e-01 dbob=8.098515115003e-06 -7.636190505913e-04i divx=-1.226532945391e-04 +1.024249521509e-03i kapx=5.727738971206e-05 -1.303152354590e-04i jac=3.269996507547e+01
TRACE fcgl integrands=1.739852184498e-05 6.597091796984e-06
TRACE fcgl theta=3.222656250000e-01 dbob=6.685537954357e-05 -7.667294876807e-04i divx=-2.076656932083e-04 +1.035037406856e-03i kapx=7.040515683239e-05 -1.341539595876e-04i jac=3.269996507547e+01
TRACE fcgl integrands=1.822086973501e-05 6.542680946681e-06
TRACE fcgl theta=3.242187500000e-01 dbob=1.252539260146e-04 -7.670834859939e-04i divx=-2.927296133479e-04 +1.041575110182e-03i kapx=8.373784366666e-05 -1.372458120938e-04i jac=3.269996507547e+01
TRACE fcgl integrands=1.913878821393e-05 6.514145009814e-06
TRACE fcgl theta=3.261718750000e-01 dbob=1.832002758679e-04 -7.647350216760e-04i divx=-3.776848180168e-04 +1.043919808601e-03i kapx=9.724227107444e-05 -1.395923934623e-04i jac=3.269996507547e+01
TRACE fcgl integrands=2.014995373203e-05 6.510433623302e-06
TRACE fcgl theta=3.281250000000e-01 dbob=2.406013759772e-04 -7.597442455611e-04i divx=-4.623729094363e-04 +1.042140658952e-03i kapx=1.108857667295e-04 -1.411982066954e-04i jac=3.269996507547e+01
TRACE fcgl integrands=2.125245711964e-05 6.530597358310e-06
TRACE fcgl theta=3.300781250000e-01 dbob=2.973660650586e-04 -7.521789327130e-04i divx=-5.466389849190e-04 +1.036320536501e-03i kapx=1.246364599302e-04 -1.420708018942e-04i jac=3.269996507547e+01
TRACE fcgl integrands=2.244483802755e-05 6.573795750178e-06
TRACE fcgl theta=3.320312500000e-01 dbob=3.534066663492e-04 -7.421154339516e-04i divx=-6.303340323642e-04 +1.026557047251e-03i kapx=1.384636830075e-04 -1.422208066497e-04i jac=3.269996507547e+01
TRACE fcgl integrands=2.372611960495e-05 6.639303625767e-06
TRACE fcgl theta=3.339843750000e-01 dbob=4.086409607862e-04 -7.296389862453e-04i divx=-7.133178600739e-04 +1.012962602612e-03i kapx=1.523384496439e-04 -1.416618081833e-04i jac=3.269996507547e+01
TRACE fcgl integrands=2.509584331887e-05 6.726515890816e-06
TRACE fcgl theta=3.359375000000e-01 dbob=4.629943594813e-04 -7.148432852351e-04i divx=-7.954623005139e-04 +9.956634111897e-04i kapx=1.662339705163e-04 -1.404100629773e-04i jac=3.269996507547e+01
TRACE fcgl integrands=2.655410310314e-05 6.834950874098e-06
TRACE fcgl theta=3.378906250000e-01 dbob=5.164020722246e-04 -6.978292776255e-04i divx=-8.766543915573e-04 +9.747973216022e-04i kapx=1.801261596663e-04 -1.384840219884e-04i jac=3.269996507547e+01
TRACE fcgl integrands=2.810157729287e-05 6.964252243432e-06
TRACE fcgl theta=3.398437500000e-01 dbob=5.688110616921e-04 -6.787031898481e-04i divx=-9.567992247051e-04 +9.505105369183e-04i kapx=1.939940815065e-04 -1.359036735351e-04i jac=3.269996507547e+01
TRACE fcgl integrands=2.973955609532e-05 7.114189417799e-06
TRACE fcgl theta=3.417968750000e-01 dbob=6.201815816318e-04 -6.575738681064e-04i divx=-1.035822159161e-03 +9.229533092746e-04i kapx=2.078202887648e-04 -1.326897205841e-04i jac=3.269996507547e+01
TRACE fcgl integrands=3.146996171810e-05 7.284656308036e-06
TRACE fcgl theta=3.437500000000e-01 dbob=6.704881210866e-04 -6.345495594074e-04i divx=-1.113670133139e-03 +8.922748060476e-04i kapx=2.215910060260e-04 -1.288626233201e-04i jac=3.269996507547e+01
TRACE fcgl integrands=3.329535778204e-05 7.475668135625e-06
TRACE fcgl theta=3.457031250000e-01 dbob=7.197196141136e-04 -6.097343095474e-04i divx=-1.190311857369e-03 +8.586174105418e-04i kapx=2.352961216275e-04 -1.244415504972e-04i jac=3.269996507547e+01
TRACE fcgl integrands=3.521894435419e-05 7.687356016339e-06
TRACE fcgl theta=3.476562500000e-01 dbob=7.678788229014e-04 -5.832241888342e-04i divx=-1.265736746919e-03 +8.221107751135e-04i kapx=2.489289620090e-04 -1.194432931396e-04i jac=3.269996507547e+01
TRACE fcgl integrands=3.724453492036e-05 7.919958965620e-06
TRACE fcgl theta=3.496093750000e-01 dbob=8.149808583137e-04 -5.551035770165e-04i divx=-1.339952531171e-03 +7.828659787632e-04i kapx=2.624858364286e-04 -1.138812008734e-04i jac=3.269996507547e+01
TRACE fcgl integrands=3.937651194294e-05 8.173812997847e-06
TRACE fcgl theta=3.515625000000e-01 dbob=8.610508617407e-04 -5.254417438317e-04i divx=-1.412981572345e-03 +7.409701516987e-04i kapx=2.759653553023e-04 -1.077642039335e-04i jac=3.269996507547e+01
TRACE fcgl integrands=4.161975837213e-05 8.449337062746e-06
TRACE fcgl theta=3.535156250000e-01 dbob=9.061209314949e-04 -4.942899502869e-04i divx=-1.484856013892e-03 +6.964819150720e-04i kapx=2.893675411987e-04 -1.010959823925e-04i jac=3.269996507547e+01
TRACE fcgl integrands=4.397956362277e-05 8.747015695504e-06
TRACE fcgl theta=3.554687500000e-01 dbob=9.502264316103e-04 -4.616792688767e-04i divx=-1.555611964796e-03 +6.494279456562e-04i kapx=3.026927665929e-04 -9.387433838974e-05i jac=3.269996507547e+01
TRACE fcgl integrands=4.646150407816e-05 9.067378453292e-06
TRACE fcgl theta=3.574218750000e-01 dbob=9.934018668826e-04 -4.276192801770e-04i divx=-1.625282998372e-03 +5.998009149850e-04i kapx=3.159405657448e-04 -8.609081740396e-05i jac=3.269996507547e+01
TRACE fcgl integrands=4.907130007588e-05 9.410976462474e-06
TRACE fcgl theta=3.593750000000e-01 dbob=1.035676541994e-03 -3.920977513538e-04i divx=-1.693893299031e-03 +5.475589743490e-04i kapx=3.291083785186e-04 -7.773061149759e-05i jac=3.269996507547e+01
TRACE fcgl integrands=5.181465345131e-05 9.778356692445e-06
TRACE fcgl theta=3.613281250000e-01 dbob=1.077070242100e-03 -3.550813426128e-04i divx=-1.761450823678e-03 +4.926268662271e-04i kapx=3.421902907889e-04 -6.877276180715e-05i jac=3.269996507547e+01
TRACE fcgl integrands=5.469707190072e-05 1.017003487982e-05
TRACE fcgl theta=3.632812500000e-01 dbob=1.117589175847e-03 -3.165173245657e-04i divx=-1.827940853305e-03 +4.348986453735e-04i kapx=3.551758387289e-04 -5.919066040390e-05i jac=3.269996507547e+01
TRACE fcgl integrands=5.772368847650e-05 1.058646832066e-05
TRACE fcgl theta=3.652343750000e-01 dbob=1.157222409014e-03 -2.763362272281e-04i divx=-1.893320293940e-03 +3.742418955332e-04i kapx=3.680489424632e-04 -4.895283415257e-05i jac=3.269996507547e+01
TRACE fcgl integrands=6.089908622320e-05 1.102802999452e-05
TRACE fcgl theta=3.671875000000e-01 dbob=1.195938988705e-03 -2.344552841895e-04i divx=-1.957513045394e-03 +3.105032373037e-04i kapx=3.807870283446e-04 -3.802397655710e-05i jac=3.269996507547e+01
TRACE fcgl integrands=6.422713908988e-05 1.149498564855e-05
TRACE fcgl theta=3.691406250000e-01 dbob=1.233685916027e-03 -1.907824873534e-04i divx=-2.020406693682e-03 +2.435148452581e-04i kapx=3.933603888276e-04 -2.636617895238e-05i jac=3.269996507547e+01
TRACE fcgl integrands=6.771088062724e-05 1.198747552306e-05
TRACE fcgl theta=3.710937500000e-01 dbob=1.270387072383e-03 -1.452210318604e-04i divx=-2.081850702819e-03 +1.731016334737e-04i kapx=4.057318152182e-04 -1.394030080664e-05i jac=3.269996507547e+01
TRACE fcgl integrands=7.135241146648e-05 1.250550231960e-05
TRACE fcgl theta=3.730468750000e-01 dbob=1.305943144516e-03 -9.767390984886e-05i divx=-2.141656189270e-03 +9.908873217920e-05i kapx=4.178565223770e-04 -7.074111651721e-07i jac=3.269996507547e+01
TRACE fcgl integrands=7.515285512614e-05 1.304892679059e-05
TRACE fcgl theta=3.750000000000e-01 dbob=1.340232530328e-03 -4.804840701278e-05i divx=-2.199597263985e-03 +2.130886692006e-05i kapx=4.296823668286e-04 +1.336977004636e-05i jac=3.269996507547e+01
TRACE fcgl integrands=7.911236933735e-05 1.361747196715e-05
TRACE fcgl theta=3.769531250000e-01 dbob=1.373113145713e-03 +3.739732214803e-06i divx=-2.255413829494e-03 -6.039073376009e-05i kapx=4.411503418903e-04 +2.832550077264e-05i jac=3.269996507547e+01
TRACE fcgl integrands=8.323021693963e-05 1.421073656081e-05
TRACE fcgl theta=3.789062500000e-01 dbob=1.404424996403e-03 +5.776267744883e-05i divx=-2.308815629624e-03 -1.461422365855e-04i kapx=4.521953166106e-04 +4.418977956832e-05i jac=3.269996507547e+01
TRACE fcgl integrands=8.750489668848e-05 1.482821750449e-05
TRACE fcgl theta=3.808593750000e-01 dbob=1.433993332090e-03 +1.140775883731e-04i divx=-2.359487273426e-03 -2.360521804976e-04i kapx=4.627469706684e-04 +6.098729606225e-05i jac=3.269996507547e+01
TRACE fcgl integrands=9.193433030635e-05 1.546934098347e-05
TRACE fcgl theta=3.828125000000e-01 dbob=1.461632166064e-03 +1.727245070890e-04i divx=-2.407093898010e-03 -3.301977253975e-04i kapx=4.727308659729e-04 +7.873660915428e-05i jac=3.269996507547e+01
TRACE fcgl integrands=9.651609811513e-05 1.613350069661e-05
TRACE fcgl theta=3.847656250000e-01 dbob=1.487147924714e-03 +2.337251205510e-04i divx=-2.451287101378e-03 -4.286242738262e-04i kapx=4.820695883322e-04 +9.744957663759e-05i jac=3.269996507547e+01
TRACE fcgl integrands=1.012477119359e-04 1.682010153391e-05
TRACE fcgl theta=3.867187500000e-01 dbob=1.510342988731e-03 +2.970823845178e-04i divx=-2.491710768251e-03 -5.313444688559e-04i kapx=4.906838897598e-04 +1.171310421691e-04i jac=3.269996507547e+01
TRACE fcgl integrands=1.061269109326e-04 1.752860640590e-05
TRACE fcgl theta=3.886718750000e-01 dbob=1.531018901961e-03 +3.627809395021e-04i divx=-2.528006429980e-03 -6.383384745461e-04i kapx=4.984937640094e-04 +1.377787675220e-04i jac=3.269996507547e+01
TRACE fcgl integrands=1.111519639575e-04 1.825858365394e-05
TRACE fcgl theta=3.906250000000e-01 dbob=1.548979053533e-03 +4.307881939169e-04i divx=-2.559817842796e-03 -7.495553561430e-04i kapx=5.054193946313e-04 +1.593835811130e-04i jac=3.269996507547e+01
TRACE fcgl integrands=1.163219609053e-04 1.900975233459e-05
TRACE fcgl theta=3.925781250000e-01 dbob=1.564030682094e-03 +5.010559038564e-04i divx=-2.586794533731e-03 -8.649153020403e-04i kapx=5.113819258183e-04 +1.819296990920e-04i jac=3.269996507547e+01
TRACE fcgl integrands=1.216370756729e-04 1.978202271926e-05
TRACE fcgl theta=3.945312500000e-01 dbob=1.575986104653e-03 +5.735220459165e-04i divx=-2.608594146230e-03 -9.843123736500e-04i kapx=5.163040207883e-04 +2.053951638667e-04i jac=3.269996507547e+01
TRACE fcgl integrands=1.270987845474e-04 2.057552957920e-05
TRACE fcgl theta=3.964843750000e-01 dbob=1.584663132934e-03 +6.481127614431e-04i divx=-2.624883511865e-03 -1.107617436681e-03i kapx=5.201101894658e-04 +2.297523376190e-04i jac=3.269996507547e+01
TRACE fcgl integrands=1.327100260951e-04 2.139065621762e-05
TRACE fcgl theta=3.984375000000e-01 dbob=1.589884703028e-03 +7.247441488203e-04i divx=-2.635338474188e-03 -1.234680920198e-03i kapx=5.227268855799e-04 +2.549683856889e-04i jac=3.269996507547e+01
TRACE fcgl integrands=1.384752917230e-04 2.222804773550e-05
TRACE fcgl theta=4.003906250000e-01 dbob=1.591477805096e-03 +8.033236949664e-04i divx=-2.639642588548e-03 -1.365335068713e-03i kapx=5.240823917263e-04 +2.810056868733e-04i jac=3.269996507547e+01
TRACE fcgl integrands=1.444006397938e-04 2.308861263617e-05
TRACE fcgl theta=4.023437500000e-01 dbob=1.589271854651e-03 +8.837511670051e-04i divx=-2.637484910953e-03 -1.499395396134e-03i kapx=5.241065281510e-04 +3.078221145645e-04i jac=3.269996507547e+01
TRACE fcgl integrands=1.504936302429e-04 2.397351254133e-05
TRACE fcgl theta=4.042968750000e-01 dbob=1.583096691784e-03 +9.659188279837e-04i divx=-2.628557163351e-03 -1.636661115552e-03i kapx=5.227302357836e-04 +3.353711437840e-04i jac=3.269996507547e+01
TRACE fcgl integrands=1.567631807917e-04 2.488414046303e-05
TRACE fcgl theta=4.062500000000e-01 dbob=1.572780426312e-03 +1.049710893442e-03i divx=-2.612550616993e-03 -1.776914401002e-03i kapx=5.198850953408e-04 +3.636017537798e-04i jac=3.269996507547e+01
TRACE fcgl integrands=1.632193498445e-04 2.582208870871e-05
TRACE fcgl theta=4.082031250000e-01 dbob=1.558147363276e-03 +1.135002204817e-03i divx=-2.589153065887e-03 -1.919918430677e-03i kapx=5.155028513054e-04 +3.924581129299e-04i jac=3.269996507547e+01
TRACE fcgl integrands=1.698730547680e-04 2.678910805363e-05
TRACE fcgl theta=4.101562500000e-01 dbob=1.539016243159e-03 +1.221656156888e-03i divx=-2.558046266693e-03 -2.065414258969e-03i kapx=5.095150117669e-04 +4.218790510409e-04i jac=3.269996507547e+01
TRACE fcgl integrands=1.767357373274e-04 2.778706026575e-05
TRACE fcgl theta=4.121093750000e-01 dbob=1.515199014855e-03 +1.309521975396e-03i divx=-2.518904199419e-03 -2.213116660298e-03i kapx=5.018525922815e-04 +4.517973424511e-04i jac=3.269996507547e+01
TRACE fcgl integrands=1.838189904642e-04 2.881786639266e-05
TRACE fcgl theta=4.140625000000e-01 dbob=1.486500327960e-03 +1.398431493434e-03i divx=-2.471392456480e-03 -2.362709174146e-03i kapx=4.924460642599e-04 +4.821388403561e-04i jac=3.269996507547e+01
TRACE fcgl integrands=1.911341622721e-04 2.988345340466e-05
TRACE fcgl theta=4.160156250000e-01 dbob=1.452717886576e-03 +1.488195617490e-03i divx=-2.415168999382e-03 -2.513838651984e-03i kapx=4.812255564027e-04 +5.128215172470e-04i jac=3.269996507547e+01
TRACE fcgl integrands=1.986919539340e-04 3.098570182859e-05
TRACE fcgl theta=4.179687500000e-01 dbob=1.413643752862e-03 +1.578600703258e-03i divx=-2.349886437266e-03 -2.666109657813e-03i kapx=4.681213422024e-04 +5.437544772774e-04i jac=3.269996507547e+01
TRACE fcgl integrands=2.065020284997e-04 3.212639690499e-05
TRACE fcgl theta=4.199218750000e-01 dbob=1.369066628646e-03 +1.669405075417e-03i divx=-2.275195885754e-03 -2.819079101298e-03i kapx=4.530646285542e-04 +5.748370129404e-04i jac=3.269996507547e+01
TRACE fcgl integrands=2.145726467512e-04 3.330718556565e-05
TRACE fcgl theta=4.218750000000e-01 dbob=1.318775082036e-03 +1.760335923698e-03i divx=-2.190752364656e-03 -2.972251484060e-03i kapx=4.359886413099e-04 +6.059577801808e-04i jac=3.269996507547e+01
TRACE fcgl integrands=2.229103450318e-04 3.452954117137e-05
TRACE fcgl theta=4.238281250000e-01 dbob=1.262561627187e-03 +1.851086789900e-03i divx=-2.096221596133e-03 -3.125075115573e-03i kapx=4.168299844732e-04 +6.369941628365e-04i jac=3.269996507547e+01
TRACE fcgl integrands=2.315196678696e-04 3.579473748889e-05
TRACE fcgl theta=4.257812500000e-01 dbob=1.200227513521e-03 +1.941315828538e-03i divx=-1.991287977498e-03 -3.276939607152e-03i kapx=3.955302319886e-04 +6.678118893066e-04i jac=3.269996507547e+01
TRACE fcgl integrands=2.404029655639e-04 3.710383284168e-05
TRACE fcgl theta=4.277343750000e-01 dbob=1.131588039224e-03 +2.030644979877e-03i divx=-1.875663431087e-03 -3.427174884138e-03i kapx=3.720376959315e-04 +6.982649521303e-04i jac=3.269996507547e+01
TRACE fcgl integrands=2.495602637008e-04 3.845766476525e-05
TRACE fcgl theta=4.296875000000e-01 dbob=1.056478175525e-03 +2.118660141546e-03i divx=-1.749096782290e-03 -3.575051872703e-03i kapx=3.463093033824e-04 +7.281958655787e-04i jac=3.269996507547e+01
TRACE fcgl integrands=2.589892079394e-04 3.985685486231e-05
TRACE fcgl theta=4.316406250000e-01 dbob=9.747582750446e-04 +2.204912367667e-03i divx=-1.611383289328e-03 -3.719784924643e-03i kapx=3.183125071419e-04 +7.574362784881e-04i jac=3.269996507547e+01
TRACE fcgl integrands=2.686850834848e-04 4.130182291372e-05
TRACE fcgl theta=4.335937500000e-01 dbob=8.863196399217e-04 +2.288920066659e-03i divx=-1.462373946235e-03 -3.860535947980e-03i kapx=2.880271531568e-04 +7.858079406606e-04i jac=3.269996507547e+01
TRACE fcgl integrands=2.786409046092e-04 4.279280869176e-05
TRACE fcgl theta=4.355468750000e-01 dbob=7.910897431122e-04 +2.370172114890e-03i divx=-1.301984203501e-03 -3.996420119962e-03i kapx=2.554472301945e-04 +8.131240025358e-04i jac=3.269996507547e+01
TRACE fcgl integrands=2.888475655892e-04 4.432989937169e-05
TRACE fcgl theta=4.375000000000e-01 dbob=6.890369275675e-04 +2.448131757129e-03i divx=-1.130201796905e-03 -4.126512978748e-03i kapx=2.205824346685e-04 +8.391906108095e-04i jac=3.269996507547e+01
TRACE fcgl integrands=2.992940407061e-04 4.591305997976e-05
TRACE fcgl theta=4.394531250000e-01 dbob=5.801744503028e-04 +2.522241129606e-03i divx=-9.470934402785e-04 -4.249858626436e-03i kapx=1.834594949878e-04 +8.638087484147e-04i jac=3.269996507547e+01
TRACE fcgl integrands=3.099676177296e-04 4.754216397522e-05
TRACE fcgl theta=4.414062500000e-01 dbob=4.645637882116e-04 +2.591926220043e-03i divx=-7.528102172132e-04 -4.365478733603e-03i kapx=1.441232145008e-04 +8.867762567802e-04i jac=3.269996507547e+01
TRACE fcgl integrands=3.208541467941e-04 4.921702086616e-05
TRACE fcgl theta=4.433593750000e-01 dbob=3.423171758588e-04 +2.656602072660e-03i divx=-5.475915936589e-04 -4.472382017147e-03i kapx=1.026372089001e-04 +9.078899722434e-04i jac=3.269996507547e+01
TRACE fcgl integrands=3.319382849633e-04 5.093739771851e-05
TRACE fcgl theta=4.453125000000e-01 dbob=2.135993980800e-04 +2.715678055354e-03i divx=-3.317680612436e-04 -4.569573869942e-03i kapx=5.908433158182e-05 +9.269479072943e-04i jac=3.269996507547e+01
TRACE fcgl integrands=3.432037162272e-04 5.270303154215e-05
TRACE fcgl theta=4.472656250000e-01 dbob=7.862890779467e-05 +2.768563029961e-03i divx=-1.057625029535e-04 -4.656065851950e-03i kapx=1.356679757941e-05 +9.437514109946e-04i jac=3.269996507547e+01
TRACE fcgl integrands=3.546333272604e-04 5.451362982726e-05
TRACE fcgl theta=4.492187500000e-01 dbob=-6.232162187382e-05 +2.814670302968e-03i divx=1.299095578256e-04 -4.730884805154e-03i kapx=-3.379396797588e-05 +9.581072510929e-04i jac=3.269996507547e+01
TRACE fcgl integrands=3.662093210397e-04 5.636885694582e-05
TRACE fcgl theta=4.511718750000e-01 dbob=-2.089251754956e-04 +2.853422279983e-03i divx=3.746406125606e-04 -4.793081424739e-03i kapx=-8.285771853252e-05 +9.698295723777e-04i jac=3.269996507547e+01
TRACE fcgl integrands=3.779132532980e-04 5.826830470948e-05
TRACE fcgl theta=4.531250000000e-01 dbob=-3.608005553872e-04 +2.884254799171e-03i divx=6.277324855935e-04 -4.841738200531e-03i kapx=-1.334659651032e-04 +9.787417006800e-04i jac=3.269996507547e+01
TRACE fcgl integrands=3.897259806830e-04 6.021144605834e-05
TRACE fcgl theta=4.550781250000e-01 dbob=-5.175126793520e-04 +2.906621172190e-03i divx=8.883980688627e-04 -4.875976729130e-03i kapx=-1.854426947554e-04 +9.846777784698e-04i jac=3.269996507547e+01
TRACE fcgl integrands=4.016275141855e-04 6.219757161371e-05
TRACE fcgl theta=4.570312500000e-01 dbob=-6.785728905964e-04 +2.919996011567e-03i divx=1.155763247918e-03 -4.894964481251e-03i kapx=-2.385951786607e-04 +9.874842348419e-04i jac=3.269996507547e+01
TRACE fcgl integrands=4.135967766788e-04 6.422570962592e-05
TRACE fcgl theta=4.589843750000e-01 dbob=-8.434391875755e-04 +2.923878966472e-03i divx=1.428868838283e-03 -4.897921183428e-03i kapx=-2.927148253538e-04 +9.870211084785e-04i jac=3.269996507547e+01
TRACE fcgl integrands=4.256112689787e-04 6.629453064873e-05
TRACE fcgl theta=4.609375000000e-01 dbob=-1.011516326686e-03 +2.917798520642e-03i divx=1.706672416183e-03 -4.884125031837e-03i kapx=-3.475780447484e-04 +9.831632555978e-04i jac=3.269996507547e+01
TRACE fcgl integrands=4.376466544069e-04 6.840223903782e-05
TRACE fcgl theta=4.628906250000e-01 dbob=-1.182155804382e-03 +2.901316023597e-03i divx=1.988050008103e-03 -4.852918993184e-03i kapx=-4.029471018607e-04 +9.758014847934e-04i jac=3.269996507547e+01
TRACE fcgl integrands=4.496762771146e-04 7.054645406839e-05
TRACE fcgl theta=4.648437500000e-01 dbob=-1.354655783266e-03 +2.874030127163e-03i divx=2.271797693290e-03 -4.803717459440e-03i kapx=-4.585709550121e-04 +9.648436661389e-04i jac=3.269996507547e+01
TRACE fcgl integrands=4.616706341183e-04 7.272408406350e-05
TRACE fcgl theta=4.667968750000e-01 dbob=-1.528261084357e-03 +2.835581782808e-03i divx=2.556633264817e-03 -4.736013507594e-03i kapx=-5.141860902297e-04 +9.502158623928e-04i jac=3.269996507547e+01
TRACE fcgl integrands=4.735968248609e-04 7.493119739420e-05
TRACE fcgl theta=4.687500000000e-01 dbob=-1.702163420285e-03 +2.785659921720e-03i divx=2.841198180701e-03 -4.649386972496e-03i kapx=-5.695173802079e-04 +9.318635253881e-04i jac=3.269996507547e+01
TRACE fcgl integrands=4.854180049244e-04 7.716289453212e-05
TRACE fcgl theta=4.707031250000e-01 dbob=-1.875502087060e-03 +2.724007890583e-03i divx=3.124060109267e-03 -4.543513472410e-03i kapx=-6.242790111032e-04 +9.097527909137e-04i jac=3.269996507547e+01
TRACE fcgl integrands=4.970928721188e-04 7.941318548747e-05
TRACE fcgl theta=4.726562500000e-01 dbob=-2.047365361284e-03 +2.650430654656e-03i divx=3.403716425771e-03 -4.418174436998e-03i kapx=-6.781755322437e-04 +8.838718911712e-04i jac=3.269996507547e+01
TRACE fcgl integrands=5.085752134336e-04 8.167487694197e-05
TRACE fcgl theta=4.746093750000e-01 dbob=-2.216792862108e-03 +2.564802709683e-03i divx=3.678599044898e-03 -4.273268082008e-03i kapx=-7.309030913950e-04 +8.542326861628e-04i jac=3.269996507547e+01
TRACE fcgl integrands=5.198135402270e-04 8.393947318298e-05
TRACE fcgl theta=4.765625000000e-01 dbob=-2.382779130884e-03 +2.467076570337e-03i divx=3.947080972169e-03 -4.108821161061e-03i kapx=-7.821509206426e-04 +8.208722953620e-04i jac=3.269996507547e+01
TRACE fcgl integrands=5.307508365306e-04 8.619709457068e-05
TRACE fcgl theta=4.785156250000e-01 dbob=-2.544278655573e-03 +2.357291630189e-03i divx=4.207484924988e-03 -3.925001210583e-03i kapx=-8.316031347075e-04 +7.838547901973e-04i jac=3.269996507547e+01
TRACE fcgl integrands=5.413244415668e-04 8.843641673995e-05
TRACE fcgl theta=4.804687500000e-01 dbob=-2.700212522231e-03 +2.235583121954e-03i divx=4.458094311198e-03 -3.722128897545e-03i kapx=-8.789408944837e-04 +7.432728877954e-04i jac=3.269996507547e+01
TRACE fcgl integrands=5.514660826437e-04 9.064463308299e-05
TRACE fcgl theta=4.824218750000e-01 dbob=-2.849476814376e-03 +2.102190851891e-03i divx=4.697166762509e-03 -3.500689989216e-03i kapx=-9.238449740664e-04 +6.992495686627e-04i jac=3.269996507547e+01
TRACE fcgl integrands=5.611020687515e-04 9.280744231654e-05
TRACE fcgl theta=4.843750000000e-01 dbob=-2.990952805958e-03 +1.957467342919e-03i divx=4.922950306457e-03 -3.261346396879e-03i kapx=-9.659987502492e-04 +6.519395269802e-04i jac=3.269996507547e+01
TRACE fcgl integrands=5.701536487177e-04 9.490906216116e-05
TRACE fcgl theta=4.863281250000e-01 dbob=-3.123518909413e-03 +1.801885000717e-03i divx=5.133702130402e-03 -3.004945707113e-03i kapx=-1.005091610494e-03 +6.015303531981e-04i jac=3.269996507547e+01
TRACE fcgl integrands=5.785375310602e-04 9.693226940870e-05
TRACE fcgl theta=4.882812500000e-01 dbob=-3.246064251986e-03 +1.636041917721e-03i divx=5.327709752203e-03 -2.732528608841e-03i kapx=-1.040822750108e-03 +5.482433455597e-04i jac=3.269996507547e+01
TRACE fcgl integrands=5.861665561170e-04 9.885846599476e-05
TRACE fcgl theta=4.902343750000e-01 dbob=-3.357503666639e-03 +1.460665952345e-03i divx=5.503314273480e-03 -2.445333653553e-03i kapx=-1.072905303420e-03 +4.923338506039e-04i jac=3.269996507547e+01
TRACE fcgl integrands=5.929505050639e-04 1.006677701908e-04
TRACE fcgl theta=4.921875000000e-01 dbob=-3.456793804023e-03 +1.276616764053e-03i divx=5.658935261701e-03 -2.144798849443e-03i kapx=-1.101070728839e-03 +4.340910426946e-04i jac=3.269996507547e+01
TRACE fcgl integrands=5.987970255184e-04 1.023391317478e-04
TRACE fcgl theta=4.941406250000e-01 dbob=-3.542950004359e-03 +1.084885546946e-03i divx=5.793096695409e-03 -1.832559684639e-03i kapx=-1.125073345525e-03 +3.738370688466e-04i jac=3.269996507547e+01
TRACE fcgl integrands=6.036126499579e-04 1.038504698097e-04
TRACE fcgl theta=4.960937500000e-01 dbob=-3.615063517128e-03 +8.865922816525e-04i divx=5.904453320252e-03 -1.510443295179e-03i kapx=-1.144694901562e-03 +3.119255067631e-04i jac=3.269996507547e+01
TRACE fcgl integrands=6.073038815109e-04 1.051788326985e-04
TRACE fcgl theta=4.980468750000e-01 dbob=-3.672318625545e-03 +6.829804130351e-04i divx=5.991816708201e-03 -1.180458632808e-03i kapx=-1.159749041328e-03 +2.487391098866e-04i jac=3.269996507547e+01
TRACE fcgl integrands=6.097783220309e-04 1.063005792648e-04
TRACE fcgl theta=5.000000000000e-01 dbob=-3.714009224031e-03 +4.754089539929e-04i divx=6.054180292453e-03 -8.447826377138e-04i kapx=-1.170085534211e-03 +1.846868418605e-04i jac=3.269996507547e+01
TRACE fcgl integrands=6.109458198395e-04 1.071915823741e-04
TRACE fcgl theta=5.019531250000e-01 dbob=-3.739554410764e-03 +2.653421077907e-04i divx=6.090742667603e-03 -5.057425725431e-04i kapx=-1.175594128419e-03 +1.202002323762e-04i jac=3.269996507547e+01
TRACE fcgl integrands=6.107196190430e-04 1.078274562048e-04
TRACE fcgl theta=5.039062500000e-01 dbob=-3.748512692910e-03 +5.433658701826e-05i divx=6.100928498004e-03 -1.657948171949e-04i kapx=-1.176207902547e-03 +5.572911508831e-05i jac=3.269996507547e+01
TRACE fcgl integrands=6.090174986586e-04 1.081838102909e-04
TRACE fcgl theta=5.058593750000e-01 dbob=-3.740594456808e-03 -1.559731188234e-04i divx=6.084406463345e-03 +1.724994502454e-04i kapx=-1.171906003269e-03 -8.263165711018e-06i jac=3.269996507547e+01
TRACE fcgl integrands=6.057628974969e-04 1.082365345362e-04
TRACE fcgl theta=5.078125000000e-01 dbob=-3.715672425186e-03 -3.638912175077e-04i divx=6.041103783736e-03 +5.065011601522e-04i kapx=-1.162715679275e-03 -7.130497132224e-05i jac=3.269996507547e+01
TRACE fcgl integrands=6.008860292766e-04 1.079621206207e-04
TRACE fcgl theta=5.097656250000e-01 dbob=-3.673789903587e-03 -5.676784824455e-04i divx=5.971216999414e-03 +8.335222495835e-04i kapx=-1.148713547914e-03 -1.329218835690e-04i jac=3.269996507547e+01
TRACE fcgl integrands=5.943250010858e-04 1.073380261616e-04
TRACE fcgl theta=5.117187500000e-01 dbob=-3.615166702660e-03 -7.655711511183e-04i divx=5.875218823500e-03 +1.150855921416e-03i kapx=-1.130026060420e-03 -1.926423851487e-04i jac=3.269996507547e+01
TRACE fcgl integrands=5.860269562712e-04 1.063430885278e-04
TRACE fcgl theta=5.136718750000e-01 dbob=-3.540202705855e-03 -9.558004947023e-04i divx=5.753861030160e-03 +1.455807635521e-03i kapx=-1.106829162153e-03 -2.500035704092e-04i jac=3.269996507547e+01
TRACE fcgl integrands=5.759492693049e-04 1.049579951618e-04
TRACE fcgl theta=5.156250000000e-01 dbob=-3.449479127315e-03 -1.136612725550e-03i divx=5.608173475258e-03 +1.745726240074e-03i kapx=-1.079347173972e-03 -3.045567572619e-04i jac=3.269996507547e+01
TRACE fcgl integrands=5.640608243502e-04 1.031658164995e-04
TRACE fcgl theta=5.175781250000e-01 dbob=-3.343757566997e-03 -1.306288952059e-03i divx=5.439459462627e-03 +2.018034719246e-03i kapx=-1.047850947815e-03 -3.558728835932e-04i jac=3.269996507547e+01
TRACE fcgl integrands=5.503434103761e-04 1.009526059624e-04
TRACE fcgl theta=5.195312500000e-01 dbob=-3.223977014811e-03 -1.463164946209e-03i divx=5.249287758718e-03 +2.270260126542e-03i kapx=-1.012655371953e-03 -4.035475901668e-04i jac=3.269996507547e+01
TRACE fcgl integrands=5.347932631365e-04 9.830806891669e-05
TRACE fcgl theta=5.214843750000e-01 dbob=-3.091248979867e-03 -1.605650552148e-03i divx=5.039481615417e-03 +2.500062382555e-03i kapx=-9.741163177749e-04 -4.472059152033e-04i jac=3.269996507547e+01
TRACE fcgl integrands=5.174227776820e-04 9.522629890777e-05
TRACE fcgl theta=5.234375000000e-01 dbob=-2.946850923291e-03 -1.732248628471e-03i divx=4.812105181895e-03 +2.705261732082e-03i kapx=-9.326271293020e-04 -4.865065518056e-04i jac=3.269996507547e+01
TRACE fcgl integrands=4.982624040342e-04 9.170657486101e-05
TRACE fcgl theta=5.253906250000e-01 dbob=-2.792218153849e-03 -1.841573475640e-03i divx=4.569447670697e-03 +2.883864767999e-03i kapx=-8.886147584235e-04 -5.211456461794e-04i jac=3.269996507547e+01
TRACE fcgl integrands=4.773627232133e-04 8.775420735314e-05
TRACE fcgl theta=5.273437500000e-01 dbob=-2.628934307200e-03 -1.932368747304e-03i divx=4.314005593228e-03 +3.034089027438e-03i kapx=-8.425356430142e-04 -5.508601400671e-04i jac=3.269996507547e+01
TRACE fcgl integrands=4.547966811906e-04 8.338141563133e-05
TRACE fcgl theta=5.292968750000e-01 dbob=-2.458720475708e-03 -2.003524874326e-03i divx=4.048463300426e-03 +3.154386240211e-03i kapx=-7.948714123592e-04 -5.754306829427e-04i jac=3.269996507547e+01
TRACE fcgl integrands=4.306619350742e-04 7.860820999896e-05
TRACE fcgl theta=5.312500000000e-01 dbob=-2.283422992173e-03 -2.054096039110e-03i divx=3.775671963570e-03 +3.243464352061e-03i kapx=-7.461244856982e-04 -5.946841564759e-04i jac=3.269996507547e+01
TRACE fcgl integrands=4.050832397552e-04 7.346324680743e-05
TRACE fcgl theta=5.332031250000e-01 dbob=-2.104999803975e-03 -2.083316722438e-03i divx=3.498627017748e-03 +3.300308450591e-03i kapx=-6.968136068862e-04 -6.084958640766e-04i jac=3.269996507547e+01
TRACE fcgl integrands=3.782147755166e-04 6.798461599479e-05
TRACE fcgl theta=5.351562500000e-01 dbob=-1.925505311543e-03 -2.090617804859e-03i divx=3.220443977803e-03 +3.324200686837e-03i kapx=-6.474693331299e-04 -6.167914409890e-04i jac=3.269996507547e+01
TRACE fcgl integrands=3.502422892266e-04 6.222051439350e-05
TRACE fcgl theta=5.371093750000e-01 dbob=-1.747073494254e-03 -2.075642140984e-03i divx=2.944332435704e-03 +3.314739210913e-03i kapx=-5.986294707249e-04 -6.195485349642e-04i jac=3.269996507547e+01
TRACE fcgl integrands=3.213848955392e-04 5.622975247237e-05
TRACE fcgl theta=5.390625000000e-01 dbob=-1.571899115003e-03 -2.038259441319e-03i divx=2.673567971068e-03 +3.271856029696e-03i kapx=-5.508344280328e-04 -6.167982941886e-04i jac=3.269996507547e+01
TRACE fcgl integrands=2.918963620970e-04 5.008203842605e-05
TRACE fcgl theta=5.410156250000e-01 dbob=-1.402216788053e-03 -1.978580197848e-03i divx=2.411461663714e-03 +3.195833555258e-03i kapx=-5.046224378305e-04 -6.086266787051e-04i jac=3.269996507547e+01
TRACE fcgl integrands=2.620656864157e-04 4.385798224476e-05
TRACE fcgl theta=5.429687500000e-01 dbob=-1.240277718107e-03 -1.896968283812e-03i divx=2.161326897404e-03 +3.087319454710e-03i kapx=-4.605245896486e-04 -5.951755854488e-04i jac=3.269996507547e+01
TRACE fcgl integrands=2.322167643321e-04 3.764876423345e-05
TRACE fcgl theta=5.449218750000e-01 dbob=-1.088323974634e-03 -1.794051753238e-03i divx=1.926443193401e-03 +2.947339247616e-03i kapx=-4.190596093837e-04 -5.766437471887e-04i jac=3.269996507547e+01
TRACE fcgl integrands=2.027069529962e-04 3.155541796380e-05
TRACE fcgl theta=5.468750000000e-01 dbob=-9.485602549537e-04 -1.670731271314e-03i divx=1.710016913701e-03 +2.777305940286e-03i kapx=-3.807283293737e-04 -5.532873344860e-04i jac=3.269996507547e+01
TRACE fcgl integrands=1.739243474870e-04 2.568768724407e-05
TRACE fcgl theta=5.488281250000e-01 dbob=-8.231232103813e-04 -1.528185531906e-03i divx=1.515138825749e-03 +2.579025851685e-03i kapx=-3.460078076837e-04 -5.254201598897e-04i jac=3.269996507547e+01
TRACE fcgl integrands=1.462836208457e-04 2.016243057140e-05
TRACE fcgl theta=5.507812500000e-01 dbob=-7.140485574542e-04 -1.367872972508e-03i divx=1.344738717959e-03 +2.354699687932e-03i kapx=-3.153450802526e-04 -4.934133577122e-04i jac=3.269996507547e+01
TRACE fcgl integrands=1.202203235339e-04 1.510156458956e-05
TRACE fcgl theta=5.527343750000e-01 dbob=-6.232363640371e-04 -1.191529087537e-03i divx=1.201537489600e-03 +2.106917874546e-03i kapx=-2.891505627815e-04 -4.576943935046e-04i jac=3.269996507547e+01
TRACE fcgl integrands=9.618359992117e-05 1.062955987784e-05
TRACE fcgl theta=5.546875000000e-01 dbob=-5.524150788683e-04 -1.001158674183e-03i divx=1.087997397021e-03 +1.838649168443e-03i kapx=-2.677911590765e-04 -4.187452471301e-04i jac=3.269996507547e+01
TRACE fcgl integrands=7.462735508964e-05 6.870527135242e-06
TRACE fcgl theta=5.566406250000e-01 dbob=-5.031050523225e-04 -7.990224249025e-04i divx=1.006271405627e-03 +1.553221652888e-03i kapx=-2.515831766521e-04 -3.770996139930e-04i jac=3.269996507547e+01
TRACE fcgl integrands=5.599999238257e-05 3.944958322879e-06
TRACE fcgl theta=5.585937500000e-01 dbob=-4.765824640704e-04 -5.876174081276e-04i divx=9.581528559392e-04 +1.254295371724e-03i kapx=-2.407851959344e-04 -3.333389817980e-04i jac=3.269996507547e+01
TRACE fcgl integrands=4.073293671517e-05 1.966214070553e-06
TRACE fcgl theta=5.605468750000e-01 dbob=-4.738447178696e-04 -3.696511519726e-04i divx=9.450268842918e-04 +9.458260833623e-04i kapx=-2.355910832111e-04 -2.880874656948e-04i jac=3.269996507547e+01
TRACE fcgl integrands=2.922825543260e-05 1.036873862415e-06
TRACE fcgl theta=5.625000000000e-01 dbob=-4.955784732564e-04 -1.480092597277e-04i divx=9.678252258209e-04 +6.320199047551e-04i kapx=-2.361233762823e-04 -2.420053225137e-04i jac=3.269996507547e+01
TRACE fcgl integrands=2.184578110164e-05 1.245087257360e-06
TRACE fcgl theta=5.644531250000e-01 dbob=-5.421315478950e-04 +7.428326723390e-05i divx=1.026986152596e-03 +3.172789604917e-04i kapx=-2.424273023505e-04 -1.957811138628e-04i jac=3.269996507547e+01
TRACE fcgl integrands=1.889022204074e-05 2.661080725298e-06
TRACE fcgl theta=5.664062500000e-01 dbob=-6.134899341885e-04 +2.941065544006e-04i divx=1.122421348478e-03 +6.138537926323e-06i kapx=-2.544657071450e-04 -1.501225461634e-04i jac=3.269996507547e+01
TRACE fcgl integrands=2.059880942036e-05 5.333983794709e-06
TRACE fcgl theta=5.683593750000e-01 dbob=-7.092611233839e-04 +5.082955035997e-04i divx=1.253491483754e-03 -2.968033425579e-04i kapx=-2.721151801852e-04 -1.057460805209e-04i jac=3.269996507547e+01
TRACE fcgl integrands=2.713006760165e-05 9.289138636817e-06
TRACE fcgl theta=5.703125000000e-01 dbob=-8.286648168768e-04 +7.136935699248e-04i divx=1.418992120324e-03 -5.869626232401e-04i kapx=-2.951636517236e-04 -6.336547334236e-05i jac=3.269996507547e+01
TRACE fcgl integrands=3.855430127634e-05 1.452604797232e-05
TRACE fcgl theta=5.722656250000e-01 dbob=-9.705319281993e-04 +9.072094151712e-04i divx=1.617151350942e-03 -8.598504630685e-04i kapx=-3.233097113715e-04 -2.367947605136e-05i jac=3.269996507547e+01
TRACE fcgl integrands=5.484636485230e-05 2.101709691925e-05
TRACE fcgl theta=5.742187500000e-01 dbob=-1.133312544403e-03 +1.085874967874e-03i divx=1.845640257887e-03 -1.111156997610e-03i kapx=-3.561638567418e-04 +1.264101486838e-05i jac=3.269996507547e+01
TRACE fcgl integrands=7.588121455676e-05 2.870715547000e-05
TRACE fcgl theta=5.761718750000e-01 dbob=-1.315093229911e-03 +1.246903249974e-03i divx=2.101596877224e-03 -1.336835273797e-03i kapx=-3.932518236562e-04 +4.496601191157e-05i jac=3.269996507547e+01
TRACE fcgl integrands=1.014326426992e-04 3.751413082012e-05
TRACE fcgl theta=5.781250000000e-01 dbob=-1.513623730442e-03 +1.387744221149e-03i divx=2.381663889546e-03 -1.533182835071e-03i kapx=-4.340200795519e-04 +7.271930696137e-05i jac=3.269996507547e+01
TRACE fcgl integrands=1.311754600881e-04 4.733049463559e-05
TRACE fcgl theta=5.800781250000e-01 dbob=-1.726352783206e-03 +1.506136853401e-03i divx=2.682039746322e-03 -1.696918340770e-03i kapx=-4.778434815583e-04 +9.539074368430e-05i jac=3.269996507547e+01
TRACE fcgl integrands=1.646912331720e-04 5.802576204672e-05
TRACE fcgl theta=5.820312500000e-01 dbob=-1.950472378271e-03 +1.600155686891e-03i divx=2.998542406183e-03 -1.825250624476e-03i kapx=-5.240350139562e-04 +1.125474687922e-04i jac=3.269996507547e+01
TRACE fcgl integrands=2.014775060186e-04 6.944984968110e-05
TRACE fcgl theta=5.839843750000e-01 dbob=-2.182969462294e-03 +1.668250235475e-03i divx=3.326684323480e-03 -1.915937735213e-03i kapx=-5.718574305932e-04 +1.238437498693e-04i jac=3.269996507547e+01
TRACE fcgl integrands=2.409602546379e-04 8.143719264623e-05
TRACE fcgl theta=5.859375000000e-01 dbob=-2.420683747582e-03 +1.709275805368e-03i divx=3.661756829378e-03 -1.967333762168e-03i kapx=-6.205365408983e-04 +1.290289783999e-04i jac=3.269996507547e+01
TRACE fcgl integrands=2.825091444433e-04 9.381145830451e-05
TRACE fcgl theta=5.878906250000e-01 dbob=-2.660370004018e-03 +1.722514556755e-03i divx=3.998921600210e-03 -1.978421611080e-03i kapx=-6.692757980961e-04 +1.279535271626e-04i jac=3.269996507547e+01
TRACE fcgl integrands=3.254550030900e-04 1.063906609497e-04
TRACE fcgl theta=5.898437500000e-01 dbob=-2.898762984669e-03 +1.707685966122e-03i divx=4.333306543823e-03 -1.948830365387e-03i kapx=-7.172717795772e-04 +1.205721996321e-04i jac=3.269996507547e+01
TRACE fcgl integrands=3.691087920021e-04 1.189924585783e-04
TRACE fcgl theta=5.917968750000e-01 dbob=-3.132642981099e-03 +1.664946223083e-03i divx=4.660103173510e-03 -1.878836408583e-03i kapx=-7.637300962054e-04 +1.069450927501e-04i jac=3.269996507547e+01
TRACE fcgl integrands=4.127812702883e-04 1.314394025946e-04
TRACE fcgl theta=5.937500000000e-01 dbob=-3.358899931754e-03 +1.594876502898e-03i divx=4.974662397811e-03 -1.769348082366e-03i kapx=-8.078812330285e-04 +8.723578973406e-05i jac=3.269996507547e+01
TRACE fcgl integrands=4.558025014429e-04 1.435639143317e-04
TRACE fcgl theta=5.957031250000e-01 dbob=-3.574594022262e-03 +1.498460476223e-03i divx=5.272585644015e-03 -1.621874280398e-03i kapx=-8.489958108763e-04 +6.170690208721e-05i jac=3.269996507547e+01
TRACE fcgl integrands=4.975403599346e-04 1.552127785663e-04
TRACE fcgl theta=5.976562500000e-01 dbob=-3.777010821902e-03 +1.377051830856e-03i divx=5.549808358071e-03 -1.438478000262e-03i kapx=-8.863987680849e-04 +3.071308470289e-05i jac=3.269996507547e+01
TRACE fcgl integrands=5.374172514384e-04 1.662509726029e-04
TRACE fcgl theta=5.996093750000e-01 dbob=-3.963709192907e-03 +1.232332966545e-03i divx=5.802673181511e-03 -1.221716465971e-03i kapx=-9.194819943020e-04 -5.308250286905e-06i jac=3.269996507547e+01
TRACE fcgl integrands=5.749243632694e-04 1.765646879734e-04
TRACE fcgl theta=6.015625000000e-01 dbob=-4.132560481291e-03 +1.066266364115e-03i divx=6.027990487256e-03 -9.745699607596e-04i kapx=-9.477150029824e-04 -4.584820167786e-05i jac=3.269996507547e+01
TRACE fcgl integrands=6.096329032328e-04 1.860634475640e-04
TRACE fcgl theta=6.035156250000e-01 dbob=-4.281777837756e-03 +8.810404073348e-04i divx=6.223084444885e-03 -7.003619481668e-04i kapx=-9.706533035646e-04 -9.033922958401e-05i jac=3.269996507547e+01
TRACE fcgl integrands=6.412019554464e-04 1.946812707817e-04
TRACE fcgl theta=6.054687500000e-01 dbob=-4.409934909707e-03 +6.790116359144e-04i divx=6.385823359926e-03 -4.026733858459e-04i kapx=-9.879442251097e-04 -1.381691250343e-04i jac=3.269996507547e+01
TRACE fcgl integrands=6.693827685609e-04 2.023768897446e-04
TRACE fcgl theta=6.074218750000e-01 dbob=-4.515973571956e-03 +4.626455206625e-04i divx=6.514633664178e-03 -8.525433409723e-05i kapx=-9.993300461109e-04 -1.886955932826e-04i jac=3.269996507547e+01
TRACE fcgl integrands=6.940194820734e-04 2.091330670201e-04
TRACE fcgl theta=6.093750000000e-01 dbob=-4.599200804260e-03 +2.344578710675e-04i divx=6.608497594791e-03 +2.480639809198e-04i kapx=-1.004648395265e-03 -2.412609259936e-04i jac=3.269996507547e+01
TRACE fcgl integrands=7.150464771627e-04 2.149551071280e-04
TRACE fcgl theta=6.113281250000e-01 dbob=-4.659275257048e-03 -3.041089559384e-06i divx=6.666935256665e-03 +5.934535743929e-04i kapx=-1.003829999809e-03 -2.952062424168e-04i jac=3.269996507547e+01
TRACE fcgl integrands=7.324826979728e-04 2.198686874341e-04
TRACE fcgl theta=6.132812500000e-01 dbob=-4.696184451678e-03 -2.473981121080e-04i divx=6.689972383549e-03 +9.471677296893e-04i kapx=-9.968939659357e-04 -3.498848087906e-04i jac=3.269996507547e+01
TRACE fcgl integrands=7.464234180310e-04 2.239171575516e-04
TRACE fcgl theta=6.152343750000e-01 dbob=-4.710213918692e-03 -4.962621516877e-04i divx=6.678095667603e-03 +1.305610145899e-03i kapx=-9.839408744552e-04 -4.046739971059e-04i jac=3.269996507547e+01
TRACE fcgl integrands=7.570300179088e-04 2.271584691489e-04
TRACE fcgl theta=6.171875000000e-01 dbob=-4.701909869656e-03 -7.474221361054e-04i divx=6.632197987939e-03 +1.665393168807e-03i kapx=-9.651440591415e-04 -4.589855163510e-04i jac=3.269996507547e+01
TRACE fcgl integrands=7.645183909940e-04 2.296619002564e-04
TRACE fcgl theta=6.191406250000e-01 dbob=-4.672037211482e-03 -9.988363401128e-04i divx=6.553516213585e-03 +2.023383615573e-03i kapx=-9.407395010514e-04 -5.122736377303e-04i jac=3.269996507547e+01
TRACE fcgl integrands=7.691466044147e-04 2.315047306751e-04
TRACE fcgl theta=6.210937500000e-01 dbob=-4.621534837059e-03 -1.248652837750e-03i divx=6.443564469233e-03 +2.376735308627e-03i kapx=-9.110148160868e-04 -5.640412354384e-04i jac=3.269996507547e+01
TRACE fcgl integrands=7.712024149048e-04 2.327690095040e-04
TRACE fcgl theta=6.230468750000e-01 dbob=-4.551470157457e-03 -1.495220923583e-03i divx=6.304065823946e-03 +2.722908065857e-03i kapx=-8.762978332448e-04 -6.138435711373e-04i jac=3.269996507547e+01
TRACE fcgl integrands=7.709911805095e-04 2.335385341524e-04
TRACE fcgl theta=6.250000000000e-01 dbob=-4.462994779012e-03 -1.737093804272e-03i divx=6.136885292024e-03 +3.059673519675e-03i kapx=-8.369452565064e-04 -6.612898577014e-04i jac=3.269996507547e+01
TRACE fcgl integrands=7.688246261211e-04 2.338961347748e-04
TRACE fcgl theta=6.269531250000e-01 dbob=-4.357303078003e-03 -1.973023244138e-03i divx=5.943966827482e-03 +3.385108724998e-03i kapx=-7.933318747398e-04 -7.060427404295e-04i jac=3.269996507547e+01
TRACE fcgl integrands=7.650108225202e-04 2.339213311336e-04
TRACE fcgl theta=6.289062500000e-01 dbob=-4.235595195925e-03 -2.201947183188e-03i divx=5.727276662273e-03 +3.697579036084e-03i kapx=-7.458407331740e-04 -7.478159264476e-04i jac=3.269996507547e+01
TRACE fcgl integrands=7.598456336143e-04 2.336884025406e-04
TRACE fcgl theta=6.308593750000e-01 dbob=-4.099045683142e-03 -2.422971617524e-03i divx=5.488754903186e-03 +3.995712158874e-03i kapx=-6.948546100222e-04 -7.863702706750e-04i jac=3.269996507547e+01
TRACE fcgl integrands=7.536057829434e-04 2.332648874501e-04
TRACE fcgl theta=6.328125000000e-01 dbob=-3.948778674769e-03 -2.635348227534e-03i divx=5.230276788300e-03 +4.278365598816e-03i kapx=-6.407490567652e-04 -8.215086856415e-04i jac=3.269996507547e+01
TRACE fcgl integrands=7.465435949569e-04 2.327105086985e-04
TRACE fcgl theta=6.347656250000e-01 dbob=-3.785850109244e-03 -2.838449350764e-03i divx=4.953624439934e-03 +4.544589910373e-03i kapx=-5.838871653451e-04 -8.530702798043e-04i jac=3.269996507547e+01
TRACE fcgl integrands=7.388833839677e-04 2.320765039899e-04
TRACE fcgl theta=6.367187500000e-01 dbob=-3.611237117568e-03 -3.031741920459e-03i divx=4.660469368425e-03 +4.793590207014e-03i kapx=-5.246161254283e-04 -8.809241432775e-04i jac=3.269996507547e+01
TRACE fcgl integrands=7.308193970046e-04 2.314053291994e-04
TRACE fcgl theta=6.386718750000e-01 dbob=-3.425834340170e-03 -3.214761928794e-03i divx=4.352365411331e-03 +5.024688310399e-03i kapx=-4.632655355804e-04 -9.049631908026e-04i jac=3.269996507547e+01
TRACE fcgl integrands=7.225151670307e-04 2.307306941303e-04
TRACE fcgl theta=6.406250000000e-01 dbob=-3.230456588192e-03 -3.387090832141e-03i divx=4.030751266358e-03 +5.237287713018e-03i kapx=-4.001473390827e-04 -9.250984404389e-04i jac=3.269996507547e+01
TRACE fcgl integrands=7.141040995046e-04 2.300778859321e-04
TRACE fcgl theta=6.425781250000e-01 dbob=-3.025846973964e-03 -3.548335104567e-03i divx=3.696961320452e-03 +5.430843214926e-03i kapx=-3.355571732440e-04 -9.412540551792e-04i jac=3.269996507547e+01
TRACE fcgl integrands=7.056910961419e-04 2.294643336678e-04
TRACE fcgl theta=6.445312500000e-01 dbob=-2.812689405722e-03 -3.698109879391e-03i divx=3.352243115110e-03 +5.604836693245e-03i kapx=-2.697768546940e-04 -9.533634069271e-04i jac=3.269996507547e+01
TRACE fcgl integrands=6.973550122674e-04 2.289003676761e-04
TRACE fcgl theta=6.464843750000e-01 dbob=-2.591624184533e-03 -3.836027313777e-03i divx=2.997779535744e-03 +5.758759998481e-03i kapx=-2.030776756057e-04 -9.613663423518e-04i jac=3.269996507547e+01
TRACE fcgl integrands=6.891517454088e-04 2.283901286318e-04
TRACE fcgl theta=6.484375000000e-01 dbob=-2.363265362836e-03 -3.961689986719e-03i divx=2.634713681352e-03 +5.892105472742e-03i kapx=-1.357241592576e-04 -9.652077430114e-04i jac=3.269996507547e+01
TRACE fcgl integrands=6.811177599796e-04 2.279325829469e-04
TRACE fcgl theta=6.503906250000e-01 dbob=-2.128218525317e-03 -4.074689315431e-03i divx=2.264174362708e-03 +6.004364081663e-03i kapx=-6.797791869542e-05 -9.648373831158e-04i jac=3.269996507547e+01
TRACE fcgl integrands=6.732738637916e-04 2.275226030080e-04
TRACE fcgl theta=6.523437500000e-01 dbob=-1.887097730627e-03 -4.174608668088e-03i divx=1.887300288813e-03 +6.095030673437e-03i kapx=-1.012790928044e-07 -9.602110026746e-04i jac=3.269996507547e+01
TRACE fcgl integrands=6.656290651848e-04 2.271520725330e-04
TRACE fcgl theta=6.542968750000e-01 dbob=-1.640540499139e-03 -4.261030578972e-03i divx=1.505261221293e-03 +6.163615452089e-03i kapx=6.763963892337e-05 -9.512924365586e-04i jac=3.269996507547e+01
TRACE fcgl integrands=6.581843539836e-04 2.268109791303e-04
TRACE fcgl theta=6.562500000000e-01 dbob=-1.389219935959e-03 -4.333547250167e-03i divx=1.119274687858e-03 +6.209660401371e-03i kapx=1.349726240504e-04 -9.380565756020e-04i jac=3.269996507547e+01
TRACE fcgl integrands=6.509362651612e-04 2.264884581588e-04
TRACE fcgl theta=6.582031250000e-01 dbob=-1.133853325374e-03 -4.391773363125e-03i divx=7.306172266792e-04 +6.232759138779e-03i kapx=2.016180493475e-04 -9.204928878266e-04i jac=3.269996507547e+01
TRACE fcgl integrands=6.438801013451e-04 2.261737545098e-04
TRACE fcgl theta=6.601562500000e-01 dbob=-8.752068061967e-04 -4.435360131002e-03i divx=3.406295581049e-04 +6.232578528393e-03i kapx=2.672886240459e-04 -8.986091986951e-04i jac=3.269996507547e+01
TRACE fcgl integrands=6.370127096495e-04 2.258570722607e-04
TRACE fcgl theta=6.621093750000e-01 dbob=-6.140960193629e-04 -4.464009501578e-03i divx=-4.928447900856e-05 +6.208880342126e-03i kapx=3.316902491857e-04 -8.724354202740e-04i jac=3.269996507547e+01
TRACE fcgl integrands=6.303347302092e-04 2.255302864999e-04
TRACE fcgl theta=6.640625000000e-01 dbob=-3.513828921379e-04 -4.477487469335e-03i divx=-4.376649597223e-04 +6.161541330079e-03i kapx=3.945239259301e-04 -8.420269303724e-04i jac=3.269996507547e+01
TRACE fcgl integrands=6.238522583380e-04 2.251874970876e-04
TRACE fcgl theta=6.660156250000e-01 dbob=-8.796897072699e-05 -4.475635568214e-03i divx=-8.230082159543e-04 +6.090570234023e-03i kapx=4.554885933406e-04 -8.074673329044e-04i jac=3.269996507547e+01
TRACE fcgl integrands=6.175778890987e-04 2.248254106177e-04
TRACE fcgl theta=6.679687500000e-01 dbob=1.752140793777e-04 -4.458379784226e-03i divx=-1.203783501105e-03 +5.996120539326e-03i kapx=5.142847108636e-04 -7.688703775500e-04i jac=3.269996507547e+01
TRACE fcgl integrands=6.115311413851e-04 2.244435441633e-04
TRACE fcgl theta=6.699218750000e-01 dbob=4.372160299347e-04 -4.425736336843e-03i divx=-1.578452736824e-03 +5.878498090675e-03i kapx=5.706183534449e-04 -7.263808769157e-04i jac=3.269996507547e+01
TRACE fcgl integrands=6.057382870605e-04 2.240442521447e-04
TRACE fcgl theta=6.718750000000e-01 dbob=6.970808313819e-04 -4.377814015144e-03i divx=-1.945491944874e-03 +5.738163072525e-03i kapx=6.242055567459e-04 -6.801745286905e-04i jac=3.269996507547e+01
TRACE fcgl integrands=6.002316376303e-04 2.236325853948e-04
TRACE fcgl theta=6.738281250000e-01 dbob=9.538596339613e-04 -4.314813002767e-03i divx=-2.303412909895e-03 +5.575726251038e-03i kapx=6.747766379668e-04 -6.304566241354e-04i jac=3.269996507547e+01
TRACE fcgl integrands=5.950483646215e-04 2.232159987286e-04
TRACE fcgl theta=6.757812500000e-01 dbob=1.206623213386e-03 -4.237020368509e-03i divx=-2.650783662705e-03 +5.391939764067e-03i kapx=7.220802246596e-04 -5.774596977790e-04i jac=3.269996507547e+01
TRACE fcgl integrands=5.902289487067e-04 2.228039295834e-04
TRACE fcgl theta=6.777343750000e-01 dbob=1.454473014974e-03 -4.144802621118e-03i divx=-2.986246512609e-03 +5.187683104475e-03i kapx=7.658867488176e-04 -5.214402416786e-04i jac=3.269996507547e+01
TRACE fcgl integrands=5.858153654356e-04 2.224072752138e-04
TRACE fcgl theta=6.796875000000e-01 dbob=1.696550170366e-03 -4.038595913640e-03i divx=-3.308532579291e-03 +4.963945246990e-03i kapx=8.059912044627e-04 -4.626746666748e-04i jac=3.269996507547e+01
TRACE fcgl integrands=5.818491215466e-04 2.220377992497e-04
TRACE fcgl theta=6.816406250000e-01 dbob=1.932042021242e-03 -3.918894623150e-03i divx=-3.616472063142e-03 +4.721804101204e-03i kapx=8.422150209503e-04 -4.014547390272e-04i jac=3.269996507547e+01
TRACE fcgl integrands=5.783692551965e-04 2.217075000536e-04
TRACE fcgl theta=6.835937500000e-01 dbob=2.160185891463e-03 -3.786239117831e-03i divx=-3.908999826403e-03 +4.462404619518e-03i kapx=8.744069674702e-04 -3.380827508435e-04i jac=3.269996507547e+01
TRACE fcgl integrands=5.754104066634e-04 2.214279732900e-04
TRACE fcgl theta=6.855468750000e-01 dbob=2.380270067951e-03 -3.641203550729e-03i divx=-4.185156212759e-03 +4.186936940868e-03i kapx=9.024430724039e-04 -2.728666950694e-04i jac=3.269996507547e+01
TRACE fcgl integrands=5.730010542852e-04 2.212097996035e-04
TRACE fcgl theta=6.875000000000e-01 dbob=2.591632166116e-03 -3.484384487698e-03i divx=-4.444083385443e-03 +3.896615907435e-03i kapx=9.262256096634e-04 -2.061157098684e-04i jac=3.269996507547e+01
TRACE fcgl integrands=5.711619950850e-04 2.210619855590e-04
TRACE fcgl theta=6.894531250000e-01 dbob=2.793655252924e-03 -3.316391089523e-03i divx=-4.685017789528e-03 +3.592663156744e-03i kapx=9.456812683019e-04 -1.381360336105e-04i jac=3.269996507547e+01
TRACE fcgl integrands=5.699051323468e-04 2.209914823138e-04
TRACE fcgl theta=6.914062500000e-01 dbob=2.985762266526e-03 -3.137837432016e-03i divx=-4.907279621028e-03 +3.276292776242e-03i kapx=9.607586772512e-04 -6.922767211309e-05i jac=3.269996507547e+01
TRACE fcgl integrands=5.692326148687e-04 2.210028021731e-04
TRACE fcgl theta=6.933593750000e-01 dbob=3.167409394738e-03 -2.949337373171e-03i divx=-5.110260395364e-03 +2.948701227179e-03i kapx=9.714255003131e-04 +3.180729959030e-07i jac=3.269996507547e+01
TRACE fcgl integrands=5.691363559976e-04 2.210977484924e-04
TRACE fcgl theta=6.953125000000e-01 dbob=3.338079147594e-03 -2.751502175824e-03i divx=-5.293409836893e-03 +2.611061919223e-03i kapx=9.776653446492e-04 +7.022012830064e-05i jac=3.269996507547e+01
TRACE fcgl integrands=5.695979456264e-04 2.212752695241e-04
TRACE fcgl theta=6.972656250000e-01 dbob=3.497273877249e-03 -2.544940881758e-03i divx=-5.456223351428e-03 +2.264524469145e-03i kapx=9.794747370895e-04 +1.402082063064e-04i jac=3.269996507547e+01
TRACE fcgl integrands=5.705889554228e-04 2.215314419104e-04
TRACE fcgl theta=6.992187500000e-01 dbob=3.644510460903e-03 -2.330263223532e-03i divx=-5.598231292679e-03 +1.910218329931e-03i kapx=9.768604158879e-04 +2.100224468007e-04i jac=3.269996507547e+01
TRACE fcgl integrands=5.720716264860e-04 2.218595846579e-04
TRACE fcgl theta=7.011718750000e-01 dbob=3.779316772175e-03 -2.108084667831e-03i divx=-5.718991095147e-03 +1.549260154226e-03i kapx=9.698371614859e-04 +2.794122568024e-04i jac=3.269996507547e+01
TRACE fcgl integrands=5.739999188607e-04 2.222504996348e-04
TRACE fcgl theta=7.031250000000e-01 dbob=3.901230429964e-03 -1.879033021885e-03i divx=-5.818083129927e-03 +1.182763979917e-03i kapx=9.584263499814e-04 +3.481345209838e-04i jac=3.269996507547e+01
TRACE fcgl integrands=5.763208931737e-04 2.226928299232e-04
TRACE fcgl theta=7.050781250000e-01 dbob=4.009800140931e-03 -1.643755913420e-03i divx=-5.895110860724e-03 +8.118531142523e-04i kapx=9.426553598967e-04 +4.159513995839e-04i jac=3.269996507547e+01
TRACE fcgl integrands=5.789763854045e-04 2.231735227762e-04
TRACE fcgl theta=7.070312500000e-01 dbob=4.104589754185e-03 -1.402928382688e-03i divx=-5.949705554139e-03 +4.376724604525e-04i kapx=9.225578999768e-04 +4.826279611176e-04i jac=3.269996507547e+01
TRACE fcgl integrands=5.819049260030e-04 2.236783795610e-04
TRACE fcgl theta=7.089843750000e-01 dbob=4.185184938253e-03 -1.157259807264e-03i divx=-5.981535452655e-03 +6.139998614398e-05i kapx=8.981752572013e-04 +5.479299105601e-04i jac=3.269996507547e+01
TRACE fcgl integrands=5.850438441460e-04 2.241926710452e-04
TRACE fcgl theta=7.109375000000e-01 dbob=4.251202185099e-03 -9.074994174946e-04i divx=-5.990318974035e-03 -3.157439208496e-04i kapx=8.695583944681e-04 +6.116216691721e-04i jac=3.269996507547e+01
TRACE fcgl integrands=5.883314872644e-04 2.247017929155e-04
TRACE fcgl theta=7.128906250000e-01 dbob=4.302299657986e-03 -6.544397502506e-04i divx=-5.975841180120e-03 -6.924903295514e-04i kapx=8.367707610672e-04 +6.734650399010e-04i jac=3.269996507547e+01
TRACE fcgl integrands=5.917094759348e-04 2.251919337452e-04
TRACE fcgl theta=7.148437500000e-01 dbob=4.338189242087e-03 -3.989175250139e-04i divx=-5.937972483117e-03 -1.067519782330e-03i kapx=7.998916205150e-04 +7.332186536721e-04i jac=3.269996507547e+01
TRACE fcgl integrands=5.951249060172e-04 2.256507260080e-04
TRACE fcgl theta=7.167968750000e-01 dbob=4.358649039964e-03 -1.418116001059e-04i divx=-5.876688346923e-03 -1.439465078376e-03i kapx=7.590196534796e-04 +7.906383392408e-04i jac=3.269996507547e+01
TRACE fcgl integrands=5.985324049428e-04 2.260678504170e-04
TRACE fcgl theta=7.187500000000e-01 dbob=4.363535486394e-03 +1.159621333777e-04i divx=-5.792088609593e-03 -1.806919125187e-03i kapx=7.142765615994e-04 +8.454784959049e-04i jac=3.269996507547e+01
TRACE fcgl integrands=6.018959486541e-04 2.264355650225e-04
TRACE fcgl theta=7.207031250000e-01 dbob=4.352794243594e-03 +3.734588499556e-04i divx=-5.684415010120e-03 -2.168447806462e-03i kapx=6.658103832630e-04 +8.974944782534e-04i jac=3.269996507547e+01
TRACE fcgl integrands=6.051903509487e-04 2.267491332064e-04
TRACE fcgl theta=7.226562500000e-01 dbob=4.326469080047e-03 +6.297155994762e-04i divx=-5.554065552225e-03 -2.522607458901e-03i kapx=6.137982360893e-04 +9.464459297126e-04i jac=3.269996507547e+01
TRACE fcgl integrands=6.084023484028e-04 2.270071289264e-04
TRACE fcgl theta=7.246093750000e-01 dbob=4.284708031702e-03 +8.837643515238e-04i divx=-5.401604477694e-03 -2.867966214587e-03i kapx=5.584482229957e-04 +9.921009315318e-04i jac=3.269996507547e+01
TRACE fcgl integrands=6.115312215294e-04 2.272116030979e-04
TRACE fcgl theta=7.265625000000e-01 dbob=4.227766287614e-03 +1.134646630614e-03i divx=-5.227766844157e-03 -3.203128171736e-03i kapx=5.000002782715e-04 +1.034240770561e-03i jac=3.269996507547e+01
TRACE fcgl integrands=6.145889154754e-04 2.273681015435e-04
TRACE fcgl theta=7.285156250000e-01 dbob=4.156005424364e-03 +1.381428970547e-03i divx=-5.033456994015e-03 -3.526759124122e-03i kapx=4.387257848253e-04 +1.072665076787e-03i jac=3.269996507547e+01
TRACE fcgl integrands=6.175996497987e-04 2.274855320799e-04
TRACE fcgl theta=7.304687500000e-01 dbob=4.069888823579e-03 +1.623218336728e-03i divx=-4.819740544774e-03 -3.837612423926e-03i kapx=3.749258605976e-04 +1.107197043599e-03i jac=3.269996507547e+01
TRACE fcgl integrands=6.205990345575e-04 2.275758855519e-04
TRACE fcgl theta=7.324218750000e-01 dbob=3.969973331400e-03 +1.859176639364e-03i divx=-4.587829905693e-03 -4.134553484764e-03i kapx=3.089282871467e-04 +1.137688422700e-03i jac=3.269996507547e+01
TRACE fcgl integrands=6.236327366497e-04 2.276538224864e-04
TRACE fcgl theta=7.343750000000e-01 dbob=3.856897443829e-03 +2.088533490364e-03i divx=-4.339063708186e-03 -4.416581456553e-03i kapx=2.410831321785e-04 +1.164023983094e-03i jac=3.269996507547e+01
TRACE fcgl integrands=6.267547635936e-04 2.277361430549e-04
TRACE fcgl theta=7.363281250000e-01 dbob=3.731366513353e-03 +2.310596440902e-03i divx=-4.074880904633e-03 -4.682846720916e-03i kapx=1.717571956398e-04 +1.186125140007e-03i jac=3.269996507547e+01
TRACE fcgl integrands=6.300254496202e-04 2.278411628500e-04
TRACE fcgl theta=7.382812500000e-01 dbob=3.594135656815e-03 +2.524758070177e-03i divx=-3.796790619311e-03 -4.932663058823e-03i kapx=1.013274812480e-04 +1.203952494323e-03i jac=3.269996507547e+01
TRACE fcgl integrands=6.335092394842e-04 2.279880203425e-04
TRACE fcgl theta=7.402343750000e-01 dbob=3.445991190583e-03 +2.730499470677e-03i divx=-3.506339105890e-03 -5.165513619204e-03i kapx=3.017395765340e-05 +1.217507074264e-03i jac=3.269996507547e+01
TRACE fcgl integrands=6.372723680916e-04 2.281959437223e-04
TRACE fcgl theta=7.421875000000e-01 dbob=3.287731517378e-03 +2.927389880627e-03i divx=-3.205075361465e-03 -5.381050152176e-03i kapx=-4.132807795638e-05 +1.226830135774e-03i jac=3.269996507547e+01
TRACE fcgl integrands=6.413805290777e-04 2.284835051668e-04
TRACE fcgl theta=7.441406250000e-01 dbob=3.120148433471e-03 +3.115082437669e-03i divx=-2.894517055289e-03 -5.579085343290e-03i kapx=-1.128156890914e-04 +1.232001452811e-03i jac=3.269996507547e+01
TRACE fcgl integrands=6.458966139683e-04 2.288678896300e-04
TRACE fcgl theta=7.460937500000e-01 dbob=2.944009812458e-03 +3.293306255348e-03i divx=-2.576118444256e-03 -5.759578473597e-03i kapx=-1.839456841009e-04 +1.233136109124e-03i jac=3.269996507547e+01
TRACE fcgl integrands=6.508785874114e-04 2.293642032667e-04
TRACE fcgl theta=7.480468750000e-01 dbob=2.760044553021e-03 +3.461855241792e-03i divx=-2.251241865621e-03 -5.922615011149e-03i kapx=-2.544013437003e-04 +1.230379884678e-03i jac=3.269996507547e+01
TRACE fcgl integrands=6.563775455721e-04 2.299848439249e-04
TRACE fcgl theta=7.500000000000e-01 dbob=2.568930557217e-03 +3.620574274565e-03i divx=-1.921134224891e-03 -6.068381090046e-03i kapx=-3.238981661630e-04 +1.223903407740e-03i jac=3.269996507547e+01
TRACE fcgl integrands=6.624359867415e-04 2.307389530745e-04
TRACE fcgl theta=7.519531250000e-01 dbob=2.371286339999e-03 +3.769343505318e-03i divx=-1.586909643380e-03 -6.197134132472e-03i kapx=-3.921883483096e-04 +1.213895313577e-03i jac=3.269996507547e+01
TRACE fcgl integrands=6.690863079349e-04 2.316319653625e-04
TRACE fcgl theta=7.539062500000e-01 dbob=2.167666670083e-03 +3.908061682668e-03i divx=-1.249539110221e-03 -6.309171099559e-03i kapx=-4.590637799311e-04 +1.200554708446e-03i jac=3.269996507547e+01
TRACE fcgl integrands=6.763495306455e-04 2.326652688718e-04
TRACE fcgl theta=7.558593750000e-01 dbob=1.958562418726e-03 +4.036629444965e-03i divx=-9.098476163713e-04 -6.404796004935e-03i kapx=-5.243574011772e-04 +1.184083279985e-03i jac=3.269996507547e+01
TRACE fcgl integrands=6.842342541076e-04 2.338359862021e-04
TRACE fcgl theta=7.578125000000e-01 dbob=1.744404560140e-03 +4.154933542430e-03i divx=-5.685188546573e-04 -6.484288381744e-03i kapx=-5.879428527416e-04 +1.164677419657e-03i jac=3.269996507547e+01
TRACE fcgl integrands=6.927358355563e-04 2.351368836604e-04
TRACE fcgl theta=7.597656250000e-01 dbob=1.525572038668e-03 +4.262832900367e-03i divx=-2.261071727229e-04 -6.547874356897e-03i kapx=-6.497324329724e-04 +1.142520728265e-03i jac=3.269996507547e+01
TRACE fcgl integrands=7.018358032413e-04 2.365564130406e-04
TRACE fcgl theta=7.617187500000e-01 dbob=1.302403007151e-03 +4.360147334766e-03i divx=1.169439122514e-04 -6.595701857568e-03i kapx=-7.096734597012e-04 +1.117777261401e-03i jac=3.269996507547e+01
TRACE fcgl integrands=7.115015176614e-04 2.380788875329e-04
TRACE fcgl theta=7.636718750000e-01 dbob=1.075208760249e-03 +4.446649585021e-03i divx=4.602776659295e-04 -6.627821262626e-03i kapx=-7.677432130892e-04 +1.090585838802e-03i jac=3.269996507547e+01
TRACE fcgl integrands=7.216861072996e-04 2.396847900706e-04
TRACE fcgl theta=7.656250000000e-01 dbob=8.442895459935e-04 +4.522061144539e-03i divx=8.035958638508e-04 -6.644172528207e-03i kapx=-8.239427049222e-04 +1.061055691834e-03i jac=3.269996507547e+01
TRACE fcgl integrands=7.323287144169e-04 2.413512087715e-04
TRACE fcgl theta=7.675781250000e-01 dbob=6.099513464260e-04 +4.586052160057e-03i divx=1.146627805436e-03 -6.644579479016e-03i kapx=-8.782895759308e-04 +1.029263659480e-03i jac=3.269996507547e+01
TRACE fcgl integrands=7.433550916314e-04 2.430523900242e-04
TRACE fcgl theta=7.695312500000e-01 dbob=3.725226782609e-04 +4.638245446966e-03i divx=1.489098247758e-03 -6.628751584506e-03i kapx=-9.308104630097e-04 +9.952530687700e-04i jac=3.269996507547e+01
TRACE fcgl integrands=7.546785889562e-04 2.447603952649e-04
TRACE fcgl theta=7.714843750000e-01 dbob=1.323704786808e-04 +4.678224444244e-03i divx=1.830695922777e-03 -6.596293153471e-03i kapx=-9.815332007290e-04 +9.590343546138e-04i jac=3.269996507547e+01
TRACE fcgl integrands=7.662015623503e-04 2.464458427809e-04
TRACE fcgl theta=7.734375000000e-01 dbob=-1.100857923424e-04 +4.705544721652e-03i divx=2.171044243080e-03 -6.546719503381e-03i kapx=-1.030479225369e-03 +9.205873908645e-04i jac=3.269996507547e+01
TRACE fcgl integrands=7.778172183265e-04 2.480787112473e-04
TRACE fcgl theta=7.753906250000e-01 dbob=-3.543625883274e-04 +4.719748465815e-03i divx=2.509675658281e-03 -6.479479312848e-03i kapx=-1.077656534977e-03 +8.798654235164e-04i jac=3.269996507547e+01
TRACE fcgl integrands=7.894118855176e-04 2.496291775465e-04
TRACE fcgl theta=7.773437500000e-01 dbob=-5.999038533695e-04 +4.720381220948e-03i divx=2.846010907010e-03 -6.393982065779e-03i kapx=-1.123053526820e-03 +8.368004224158e-04i jac=3.269996507547e+01
TRACE fcgl integrands=8.008676751541e-04 2.510684581343e-04
TRACE fcgl theta=7.792968750000e-01 dbob=-8.460761597906e-04 +4.707010052327e-03i divx=3.179344132032e-03 -6.289629259314e-03i kapx=-1.166633986121e-03 +7.913096034932e-04i jac=3.269996507547e+01
TRACE fcgl integrands=8.120654608275e-04 2.523696212259e-04
TRACE fcgl theta=7.812500000000e-01 dbob=-1.092167625617e-03 +4.679242241401e-03i divx=3.508834505629e-03 -6.165847886224e-03i kapx=-1.208333440006e-03 +7.433028224115e-04i jac=3.269996507547e+01
TRACE fcgl integrands=8.228880769447e-04 2.535083367100e-04
TRACE fcgl theta=7.832031250000e-01 dbob=-1.337390624871e-03 +4.636743612757e-03i divx=3.833504668079e-03 -6.022124622689e-03i kapx=-1.248057021604e-03 +6.926905049658e-04i jac=3.269996507547e+01
TRACE fcgl integrands=8.332236083285e-04 2.544635321749e-04
TRACE fcgl theta=7.851562500000e-01 dbob=-1.580888103899e-03 +4.579255634225e-03i divx=4.152245933917e-03 -5.858039156193e-03i kapx=-1.285678915009e-03 +6.393917609843e-04i jac=3.269996507547e+01
TRACE fcgl integrands=8.429686236721e-04 2.552179268293e-04
TRACE fcgl theta=7.871093750000e-01 dbob=-1.821743135187e-03 +4.506610518119e-03i divx=4.463829888063e-03 -5.673295172722e-03i kapx=-1.321043376438e-03 +5.833423273012e-04i jac=3.269996507547e+01
TRACE fcgl integrands=8.520311955731e-04 2.557584203113e-04
TRACE fcgl theta=7.890625000000e-01 dbob=-2.058991186475e-03 +4.418743677585e-03i divx=4.766925694830e-03 -5.467747679808e-03i kapx=-1.353967254177e-03 +5.245020011116e-04i jac=3.269996507547e+01
TRACE fcgl integrands=8.603335513041e-04 2.560763201242e-04
TRACE fcgl theta=7.910156250000e-01 dbob=-2.291634465369e-03 +4.315703048310e-03i divx=5.060122192457e-03 -5.241425560896e-03i kapx=-1.384243863544e-03 +4.628612562928e-04i jac=3.269996507547e+01
TRACE fcgl integrands=8.678142118364e-04 2.561673993157e-04
TRACE fcgl theta=7.929687500000e-01 dbob=-2.518657623661e-03 +4.197654962329e-03i divx=5.341953655990e-03 -4.994548522187e-03i kapx=-1.411648016164e-03 +3.984467799292e-04i jac=3.269996507547e+01
TRACE fcgl integrands=8.744295012662e-04 2.560317844788e-04
TRACE fcgl theta=7.949218750000e-01 dbob=-2.739044073886e-03 +4.064886445955e-03i divx=5.610927989652e-03 -4.727537889026e-03i kapx=-1.435941957883e-03 +3.313257215355e-04i jac=3.269996507547e+01
TRACE fcgl integrands=8.801543429140e-04 2.556736826382e-04
TRACE fcgl theta=7.968750000000e-01 dbob=-2.951792183107e-03 +3.917803996812e-03i divx=5.865556059803e-03 -4.441021017077e-03i kapx=-1.456881938348e-03 +2.616085101321e-04i jac=3.269996507547e+01
TRACE fcgl integrands=8.849822992973e-04 2.551009634988e-04
TRACE fcgl theta=7.988281250000e-01 dbob=-3.155930662644e-03 +3.756929064725e-03i divx=6.104380899918e-03 -4.135829386589e-03i kapx=-1.474225118637e-03 +1.894501609322e-04i jac=3.269996507547e+01
TRACE fcgl integrands=8.889248575924e-04 2.543246203688e-04
TRACE fcgl theta=8.007812500000e-01 dbob=-3.350532562079e-03 +3.582890608416e-03i divx=6.326005604729e-03 -3.812990729376e-03i kapx=-1.487736521325e-03 +1.150500604800e-04i jac=3.269996507547e+01
TRACE fcgl integrands=8.920100065454e-04 2.533581383961e-04
TRACE fcgl theta=8.027343750000e-01 dbob=-3.534727393845e-03 +3.396415216938e-03i divx=6.529118872685e-03 -3.473715783589e-03i kapx=-1.497195739420e-03 +3.865028332570e-05i jac=3.269996507547e+01
TRACE fcgl integrands=8.942801915728e-04 2.522168023071e-04
TRACE fcgl theta=8.046875000000e-01 dbob=-3.707711052222e-03 +3.198315366123e-03i divx=6.712517342758e-03 -3.119380469626e-03i kapx=-1.502403145268e-03 -3.946744824815e-05i jac=3.269996507547e+01
TRACE fcgl integrands=8.957897689848e-04 2.509169774745e-04
TRACE fcgl theta=8.066406250000e-01 dbob=-3.868753337759e-03 +2.989476423270e-03i divx=6.875124089273e-03 -2.751504423696e-03i kapx=-1.503185375757e-03 -1.189859997871e-04i jac=3.269996507547e+01
TRACE fcgl integrands=8.966021055296e-04 2.494753978939e-04
TRACE fcgl theta=8.085937500000e-01 dbob=-4.017203045082e-03 +2.770843017567e-03i divx=7.016002872390e-03 -2.371726909791e-03i kapx=-1.499399913654e-03 -1.995580538880e-04i jac=3.269996507547e+01
TRACE fcgl integrands=8.967864843398e-04 2.479084926662e-04
TRACE fcgl theta=8.105468750000e-01 dbob=-4.152490709328e-03 +2.543405361632e-03i divx=7.134367977072e-03 -1.981781155842e-03i kapx=-1.490938633872e-03 -2.808121028949e-04i jac=3.269996507547e+01
TRACE fcgl integrands=8.964149823568e-04 2.462317791221e-04
TRACE fcgl theta=8.125000000000e-01 dbob=-4.274129225706e-03 +2.308186045762e-03i divx=7.229589696072e-03 -1.583468129255e-03i kapx=-1.477730235183e-03 -3.623589582532e-04i jac=3.269996507547e+01
TRACE fcgl integrands=8.955594778263e-04 2.444593461092e-04
TRACE fcgl theta=8.144531250000e-01 dbob=-4.381712651307e-03 +2.066227737279e-03i divx=7.301195710551e-03 -1.178630687476e-03i kapx=-1.459741529622e-03 -4.437985249019e-04i jac=3.269996507547e+01
TRACE fcgl integrands=8.942889306780e-04 2.426034455326e-04
TRACE fcgl theta=8.164062500000e-01 dbob=-4.474913563610e-03 +1.818582110807e-03i divx=7.348868785748e-03 -7.691289200709e-04i kapx=-1.436977611069e-03 -5.247265953681e-04i jac=3.269996507547e+01
TRACE fcgl integrands=8.926670553226e-04 2.406742043501e-04
TRACE fcgl theta=8.183593750000e-01 dbob=-4.553479383839e-03 +1.566300219727e-03i divx=7.372441322130e-03 -3.568173509754e-04i kapx=-1.409480969146e-03 -6.047414343755e-04i jac=3.269996507547e+01
TRACE fcgl integrands=8.907504767601e-04 2.386794631737e-04
TRACE fcgl theta=8.203125000000e-01 dbob=-4.617228075464e-03 +1.310424403382e-03i divx=7.371887381121e-03 +5.647549493958e-05i kapx=-1.377329652829e-03 -6.834499491608e-04i jac=3.269996507547e+01
TRACE fcgl integrands=8.885874291902e-04 2.366247416943e-04
TRACE fcgl theta=8.222656250000e-01 dbob=-4.666043600990e-03 +1.051981716830e-03i divx=7.347312838911e-03 +4.689648260326e-04i kapx=-1.340634618961e-03 -7.604732714314e-04i jac=3.269996507547e+01
TRACE fcgl integrands=8.862170237545e-04 2.345133255424e-04
TRACE fcgl theta=8.242187500000e-01 dbob=-4.699871468011e-03 +7.919787773063e-04i divx=7.298944314689e-03 +8.789244466781e-04i kapx=-1.299536423339e-03 -8.354516119922e-04i jac=3.269996507547e+01
TRACE fcgl integrands=8.836690805880e-04 2.323464640864e-04
TRACE fcgl theta=8.261718750000e-01 dbob=-4.718714624319e-03 +5.313978496408e-04i divx=7.227117476630e-03 +1.284698723408e-03i kapx=-1.254201426155e-03 -9.080482865246e-04i jac=3.269996507547e+01
TRACE fcgl integrands=8.809644916398e-04 2.301236641956e-04
TRACE fcgl theta=8.281250000000e-01 dbob=-4.722629878664e-03 +2.711939452851e-04i divx=7.132265257582e-03 +1.684711752636e-03i kapx=-1.204817689459e-03 -9.779528489606e-04i jac=3.269996507547e+01
TRACE fcgl integrands=8.781160559378e-04 2.278430612595e-04
TRACE fcgl theta=8.300781250000e-01 dbob=-4.711724936122e-03 +1.229268797756e-05i divx=7.014906421580e-03 +2.077473923449e-03i kapx=-1.151590742729e-03 -1.044883305713e-03i jac=3.269996507547e+01
TRACE fcgl integrands=8.751297089358e-04 2.255018458578e-04
TRACE fcgl theta=8.320312500000e-01 dbob=-4.686156052641e-03 -2.444112971635e-04i divx=6.875634821423e-03 +2.461586133893e-03i kapx=-1.094739384391e-03 -1.108587418365e-03i jac=3.269996507547e+01
TRACE fcgl integrands=8.720060527182e-04 2.230967224998e-04
TRACE fcgl theta=8.339843750000e-01 dbob=-4.646126238954e-03 -4.980556877992e-04i divx=6.715109585864e-03 +2.835741954324e-03i kapx=-1.034491673455e-03 -1.168843133263e-03i jac=3.269996507547e+01
TRACE fcgl integrands=8.687420842781e-04 2.206243758850e-04
TRACE fcgl theta=8.359375000000e-01 dbob=-4.591883885669e-03 -7.478116334930e-04i divx=6.534046380541e-03 +3.198728039782e-03i kapx=-9.710812474359e-04 -1.225458203145e-03i jac=3.269996507547e+01
TRACE fcgl integrands=8.653330147189e-04 2.180819202273e-04
TRACE fcgl theta=8.378906250000e-01 dbob=-4.523721643040e-03 -9.928849038278e-04i divx=6.333209806376e-03 +3.549423080032e-03i kapx=-9.047440816684e-04 -1.278269088102e-03i jac=3.269996507547e+01
TRACE fcgl integrands=8.617740727705e-04 2.154673083848e-04
TRACE fcgl theta=8.398437500000e-01 dbob=-4.441975373177e-03 -1.232517065733e-03i divx=6.113406937227e-03 +3.886795547247e-03i kapx=-8.357157820250e-04 -1.327139240757e-03i jac=3.269996507547e+01
TRACE fcgl integrands=8.580621910662e-04 2.127796798197e-04
TRACE fcgl theta=8.417968750000e-01 dbob=-4.347022999502e-03 -1.465986677196e-03i divx=5.875481957355e-03 +4.209900464584e-03i kapx=-7.642294789265e-04 -1.371956893694e-03i jac=3.269996507547e+01
TRACE fcgl integrands=8.541974826918e-04 2.100196297269e-04
TRACE fcgl theta=8.437500000000e-01 dbob=-4.239283106502e-03 -1.692610428877e-03i divx=5.620311838645e-03 +4.517875381254e-03i kapx=-6.905143660714e-04 -1.412632476189e-03i jac=3.269996507547e+01
TRACE fcgl integrands=8.501844280579e-04 2.071893858779e-04
TRACE fcgl theta=8.457031250000e-01 dbob=-4.119213188744e-03 -1.911744122761e-03i divx=5.348802994974e-03 +4.809935707737e-03i kapx=-6.147949031152e-04 -1.449095792488e-03i jac=3.269996507547e+01
TRACE fcgl integrands=8.460327075248e-04 2.042928846290e-04
TRACE fcgl theta=8.476562500000e-01 dbob=-3.987307506519e-03 -2.122783352326e-03i divx=5.061888862406e-03 +5.085369543678e-03i kapx=-5.372906779437e-04 -1.481293095676e-03i jac=3.269996507547e+01
TRACE fcgl integrands=8.417576327838e-04 2.013357428901e-04
TRACE fcgl theta=8.496093750000e-01 dbob=-3.844094570344e-03 -2.325163744729e-03i divx=4.760528373203e-03 +5.343532124345e-03i kapx=-4.582169014294e-04 -1.509184189808e-03i jac=3.269996507547e+01
TRACE fcgl integrands=8.373801490334e-04 1.983251283273e-04
TRACE fcgl theta=8.515625000000e-01 dbob=-3.690134340904e-03 -2.518360643123e-03i divx=4.445705312434e-03 +5.583840020437e-03i kapx=-3.777854857651e-04 -1.532739688657e-03i jac=3.269996507547e+01
TRACE fcgl integrands=8.329263997759e-04 1.952695353721e-04
TRACE fcgl theta=8.535156250000e-01 dbob=-3.526015288126e-03 -2.701888145371e-03i divx=4.118428561573e-03 +5.805765249808e-03i kapx=-2.962066367232e-04 -1.551938552219e-03i jac=3.269996507547e+01
TRACE fcgl integrands=8.284268658415e-04 1.921784794082e-04
TRACE fcgl theta=8.554687500000e-01 dbob=-3.352351496612e-03 -2.875297471039e-03i divx=3.779733237836e-03 +6.008829494978e-03i kapx=-2.136908706120e-04 -1.566766011970e-03i jac=3.269996507547e+01
TRACE fcgl integrands=8.239151093542e-04 1.890621255359e-04
TRACE fcgl theta=8.574218750000e-01 dbob=-3.169780029341e-03 -3.038174697014e-03i divx=3.430682726344e-03 +6.192598662228e-03i kapx=-1.304513485014e-04 -1.577211982607e-03i jac=3.269996507547e+01
TRACE fcgl integrands=8.194261711490e-04 1.859308713583e-04
TRACE fcgl theta=8.593750000000e-01 dbob=-2.978958763807e-03 -3.190137977042e-03i divx=3.072371571472e-03 +6.356678060041e-03i kapx=-4.670640383259e-05 -1.583270041500e-03i jac=3.269996507547e+01
TRACE fcgl integrands=8.149946861380e-04 1.827949051699e-04
TRACE fcgl theta=8.613281250000e-01 dbob=-2.780564892619e-03 -3.330834435124e-03i divx=2.705929143230e-03 +6.500708509331e-03i kapx=3.731787469452e-05 -1.584937037104e-03i jac=3.269996507547e+01
TRACE fcgl integrands=8.106527949004e-04 1.796637617047e-04
TRACE fcgl theta=8.632812500000e-01 dbob=-2.575294234518e-03 -3.459936989423e-03i divx=2.332523925849e-03 +6.624363717722e-03i kapx=1.213851543345e-04 -1.582213364149e-03i jac=3.269996507547e+01
TRACE fcgl integrands=8.064279410657e-04 1.765458972793e-04
TRACE fcgl theta=8.652343750000e-01 dbob=-2.363861434083e-03 -3.577141415167e-03i divx=1.953368193082e-03 +6.727349248227e-03i kapx=2.052466205005e-04 -1.575103916530e-03i jac=3.269996507547e+01
TRACE fcgl integrands=8.023406526842e-04 1.734483048450e-04
TRACE fcgl theta=8.671875000000e-01 dbob=-2.147001043590e-03 -3.682163985553e-03i divx=1.569722744303e-03 +6.809403383452e-03i kapx=2.886391496434e-04 -1.563619698950e-03i jac=3.269996507547e+01
TRACE fcgl integrands=7.984024115799e-04 1.703761873221e-04
TRACE fcgl theta=8.691406250000e-01 dbob=-1.925469384846e-03 -3.774740034115e-03i divx=1.182901285616e-03 +6.870300126256e-03i kapx=3.712840496152e-04 -1.547780046071e-03i jac=3.269996507547e+01
TRACE fcgl integrands=7.946137174973e-04 1.673327048111e-04
TRACE fcgl theta=8.710937500000e-01 dbob=-1.700046989755e-03 -3.854623757198e-03i divx=7.942739600143e-04 +6.909854485658e-03i kapx=4.528865148701e-04 -1.527615364230e-03i jac=3.269996507547e+01
TRACE fcgl integrands=7.909624534609e-04 1.643188080408e-04
TRACE fcgl theta=8.730468750000e-01 dbob=-1.471541324324e-03 -3.921589520496e-03i divx=4.052694701383e-04 +6.927930074417e-03i kapx=5.331359270930e-04 -1.503170276961e-03i jac=3.269996507547e+01
TRACE fcgl integrands=7.874226548212e-04 1.613331668910e-04
TRACE fcgl theta=8.750000000000e-01 dbob=-1.240789420274e-03 -3.975434850304e-03i divx=1.737520567403e-05 +6.924448896890e-03i kapx=6.117071072998e-04 -1.474507023293e-03i jac=3.269996507547e+01
TRACE fcgl integrands=7.839537765371e-04 1.583721991264e-04
TRACE fcgl theta=8.769531250000e-01 dbob=-1.008659979257e-03 -4.015985182399e-03i divx=-3.678652068669e-04 +6.899403040201e-03i kapx=6.882625930617e-04 -1.441708928901e-03i jac=3.269996507547e+01
TRACE fcgl integrands=7.805005408397e-04 1.554302006843e-04
TRACE fcgl theta=8.789062500000e-01 dbob=-7.760544840316e-04 -4.043100315201e-03i divx=-7.488574652278e-04 +6.852867808460e-03i kapx=7.624559746297e-04 -1.404883746629e-03i jac=3.269996507547e+01
TRACE fcgl integrands=7.769934300495e-04 1.524995750145e-04
TRACE fcgl theta=8.808593750000e-01 dbob=-5.439068536712e-04 -4.056682377177e-03i divx=-1.123965700917e-03 +6.785015670950e-03i kapx=8.339362772940e-04 -1.364166646886e-03i jac=3.269996507547e+01
TRACE fcgl integrands=7.733498666626e-04 1.495711551041e-04
TRACE fcgl theta=8.828125000000e-01 dbob=-3.131812191843e-04 -4.056684980671e-03i divx=-1.491525432358e-03 +6.696130243878e-03i kapx=9.023533257710e-04 -1.319722631604e-03i jac=3.269996507547e+01
TRACE fcgl integrands=7.694760948359e-04 1.466346079685e-04
TRACE fcgl theta=8.847656250000e-01 dbob=-8.486747207595e-05 -4.043123105533e-03i divx=-1.849860471466e-03 +6.586619405079e-03i kapx=9.673639717712e-04 -1.271748149773e-03i jac=3.269996507547e+01
TRACE fcgl integrands=7.652697445224e-04 1.436789076110e-04
TRACE fcgl theta=8.867187500000e-01 dbob=1.400256509091e-04 -4.016083146278e-03i divx=-2.197303672259e-03 +6.457026564359e-03i kapx=1.028639010675e-03 -1.220471709041e-03i jac=3.269996507547e+01
TRACE fcgl integrands=7.606230227459e-04 1.406928588685e-04
TRACE fcgl theta=8.886718750000e-01 dbob=3.604800433305e-04 -3.975732475496e-03i divx=-2.532221163975e-03 +6.308039089958e-03i kapx=1.085870560322e-03 -1.166153307231e-03i jac=3.269996507547e+01
TRACE fcgl integrands=7.554264375361e-04 1.376656513239e-04
TRACE fcgl theta=8.906250000000e-01 dbob=5.754801990376e-04 -3.922327831949e-03i divx=-2.853039454008e-03 +6.140492931736e-03i kapx=1.138779627485e-03 -1.109082549893e-03i jac=3.269996507547e+01
TRACE fcgl integrands=7.495729212169e-04 1.345874198083e-04
TRACE fcgl theta=8.925781250000e-01 dbob=7.840274359995e-04 -3.856221840213e-03i divx=-3.158274533684e-03 +5.955372588657e-03i kapx=1.187123548842e-03 -1.049575374222e-03i jac=3.269996507547e+01
TRACE fcgl integrands=7.429621839368e-04 1.314497861892e-04
TRACE fcgl theta=8.945312500000e-01 dbob=9.851559573489e-04 -3.777867013340e-03i divx=-3.446561890177e-03 +5.753805742069e-03i kapx=1.230702966414e-03 -9.879693643644e-04i jac=3.269996507547e+01
TRACE fcgl integrands=7.355050988266e-04 1.282463564148e-04
TRACE fcgl theta=8.964843750000e-01 dbob=1.177950167677e-03 -3.687816681316e-03i divx=-3.716686138036e-03 +5.537052112726e-03i kapx=1.269367985180e-03 -9.246177157051e-04i jac=3.269996507547e+01
TRACE fcgl integrands=7.271279002510e-04 1.249731473888e-04
TRACE fcgl theta=8.984375000000e-01 dbob=1.361562520029e-03 -3.586722423310e-03i divx=-3.967608850657e-03 +5.306486389372e-03i kapx=1.303023165314e-03 -8.598819830309e-04i jac=3.269996507547e+01
TRACE fcgl integrands=7.177759692998e-04 1.216289203564e-04
TRACE fcgl theta=9.003906250000e-01 dbob=1.535231060486e-03 -3.475327755133e-03i divx=-4.198493109785e-03 +5.063575406559e-03i kapx=1.331631024650e-03 -7.941238257128e-04i jac=3.269996507547e+01
TRACE fcgl integrands=7.074169882126e-04 1.182154011342e-04
TRACE fcgl theta=9.023437500000e-01 dbob=1.698295772348e-03 -3.354458026079e-03i divx=-4.408723310801e-03 +4.809850101746e-03i kapx=1.355213769226e-03 -7.276960378337e-04i jac=3.269996507547e+01
TRACE fcgl integrands=6.960432690561e-04 1.147373726485e-04
TRACE fcgl theta=9.042968750000e-01 dbob=1.850212808178e-03 -3.225006700356e-03i divx=-4.597918869584e-03 +4.546873136510e-03i kapx=1.373853030703e-03 -6.609332180771e-04i jac=3.269996507547e+01
TRACE fcgl integrands=6.836731014674e-04 1.112026316053e-04
TRACE fcgl theta=9.062500000000e-01 dbob=1.990565739727e-03 -3.087918424365e-03i divx=-4.765940674625e-03 +4.276203401600e-03i kapx=1.387687467449e-03 -5.941424886176e-04i jac=3.269996507547e+01
TRACE fcgl integrands=6.703510178957e-04 1.076218083392e-04
TRACE fcgl theta=9.082031250000e-01 dbob=2.119073054164e-03 -2.944169498187e-03i divx=-4.912889411462e-03 +3.999358918178e-03i kapx=1.396908178649e-03 -5.275947099958e-04i jac=3.269996507547e+01
TRACE fcgl integrands=6.561469391704e-04 1.040080564809e-04
TRACE fcgl theta=9.101562500000e-01 dbob=2.235591277500e-03 -2.794746563301e-03i divx=-5.039095245479e-03 +3.717779876054e-03i kapx=1.401751983990e-03 -4.615166563761e-04i jac=3.269996507547e+01
TRACE fcgl integrands=6.411542336600e-04 1.003766264685e-04
TRACE fcgl theta=9.121093750000e-01 dbob=2.340113306462e-03 -2.640624475251e-03i divx=-5.145098768115e-03 +3.432793694944e-03i kapx=1.402492730826e-03 -3.960846098468e-04i jac=3.269996507547e+01
TRACE fcgl integrands=6.254867939929e-04 9.674434353701e-05
TRACE fcgl theta=9.140625000000e-01 dbob=2.432761768840e-03 -2.482744437654e-03i divx=-5.231623570239e-03 +3.145584041266e-03i kapx=1.399430900700e-03 -3.314198018062e-04i jac=3.269996507547e+01
TRACE fcgl integrands=6.092752999869e-04 9.312901611528e-05
TRACE fcgl theta=9.160156250000e-01 dbob=2.513777496856e-03 -2.321993523178e-03i divx=-5.299541280498e-03 +2.857165670195e-03i kapx=1.392881891821e-03 -2.675860735089e-04i jac=3.269996507547e+01
TRACE fcgl integrands=5.926628889366e-04 8.954880410983e-05
TRACE fcgl theta=9.179687500000e-01 dbob=2.583503473779e-03 -2.159186691548e-03i divx=-5.349830369001e-03 +2.568366786470e-03i kapx=1.383163447611e-03 -2.045900474612e-04i jac=3.269996507547e+01
TRACE fcgl integrands=5.758004893834e-04 8.602157811513e-05
TRACE fcgl theta=9.199218750000e-01 dbob=2.642364884373e-03 -1.995052331839e-03i divx=-5.383530439607e-03 +2.279820329689e-03i kapx=1.370582777617e-03 -1.423839989247e-04i jac=3.269996507547e+01
TRACE fcgl integrands=5.588420880729e-04 8.256430006805e-05
TRACE fcgl theta=9.218750000000e-01 dbob=2.690846148388e-03 -1.830222207770e-03i divx=-5.401694089989e-03 +1.991965199996e-03i kapx=1.355423970800e-03 -8.087149611319e-05i jac=3.269996507547e+01
TRACE fcgl integrands=5.419401901288e-04 7.919245340305e-05
TRACE fcgl theta=9.238281250000e-01 dbob=2.729466026720e-03 -1.665226476142e-03i divx=-5.405338682187e-03 +1.705057963829e-03i kapx=1.337936327734e-03 -1.991574384350e-05i jac=3.269996507547e+01
TRACE fcgl integrands=5.252417000182e-04 7.591954666744e-05
TRACE fcgl theta=9.257812500000e-01 dbob=2.758752047771e-03 -1.500494189682e-03i divx=-5.395400516353e-03 +1.419195038925e-03i kapx=1.318324234291e-03 +4.064957537889e-05i jac=3.269996507547e+01
TRACE fcgl integrands=5.088843985939e-04 7.275670927730e-05
TRACE fcgl theta=9.277343750000e-01 dbob=2.779215594744e-03 -1.336359399491e-03i divx=-5.372693920972e-03 +1.134344780332e-03i kapx=1.296739163114e-03 +1.010073095796e-04i jac=3.269996507547e+01
TRACE fcgl integrands=4.929941245708e-04 6.971239217140e-05
TRACE fcgl theta=9.296875000000e-01 dbob=2.791329014573e-03 -1.173072655139e-03i divx=-5.337877654930e-03 +8.503883056298e-04i kapx=1.273274320178e-03 +1.613421747547e-04i jac=3.269996507547e+01
TRACE fcgl integrands=4.776826942356e-04 6.679218010634e-05
TRACE fcgl theta=9.316406250000e-01 dbob=2.795506051351e-03 -1.010817380232e-03i divx=-5.291430758719e-03 +5.671673412394e-04i kapx=1.247962353684e-03 +2.218250194964e-04i jac=3.269996507547e+01
TRACE fcgl integrands=4.630465191228e-04 6.399871672987e-05
TRACE fcgl theta=9.335937500000e-01 dbob=2.792086771428e-03 -8.497302968603e-04i divx=-5.233639600610e-03 +2.845368759141e-04i kapx=1.220776414591e-03 +2.825967104731e-04i jac=3.269996507547e+01
TRACE fcgl integrands=4.491658161689e-04 6.133173876168e-05
TRACE fcgl theta=9.355468750000e-01 dbob=2.781327938454e-03 -6.899248025502e-04i divx=-5.164597353099e-03 +2.420003946067e-06i kapx=1.191634707323e-03 +3.437523993020e-04i jac=3.269996507547e+01
TRACE fcgl integrands=4.361042561313e-04 5.878821183456e-05
TRACE fcgl theta=9.375000000000e-01 dbob=2.763399523671e-03 -5.315159855766e-04i divx=-5.084216527891e-03 -2.791379426098e-04i kapx=1.160408502110e-03 +4.053269640932e-04i jac=3.269996507547e+01
TRACE fcgl integrands=4.239088698412e-04 5.636255786862e-05
TRACE fcgl theta=9.394531250000e-01 dbob=2.738387713111e-03 -3.746458136915e-04i divx=-4.992254522712e-03 -5.599190138248e-04i kapx=1.126933404801e-03 +4.672824137581e-04i jac=3.269996507547e+01
TRACE fcgl integrands=4.126100317482e-04 5.404696216821e-05
TRACE fcgl theta=9.414062500000e-01 dbob=2.706304415835e-03 -2.195069590749e-04i divx=-4.888351424764e-03 -8.394890371448e-04i kapx=1.091023504464e-03 +5.294979981098e-04i jac=3.269996507547e+01
TRACE fcgl integrands=4.022213668668e-04 5.183174751557e-05
TRACE fcgl theta=9.433593750000e-01 dbob=2.667102905425e-03 -6.636373589613e-05i divx=-4.772078611100e-03 -1.117163627833e-03i kapx=1.052487852837e-03 +5.917636818645e-04i jac=3.269996507547e+01
TRACE fcgl integrands=3.927394781072e-04 4.970580208266e-05
TRACE fcgl theta=9.453125000000e-01 dbob=2.620698861550e-03 +8.443127120461e-05i divx=-4.642996024962e-03 -1.391986307330e-03i kapx=1.011148581706e-03 +6.537775180627e-04i jac=3.269996507547e+01
TRACE fcgl integrands=3.841434604939e-04 4.765704767360e-05
TRACE fcgl theta=9.472656250000e-01 dbob=2.566995740940e-03 +2.324261217450e-04i divx=-4.500715427479e-03 -1.662720722574e-03i kapx=9.668598432695e-04 +7.151473004147e-04i jac=3.269996507547e+01
TRACE fcgl integrands=3.763942488128e-04 4.567293437712e-05
TRACE fcgl theta=9.492187500000e-01 dbob=2.505913117811e-03 +3.770649454972e-04i divx=-4.344966461682e-03 -1.927858327239e-03i kapx=9.195266719356e-04 +7.753966908707e-04i jac=3.269996507547e+01
TRACE fcgl integrands=3.694339259114e-04 4.374094699108e-05
TRACE fcgl theta=9.511718750000e-01 dbob=2.437416410964e-03 +5.176905172314e-04i divx=-4.175662051011e-03 -2.185642149783e-03i kapx=8.691228200237e-04 +8.339758162759e-04i jac=3.269996507547e+01
TRACE fcgl integrands=3.631851896560e-04 4.184910756053e-05
TRACE fcgl theta=9.531250000000e-01 dbob=2.361546273354e-03 +6.535542373172e-04i divx=-3.992959510690e-03 -2.434106468519e-03i kapx=8.157066186680e-04 +8.902761156011e-04i jac=3.269996507547e+01
TRACE fcgl integrands=3.575512273742e-04 3.998645718378e-05
TRACE fcgl theta=9.550781250000e-01 dbob=2.278445870525e-03 +7.838333666777e-04i divx=-3.797313792573e-03 -2.671131381052e-03i kapx=7.594339610241e-04 +9.436490071871e-04i jac=3.269996507547e+01
TRACE fcgl integrands=3.524162691277e-04 3.814349916120e-05
TRACE fcgl theta=9.570312500000e-01 dbob=2.188384322675e-03 +9.076549494197e-04i divx=-3.589519517363e-03 -2.894510438151e-03i kapx=7.005675973441e-04 +9.934277443659e-04i jac=3.269996507547e+01
TRACE fcgl integrands=3.476470797410e-04 3.631258495871e-05
TRACE fcgl theta=9.589843750000e-01 dbob=2.091774731440e-03 +1.024125458113e-03i divx=-3.370738867386e-03 -3.102028754572e-03i kapx=6.394820679729e-04 +1.038951648229e-03i jac=3.269996507547e+01
TRACE fcgl integrands=3.430956020817e-04 3.448822473462e-05
TRACE fcgl theta=9.609375000000e-01 dbob=1.989185451459e-03 +1.132364838144e-03i divx=-3.142513002918e-03 -3.291548354224e-03i kapx=5.766637757293e-04 +1.079591758040e-03i jac=3.269996507547e+01
TRACE fcgl integrands=3.386028825189e-04 3.266730569744e-05
TRACE fcgl theta=9.628906250000e-01 dbob=1.881343587593e-03 +1.231543330070e-03i divx=-2.906755400056e-03 -3.461096992860e-03i kapx=5.127059062313e-04 +1.114776831395e-03i jac=3.269996507547e+01
TRACE fcgl integrands=3.340042996418e-04 3.084920457238e-05
TRACE fcgl theta=9.648437500000e-01 dbob=1.769130085678e-03 +1.320919230892e-03i divx=-2.665726354378e-03 -3.608956360055e-03i kapx=4.482981343500e-04 +1.144018564581e-03i jac=3.269996507547e+01
TRACE fcgl integrands=3.291359886081e-04 2.903578503045e-05
TRACE fcgl theta=9.667968750000e-01 dbob=1.653566218126e-03 +1.399875630787e-03i divx=-2.421988811187e-03 -3.733745417441e-03i kapx=3.842112965304e-04 +1.166934893327e-03i jac=3.269996507547e+01
TRACE fcgl integrands=3.238422180527e-04 2.723127693900e-05
TRACE fcgl theta=9.687500000000e-01 dbob=1.535791722666e-03 +1.467954140642e-03i divx=-2.178346623941e-03 -3.834494695689e-03i kapx=3.212774506374e-04 +1.183270277524e-03i jac=3.269996507547e+01
TRACE fcgl integrands=3.179833480042e-04 2.544204136588e-05
TRACE fcgl theta=9.707031250000e-01 dbob=1.417035308409e-03 +1.524883711223e-03i divx=-1.937767259108e-03 -3.910707651424e-03i kapx=2.603659753498e-04 +1.192911970101e-03i jac=3.269996507547e+01
TRACE fcgl integrands=3.114438896346e-04 2.367623285420e-05
TRACE fcgl theta=9.726562500000e-01 dbob=1.298578673169e-03 +1.570602835011e-03i divx=-1.703291809642e-03 -3.962405668786e-03i kapx=2.023565682365e-04 +1.195901416888e-03i jac=3.269996507547e+01
TRACE fcgl integrands=3.041401135200e-04 2.194337788084e-05
TRACE fcgl theta=9.746093750000e-01 dbob=1.181715555464e-03 +1.605273708489e-03i divx=-1.477935904823e-03 -3.990153959080e-03i kapx=1.481101746799e-04 +1.192440125295e-03i jac=3.269996507547e+01
TRACE fcgl integrands=2.960266224342e-04 2.025389485551e-05
TRACE fcgl theta=9.765625000000e-01 dbob=1.067707652068e-03 +1.629287302360e-03i divx=-1.264585670813e-03 -3.995066436070e-03i kapx=9.843900937243e-05 +1.182889566855e-03i jac=3.269996507547e+01
TRACE fcgl integrands=2.871013237879e-04 1.861858577844e-05
TRACE fcgl theta=9.785156250000e-01 dbob=9.577394494592e-04 +1.643258721519e-03i divx=-1.065893270988e-03 -3.978788585394e-03i kapx=5.407691076416e-05 +1.167764931937e-03i jac=3.269996507547e+01
TRACE fcgl integrands=2.774083073534e-04 1.704813215116e-05
TRACE fcgl theta=9.804687500000e-01 dbob=8.528741314016e-04 +1.648012713112e-03i divx=-8.841767145112e-04 -3.943458358527e-03i kapx=1.565129155477e-05 +1.147722822708e-03i jac=3.269996507547e+01
TRACE fcgl integrands=2.670382527027e-04 1.555262753766e-05
TRACE fcgl theta=9.824218750000e-01 dbob=7.540127276075e-04 +1.644559674902e-03i divx=-7.213285530941e-04 -3.891646154662e-03i kapx=-1.634208725670e-05 +1.123543239880e-03i jac=3.269996507547e+01
TRACE fcgl integrands=2.561261498795e-04 1.414117619158e-05
TRACE fcgl theta=9.843750000000e-01 dbob=6.618585578789e-04 +1.634063001078e-03i divx=-5.787377887033e-04 -3.826275955620e-03i kapx=-4.156038458778e-05 +1.096106477271e-03i jac=3.269996507547e+01
TRACE fcgl integrands=2.448463041538e-04 1.282158158875e-05
TRACE fcgl theta=9.863281250000e-01 dbob=5.768888068923e-04 +1.617799052516e-03i divx=-4.572288003629e-04 -3.750530598115e-03i kapx=-5.983000326470e-05 +1.066365772799e-03i jac=3.269996507547e+01
TRACE fcgl integrands=2.334047960894e-04 1.160014102052e-05
TRACE fcgl theta=9.882812500000e-01 dbob=4.993347471150e-04 +1.597111428958e-03i divx=-3.570203888044e-04 -3.667744956779e-03i kapx=-7.115717915530e-05 +1.035316763911e-03i jac=3.269996507547e+01
TRACE fcgl integrands=2.220297647007e-04 1.048155334249e-05
TRACE fcgl theta=9.902343750000e-01 dbob=4.291717271443e-04 +1.573361530064e-03i divx=-2.777071668065e-04 -3.581291428737e-03i kapx=-7.573228016890e-05 +1.003964949337e-03i jac=3.269996507547e+01
TRACE fcgl integrands=2.109600571259e-04 9.468937433781e-06
TRACE fcgl theta=9.921875000000e-01 dbob=3.661195805130e-04 +1.547877603771e-03i divx=-2.182645325470e-04 -3.494462523250e-03i kapx=-7.392752398301e-05 +9.732924597393e-04i jac=3.269996507547e+01
TRACE fcgl integrands=2.004329273591e-04 8.563949863793e-06
TRACE fcgl theta=9.941406250000e-01 dbob=3.096536097042e-04 +1.521904581660e-03i divx=-1.770774017416e-04 -3.410355545294e-03i kapx=-6.628810398129e-05 +9.442254818172e-04i jac=3.269996507547e+01
TRACE fcgl integrands=1.906715564546e-04 7.766982596437e-06
TRACE fcgl theta=9.960937500000e-01 dbob=2.590257879881e-04 +1.496556986295e-03i divx=-1.519917944168e-04 -3.331764308969e-03i kapx=-5.351699678562e-05 +9.176036613370e-04i jac=3.269996507547e+01
TRACE fcgl integrands=1.818731986321e-04 7.077416038487e-06
TRACE fcgl theta=9.980468750000e-01 dbob=2.132953246654e-04 +1.472777064678e-03i divx=-1.403873277640e-04 -3.261082526346e-03i kapx=-3.645399845070e-05 +8.941527308340e-04i jac=3.269996507547e+01
TRACE fcgl integrands=1.741987282235e-04 6.493899865579e-06
TRACE fcgl theta=1.000000000000e+00 dbob=1.713672835961e-04 +1.451300061744e-03i divx=-1.392677100082e-04 -3.200223003505e-03i kapx=-1.604978679396e-05 +8.744614708804e-04i jac=3.269996507547e+01
TRACE fcgl integrands=1.677642730667e-04 6.014634038488e-06
TRACE fcgl integral_1=3.797307829436e-04 integral_2=9.907001609065e-05
TRACE fcgl result=0.000000000000e+00 +1.683563930257e+00i
TRACE tpsi end method=fcgl psi=9.509708304040861e-01 tpsi=0.000000000000e+00 +1.683563930257e+00i
TRACE_PROBE method=fcgl psi=9.509708304040861e-01 ell=0 tpsi=0.000000000000e+00 +1.683563930257e+00i
